state,district,market,commodity,variety,grade,arrival_date,min_price,max_price,modal_price,arrival_quantity,source,is_sample,fetched_at
Maharashtra,Akola,Akola,Cotton,Medium Staple,FAQ,2026-10-07,7130.63,7618.72,7359.87,317.3,snapshot,0,2026-10-06 20:45:38
Maharashtra,Amravati,Amravati,Cotton,Medium Staple,FAQ,2026-10-07,6826.5,7538.26,7104.24,361.2,snapshot,0,2026-10-06 20:45:38
Maharashtra,Jalgaon,Jalgaon,Cotton,Medium Staple,FAQ,2026-10-07,6836.9,7460.19,7144.27,378.3,snapshot,0,2026-10-06 20:45:38
Maharashtra,Nagpur,Nagpur,Cotton,Medium Staple,FAQ,2026-10-07,7458.57,8090.91,7669.23,278.0,snapshot,0,2026-10-06 20:45:38
Maharashtra,Ahilyanagar,Ahmednagar,Onion,Red/Nasik,FAQ,2026-10-07,2089.97,2757.57,2310.17,91.0,snapshot,0,2026-10-06 20:45:24
Maharashtra,Pune,Baramati,Onion,Red/Nasik,FAQ,2026-10-07,1591.82,2274.87,1895.98,471.5,snapshot,0,2026-10-06 20:45:24
Maharashtra,Jalgaon,Jalgaon,Onion,Red/Nasik,FAQ,2026-10-07,1777.97,2564.92,2049.48,60.1,snapshot,0,2026-10-06 20:45:24
Maharashtra,Pune,Khed(Chakan),Onion,Red/Nasik,FAQ,2026-10-07,1797.59,2649.62,2144.1,465.5,snapshot,0,2026-10-06 20:45:24
Maharashtra,Kolhapur,Kolhapur,Onion,Red/Nasik,FAQ,2026-10-07,1930.68,2827.44,2316.24,57.2,snapshot,0,2026-10-06 20:45:24
Maharashtra,Nashik,Lasalgaon,Onion,Red/Nasik,FAQ,2026-10-07,2050.36,2621.91,2341.67,253.7,snapshot,0,2026-10-06 20:45:24
Maharashtra,Pune,Manchar,Onion,Red/Nasik,FAQ,2026-10-07,1959.03,2586.88,2224.23,364.5,snapshot,0,2026-10-06 20:45:24
Maharashtra,Mumbai,Mumbai,Onion,Red/Nasik,FAQ,2026-10-07,2034.09,2730.09,2298.85,79.0,snapshot,0,2026-10-06 20:45:24
Maharashtra,Pune,Narayangaon,Onion,Red/Nasik,FAQ,2026-10-07,2014.55,2591.5,2253.79,423.9,snapshot,0,2026-10-06 20:45:24
Maharashtra,Nashik,Nashik,Onion,Red/Nasik,FAQ,2026-10-07,1761.43,2336.22,2032.86,198.8,snapshot,0,2026-10-06 20:45:24
Maharashtra,Nashik,Pimpalgaon,Onion,Red/Nasik,FAQ,2026-10-07,2164.53,3036.35,2528.96,227.0,snapshot,0,2026-10-06 20:45:24
Maharashtra,Pune,Pune,Onion,Red/Nasik,FAQ,2026-10-07,2134.41,2692.35,2366.13,95.0,snapshot,0,2026-10-06 20:45:24
Maharashtra,Ahilyanagar,Rahata,Onion,Red/Nasik,FAQ,2026-10-07,2132.78,2937.52,2421.29,78.2,snapshot,0,2026-10-06 20:45:24
Maharashtra,Ahilyanagar,Sangamner,Onion,Red/Nasik,FAQ,2026-10-07,2211.0,2961.48,2501.94,354.1,snapshot,0,2026-10-06 20:45:24
Maharashtra,Solapur,Solapur,Onion,Red/Nasik,FAQ,2026-10-07,1921.19,2605.41,2151.46,249.4,snapshot,0,2026-10-06 20:45:24
Maharashtra,Nashik,Yeola,Onion,Red/Nasik,FAQ,2026-10-07,1829.6,2406.42,2105.0,122.4,snapshot,0,2026-10-06 20:45:24
Maharashtra,Pune,Khed(Chakan),Potato,Jyoti,FAQ,2026-10-07,1848.78,2298.02,2079.76,431.9,snapshot,0,2026-10-06 20:45:43
Maharashtra,Kolhapur,Kolhapur,Potato,Jyoti,FAQ,2026-10-07,1882.7,2313.3,2061.82,288.6,snapshot,0,2026-10-06 20:45:43
Maharashtra,Pune,Manchar,Potato,Jyoti,FAQ,2026-10-07,1625.9,2126.21,1815.31,221.6,snapshot,0,2026-10-06 20:45:43
Maharashtra,Mumbai,Mumbai,Potato,Jyoti,FAQ,2026-10-07,1621.87,2165.69,1878.4,378.9,snapshot,0,2026-10-06 20:45:43
Maharashtra,Pune,Narayangaon,Potato,Jyoti,FAQ,2026-10-07,1633.48,2258.65,1892.58,98.4,snapshot,0,2026-10-06 20:45:43
Maharashtra,Nashik,Nashik,Potato,Jyoti,FAQ,2026-10-07,1705.46,2197.44,1875.9,179.2,snapshot,0,2026-10-06 20:45:43
Maharashtra,Nashik,Pimpalgaon,Potato,Jyoti,FAQ,2026-10-07,1744.15,2169.01,1910.63,307.6,snapshot,0,2026-10-06 20:45:43
Maharashtra,Pune,Pune,Potato,Jyoti,FAQ,2026-10-07,1743.73,2206.68,1899.59,486.9,snapshot,0,2026-10-06 20:45:43
Maharashtra,Ahilyanagar,Ahmednagar,Red gram/Arhar/Tur(whole),White/Desi,FAQ,2026-10-07,9790.23,10681.79,10225.72,460.0,snapshot,0,2026-10-06 20:45:33
Maharashtra,Akola,Akola,Red gram/Arhar/Tur(whole),White/Desi,FAQ,2026-10-07,10102.0,10922.09,10493.21,314.1,snapshot,0,2026-10-06 20:45:33
Maharashtra,Amravati,Amravati,Red gram/Arhar/Tur(whole),White/Desi,FAQ,2026-10-07,9967.9,11060.16,10459.58,450.8,snapshot,0,2026-10-06 20:45:33
Maharashtra,Latur,Latur,Red gram/Arhar/Tur(whole),White/Desi,FAQ,2026-10-07,10290.17,11077.75,10582.9,228.7,snapshot,0,2026-10-06 20:45:33
Maharashtra,Solapur,Solapur,Red gram/Arhar/Tur(whole),White/Desi,FAQ,2026-10-07,9821.51,10727.72,10254.74,438.0,snapshot,0,2026-10-06 20:45:33
Maharashtra,Ahilyanagar,Ahmednagar,Soyabean,Yellow,FAQ,2026-10-07,4709.81,5110.69,4852.7,305.0,snapshot,0,2026-10-06 20:45:28
Maharashtra,Akola,Akola,Soyabean,Yellow,FAQ,2026-10-07,4668.72,4935.62,4791.68,72.6,snapshot,0,2026-10-06 20:45:28
Maharashtra,Amravati,Amravati,Soyabean,Yellow,FAQ,2026-10-07,4724.78,5129.74,4903.07,461.5,snapshot,0,2026-10-06 20:45:28
Maharashtra,Pune,Baramati,Soyabean,Yellow,FAQ,2026-10-07,4554.09,4949.51,4692.12,301.3,snapshot,0,2026-10-06 20:45:28
Maharashtra,Jalgaon,Jalgaon,Soyabean,Yellow,FAQ,2026-10-07,4634.48,5003.32,4824.27,324.6,snapshot,0,2026-10-06 20:45:28
Maharashtra,Latur,Latur,Soyabean,Yellow,FAQ,2026-10-07,4603.41,4892.82,4718.35,170.4,snapshot,0,2026-10-06 20:45:28
Maharashtra,Nagpur,Nagpur,Soyabean,Yellow,FAQ,2026-10-07,4703.02,5096.14,4883.25,227.0,snapshot,0,2026-10-06 20:45:28
Maharashtra,Pune,Pune,Soyabean,Yellow,FAQ,2026-10-07,4388.34,4727.47,4543.2,409.7,snapshot,0,2026-10-06 20:45:28
Maharashtra,Ahilyanagar,Rahata,Soyabean,Yellow,FAQ,2026-10-07,4679.3,5051.96,4865.96,340.4,snapshot,0,2026-10-06 20:45:28
Maharashtra,Ahilyanagar,Sangamner,Soyabean,Yellow,FAQ,2026-10-07,4598.45,5036.3,4779.63,253.3,snapshot,0,2026-10-06 20:45:28
Maharashtra,Solapur,Solapur,Soyabean,Yellow,FAQ,2026-10-07,4577.51,4909.37,4750.5,315.5,snapshot,0,2026-10-06 20:45:28
Maharashtra,Nashik,Yeola,Soyabean,Yellow,FAQ,2026-10-07,4561.78,4998.93,4753.67,352.2,snapshot,0,2026-10-06 20:45:28
Maharashtra,Pune,Baramati,Tomato,Hybrid,FAQ,2026-10-07,1460.64,2054.51,1646.39,188.8,snapshot,0,2026-10-06 20:45:19
Maharashtra,Pune,Khed(Chakan),Tomato,Hybrid,FAQ,2026-10-07,1522.38,2212.68,1821.34,58.6,snapshot,0,2026-10-06 20:45:19
Maharashtra,Kolhapur,Kolhapur,Tomato,Hybrid,FAQ,2026-10-07,1264.64,1757.53,1494.88,70.6,snapshot,0,2026-10-06 20:45:19
Maharashtra,Nashik,Lasalgaon,Tomato,Hybrid,FAQ,2026-10-07,1529.77,2281.06,1850.03,136.2,snapshot,0,2026-10-06 20:45:19
Maharashtra,Pune,Manchar,Tomato,Hybrid,FAQ,2026-10-07,1774.06,2457.06,2049.61,437.9,snapshot,0,2026-10-06 20:45:19
Maharashtra,Mumbai,Mumbai,Tomato,Hybrid,FAQ,2026-10-07,1499.98,1992.01,1745.54,259.6,snapshot,0,2026-10-06 20:45:19
Maharashtra,Nagpur,Nagpur,Tomato,Hybrid,FAQ,2026-10-07,1418.35,1916.15,1655.89,248.7,snapshot,0,2026-10-06 20:45:19
Maharashtra,Pune,Narayangaon,Tomato,Hybrid,FAQ,2026-10-07,1653.39,2267.01,1863.72,478.9,snapshot,0,2026-10-06 20:45:19
Maharashtra,Nashik,Nashik,Tomato,Hybrid,FAQ,2026-10-07,1463.35,1999.83,1681.05,489.7,snapshot,0,2026-10-06 20:45:19
Maharashtra,Nashik,Pimpalgaon,Tomato,Hybrid,FAQ,2026-10-07,1699.82,2166.79,1893.28,285.9,snapshot,0,2026-10-06 20:45:19
Maharashtra,Pune,Pune,Tomato,Hybrid,FAQ,2026-10-07,1260.87,1998.75,1564.98,136.6,snapshot,0,2026-10-06 20:45:19
Maharashtra,Ahilyanagar,Sangamner,Tomato,Hybrid,FAQ,2026-10-07,1242.12,1921.14,1526.28,265.8,snapshot,0,2026-10-06 20:45:19
Maharashtra,Ahilyanagar,Ahmednagar,Wheat,Lokwan,FAQ,2026-10-07,2711.85,3017.38,2840.24,372.6,snapshot,0,2026-10-06 20:45:47
Maharashtra,Akola,Akola,Wheat,Lokwan,FAQ,2026-10-07,2503.97,2823.84,2634.82,154.0,snapshot,0,2026-10-06 20:45:47
Maharashtra,Pune,Baramati,Wheat,Lokwan,FAQ,2026-10-07,2386.28,2719.6,2541.36,356.8,snapshot,0,2026-10-06 20:45:47
Maharashtra,Jalgaon,Jalgaon,Wheat,Lokwan,FAQ,2026-10-07,2647.76,2908.48,2771.64,223.4,snapshot,0,2026-10-06 20:45:47
Maharashtra,Kolhapur,Kolhapur,Wheat,Lokwan,FAQ,2026-10-07,2670.34,2996.02,2812.04,496.8,snapshot,0,2026-10-06 20:45:47
Maharashtra,Nashik,Lasalgaon,Wheat,Lokwan,FAQ,2026-10-07,2698.91,3042.75,2851.96,491.5,snapshot,0,2026-10-06 20:45:47
Maharashtra,Latur,Latur,Wheat,Lokwan,FAQ,2026-10-07,2670.86,3006.25,2818.75,404.5,snapshot,0,2026-10-06 20:45:47
Maharashtra,Mumbai,Mumbai,Wheat,Lokwan,FAQ,2026-10-07,2587.6,2933.21,2743.33,370.7,snapshot,0,2026-10-06 20:45:47
Maharashtra,Nagpur,Nagpur,Wheat,Lokwan,FAQ,2026-10-07,2652.48,2948.06,2767.07,137.2,snapshot,0,2026-10-06 20:45:47
Maharashtra,Nashik,Nashik,Wheat,Lokwan,FAQ,2026-10-07,2654.22,2973.63,2775.33,364.9,snapshot,0,2026-10-06 20:45:47
Maharashtra,Pune,Pune,Wheat,Lokwan,FAQ,2026-10-07,2507.07,2785.24,2650.95,437.6,snapshot,0,2026-10-06 20:45:47
Maharashtra,Ahilyanagar,Rahata,Wheat,Lokwan,FAQ,2026-10-07,2623.33,2898.66,2742.4,319.1,snapshot,0,2026-10-06 20:45:47
Maharashtra,Solapur,Solapur,Wheat,Lokwan,FAQ,2026-10-07,2609.77,2879.0,2748.19,193.0,snapshot,0,2026-10-06 20:45:47
Maharashtra,Nashik,Yeola,Wheat,Lokwan,FAQ,2026-10-07,2466.1,2772.67,2617.77,261.5,snapshot,0,2026-10-06 20:45:47
Maharashtra,Akola,Akola,Cotton,Medium Staple,FAQ,2026-10-06,6996.04,7584.08,7294.92,286.1,snapshot,0,2026-10-06 20:45:38
Maharashtra,Amravati,Amravati,Cotton,Medium Staple,FAQ,2026-10-06,6806.0,7548.65,7107.1,472.7,snapshot,0,2026-10-06 20:45:38
Maharashtra,Jalgaon,Jalgaon,Cotton,Medium Staple,FAQ,2026-10-06,6939.44,7496.83,7190.54,99.8,snapshot,0,2026-10-06 20:45:38
Maharashtra,Nagpur,Nagpur,Cotton,Medium Staple,FAQ,2026-10-06,7390.21,7953.35,7586.15,88.3,snapshot,0,2026-10-06 20:45:38
Maharashtra,Ahilyanagar,Ahmednagar,Onion,Red/Nasik,FAQ,2026-10-06,1981.57,2759.31,2359.3,223.6,snapshot,0,2026-10-06 20:45:24
Maharashtra,Pune,Baramati,Onion,Red/Nasik,FAQ,2026-10-06,1628.53,2292.63,1963.15,334.3,snapshot,0,2026-10-06 20:45:24
Maharashtra,Jalgaon,Jalgaon,Onion,Red/Nasik,FAQ,2026-10-06,1816.12,2517.25,2064.52,451.4,snapshot,0,2026-10-06 20:45:24
Maharashtra,Pune,Khed(Chakan),Onion,Red/Nasik,FAQ,2026-10-06,1855.37,2455.54,2139.97,310.4,snapshot,0,2026-10-06 20:45:24
Maharashtra,Kolhapur,Kolhapur,Onion,Red/Nasik,FAQ,2026-10-06,1960.48,2714.21,2335.91,162.2,snapshot,0,2026-10-06 20:45:24
Maharashtra,Nashik,Lasalgaon,Onion,Red/Nasik,FAQ,2026-10-06,2043.47,2731.93,2350.23,459.3,snapshot,0,2026-10-06 20:45:24
Maharashtra,Pune,Manchar,Onion,Red/Nasik,FAQ,2026-10-06,2003.71,2693.53,2280.35,156.7,snapshot,0,2026-10-06 20:45:24
Maharashtra,Mumbai,Mumbai,Onion,Red/Nasik,FAQ,2026-10-06,1966.44,2607.7,2287.03,271.6,snapshot,0,2026-10-06 20:45:24
Maharashtra,Pune,Narayangaon,Onion,Red/Nasik,FAQ,2026-10-06,1958.79,2672.67,2297.08,75.4,snapshot,0,2026-10-06 20:45:24
Maharashtra,Nashik,Nashik,Onion,Red/Nasik,FAQ,2026-10-06,1716.36,2346.39,2059.93,450.0,snapshot,0,2026-10-06 20:45:24
Maharashtra,Nashik,Pimpalgaon,Onion,Red/Nasik,FAQ,2026-10-06,2114.19,2958.21,2482.84,180.4,snapshot,0,2026-10-06 20:45:24
Maharashtra,Pune,Pune,Onion,Red/Nasik,FAQ,2026-10-06,2083.94,2765.47,2420.45,155.6,snapshot,0,2026-10-06 20:45:24
Maharashtra,Ahilyanagar,Rahata,Onion,Red/Nasik,FAQ,2026-10-06,2123.23,2876.05,2386.46,181.2,snapshot,0,2026-10-06 20:45:24
Maharashtra,Ahilyanagar,Sangamner,Onion,Red/Nasik,FAQ,2026-10-06,2252.86,2926.71,2578.92,323.4,snapshot,0,2026-10-06 20:45:24
Maharashtra,Solapur,Solapur,Onion,Red/Nasik,FAQ,2026-10-06,1802.17,2674.31,2170.62,120.3,snapshot,0,2026-10-06 20:45:24
Maharashtra,Nashik,Yeola,Onion,Red/Nasik,FAQ,2026-10-06,1693.78,2390.66,2071.91,168.9,snapshot,0,2026-10-06 20:45:24
Maharashtra,Pune,Khed(Chakan),Potato,Jyoti,FAQ,2026-10-06,1841.26,2361.72,2018.78,83.7,snapshot,0,2026-10-06 20:45:43
Maharashtra,Kolhapur,Kolhapur,Potato,Jyoti,FAQ,2026-10-06,1789.33,2249.98,2016.97,130.8,snapshot,0,2026-10-06 20:45:43
Maharashtra,Pune,Manchar,Potato,Jyoti,FAQ,2026-10-06,1628.54,2007.59,1796.29,211.9,snapshot,0,2026-10-06 20:45:43
Maharashtra,Mumbai,Mumbai,Potato,Jyoti,FAQ,2026-10-06,1666.18,2151.69,1825.28,141.1,snapshot,0,2026-10-06 20:45:43
Maharashtra,Pune,Narayangaon,Potato,Jyoti,FAQ,2026-10-06,1648.91,2255.86,1904.44,462.6,snapshot,0,2026-10-06 20:45:43
Maharashtra,Nashik,Nashik,Potato,Jyoti,FAQ,2026-10-06,1695.52,2251.99,1907.31,60.9,snapshot,0,2026-10-06 20:45:43
Maharashtra,Nashik,Pimpalgaon,Potato,Jyoti,FAQ,2026-10-06,1750.53,2275.81,1966.65,415.7,snapshot,0,2026-10-06 20:45:43
Maharashtra,Pune,Pune,Potato,Jyoti,FAQ,2026-10-06,1741.13,2261.09,1916.54,120.8,snapshot,0,2026-10-06 20:45:43
Maharashtra,Ahilyanagar,Ahmednagar,Red gram/Arhar/Tur(whole),White/Desi,FAQ,2026-10-06,10069.85,10923.46,10351.75,194.0,snapshot,0,2026-10-06 20:45:33
Maharashtra,Akola,Akola,Red gram/Arhar/Tur(whole),White/Desi,FAQ,2026-10-06,10020.87,10873.82,10425.83,252.5,snapshot,0,2026-10-06 20:45:33
Maharashtra,Amravati,Amravati,Red gram/Arhar/Tur(whole),White/Desi,FAQ,2026-10-06,10212.87,11155.51,10535.42,449.2,snapshot,0,2026-10-06 20:45:33
Maharashtra,Latur,Latur,Red gram/Arhar/Tur(whole),White/Desi,FAQ,2026-10-06,10383.73,11350.92,10673.78,327.5,snapshot,0,2026-10-06 20:45:33
Maharashtra,Solapur,Solapur,Red gram/Arhar/Tur(whole),White/Desi,FAQ,2026-10-06,9854.89,10608.35,10182.58,240.3,snapshot,0,2026-10-06 20:45:33
Maharashtra,Ahilyanagar,Ahmednagar,Soyabean,Yellow,FAQ,2026-10-06,4703.92,5012.4,4834.74,77.5,snapshot,0,2026-10-06 20:45:28
Maharashtra,Akola,Akola,Soyabean,Yellow,FAQ,2026-10-06,4544.29,4867.14,4720.75,302.0,snapshot,0,2026-10-06 20:45:28
Maharashtra,Amravati,Amravati,Soyabean,Yellow,FAQ,2026-10-06,4717.55,5094.62,4848.89,66.9,snapshot,0,2026-10-06 20:45:28
Maharashtra,Pune,Baramati,Soyabean,Yellow,FAQ,2026-10-06,4568.0,4907.46,4718.16,291.2,snapshot,0,2026-10-06 20:45:28
Maharashtra,Jalgaon,Jalgaon,Soyabean,Yellow,FAQ,2026-10-06,4638.47,4972.49,4787.02,436.9,snapshot,0,2026-10-06 20:45:28
Maharashtra,Latur,Latur,Soyabean,Yellow,FAQ,2026-10-06,4619.38,4994.64,4791.73,133.8,snapshot,0,2026-10-06 20:45:28
Maharashtra,Nagpur,Nagpur,Soyabean,Yellow,FAQ,2026-10-06,4724.52,5052.61,4849.13,372.1,snapshot,0,2026-10-06 20:45:28
Maharashtra,Pune,Pune,Soyabean,Yellow,FAQ,2026-10-06,4399.02,4751.36,4516.52,52.1,snapshot,0,2026-10-06 20:45:28
Maharashtra,Ahilyanagar,Rahata,Soyabean,Yellow,FAQ,2026-10-06,4688.15,5018.89,4823.21,119.2,snapshot,0,2026-10-06 20:45:28
Maharashtra,Ahilyanagar,Sangamner,Soyabean,Yellow,FAQ,2026-10-06,4624.45,4966.7,4771.3,464.8,snapshot,0,2026-10-06 20:45:28
Maharashtra,Solapur,Solapur,Soyabean,Yellow,FAQ,2026-10-06,4532.13,4954.92,4708.27,337.2,snapshot,0,2026-10-06 20:45:28
Maharashtra,Nashik,Yeola,Soyabean,Yellow,FAQ,2026-10-06,4580.3,4957.33,4702.75,333.8,snapshot,0,2026-10-06 20:45:28
Maharashtra,Pune,Baramati,Tomato,Hybrid,FAQ,2026-10-06,1420.06,2086.95,1687.46,153.3,snapshot,0,2026-10-06 20:45:19
Maharashtra,Pune,Khed(Chakan),Tomato,Hybrid,FAQ,2026-10-06,1564.09,2035.18,1757.08,355.6,snapshot,0,2026-10-06 20:45:19
Maharashtra,Kolhapur,Kolhapur,Tomato,Hybrid,FAQ,2026-10-06,1311.21,1997.39,1547.12,190.7,snapshot,0,2026-10-06 20:45:19
Maharashtra,Nashik,Lasalgaon,Tomato,Hybrid,FAQ,2026-10-06,1531.61,2254.25,1825.95,431.7,snapshot,0,2026-10-06 20:45:19
Maharashtra,Pune,Manchar,Tomato,Hybrid,FAQ,2026-10-06,1625.16,2127.4,1880.86,70.1,snapshot,0,2026-10-06 20:45:19
Maharashtra,Mumbai,Mumbai,Tomato,Hybrid,FAQ,2026-10-06,1772.17,2280.02,1969.18,316.3,snapshot,0,2026-10-06 20:45:19
Maharashtra,Nagpur,Nagpur,Tomato,Hybrid,FAQ,2026-10-06,1381.26,1993.05,1617.87,45.1,snapshot,0,2026-10-06 20:45:19
Maharashtra,Pune,Narayangaon,Tomato,Hybrid,FAQ,2026-10-06,1601.01,2121.64,1824.55,160.0,snapshot,0,2026-10-06 20:45:19
Maharashtra,Nashik,Nashik,Tomato,Hybrid,FAQ,2026-10-06,1334.68,1960.37,1637.75,211.5,snapshot,0,2026-10-06 20:45:19
Maharashtra,Nashik,Pimpalgaon,Tomato,Hybrid,FAQ,2026-10-06,1740.5,2299.16,1954.14,452.9,snapshot,0,2026-10-06 20:45:19
Maharashtra,Pune,Pune,Tomato,Hybrid,FAQ,2026-10-06,1299.79,1954.82,1521.03,406.2,snapshot,0,2026-10-06 20:45:19
Maharashtra,Ahilyanagar,Sangamner,Tomato,Hybrid,FAQ,2026-10-06,1257.76,1905.24,1540.59,475.8,snapshot,0,2026-10-06 20:45:19
Maharashtra,Ahilyanagar,Ahmednagar,Wheat,Lokwan,FAQ,2026-10-06,2681.28,2953.55,2800.55,105.0,snapshot,0,2026-10-06 20:45:47
Maharashtra,Akola,Akola,Wheat,Lokwan,FAQ,2026-10-06,2487.32,2825.66,2591.91,478.7,snapshot,0,2026-10-06 20:45:47
Maharashtra,Pune,Baramati,Wheat,Lokwan,FAQ,2026-10-06,2476.33,2773.01,2568.2,329.3,snapshot,0,2026-10-06 20:45:47
Maharashtra,Jalgaon,Jalgaon,Wheat,Lokwan,FAQ,2026-10-06,2691.2,3001.56,2777.12,404.6,snapshot,0,2026-10-06 20:45:47
Maharashtra,Kolhapur,Kolhapur,Wheat,Lokwan,FAQ,2026-10-06,2712.51,3031.69,2848.64,167.5,snapshot,0,2026-10-06 20:45:47
Maharashtra,Nashik,Lasalgaon,Wheat,Lokwan,FAQ,2026-10-06,2680.43,3053.6,2835.75,118.9,snapshot,0,2026-10-06 20:45:47
Maharashtra,Latur,Latur,Wheat,Lokwan,FAQ,2026-10-06,2700.72,2983.22,2825.42,395.3,snapshot,0,2026-10-06 20:45:47
Maharashtra,Mumbai,Mumbai,Wheat,Lokwan,FAQ,2026-10-06,2638.01,2931.63,2757.06,51.9,snapshot,0,2026-10-06 20:45:47
Maharashtra,Nagpur,Nagpur,Wheat,Lokwan,FAQ,2026-10-06,2658.49,2911.68,2758.9,162.8,snapshot,0,2026-10-06 20:45:47
Maharashtra,Nashik,Nashik,Wheat,Lokwan,FAQ,2026-10-06,2657.28,2902.87,2760.54,357.5,snapshot,0,2026-10-06 20:45:47
Maharashtra,Pune,Pune,Wheat,Lokwan,FAQ,2026-10-06,2532.25,2813.41,2638.6,66.2,snapshot,0,2026-10-06 20:45:47
Maharashtra,Ahilyanagar,Rahata,Wheat,Lokwan,FAQ,2026-10-06,2613.56,2945.32,2745.04,458.1,snapshot,0,2026-10-06 20:45:47
Maharashtra,Solapur,Solapur,Wheat,Lokwan,FAQ,2026-10-06,2639.35,2960.22,2775.13,287.8,snapshot,0,2026-10-06 20:45:47
Maharashtra,Nashik,Yeola,Wheat,Lokwan,FAQ,2026-10-06,2493.71,2751.02,2601.29,374.8,snapshot,0,2026-10-06 20:45:47
Maharashtra,Akola,Akola,Cotton,Medium Staple,FAQ,2026-10-05,7084.83,7735.48,7297.95,479.5,snapshot,0,2026-10-06 20:45:38
Maharashtra,Amravati,Amravati,Cotton,Medium Staple,FAQ,2026-10-05,6830.78,7507.66,7150.36,258.6,snapshot,0,2026-10-06 20:45:38
Maharashtra,Jalgaon,Jalgaon,Cotton,Medium Staple,FAQ,2026-10-05,6987.83,7621.06,7262.18,488.5,snapshot,0,2026-10-06 20:45:38
Maharashtra,Nagpur,Nagpur,Cotton,Medium Staple,FAQ,2026-10-05,7307.76,7931.24,7611.77,186.2,snapshot,0,2026-10-06 20:45:38
Maharashtra,Ahilyanagar,Ahmednagar,Onion,Red/Nasik,FAQ,2026-10-05,2088.89,2968.11,2455.76,74.4,snapshot,0,2026-10-06 20:45:24
Maharashtra,Pune,Baramati,Onion,Red/Nasik,FAQ,2026-10-05,1589.82,2410.0,1917.14,231.5,snapshot,0,2026-10-06 20:45:24
Maharashtra,Jalgaon,Jalgaon,Onion,Red/Nasik,FAQ,2026-10-05,1704.66,2581.0,2061.34,441.6,snapshot,0,2026-10-06 20:45:24
Maharashtra,Pune,Khed(Chakan),Onion,Red/Nasik,FAQ,2026-10-05,1814.99,2650.98,2182.21,326.6,snapshot,0,2026-10-06 20:45:24
Maharashtra,Kolhapur,Kolhapur,Onion,Red/Nasik,FAQ,2026-10-05,2049.17,2862.26,2429.95,134.2,snapshot,0,2026-10-06 20:45:24
Maharashtra,Nashik,Lasalgaon,Onion,Red/Nasik,FAQ,2026-10-05,2012.67,2771.59,2259.29,211.7,snapshot,0,2026-10-06 20:45:24
Maharashtra,Pune,Manchar,Onion,Red/Nasik,FAQ,2026-10-05,1935.13,2728.83,2267.64,230.1,snapshot,0,2026-10-06 20:45:24
Maharashtra,Mumbai,Mumbai,Onion,Red/Nasik,FAQ,2026-10-05,2083.7,2708.36,2294.32,64.1,snapshot,0,2026-10-06 20:45:24
Maharashtra,Pune,Narayangaon,Onion,Red/Nasik,FAQ,2026-10-05,1994.85,2727.51,2372.03,482.3,snapshot,0,2026-10-06 20:45:24
Maharashtra,Nashik,Nashik,Onion,Red/Nasik,FAQ,2026-10-05,1753.75,2308.2,2021.44,60.8,snapshot,0,2026-10-06 20:45:24
Maharashtra,Nashik,Pimpalgaon,Onion,Red/Nasik,FAQ,2026-10-05,2248.36,3002.62,2602.08,166.9,snapshot,0,2026-10-06 20:45:24
Maharashtra,Pune,Pune,Onion,Red/Nasik,FAQ,2026-10-05,2136.49,2839.1,2431.68,235.7,snapshot,0,2026-10-06 20:45:24
Maharashtra,Ahilyanagar,Rahata,Onion,Red/Nasik,FAQ,2026-10-05,2108.89,2676.12,2341.61,250.4,snapshot,0,2026-10-06 20:45:24
Maharashtra,Ahilyanagar,Sangamner,Onion,Red/Nasik,FAQ,2026-10-05,2177.78,2786.97,2489.23,338.5,snapshot,0,2026-10-06 20:45:24
Maharashtra,Solapur,Solapur,Onion,Red/Nasik,FAQ,2026-10-05,1699.43,2382.93,2074.05,332.9,snapshot,0,2026-10-06 20:45:24
Maharashtra,Nashik,Yeola,Onion,Red/Nasik,FAQ,2026-10-05,1640.21,2492.17,2024.62,80.1,snapshot,0,2026-10-06 20:45:24
Maharashtra,Pune,Khed(Chakan),Potato,Jyoti,FAQ,2026-10-05,1883.44,2276.87,2035.42,58.1,snapshot,0,2026-10-06 20:45:43
Maharashtra,Kolhapur,Kolhapur,Potato,Jyoti,FAQ,2026-10-05,1750.78,2351.11,2002.77,473.5,snapshot,0,2026-10-06 20:45:43
Maharashtra,Pune,Manchar,Potato,Jyoti,FAQ,2026-10-05,1563.41,2112.91,1817.04,44.2,snapshot,0,2026-10-06 20:45:43
Maharashtra,Mumbai,Mumbai,Potato,Jyoti,FAQ,2026-10-05,1579.68,2159.88,1824.54,410.8,snapshot,0,2026-10-06 20:45:43
Maharashtra,Pune,Narayangaon,Potato,Jyoti,FAQ,2026-10-05,1737.05,2273.57,1909.13,493.3,snapshot,0,2026-10-06 20:45:43
Maharashtra,Nashik,Nashik,Potato,Jyoti,FAQ,2026-10-05,1646.95,2188.61,1815.13,498.5,snapshot,0,2026-10-06 20:45:43
Maharashtra,Nashik,Pimpalgaon,Potato,Jyoti,FAQ,2026-10-05,1853.88,2350.89,2006.65,215.7,snapshot,0,2026-10-06 20:45:43
Maharashtra,Pune,Pune,Potato,Jyoti,FAQ,2026-10-05,1743.16,2209.58,1920.23,306.6,snapshot,0,2026-10-06 20:45:43
Maharashtra,Ahilyanagar,Ahmednagar,Red gram/Arhar/Tur(whole),White/Desi,FAQ,2026-10-05,10055.61,10909.01,10476.82,362.6,snapshot,0,2026-10-06 20:45:33
Maharashtra,Akola,Akola,Red gram/Arhar/Tur(whole),White/Desi,FAQ,2026-10-05,9876.46,11075.25,10368.21,447.0,snapshot,0,2026-10-06 20:45:33
Maharashtra,Amravati,Amravati,Red gram/Arhar/Tur(whole),White/Desi,FAQ,2026-10-05,9984.61,11084.49,10368.34,387.9,snapshot,0,2026-10-06 20:45:33
Maharashtra,Latur,Latur,Red gram/Arhar/Tur(whole),White/Desi,FAQ,2026-10-05,10220.92,11211.48,10659.64,417.9,snapshot,0,2026-10-06 20:45:33
Maharashtra,Solapur,Solapur,Red gram/Arhar/Tur(whole),White/Desi,FAQ,2026-10-05,9798.01,10791.53,10223.06,212.9,snapshot,0,2026-10-06 20:45:33
Maharashtra,Ahilyanagar,Ahmednagar,Soyabean,Yellow,FAQ,2026-10-05,4644.77,5008.56,4819.65,309.0,snapshot,0,2026-10-06 20:45:28
Maharashtra,Akola,Akola,Soyabean,Yellow,FAQ,2026-10-05,4599.64,4957.53,4711.92,382.2,snapshot,0,2026-10-06 20:45:28
Maharashtra,Amravati,Amravati,Soyabean,Yellow,FAQ,2026-10-05,4710.8,5011.78,4817.27,115.0,snapshot,0,2026-10-06 20:45:28
Maharashtra,Pune,Baramati,Soyabean,Yellow,FAQ,2026-10-05,4580.76,4915.03,4702.48,305.9,snapshot,0,2026-10-06 20:45:28
Maharashtra,Jalgaon,Jalgaon,Soyabean,Yellow,FAQ,2026-10-05,4683.08,5009.79,4831.29,383.5,snapshot,0,2026-10-06 20:45:28
Maharashtra,Latur,Latur,Soyabean,Yellow,FAQ,2026-10-05,4647.45,4967.14,4775.14,113.0,snapshot,0,2026-10-06 20:45:28
Maharashtra,Nagpur,Nagpur,Soyabean,Yellow,FAQ,2026-10-05,4627.99,5008.12,4820.01,232.1,snapshot,0,2026-10-06 20:45:28
Maharashtra,Pune,Pune,Soyabean,Yellow,FAQ,2026-10-05,4325.13,4722.76,4487.52,274.0,snapshot,0,2026-10-06 20:45:28
Maharashtra,Ahilyanagar,Rahata,Soyabean,Yellow,FAQ,2026-10-05,4695.6,5091.92,4841.05,121.7,snapshot,0,2026-10-06 20:45:28
Maharashtra,Ahilyanagar,Sangamner,Soyabean,Yellow,FAQ,2026-10-05,4540.15,4897.9,4735.07,310.1,snapshot,0,2026-10-06 20:45:28
Maharashtra,Solapur,Solapur,Soyabean,Yellow,FAQ,2026-10-05,4505.44,4909.05,4665.02,384.4,snapshot,0,2026-10-06 20:45:28
Maharashtra,Nashik,Yeola,Soyabean,Yellow,FAQ,2026-10-05,4620.04,4975.95,4747.03,487.7,snapshot,0,2026-10-06 20:45:28
Maharashtra,Pune,Baramati,Tomato,Hybrid,FAQ,2026-10-05,1522.06,2079.74,1717.29,264.4,snapshot,0,2026-10-06 20:45:19
Maharashtra,Pune,Khed(Chakan),Tomato,Hybrid,FAQ,2026-10-05,1519.42,2222.38,1774.81,135.5,snapshot,0,2026-10-06 20:45:19
Maharashtra,Kolhapur,Kolhapur,Tomato,Hybrid,FAQ,2026-10-05,1327.28,1936.14,1548.07,199.3,snapshot,0,2026-10-06 20:45:19
Maharashtra,Nashik,Lasalgaon,Tomato,Hybrid,FAQ,2026-10-05,1634.91,2195.73,1838.28,403.2,snapshot,0,2026-10-06 20:45:19
Maharashtra,Pune,Manchar,Tomato,Hybrid,FAQ,2026-10-05,1577.78,2134.58,1781.66,476.2,snapshot,0,2026-10-06 20:45:19
Maharashtra,Mumbai,Mumbai,Tomato,Hybrid,FAQ,2026-10-05,1841.57,2384.07,2077.06,249.2,snapshot,0,2026-10-06 20:45:19
Maharashtra,Nagpur,Nagpur,Tomato,Hybrid,FAQ,2026-10-05,1466.79,1948.24,1649.36,318.2,snapshot,0,2026-10-06 20:45:19
Maharashtra,Pune,Narayangaon,Tomato,Hybrid,FAQ,2026-10-05,1555.08,2070.58,1807.37,347.9,snapshot,0,2026-10-06 20:45:19
Maharashtra,Nashik,Nashik,Tomato,Hybrid,FAQ,2026-10-05,1393.54,2102.41,1659.3,457.9,snapshot,0,2026-10-06 20:45:19
Maharashtra,Nashik,Pimpalgaon,Tomato,Hybrid,FAQ,2026-10-05,1753.98,2393.1,1953.02,455.2,snapshot,0,2026-10-06 20:45:19
Maharashtra,Pune,Pune,Tomato,Hybrid,FAQ,2026-10-05,1226.92,1904.02,1483.76,308.0,snapshot,0,2026-10-06 20:45:19
Maharashtra,Ahilyanagar,Sangamner,Tomato,Hybrid,FAQ,2026-10-05,1313.16,1967.49,1540.3,108.0,snapshot,0,2026-10-06 20:45:19
Maharashtra,Ahilyanagar,Ahmednagar,Wheat,Lokwan,FAQ,2026-10-05,2636.91,3010.6,2779.21,83.9,snapshot,0,2026-10-06 20:45:47
Maharashtra,Akola,Akola,Wheat,Lokwan,FAQ,2026-10-05,2497.49,2865.77,2633.14,162.2,snapshot,0,2026-10-06 20:45:47
Maharashtra,Pune,Baramati,Wheat,Lokwan,FAQ,2026-10-05,2470.65,2757.33,2574.41,281.3,snapshot,0,2026-10-06 20:45:47
Maharashtra,Jalgaon,Jalgaon,Wheat,Lokwan,FAQ,2026-10-05,2665.64,2998.67,2789.6,406.7,snapshot,0,2026-10-06 20:45:47
Maharashtra,Kolhapur,Kolhapur,Wheat,Lokwan,FAQ,2026-10-05,2687.13,3031.1,2819.89,270.2,snapshot,0,2026-10-06 20:45:47
Maharashtra,Nashik,Lasalgaon,Wheat,Lokwan,FAQ,2026-10-05,2706.28,3002.67,2811.99,492.2,snapshot,0,2026-10-06 20:45:47
Maharashtra,Latur,Latur,Wheat,Lokwan,FAQ,2026-10-05,2699.29,3028.26,2839.7,332.9,snapshot,0,2026-10-06 20:45:47
Maharashtra,Mumbai,Mumbai,Wheat,Lokwan,FAQ,2026-10-05,2613.71,2880.37,2748.04,311.8,snapshot,0,2026-10-06 20:45:47
Maharashtra,Nagpur,Nagpur,Wheat,Lokwan,FAQ,2026-10-05,2605.82,2877.31,2706.83,445.9,snapshot,0,2026-10-06 20:45:47
Maharashtra,Nashik,Nashik,Wheat,Lokwan,FAQ,2026-10-05,2606.36,2871.68,2708.92,203.4,snapshot,0,2026-10-06 20:45:47
Maharashtra,Pune,Pune,Wheat,Lokwan,FAQ,2026-10-05,2491.2,2765.74,2607.04,166.3,snapshot,0,2026-10-06 20:45:47
Maharashtra,Ahilyanagar,Rahata,Wheat,Lokwan,FAQ,2026-10-05,2619.87,2942.31,2738.41,256.1,snapshot,0,2026-10-06 20:45:47
Maharashtra,Solapur,Solapur,Wheat,Lokwan,FAQ,2026-10-05,2638.84,2939.89,2766.92,476.9,snapshot,0,2026-10-06 20:45:47
Maharashtra,Nashik,Yeola,Wheat,Lokwan,FAQ,2026-10-05,2461.42,2724.72,2582.27,438.8,snapshot,0,2026-10-06 20:45:47
Maharashtra,Akola,Akola,Cotton,Medium Staple,FAQ,2026-10-03,6861.45,7480.35,7162.83,119.2,snapshot,0,2026-10-06 20:04:46
Maharashtra,Amravati,Amravati,Cotton,Medium Staple,FAQ,2026-10-03,7037.38,7663.05,7216.63,359.9,snapshot,0,2026-10-06 20:04:46
Maharashtra,Jalgaon,Jalgaon,Cotton,Medium Staple,FAQ,2026-10-03,7065.2,7617.37,7245.29,375.6,snapshot,0,2026-10-06 20:04:46
Maharashtra,Nagpur,Nagpur,Cotton,Medium Staple,FAQ,2026-10-03,7303.99,7842.95,7584.76,357.9,snapshot,0,2026-10-06 20:04:46
Maharashtra,Ahilyanagar,Ahmednagar,Onion,Red/Nasik,FAQ,2026-10-03,2253.65,2957.69,2508.9,71.3,snapshot,0,2026-10-06 20:03:59
Maharashtra,Pune,Baramati,Onion,Red/Nasik,FAQ,2026-10-03,1683.57,2217.77,1894.71,81.0,snapshot,0,2026-10-06 20:03:59
Maharashtra,Jalgaon,Jalgaon,Onion,Red/Nasik,FAQ,2026-10-03,1862.54,2598.25,2136.93,315.9,snapshot,0,2026-10-06 20:03:59
Maharashtra,Pune,Khed(Chakan),Onion,Red/Nasik,FAQ,2026-10-03,1869.38,2484.37,2138.08,250.8,snapshot,0,2026-10-06 20:03:59
Maharashtra,Kolhapur,Kolhapur,Onion,Red/Nasik,FAQ,2026-10-03,2197.93,2946.6,2426.8,252.4,snapshot,0,2026-10-06 20:03:59
Maharashtra,Nashik,Lasalgaon,Onion,Red/Nasik,FAQ,2026-10-03,2015.6,2598.95,2298.81,332.5,snapshot,0,2026-10-06 20:03:59
Maharashtra,Pune,Manchar,Onion,Red/Nasik,FAQ,2026-10-03,1877.35,2531.34,2163.59,166.8,snapshot,0,2026-10-06 20:03:59
Maharashtra,Mumbai,Mumbai,Onion,Red/Nasik,FAQ,2026-10-03,1878.46,2506.67,2219.88,409.2,snapshot,0,2026-10-06 20:03:59
Maharashtra,Pune,Narayangaon,Onion,Red/Nasik,FAQ,2026-10-03,1949.91,2737.03,2321.79,55.1,snapshot,0,2026-10-06 20:03:59
Maharashtra,Nashik,Nashik,Onion,Red/Nasik,FAQ,2026-10-03,1680.54,2366.25,2001.59,489.8,snapshot,0,2026-10-06 20:03:59
Maharashtra,Nashik,Pimpalgaon,Onion,Red/Nasik,FAQ,2026-10-03,2205.5,2866.67,2542.72,493.7,snapshot,0,2026-10-06 20:03:59
Maharashtra,Pune,Pune,Onion,Red/Nasik,FAQ,2026-10-03,2087.21,2775.22,2421.73,307.5,snapshot,0,2026-10-06 20:03:59
Maharashtra,Ahilyanagar,Rahata,Onion,Red/Nasik,FAQ,2026-10-03,2071.87,2781.8,2347.65,483.8,snapshot,0,2026-10-06 20:03:59
Maharashtra,Ahilyanagar,Sangamner,Onion,Red/Nasik,FAQ,2026-10-03,2351.12,2916.54,2582.66,329.0,snapshot,0,2026-10-06 20:03:59
Maharashtra,Solapur,Solapur,Onion,Red/Nasik,FAQ,2026-10-03,1749.44,2545.43,2041.69,492.3,snapshot,0,2026-10-06 20:03:59
Maharashtra,Nashik,Yeola,Onion,Red/Nasik,FAQ,2026-10-03,1775.61,2500.19,2011.28,291.7,snapshot,0,2026-10-06 20:03:59
Maharashtra,Pune,Khed(Chakan),Potato,Jyoti,FAQ,2026-10-03,1750.9,2272.82,2009.54,253.6,snapshot,0,2026-10-06 20:05:02
Maharashtra,Kolhapur,Kolhapur,Potato,Jyoti,FAQ,2026-10-03,1810.24,2341.34,1998.68,391.5,snapshot,0,2026-10-06 20:05:02
Maharashtra,Pune,Manchar,Potato,Jyoti,FAQ,2026-10-03,1642.41,2050.21,1838.71,464.2,snapshot,0,2026-10-06 20:05:02
Maharashtra,Mumbai,Mumbai,Potato,Jyoti,FAQ,2026-10-03,1583.28,2091.57,1823.97,335.0,snapshot,0,2026-10-06 20:05:02
Maharashtra,Pune,Narayangaon,Potato,Jyoti,FAQ,2026-10-03,1683.18,2198.75,1862.02,173.1,snapshot,0,2026-10-06 20:05:02
Maharashtra,Nashik,Nashik,Potato,Jyoti,FAQ,2026-10-03,1684.32,2056.33,1835.75,193.1,snapshot,0,2026-10-06 20:05:02
Maharashtra,Nashik,Pimpalgaon,Potato,Jyoti,FAQ,2026-10-03,1757.14,2364.66,2014.59,399.0,snapshot,0,2026-10-06 20:05:02
Maharashtra,Pune,Pune,Potato,Jyoti,FAQ,2026-10-03,1766.15,2354.15,1981.54,337.3,snapshot,0,2026-10-06 20:05:02
Maharashtra,Ahilyanagar,Ahmednagar,Red gram/Arhar/Tur(whole),White/Desi,FAQ,2026-10-03,10008.44,10983.3,10429.28,213.8,snapshot,0,2026-10-06 20:04:30
Maharashtra,Akola,Akola,Red gram/Arhar/Tur(whole),White/Desi,FAQ,2026-10-03,9830.8,10846.08,10339.58,348.7,snapshot,0,2026-10-06 20:04:30
Maharashtra,Amravati,Amravati,Red gram/Arhar/Tur(whole),White/Desi,FAQ,2026-10-03,10227.74,11105.13,10522.73,285.6,snapshot,0,2026-10-06 20:04:30
Maharashtra,Latur,Latur,Red gram/Arhar/Tur(whole),White/Desi,FAQ,2026-10-03,10266.57,11113.25,10611.23,188.0,snapshot,0,2026-10-06 20:04:30
Maharashtra,Solapur,Solapur,Red gram/Arhar/Tur(whole),White/Desi,FAQ,2026-10-03,9844.72,10820.97,10268.67,177.3,snapshot,0,2026-10-06 20:04:30
Maharashtra,Ahilyanagar,Ahmednagar,Soyabean,Yellow,FAQ,2026-10-03,4618.81,4953.25,4798.22,287.3,snapshot,0,2026-10-06 20:04:15
Maharashtra,Akola,Akola,Soyabean,Yellow,FAQ,2026-10-03,4548.43,4877.24,4726.9,125.5,snapshot,0,2026-10-06 20:04:15
Maharashtra,Amravati,Amravati,Soyabean,Yellow,FAQ,2026-10-03,4669.94,5083.45,4847.79,461.9,snapshot,0,2026-10-06 20:04:15
Maharashtra,Pune,Baramati,Soyabean,Yellow,FAQ,2026-10-03,4503.54,4852.23,4658.22,203.4,snapshot,0,2026-10-06 20:04:15
Maharashtra,Jalgaon,Jalgaon,Soyabean,Yellow,FAQ,2026-10-03,4695.32,5075.79,4841.36,453.9,snapshot,0,2026-10-06 20:04:15
Maharashtra,Latur,Latur,Soyabean,Yellow,FAQ,2026-10-03,4672.48,5075.47,4821.57,241.2,snapshot,0,2026-10-06 20:04:15
Maharashtra,Nagpur,Nagpur,Soyabean,Yellow,FAQ,2026-10-03,4669.81,4973.99,4793.4,374.2,snapshot,0,2026-10-06 20:04:15
Maharashtra,Pune,Pune,Soyabean,Yellow,FAQ,2026-10-03,4319.0,4726.04,4500.62,466.6,snapshot,0,2026-10-06 20:04:15
Maharashtra,Ahilyanagar,Rahata,Soyabean,Yellow,FAQ,2026-10-03,4645.64,4990.84,4795.17,420.0,snapshot,0,2026-10-06 20:04:15
Maharashtra,Ahilyanagar,Sangamner,Soyabean,Yellow,FAQ,2026-10-03,4632.97,5014.55,4782.94,184.2,snapshot,0,2026-10-06 20:04:15
Maharashtra,Solapur,Solapur,Soyabean,Yellow,FAQ,2026-10-03,4504.36,4921.5,4669.81,219.8,snapshot,0,2026-10-06 20:04:15
Maharashtra,Nashik,Yeola,Soyabean,Yellow,FAQ,2026-10-03,4596.26,4917.6,4760.6,269.0,snapshot,0,2026-10-06 20:04:15
Maharashtra,Pune,Baramati,Tomato,Hybrid,FAQ,2026-10-03,1445.33,2103.1,1695.6,100.0,snapshot,0,2026-10-06 20:03:43
Maharashtra,Pune,Khed(Chakan),Tomato,Hybrid,FAQ,2026-10-03,1594.98,2137.51,1794.64,227.0,snapshot,0,2026-10-06 20:03:43
Maharashtra,Kolhapur,Kolhapur,Tomato,Hybrid,FAQ,2026-10-03,1160.14,1699.16,1418.26,308.8,snapshot,0,2026-10-06 20:03:43
Maharashtra,Nashik,Lasalgaon,Tomato,Hybrid,FAQ,2026-10-03,1761.92,2228.3,1973.6,323.4,snapshot,0,2026-10-06 20:03:43
Maharashtra,Pune,Manchar,Tomato,Hybrid,FAQ,2026-10-03,1432.59,1928.63,1674.42,453.2,snapshot,0,2026-10-06 20:03:43
Maharashtra,Mumbai,Mumbai,Tomato,Hybrid,FAQ,2026-10-03,1813.93,2286.95,2016.9,313.2,snapshot,0,2026-10-06 20:03:43
Maharashtra,Nagpur,Nagpur,Tomato,Hybrid,FAQ,2026-10-03,1318.04,2061.23,1626.16,102.0,snapshot,0,2026-10-06 20:03:43
Maharashtra,Pune,Narayangaon,Tomato,Hybrid,FAQ,2026-10-03,1556.6,2293.4,1860.02,420.4,snapshot,0,2026-10-06 20:03:43
Maharashtra,Nashik,Nashik,Tomato,Hybrid,FAQ,2026-10-03,1431.32,1968.92,1683.09,186.2,snapshot,0,2026-10-06 20:03:43
Maharashtra,Nashik,Pimpalgaon,Tomato,Hybrid,FAQ,2026-10-03,1893.13,2417.87,2081.54,369.3,snapshot,0,2026-10-06 20:03:43
Maharashtra,Pune,Pune,Tomato,Hybrid,FAQ,2026-10-03,1279.36,1896.1,1465.65,455.8,snapshot,0,2026-10-06 20:03:43
Maharashtra,Ahilyanagar,Sangamner,Tomato,Hybrid,FAQ,2026-10-03,1283.14,1904.52,1542.13,66.5,snapshot,0,2026-10-06 20:03:43
Maharashtra,Ahilyanagar,Ahmednagar,Wheat,Lokwan,FAQ,2026-10-03,2632.65,2952.62,2757.2,192.9,snapshot,0,2026-10-06 20:05:18
Maharashtra,Akola,Akola,Wheat,Lokwan,FAQ,2026-10-03,2447.2,2742.58,2601.82,209.3,snapshot,0,2026-10-06 20:05:18
Maharashtra,Pune,Baramati,Wheat,Lokwan,FAQ,2026-10-03,2449.1,2694.71,2554.18,359.5,snapshot,0,2026-10-06 20:05:18
Maharashtra,Jalgaon,Jalgaon,Wheat,Lokwan,FAQ,2026-10-03,2662.23,2937.2,2764.31,90.9,snapshot,0,2026-10-06 20:05:18
Maharashtra,Kolhapur,Kolhapur,Wheat,Lokwan,FAQ,2026-10-03,2688.36,2971.73,2820.51,143.7,snapshot,0,2026-10-06 20:05:18
Maharashtra,Nashik,Lasalgaon,Wheat,Lokwan,FAQ,2026-10-03,2737.56,2981.4,2848.13,140.5,snapshot,0,2026-10-06 20:05:18
Maharashtra,Latur,Latur,Wheat,Lokwan,FAQ,2026-10-03,2802.32,3075.18,2892.78,106.8,snapshot,0,2026-10-06 20:05:18
Maharashtra,Mumbai,Mumbai,Wheat,Lokwan,FAQ,2026-10-03,2613.27,2874.39,2718.86,260.6,snapshot,0,2026-10-06 20:05:18
Maharashtra,Nagpur,Nagpur,Wheat,Lokwan,FAQ,2026-10-03,2598.95,2910.85,2743.26,173.4,snapshot,0,2026-10-06 20:05:18
Maharashtra,Nashik,Nashik,Wheat,Lokwan,FAQ,2026-10-03,2566.89,2834.38,2695.35,143.1,snapshot,0,2026-10-06 20:05:18
Maharashtra,Pune,Pune,Wheat,Lokwan,FAQ,2026-10-03,2511.12,2782.58,2640.28,71.4,snapshot,0,2026-10-06 20:05:18
Maharashtra,Ahilyanagar,Rahata,Wheat,Lokwan,FAQ,2026-10-03,2648.65,2892.6,2740.34,189.7,snapshot,0,2026-10-06 20:05:18
Maharashtra,Solapur,Solapur,Wheat,Lokwan,FAQ,2026-10-03,2620.25,3001.61,2768.3,321.7,snapshot,0,2026-10-06 20:05:18
Maharashtra,Nashik,Yeola,Wheat,Lokwan,FAQ,2026-10-03,2538.25,2765.32,2636.13,50.6,snapshot,0,2026-10-06 20:05:18
Maharashtra,Akola,Akola,Cotton,Medium Staple,FAQ,2026-10-02,6903.0,7513.5,7185.27,258.1,snapshot,0,2026-10-06 20:04:46
Maharashtra,Amravati,Amravati,Cotton,Medium Staple,FAQ,2026-10-02,6998.46,7670.55,7263.75,100.7,snapshot,0,2026-10-06 20:04:46
Maharashtra,Jalgaon,Jalgaon,Cotton,Medium Staple,FAQ,2026-10-02,7008.38,7464.05,7185.8,450.4,snapshot,0,2026-10-06 20:04:46
Maharashtra,Nagpur,Nagpur,Cotton,Medium Staple,FAQ,2026-10-02,7347.43,7903.79,7602.39,442.3,snapshot,0,2026-10-06 20:04:46
Maharashtra,Ahilyanagar,Ahmednagar,Onion,Red/Nasik,FAQ,2026-10-02,2092.42,2770.11,2410.69,143.0,snapshot,0,2026-10-06 20:03:59
Maharashtra,Pune,Baramati,Onion,Red/Nasik,FAQ,2026-10-02,1454.02,2243.54,1816.55,397.7,snapshot,0,2026-10-06 20:03:59
Maharashtra,Jalgaon,Jalgaon,Onion,Red/Nasik,FAQ,2026-10-02,1879.88,2607.61,2128.48,309.8,snapshot,0,2026-10-06 20:03:59
Maharashtra,Pune,Khed(Chakan),Onion,Red/Nasik,FAQ,2026-10-02,1792.34,2665.68,2166.28,70.8,snapshot,0,2026-10-06 20:03:59
Maharashtra,Kolhapur,Kolhapur,Onion,Red/Nasik,FAQ,2026-10-02,2186.92,2739.29,2442.8,364.2,snapshot,0,2026-10-06 20:03:59
Maharashtra,Nashik,Lasalgaon,Onion,Red/Nasik,FAQ,2026-10-02,1955.28,2625.92,2286.8,295.2,snapshot,0,2026-10-06 20:03:59
Maharashtra,Pune,Manchar,Onion,Red/Nasik,FAQ,2026-10-02,1884.61,2476.97,2159.82,339.7,snapshot,0,2026-10-06 20:03:59
Maharashtra,Mumbai,Mumbai,Onion,Red/Nasik,FAQ,2026-10-02,1970.0,2758.64,2310.68,55.5,snapshot,0,2026-10-06 20:03:59
Maharashtra,Pune,Narayangaon,Onion,Red/Nasik,FAQ,2026-10-02,1846.06,2609.94,2215.82,61.4,snapshot,0,2026-10-06 20:03:59
Maharashtra,Nashik,Nashik,Onion,Red/Nasik,FAQ,2026-10-02,1761.46,2526.84,2125.24,220.0,snapshot,0,2026-10-06 20:03:59
Maharashtra,Nashik,Pimpalgaon,Onion,Red/Nasik,FAQ,2026-10-02,2211.35,3065.81,2551.93,365.5,snapshot,0,2026-10-06 20:03:59
Maharashtra,Pune,Pune,Onion,Red/Nasik,FAQ,2026-10-02,2074.5,2798.56,2400.76,404.7,snapshot,0,2026-10-06 20:03:59
Maharashtra,Ahilyanagar,Rahata,Onion,Red/Nasik,FAQ,2026-10-02,2041.23,2810.93,2370.61,197.5,snapshot,0,2026-10-06 20:03:59
Maharashtra,Ahilyanagar,Sangamner,Onion,Red/Nasik,FAQ,2026-10-02,2310.91,2934.46,2562.97,298.8,snapshot,0,2026-10-06 20:03:59
Maharashtra,Solapur,Solapur,Onion,Red/Nasik,FAQ,2026-10-02,1678.71,2357.75,2006.36,56.1,snapshot,0,2026-10-06 20:03:59
Maharashtra,Nashik,Yeola,Onion,Red/Nasik,FAQ,2026-10-02,1870.33,2410.41,2093.83,328.8,snapshot,0,2026-10-06 20:03:59
Maharashtra,Pune,Khed(Chakan),Potato,Jyoti,FAQ,2026-10-02,1808.58,2350.22,2009.98,86.6,snapshot,0,2026-10-06 20:05:02
Maharashtra,Kolhapur,Kolhapur,Potato,Jyoti,FAQ,2026-10-02,1833.78,2371.12,2008.77,100.1,snapshot,0,2026-10-06 20:05:02
Maharashtra,Pune,Manchar,Potato,Jyoti,FAQ,2026-10-02,1637.95,2024.4,1814.38,415.1,snapshot,0,2026-10-06 20:05:02
Maharashtra,Mumbai,Mumbai,Potato,Jyoti,FAQ,2026-10-02,1671.06,2112.39,1873.78,41.7,snapshot,0,2026-10-06 20:05:02
Maharashtra,Pune,Narayangaon,Potato,Jyoti,FAQ,2026-10-02,1701.45,2086.96,1866.28,201.4,snapshot,0,2026-10-06 20:05:02
Maharashtra,Nashik,Nashik,Potato,Jyoti,FAQ,2026-10-02,1609.26,2170.08,1831.68,365.9,snapshot,0,2026-10-06 20:05:02
Maharashtra,Nashik,Pimpalgaon,Potato,Jyoti,FAQ,2026-10-02,1803.5,2353.55,1969.81,121.3,snapshot,0,2026-10-06 20:05:02
Maharashtra,Pune,Pune,Potato,Jyoti,FAQ,2026-10-02,1810.37,2356.88,2024.88,371.6,snapshot,0,2026-10-06 20:05:02
Maharashtra,Ahilyanagar,Ahmednagar,Red gram/Arhar/Tur(whole),White/Desi,FAQ,2026-10-02,10119.37,10868.43,10406.92,342.8,snapshot,0,2026-10-06 20:04:30
Maharashtra,Akola,Akola,Red gram/Arhar/Tur(whole),White/Desi,FAQ,2026-10-02,9897.93,10954.04,10320.35,234.8,snapshot,0,2026-10-06 20:04:30
Maharashtra,Amravati,Amravati,Red gram/Arhar/Tur(whole),White/Desi,FAQ,2026-10-02,10117.06,11209.07,10497.36,118.6,snapshot,0,2026-10-06 20:04:30
Maharashtra,Latur,Latur,Red gram/Arhar/Tur(whole),White/Desi,FAQ,2026-10-02,10201.92,11175.0,10609.13,299.0,snapshot,0,2026-10-06 20:04:30
Maharashtra,Solapur,Solapur,Red gram/Arhar/Tur(whole),White/Desi,FAQ,2026-10-02,9856.34,10835.31,10234.18,269.9,snapshot,0,2026-10-06 20:04:30
Maharashtra,Ahilyanagar,Ahmednagar,Soyabean,Yellow,FAQ,2026-10-02,4686.24,5062.67,4850.04,246.5,snapshot,0,2026-10-06 20:04:15
Maharashtra,Akola,Akola,Soyabean,Yellow,FAQ,2026-10-02,4521.37,4927.35,4714.1,428.2,snapshot,0,2026-10-06 20:04:15
Maharashtra,Amravati,Amravati,Soyabean,Yellow,FAQ,2026-10-02,4674.57,4988.59,4783.77,250.9,snapshot,0,2026-10-06 20:04:15
Maharashtra,Pune,Baramati,Soyabean,Yellow,FAQ,2026-10-02,4459.62,4848.15,4635.62,235.8,snapshot,0,2026-10-06 20:04:15
Maharashtra,Jalgaon,Jalgaon,Soyabean,Yellow,FAQ,2026-10-02,4760.52,5027.51,4867.7,257.0,snapshot,0,2026-10-06 20:04:15
Maharashtra,Latur,Latur,Soyabean,Yellow,FAQ,2026-10-02,4659.59,4965.58,4783.2,440.2,snapshot,0,2026-10-06 20:04:15
Maharashtra,Nagpur,Nagpur,Soyabean,Yellow,FAQ,2026-10-02,4586.56,4890.33,4725.51,260.0,snapshot,0,2026-10-06 20:04:15
Maharashtra,Pune,Pune,Soyabean,Yellow,FAQ,2026-10-02,4443.03,4758.48,4576.79,69.9,snapshot,0,2026-10-06 20:04:15
Maharashtra,Ahilyanagar,Sangamner,Soyabean,Yellow,FAQ,2026-10-02,4658.94,5028.33,4787.56,247.4,snapshot,0,2026-10-06 20:04:15
Maharashtra,Solapur,Solapur,Soyabean,Yellow,FAQ,2026-10-02,4552.79,4854.98,4663.16,440.5,snapshot,0,2026-10-06 20:04:15
Maharashtra,Nashik,Yeola,Soyabean,Yellow,FAQ,2026-10-02,4514.88,4908.99,4681.6,49.5,snapshot,0,2026-10-06 20:04:15
Maharashtra,Pune,Baramati,Tomato,Hybrid,FAQ,2026-10-02,1535.03,2087.41,1722.41,62.7,snapshot,0,2026-10-06 20:03:43
Maharashtra,Pune,Khed(Chakan),Tomato,Hybrid,FAQ,2026-10-02,1646.65,2120.42,1832.85,398.8,snapshot,0,2026-10-06 20:03:43
Maharashtra,Kolhapur,Kolhapur,Tomato,Hybrid,FAQ,2026-10-02,1193.17,1746.75,1450.01,199.4,snapshot,0,2026-10-06 20:03:43
Maharashtra,Nashik,Lasalgaon,Tomato,Hybrid,FAQ,2026-10-02,1964.37,2492.54,2168.12,212.2,snapshot,0,2026-10-06 20:03:43
Maharashtra,Pune,Manchar,Tomato,Hybrid,FAQ,2026-10-02,1558.72,2212.52,1776.14,418.2,snapshot,0,2026-10-06 20:03:43
Maharashtra,Mumbai,Mumbai,Tomato,Hybrid,FAQ,2026-10-02,1765.67,2298.11,1982.02,61.6,snapshot,0,2026-10-06 20:03:43
Maharashtra,Nagpur,Nagpur,Tomato,Hybrid,FAQ,2026-10-02,1609.76,2171.27,1804.16,300.8,snapshot,0,2026-10-06 20:03:43
Maharashtra,Pune,Narayangaon,Tomato,Hybrid,FAQ,2026-10-02,1575.3,2271.85,1860.79,301.2,snapshot,0,2026-10-06 20:03:43
Maharashtra,Nashik,Nashik,Tomato,Hybrid,FAQ,2026-10-02,1515.07,2051.52,1693.45,244.9,snapshot,0,2026-10-06 20:03:43
Maharashtra,Nashik,Pimpalgaon,Tomato,Hybrid,FAQ,2026-10-02,1816.27,2386.26,2090.67,137.4,snapshot,0,2026-10-06 20:03:43
Maharashtra,Pune,Pune,Tomato,Hybrid,FAQ,2026-10-02,1247.99,1862.94,1462.28,293.8,snapshot,0,2026-10-06 20:03:43
Maharashtra,Ahilyanagar,Sangamner,Tomato,Hybrid,FAQ,2026-10-02,1211.85,1829.07,1479.67,240.6,snapshot,0,2026-10-06 20:03:43
Maharashtra,Ahilyanagar,Ahmednagar,Wheat,Lokwan,FAQ,2026-10-02,2656.19,2987.64,2756.32,222.8,snapshot,0,2026-10-06 20:05:18
Maharashtra,Akola,Akola,Wheat,Lokwan,FAQ,2026-10-02,2451.01,2741.43,2595.8,432.6,snapshot,0,2026-10-06 20:05:18
Maharashtra,Pune,Baramati,Wheat,Lokwan,FAQ,2026-10-02,2466.89,2744.36,2577.43,71.1,snapshot,0,2026-10-06 20:05:18
Maharashtra,Jalgaon,Jalgaon,Wheat,Lokwan,FAQ,2026-10-02,2633.01,2882.01,2729.43,260.6,snapshot,0,2026-10-06 20:05:18
Maharashtra,Kolhapur,Kolhapur,Wheat,Lokwan,FAQ,2026-10-02,2725.33,3008.86,2823.41,284.4,snapshot,0,2026-10-06 20:05:18
Maharashtra,Nashik,Lasalgaon,Wheat,Lokwan,FAQ,2026-10-02,2724.01,3011.58,2836.03,70.4,snapshot,0,2026-10-06 20:05:18
Maharashtra,Latur,Latur,Wheat,Lokwan,FAQ,2026-10-02,2754.86,3100.11,2893.54,350.9,snapshot,0,2026-10-06 20:05:18
Maharashtra,Mumbai,Mumbai,Wheat,Lokwan,FAQ,2026-10-02,2546.96,2905.26,2677.44,450.0,snapshot,0,2026-10-06 20:05:18
Maharashtra,Nagpur,Nagpur,Wheat,Lokwan,FAQ,2026-10-02,2673.08,2939.72,2757.88,193.9,snapshot,0,2026-10-06 20:05:18
Maharashtra,Nashik,Nashik,Wheat,Lokwan,FAQ,2026-10-02,2522.61,2888.82,2666.22,54.7,snapshot,0,2026-10-06 20:05:18
Maharashtra,Pune,Pune,Wheat,Lokwan,FAQ,2026-10-02,2524.95,2862.46,2675.49,332.2,snapshot,0,2026-10-06 20:05:18
Maharashtra,Ahilyanagar,Rahata,Wheat,Lokwan,FAQ,2026-10-02,2668.93,2940.79,2793.25,138.9,snapshot,0,2026-10-06 20:05:18
Maharashtra,Solapur,Solapur,Wheat,Lokwan,FAQ,2026-10-02,2693.16,2998.24,2801.1,378.8,snapshot,0,2026-10-06 20:05:18
Maharashtra,Nashik,Yeola,Wheat,Lokwan,FAQ,2026-10-02,2507.69,2820.92,2635.9,112.9,snapshot,0,2026-10-06 20:05:18
Maharashtra,Akola,Akola,Cotton,Medium Staple,FAQ,2026-10-01,6982.62,7676.26,7275.8,276.8,snapshot,0,2026-10-06 20:04:46
Maharashtra,Amravati,Amravati,Cotton,Medium Staple,FAQ,2026-10-01,6973.06,7568.25,7221.64,76.8,snapshot,0,2026-10-06 20:04:46
Maharashtra,Jalgaon,Jalgaon,Cotton,Medium Staple,FAQ,2026-10-01,6845.36,7417.35,7111.7,291.5,snapshot,0,2026-10-06 20:04:46
Maharashtra,Nagpur,Nagpur,Cotton,Medium Staple,FAQ,2026-10-01,7369.56,7908.47,7630.22,381.2,snapshot,0,2026-10-06 20:04:46
Maharashtra,Ahilyanagar,Ahmednagar,Onion,Red/Nasik,FAQ,2026-10-01,2111.07,2683.05,2374.75,146.1,snapshot,0,2026-10-06 20:03:59
Maharashtra,Pune,Baramati,Onion,Red/Nasik,FAQ,2026-10-01,1436.8,2103.19,1813.42,86.0,snapshot,0,2026-10-06 20:03:59
Maharashtra,Jalgaon,Jalgaon,Onion,Red/Nasik,FAQ,2026-10-01,1826.32,2443.72,2148.5,178.0,snapshot,0,2026-10-06 20:03:59
Maharashtra,Pune,Khed(Chakan),Onion,Red/Nasik,FAQ,2026-10-01,1761.25,2564.34,2084.15,158.6,snapshot,0,2026-10-06 20:03:59
Maharashtra,Kolhapur,Kolhapur,Onion,Red/Nasik,FAQ,2026-10-01,2181.15,2849.35,2444.25,213.7,snapshot,0,2026-10-06 20:03:59
Maharashtra,Nashik,Lasalgaon,Onion,Red/Nasik,FAQ,2026-10-01,1893.4,2607.51,2262.91,483.2,snapshot,0,2026-10-06 20:03:59
Maharashtra,Pune,Manchar,Onion,Red/Nasik,FAQ,2026-10-01,1821.41,2594.29,2149.23,185.3,snapshot,0,2026-10-06 20:03:59
Maharashtra,Mumbai,Mumbai,Onion,Red/Nasik,FAQ,2026-10-01,2057.15,2811.87,2306.45,230.5,snapshot,0,2026-10-06 20:03:59
Maharashtra,Pune,Narayangaon,Onion,Red/Nasik,FAQ,2026-10-01,1957.35,2505.75,2175.01,439.3,snapshot,0,2026-10-06 20:03:59
Maharashtra,Nashik,Nashik,Onion,Red/Nasik,FAQ,2026-10-01,1851.04,2601.74,2184.41,258.9,snapshot,0,2026-10-06 20:03:59
Maharashtra,Nashik,Pimpalgaon,Onion,Red/Nasik,FAQ,2026-10-01,2261.18,2995.86,2539.36,64.3,snapshot,0,2026-10-06 20:03:59
Maharashtra,Pune,Pune,Onion,Red/Nasik,FAQ,2026-10-01,2068.78,2828.68,2366.72,357.7,snapshot,0,2026-10-06 20:03:59
Maharashtra,Ahilyanagar,Rahata,Onion,Red/Nasik,FAQ,2026-10-01,2045.91,2798.14,2401.17,292.5,snapshot,0,2026-10-06 20:03:59
Maharashtra,Ahilyanagar,Sangamner,Onion,Red/Nasik,FAQ,2026-10-01,2193.52,2784.63,2470.19,87.7,snapshot,0,2026-10-06 20:03:59
Maharashtra,Solapur,Solapur,Onion,Red/Nasik,FAQ,2026-10-01,1757.89,2470.9,2101.42,168.8,snapshot,0,2026-10-06 20:03:59
Maharashtra,Nashik,Yeola,Onion,Red/Nasik,FAQ,2026-10-01,1863.42,2473.31,2143.19,320.8,snapshot,0,2026-10-06 20:03:59
Maharashtra,Pune,Khed(Chakan),Potato,Jyoti,FAQ,2026-10-01,1827.81,2284.94,2048.09,81.4,snapshot,0,2026-10-06 20:05:02
Maharashtra,Kolhapur,Kolhapur,Potato,Jyoti,FAQ,2026-10-01,1836.27,2323.2,2093.48,55.0,snapshot,0,2026-10-06 20:05:02
Maharashtra,Pune,Manchar,Potato,Jyoti,FAQ,2026-10-01,1631.7,2100.56,1824.72,159.5,snapshot,0,2026-10-06 20:05:02
Maharashtra,Mumbai,Mumbai,Potato,Jyoti,FAQ,2026-10-01,1635.38,2084.53,1826.42,458.2,snapshot,0,2026-10-06 20:05:02
Maharashtra,Pune,Narayangaon,Potato,Jyoti,FAQ,2026-10-01,1752.52,2147.5,1912.44,135.0,snapshot,0,2026-10-06 20:05:02
Maharashtra,Nashik,Nashik,Potato,Jyoti,FAQ,2026-10-01,1667.57,2091.73,1823.55,358.8,snapshot,0,2026-10-06 20:05:02
Maharashtra,Nashik,Pimpalgaon,Potato,Jyoti,FAQ,2026-10-01,1841.86,2345.6,1988.73,419.0,snapshot,0,2026-10-06 20:05:02
Maharashtra,Pune,Pune,Potato,Jyoti,FAQ,2026-10-01,1755.37,2241.64,1968.22,332.8,snapshot,0,2026-10-06 20:05:02
Maharashtra,Ahilyanagar,Ahmednagar,Red gram/Arhar/Tur(whole),White/Desi,FAQ,2026-10-01,9977.72,10956.3,10443.34,255.1,snapshot,0,2026-10-06 20:04:30
Maharashtra,Akola,Akola,Red gram/Arhar/Tur(whole),White/Desi,FAQ,2026-10-01,9840.55,11056.13,10326.28,80.4,snapshot,0,2026-10-06 20:04:30
Maharashtra,Amravati,Amravati,Red gram/Arhar/Tur(whole),White/Desi,FAQ,2026-10-01,9846.49,10970.1,10350.97,114.4,snapshot,0,2026-10-06 20:04:30
Maharashtra,Latur,Latur,Red gram/Arhar/Tur(whole),White/Desi,FAQ,2026-10-01,10162.58,11074.67,10524.54,277.3,snapshot,0,2026-10-06 20:04:30
Maharashtra,Solapur,Solapur,Red gram/Arhar/Tur(whole),White/Desi,FAQ,2026-10-01,9852.65,11003.08,10312.49,280.8,snapshot,0,2026-10-06 20:04:30
Maharashtra,Ahilyanagar,Ahmednagar,Soyabean,Yellow,FAQ,2026-10-01,4747.48,5084.84,4884.16,460.7,snapshot,0,2026-10-06 20:04:14
Maharashtra,Akola,Akola,Soyabean,Yellow,FAQ,2026-10-01,4550.42,4891.79,4740.81,304.2,snapshot,0,2026-10-06 20:04:15
Maharashtra,Amravati,Amravati,Soyabean,Yellow,FAQ,2026-10-01,4649.29,5028.82,4778.67,404.5,snapshot,0,2026-10-06 20:04:15
Maharashtra,Pune,Baramati,Soyabean,Yellow,FAQ,2026-10-01,4471.57,4824.27,4634.37,249.8,snapshot,0,2026-10-06 20:04:15
Maharashtra,Jalgaon,Jalgaon,Soyabean,Yellow,FAQ,2026-10-01,4725.34,5070.86,4844.75,253.1,snapshot,0,2026-10-06 20:04:15
Maharashtra,Latur,Latur,Soyabean,Yellow,FAQ,2026-10-01,4690.47,4999.57,4835.38,332.1,snapshot,0,2026-10-06 20:04:15
Maharashtra,Nagpur,Nagpur,Soyabean,Yellow,FAQ,2026-10-01,4586.91,4855.7,4714.47,340.2,snapshot,0,2026-10-06 20:04:15
Maharashtra,Pune,Pune,Soyabean,Yellow,FAQ,2026-10-01,4485.63,4820.36,4598.53,428.9,snapshot,0,2026-10-06 20:04:15
Maharashtra,Ahilyanagar,Rahata,Soyabean,Yellow,FAQ,2026-10-01,4720.89,5081.57,4835.4,481.7,snapshot,0,2026-10-06 20:04:15
Maharashtra,Ahilyanagar,Sangamner,Soyabean,Yellow,FAQ,2026-10-01,4643.78,5031.46,4810.08,70.3,snapshot,0,2026-10-06 20:04:15
Maharashtra,Solapur,Solapur,Soyabean,Yellow,FAQ,2026-10-01,4601.06,4905.66,4738.62,160.7,snapshot,0,2026-10-06 20:04:15
Maharashtra,Nashik,Yeola,Soyabean,Yellow,FAQ,2026-10-01,4576.48,4974.17,4762.68,91.9,snapshot,0,2026-10-06 20:04:15
Maharashtra,Pune,Baramati,Tomato,Hybrid,FAQ,2026-10-01,1505.31,2051.59,1723.78,100.8,snapshot,0,2026-10-06 20:03:43
Maharashtra,Pune,Khed(Chakan),Tomato,Hybrid,FAQ,2026-10-01,1669.79,2266.88,1955.09,165.1,snapshot,0,2026-10-06 20:03:43
Maharashtra,Kolhapur,Kolhapur,Tomato,Hybrid,FAQ,2026-10-01,1300.21,1905.97,1498.77,286.6,snapshot,0,2026-10-06 20:03:43
Maharashtra,Nashik,Lasalgaon,Tomato,Hybrid,FAQ,2026-10-01,2010.15,2645.88,2206.81,405.7,snapshot,0,2026-10-06 20:03:43
Maharashtra,Pune,Manchar,Tomato,Hybrid,FAQ,2026-10-01,1290.1,1932.88,1606.85,288.5,snapshot,0,2026-10-06 20:03:43
Maharashtra,Mumbai,Mumbai,Tomato,Hybrid,FAQ,2026-10-01,1793.09,2292.61,2026.56,194.2,snapshot,0,2026-10-06 20:03:43
Maharashtra,Nagpur,Nagpur,Tomato,Hybrid,FAQ,2026-10-01,1453.49,2104.64,1774.01,309.2,snapshot,0,2026-10-06 20:03:43
Maharashtra,Pune,Narayangaon,Tomato,Hybrid,FAQ,2026-10-01,1587.54,2130.41,1831.38,125.7,snapshot,0,2026-10-06 20:03:43
Maharashtra,Nashik,Nashik,Tomato,Hybrid,FAQ,2026-10-01,1565.45,2215.26,1773.77,167.8,snapshot,0,2026-10-06 20:03:43
Maharashtra,Nashik,Pimpalgaon,Tomato,Hybrid,FAQ,2026-10-01,1954.36,2493.29,2154.57,93.2,snapshot,0,2026-10-06 20:03:43
Maharashtra,Pune,Pune,Tomato,Hybrid,FAQ,2026-10-01,1241.35,1823.82,1416.88,333.1,snapshot,0,2026-10-06 20:03:43
Maharashtra,Ahilyanagar,Sangamner,Tomato,Hybrid,FAQ,2026-10-01,1299.93,1910.31,1544.72,64.5,snapshot,0,2026-10-06 20:03:43
Maharashtra,Ahilyanagar,Ahmednagar,Wheat,Lokwan,FAQ,2026-10-01,2646.9,2942.77,2757.74,89.8,snapshot,0,2026-10-06 20:05:18
Maharashtra,Akola,Akola,Wheat,Lokwan,FAQ,2026-10-01,2452.87,2792.73,2604.55,222.7,snapshot,0,2026-10-06 20:05:18
Maharashtra,Pune,Baramati,Wheat,Lokwan,FAQ,2026-10-01,2411.37,2698.5,2562.44,177.7,snapshot,0,2026-10-06 20:05:18
Maharashtra,Jalgaon,Jalgaon,Wheat,Lokwan,FAQ,2026-10-01,2562.26,2884.29,2718.12,235.6,snapshot,0,2026-10-06 20:05:18
Maharashtra,Kolhapur,Kolhapur,Wheat,Lokwan,FAQ,2026-10-01,2774.16,3068.15,2865.44,266.8,snapshot,0,2026-10-06 20:05:18
Maharashtra,Nashik,Lasalgaon,Wheat,Lokwan,FAQ,2026-10-01,2717.88,2983.81,2814.38,185.5,snapshot,0,2026-10-06 20:05:18
Maharashtra,Latur,Latur,Wheat,Lokwan,FAQ,2026-10-01,2816.27,3163.23,2947.56,335.2,snapshot,0,2026-10-06 20:05:18
Maharashtra,Mumbai,Mumbai,Wheat,Lokwan,FAQ,2026-10-01,2545.99,2847.51,2677.83,293.8,snapshot,0,2026-10-06 20:05:18
Maharashtra,Nagpur,Nagpur,Wheat,Lokwan,FAQ,2026-10-01,2599.76,2894.35,2750.32,427.8,snapshot,0,2026-10-06 20:05:18
Maharashtra,Nashik,Nashik,Wheat,Lokwan,FAQ,2026-10-01,2512.39,2824.38,2659.82,113.0,snapshot,0,2026-10-06 20:05:18
Maharashtra,Pune,Pune,Wheat,Lokwan,FAQ,2026-10-01,2567.34,2913.73,2705.66,246.5,snapshot,0,2026-10-06 20:05:18
Maharashtra,Ahilyanagar,Rahata,Wheat,Lokwan,FAQ,2026-10-01,2665.49,2984.08,2772.66,189.8,snapshot,0,2026-10-06 20:05:18
Maharashtra,Solapur,Solapur,Wheat,Lokwan,FAQ,2026-10-01,2659.39,2982.86,2802.74,137.1,snapshot,0,2026-10-06 20:05:18
Maharashtra,Nashik,Yeola,Wheat,Lokwan,FAQ,2026-10-01,2482.39,2869.98,2636.66,262.6,snapshot,0,2026-10-06 20:05:18
Maharashtra,Akola,Akola,Cotton,Medium Staple,FAQ,2026-09-30,6891.8,7624.0,7193.97,45.4,snapshot,0,2026-10-06 20:04:46
Maharashtra,Amravati,Amravati,Cotton,Medium Staple,FAQ,2026-09-30,6970.33,7570.17,7206.23,280.7,snapshot,0,2026-10-06 20:04:46
Maharashtra,Jalgaon,Jalgaon,Cotton,Medium Staple,FAQ,2026-09-30,6927.06,7477.01,7107.98,395.4,snapshot,0,2026-10-06 20:04:46
Maharashtra,Nagpur,Nagpur,Cotton,Medium Staple,FAQ,2026-09-30,7334.91,7977.86,7643.46,246.3,snapshot,0,2026-10-06 20:04:46
Maharashtra,Ahilyanagar,Ahmednagar,Onion,Red/Nasik,FAQ,2026-09-30,2012.25,2669.47,2299.2,72.6,snapshot,0,2026-10-06 20:03:59
Maharashtra,Pune,Baramati,Onion,Red/Nasik,FAQ,2026-09-30,1609.48,2224.54,1844.9,360.3,snapshot,0,2026-10-06 20:03:59
Maharashtra,Jalgaon,Jalgaon,Onion,Red/Nasik,FAQ,2026-09-30,1805.11,2654.11,2193.42,244.8,snapshot,0,2026-10-06 20:03:59
Maharashtra,Pune,Khed(Chakan),Onion,Red/Nasik,FAQ,2026-09-30,2002.54,2616.86,2235.25,494.6,snapshot,0,2026-10-06 20:03:59
Maharashtra,Kolhapur,Kolhapur,Onion,Red/Nasik,FAQ,2026-09-30,2046.71,2796.41,2332.64,214.0,snapshot,0,2026-10-06 20:03:59
Maharashtra,Nashik,Lasalgaon,Onion,Red/Nasik,FAQ,2026-09-30,1997.28,2668.65,2290.95,262.7,snapshot,0,2026-10-06 20:03:59
Maharashtra,Pune,Manchar,Onion,Red/Nasik,FAQ,2026-09-30,1800.03,2607.14,2137.68,305.9,snapshot,0,2026-10-06 20:03:59
Maharashtra,Mumbai,Mumbai,Onion,Red/Nasik,FAQ,2026-09-30,2041.12,2830.68,2363.7,460.3,snapshot,0,2026-10-06 20:03:59
Maharashtra,Pune,Narayangaon,Onion,Red/Nasik,FAQ,2026-09-30,1763.97,2530.97,2115.16,434.7,snapshot,0,2026-10-06 20:03:59
Maharashtra,Nashik,Nashik,Onion,Red/Nasik,FAQ,2026-09-30,1874.06,2609.88,2212.89,90.3,snapshot,0,2026-10-06 20:03:59
Maharashtra,Nashik,Pimpalgaon,Onion,Red/Nasik,FAQ,2026-09-30,2300.53,2815.77,2533.49,276.2,snapshot,0,2026-10-06 20:03:59
Maharashtra,Pune,Pune,Onion,Red/Nasik,FAQ,2026-09-30,2042.06,2584.23,2301.79,476.1,snapshot,0,2026-10-06 20:03:59
Maharashtra,Ahilyanagar,Rahata,Onion,Red/Nasik,FAQ,2026-09-30,2028.2,2878.26,2376.53,195.1,snapshot,0,2026-10-06 20:03:59
Maharashtra,Ahilyanagar,Sangamner,Onion,Red/Nasik,FAQ,2026-09-30,2136.9,2828.92,2420.69,324.5,snapshot,0,2026-10-06 20:03:59
Maharashtra,Solapur,Solapur,Onion,Red/Nasik,FAQ,2026-09-30,1792.7,2479.06,2175.72,209.3,snapshot,0,2026-10-06 20:03:59
Maharashtra,Nashik,Yeola,Onion,Red/Nasik,FAQ,2026-09-30,1792.5,2552.79,2067.36,238.2,snapshot,0,2026-10-06 20:03:59
Maharashtra,Pune,Khed(Chakan),Potato,Jyoti,FAQ,2026-09-30,1811.57,2201.73,1991.24,349.0,snapshot,0,2026-10-06 20:05:02
Maharashtra,Kolhapur,Kolhapur,Potato,Jyoti,FAQ,2026-09-30,2011.02,2498.72,2153.86,241.6,snapshot,0,2026-10-06 20:05:02
Maharashtra,Pune,Manchar,Potato,Jyoti,FAQ,2026-09-30,1666.97,2149.45,1883.71,199.7,snapshot,0,2026-10-06 20:05:02
Maharashtra,Mumbai,Mumbai,Potato,Jyoti,FAQ,2026-09-30,1620.61,2215.79,1833.77,92.3,snapshot,0,2026-10-06 20:05:02
Maharashtra,Pune,Narayangaon,Potato,Jyoti,FAQ,2026-09-30,1685.91,2239.02,1923.19,201.3,snapshot,0,2026-10-06 20:05:02
Maharashtra,Nashik,Nashik,Potato,Jyoti,FAQ,2026-09-30,1572.61,2098.02,1821.49,354.8,snapshot,0,2026-10-06 20:05:02
Maharashtra,Nashik,Pimpalgaon,Potato,Jyoti,FAQ,2026-09-30,1806.66,2352.54,2012.57,227.8,snapshot,0,2026-10-06 20:05:02
Maharashtra,Pune,Pune,Potato,Jyoti,FAQ,2026-09-30,1774.97,2287.15,1987.74,455.9,snapshot,0,2026-10-06 20:05:02
Maharashtra,Ahilyanagar,Ahmednagar,Red gram/Arhar/Tur(whole),White/Desi,FAQ,2026-09-30,9982.66,11031.94,10430.58,421.7,snapshot,0,2026-10-06 20:04:30
Maharashtra,Akola,Akola,Red gram/Arhar/Tur(whole),White/Desi,FAQ,2026-09-30,9756.69,10996.28,10217.71,296.0,snapshot,0,2026-10-06 20:04:30
Maharashtra,Amravati,Amravati,Red gram/Arhar/Tur(whole),White/Desi,FAQ,2026-09-30,10008.09,10839.1,10331.16,283.6,snapshot,0,2026-10-06 20:04:30
Maharashtra,Latur,Latur,Red gram/Arhar/Tur(whole),White/Desi,FAQ,2026-09-30,10096.46,10941.28,10520.27,160.2,snapshot,0,2026-10-06 20:04:30
Maharashtra,Solapur,Solapur,Red gram/Arhar/Tur(whole),White/Desi,FAQ,2026-09-30,9910.05,11180.54,10420.96,202.8,snapshot,0,2026-10-06 20:04:30
Maharashtra,Ahilyanagar,Ahmednagar,Soyabean,Yellow,FAQ,2026-09-30,4748.28,5032.6,4863.67,377.1,snapshot,0,2026-10-06 20:04:15
Maharashtra,Akola,Akola,Soyabean,Yellow,FAQ,2026-09-30,4655.88,4951.28,4804.21,201.7,snapshot,0,2026-10-06 20:04:15
Maharashtra,Amravati,Amravati,Soyabean,Yellow,FAQ,2026-09-30,4620.04,5009.74,4777.39,415.4,snapshot,0,2026-10-06 20:04:15
Maharashtra,Pune,Baramati,Soyabean,Yellow,FAQ,2026-09-30,4444.37,4812.69,4614.29,240.9,snapshot,0,2026-10-06 20:04:15
Maharashtra,Jalgaon,Jalgaon,Soyabean,Yellow,FAQ,2026-09-30,4713.4,4993.31,4852.34,81.3,snapshot,0,2026-10-06 20:04:15
Maharashtra,Latur,Latur,Soyabean,Yellow,FAQ,2026-09-30,4687.76,5049.96,4870.95,229.1,snapshot,0,2026-10-06 20:04:15
Maharashtra,Nagpur,Nagpur,Soyabean,Yellow,FAQ,2026-09-30,4551.58,4875.25,4673.31,178.1,snapshot,0,2026-10-06 20:04:15
Maharashtra,Pune,Pune,Soyabean,Yellow,FAQ,2026-09-30,4441.45,4799.83,4557.49,247.9,snapshot,0,2026-10-06 20:04:15
Maharashtra,Ahilyanagar,Rahata,Soyabean,Yellow,FAQ,2026-09-30,4685.75,5048.55,4858.37,315.7,snapshot,0,2026-10-06 20:04:15
Maharashtra,Ahilyanagar,Sangamner,Soyabean,Yellow,FAQ,2026-09-30,4607.29,4929.86,4779.27,310.5,snapshot,0,2026-10-06 20:04:15
Maharashtra,Solapur,Solapur,Soyabean,Yellow,FAQ,2026-09-30,4541.91,4943.71,4735.77,153.7,snapshot,0,2026-10-06 20:04:15
Maharashtra,Nashik,Yeola,Soyabean,Yellow,FAQ,2026-09-30,4616.49,4978.45,4753.23,450.0,snapshot,0,2026-10-06 20:04:15
Maharashtra,Pune,Baramati,Tomato,Hybrid,FAQ,2026-09-30,1549.18,2121.69,1783.11,313.8,snapshot,0,2026-10-06 20:03:43
Maharashtra,Pune,Khed(Chakan),Tomato,Hybrid,FAQ,2026-09-30,1707.99,2218.32,1918.51,184.9,snapshot,0,2026-10-06 20:03:43
Maharashtra,Kolhapur,Kolhapur,Tomato,Hybrid,FAQ,2026-09-30,1297.31,1982.02,1543.16,334.4,snapshot,0,2026-10-06 20:03:43
Maharashtra,Nashik,Lasalgaon,Tomato,Hybrid,FAQ,2026-09-30,1882.19,2658.28,2203.76,445.6,snapshot,0,2026-10-06 20:03:43
Maharashtra,Pune,Manchar,Tomato,Hybrid,FAQ,2026-09-30,1410.35,2124.89,1678.52,354.0,snapshot,0,2026-10-06 20:03:43
Maharashtra,Mumbai,Mumbai,Tomato,Hybrid,FAQ,2026-09-30,1702.34,2268.75,2007.19,131.9,snapshot,0,2026-10-06 20:03:43
Maharashtra,Nagpur,Nagpur,Tomato,Hybrid,FAQ,2026-09-30,1707.41,2170.1,1917.03,225.5,snapshot,0,2026-10-06 20:03:43
Maharashtra,Pune,Narayangaon,Tomato,Hybrid,FAQ,2026-09-30,1492.27,2138.21,1794.93,128.7,snapshot,0,2026-10-06 20:03:43
Maharashtra,Nashik,Nashik,Tomato,Hybrid,FAQ,2026-09-30,1600.29,2106.61,1842.19,65.3,snapshot,0,2026-10-06 20:03:43
Maharashtra,Nashik,Pimpalgaon,Tomato,Hybrid,FAQ,2026-09-30,2039.23,2642.03,2333.75,349.6,snapshot,0,2026-10-06 20:03:43
Maharashtra,Pune,Pune,Tomato,Hybrid,FAQ,2026-09-30,1149.71,1883.19,1460.51,82.5,snapshot,0,2026-10-06 20:03:43
Maharashtra,Ahilyanagar,Sangamner,Tomato,Hybrid,FAQ,2026-09-30,1479.04,2157.75,1762.06,336.7,snapshot,0,2026-10-06 20:03:43
Maharashtra,Ahilyanagar,Ahmednagar,Wheat,Lokwan,FAQ,2026-09-30,2663.65,2938.46,2786.04,47.9,snapshot,0,2026-10-06 20:05:18
Maharashtra,Akola,Akola,Wheat,Lokwan,FAQ,2026-09-30,2529.43,2782.63,2619.73,389.8,snapshot,0,2026-10-06 20:05:18
Maharashtra,Pune,Baramati,Wheat,Lokwan,FAQ,2026-09-30,2462.67,2800.54,2589.51,121.6,snapshot,0,2026-10-06 20:05:18
Maharashtra,Jalgaon,Jalgaon,Wheat,Lokwan,FAQ,2026-09-30,2608.87,2916.46,2757.17,69.8,snapshot,0,2026-10-06 20:05:18
Maharashtra,Kolhapur,Kolhapur,Wheat,Lokwan,FAQ,2026-09-30,2718.68,3006.04,2850.19,170.2,snapshot,0,2026-10-06 20:05:18
Maharashtra,Nashik,Lasalgaon,Wheat,Lokwan,FAQ,2026-09-30,2687.09,3037.49,2810.09,95.6,snapshot,0,2026-10-06 20:05:18
Maharashtra,Latur,Latur,Wheat,Lokwan,FAQ,2026-09-30,2783.98,3107.29,2935.85,327.3,snapshot,0,2026-10-06 20:05:18
Maharashtra,Mumbai,Mumbai,Wheat,Lokwan,FAQ,2026-09-30,2547.68,2825.86,2663.5,476.2,snapshot,0,2026-10-06 20:05:18
Maharashtra,Nagpur,Nagpur,Wheat,Lokwan,FAQ,2026-09-30,2604.83,2917.85,2726.09,55.4,snapshot,0,2026-10-06 20:05:18
Maharashtra,Nashik,Nashik,Wheat,Lokwan,FAQ,2026-09-30,2494.18,2808.52,2649.73,136.3,snapshot,0,2026-10-06 20:05:18
Maharashtra,Pune,Pune,Wheat,Lokwan,FAQ,2026-09-30,2563.87,2899.4,2702.61,121.5,snapshot,0,2026-10-06 20:05:18
Maharashtra,Ahilyanagar,Rahata,Wheat,Lokwan,FAQ,2026-09-30,2647.79,2931.03,2782.5,369.7,snapshot,0,2026-10-06 20:05:18
Maharashtra,Solapur,Solapur,Wheat,Lokwan,FAQ,2026-09-30,2639.55,2987.19,2774.77,211.6,snapshot,0,2026-10-06 20:05:18
Maharashtra,Nashik,Yeola,Wheat,Lokwan,FAQ,2026-09-30,2553.81,2783.84,2638.54,301.0,snapshot,0,2026-10-06 20:05:18
Maharashtra,Akola,Akola,Cotton,Medium Staple,FAQ,2026-09-29,7063.38,7636.17,7260.1,145.5,snapshot,0,2026-10-06 20:04:46
Maharashtra,Amravati,Amravati,Cotton,Medium Staple,FAQ,2026-09-29,6897.5,7489.75,7133.03,337.7,snapshot,0,2026-10-06 20:04:46
Maharashtra,Jalgaon,Jalgaon,Cotton,Medium Staple,FAQ,2026-09-29,6885.75,7461.35,7120.44,313.3,snapshot,0,2026-10-06 20:04:46
Maharashtra,Nagpur,Nagpur,Cotton,Medium Staple,FAQ,2026-09-29,7492.23,8117.86,7682.66,362.6,snapshot,0,2026-10-06 20:04:46
Maharashtra,Ahilyanagar,Ahmednagar,Onion,Red/Nasik,FAQ,2026-09-29,1931.63,2555.29,2242.2,70.9,snapshot,0,2026-10-06 20:03:59
Maharashtra,Pune,Baramati,Onion,Red/Nasik,FAQ,2026-09-29,1594.08,2271.36,1910.84,95.5,snapshot,0,2026-10-06 20:03:59
Maharashtra,Jalgaon,Jalgaon,Onion,Red/Nasik,FAQ,2026-09-29,2028.0,2604.79,2262.74,260.6,snapshot,0,2026-10-06 20:03:59
Maharashtra,Pune,Khed(Chakan),Onion,Red/Nasik,FAQ,2026-09-29,1873.36,2773.87,2260.55,411.9,snapshot,0,2026-10-06 20:03:59
Maharashtra,Kolhapur,Kolhapur,Onion,Red/Nasik,FAQ,2026-09-29,1978.86,2756.37,2271.11,290.6,snapshot,0,2026-10-06 20:03:59
Maharashtra,Nashik,Lasalgaon,Onion,Red/Nasik,FAQ,2026-09-29,2005.18,2592.11,2284.49,67.9,snapshot,0,2026-10-06 20:03:59
Maharashtra,Pune,Manchar,Onion,Red/Nasik,FAQ,2026-09-29,1795.63,2541.53,2163.45,126.9,snapshot,0,2026-10-06 20:03:59
Maharashtra,Mumbai,Mumbai,Onion,Red/Nasik,FAQ,2026-09-29,2130.6,2834.08,2368.45,238.9,snapshot,0,2026-10-06 20:03:59
Maharashtra,Pune,Narayangaon,Onion,Red/Nasik,FAQ,2026-09-29,1862.08,2502.9,2102.93,239.6,snapshot,0,2026-10-06 20:03:59
Maharashtra,Nashik,Nashik,Onion,Red/Nasik,FAQ,2026-09-29,1905.08,2640.13,2242.17,101.9,snapshot,0,2026-10-06 20:03:59
Maharashtra,Nashik,Pimpalgaon,Onion,Red/Nasik,FAQ,2026-09-29,2238.54,3039.48,2555.57,259.4,snapshot,0,2026-10-06 20:03:59
Maharashtra,Pune,Pune,Onion,Red/Nasik,FAQ,2026-09-29,1942.85,2705.39,2214.11,362.5,snapshot,0,2026-10-06 20:03:59
Maharashtra,Ahilyanagar,Rahata,Onion,Red/Nasik,FAQ,2026-09-29,2002.31,2618.85,2310.57,168.5,snapshot,0,2026-10-06 20:03:59
Maharashtra,Ahilyanagar,Sangamner,Onion,Red/Nasik,FAQ,2026-09-29,2054.26,2731.42,2437.81,355.0,snapshot,0,2026-10-06 20:03:59
Maharashtra,Solapur,Solapur,Onion,Red/Nasik,FAQ,2026-09-29,1955.69,2552.5,2165.69,375.2,snapshot,0,2026-10-06 20:03:59
Maharashtra,Nashik,Yeola,Onion,Red/Nasik,FAQ,2026-09-29,1885.18,2625.11,2156.63,195.9,snapshot,0,2026-10-06 20:03:59
Maharashtra,Pune,Khed(Chakan),Potato,Jyoti,FAQ,2026-09-29,1780.14,2227.08,1979.7,469.2,snapshot,0,2026-10-06 20:05:02
Maharashtra,Kolhapur,Kolhapur,Potato,Jyoti,FAQ,2026-09-29,1962.38,2420.86,2162.4,249.8,snapshot,0,2026-10-06 20:05:02
Maharashtra,Pune,Manchar,Potato,Jyoti,FAQ,2026-09-29,1694.91,2222.73,1911.21,280.8,snapshot,0,2026-10-06 20:05:02
Maharashtra,Mumbai,Mumbai,Potato,Jyoti,FAQ,2026-09-29,1683.46,2185.87,1880.0,251.7,snapshot,0,2026-10-06 20:05:02
Maharashtra,Pune,Narayangaon,Potato,Jyoti,FAQ,2026-09-29,1698.69,2307.57,1957.96,149.0,snapshot,0,2026-10-06 20:05:02
Maharashtra,Nashik,Nashik,Potato,Jyoti,FAQ,2026-09-29,1628.13,2060.07,1802.95,324.1,snapshot,0,2026-10-06 20:05:02
Maharashtra,Nashik,Pimpalgaon,Potato,Jyoti,FAQ,2026-09-29,1787.32,2196.59,1971.61,364.5,snapshot,0,2026-10-06 20:05:02
Maharashtra,Pune,Pune,Potato,Jyoti,FAQ,2026-09-29,1724.07,2290.41,1946.37,62.6,snapshot,0,2026-10-06 20:05:02
Maharashtra,Ahilyanagar,Ahmednagar,Red gram/Arhar/Tur(whole),White/Desi,FAQ,2026-09-29,10037.42,11218.7,10512.04,135.4,snapshot,0,2026-10-06 20:04:30
Maharashtra,Akola,Akola,Red gram/Arhar/Tur(whole),White/Desi,FAQ,2026-09-29,9556.8,10819.12,10066.65,250.0,snapshot,0,2026-10-06 20:04:30
Maharashtra,Amravati,Amravati,Red gram/Arhar/Tur(whole),White/Desi,FAQ,2026-09-29,9926.49,10854.86,10207.41,190.3,snapshot,0,2026-10-06 20:04:30
Maharashtra,Latur,Latur,Red gram/Arhar/Tur(whole),White/Desi,FAQ,2026-09-29,10204.09,11070.27,10493.78,52.1,snapshot,0,2026-10-06 20:04:30
Maharashtra,Solapur,Solapur,Red gram/Arhar/Tur(whole),White/Desi,FAQ,2026-09-29,10091.62,11066.97,10501.57,281.5,snapshot,0,2026-10-06 20:04:30
Maharashtra,Ahilyanagar,Ahmednagar,Soyabean,Yellow,FAQ,2026-09-29,4661.78,4994.06,4799.36,384.2,snapshot,0,2026-10-06 20:04:15
Maharashtra,Akola,Akola,Soyabean,Yellow,FAQ,2026-09-29,4559.75,4983.31,4747.93,211.6,snapshot,0,2026-10-06 20:04:15
Maharashtra,Amravati,Amravati,Soyabean,Yellow,FAQ,2026-09-29,4580.78,4931.28,4770.52,146.2,snapshot,0,2026-10-06 20:04:15
Maharashtra,Pune,Baramati,Soyabean,Yellow,FAQ,2026-09-29,4494.75,4760.44,4611.83,47.2,snapshot,0,2026-10-06 20:04:15
Maharashtra,Jalgaon,Jalgaon,Soyabean,Yellow,FAQ,2026-09-29,4692.51,4974.73,4798.15,82.6,snapshot,0,2026-10-06 20:04:15
Maharashtra,Latur,Latur,Soyabean,Yellow,FAQ,2026-09-29,4738.35,5083.26,4856.34,401.4,snapshot,0,2026-10-06 20:04:15
Maharashtra,Nagpur,Nagpur,Soyabean,Yellow,FAQ,2026-09-29,4561.19,4971.47,4713.72,451.0,snapshot,0,2026-10-06 20:04:15
Maharashtra,Pune,Pune,Soyabean,Yellow,FAQ,2026-09-29,4373.6,4754.28,4504.3,266.0,snapshot,0,2026-10-06 20:04:15
Maharashtra,Ahilyanagar,Rahata,Soyabean,Yellow,FAQ,2026-09-29,4633.13,4992.36,4804.23,227.9,snapshot,0,2026-10-06 20:04:15
Maharashtra,Ahilyanagar,Sangamner,Soyabean,Yellow,FAQ,2026-09-29,4623.19,5022.92,4796.99,45.5,snapshot,0,2026-10-06 20:04:15
Maharashtra,Solapur,Solapur,Soyabean,Yellow,FAQ,2026-09-29,4516.0,4846.67,4698.51,276.2,snapshot,0,2026-10-06 20:04:15
Maharashtra,Nashik,Yeola,Soyabean,Yellow,FAQ,2026-09-29,4609.33,4941.82,4758.11,46.2,snapshot,0,2026-10-06 20:04:15
Maharashtra,Pune,Baramati,Tomato,Hybrid,FAQ,2026-09-29,1497.45,1961.18,1705.57,376.5,snapshot,0,2026-10-06 20:03:43
Maharashtra,Pune,Khed(Chakan),Tomato,Hybrid,FAQ,2026-09-29,1690.95,2287.47,1951.12,483.5,snapshot,0,2026-10-06 20:03:43
Maharashtra,Kolhapur,Kolhapur,Tomato,Hybrid,FAQ,2026-09-29,1383.4,1957.26,1697.98,369.9,snapshot,0,2026-10-06 20:03:43
Maharashtra,Nashik,Lasalgaon,Tomato,Hybrid,FAQ,2026-09-29,1867.77,2547.98,2164.19,472.9,snapshot,0,2026-10-06 20:03:43
Maharashtra,Pune,Manchar,Tomato,Hybrid,FAQ,2026-09-29,1424.41,2101.2,1666.26,322.3,snapshot,0,2026-10-06 20:03:43
Maharashtra,Mumbai,Mumbai,Tomato,Hybrid,FAQ,2026-09-29,1629.13,2304.61,1927.48,490.4,snapshot,0,2026-10-06 20:03:43
Maharashtra,Nagpur,Nagpur,Tomato,Hybrid,FAQ,2026-09-29,1558.05,2249.52,1794.72,481.9,snapshot,0,2026-10-06 20:03:43
Maharashtra,Pune,Narayangaon,Tomato,Hybrid,FAQ,2026-09-29,1290.95,1896.17,1547.45,471.7,snapshot,0,2026-10-06 20:03:43
Maharashtra,Nashik,Nashik,Tomato,Hybrid,FAQ,2026-09-29,1540.81,2091.36,1762.02,426.8,snapshot,0,2026-10-06 20:03:43
Maharashtra,Nashik,Pimpalgaon,Tomato,Hybrid,FAQ,2026-09-29,2068.95,2723.44,2372.47,98.8,snapshot,0,2026-10-06 20:03:43
Maharashtra,Pune,Pune,Tomato,Hybrid,FAQ,2026-09-29,1231.84,1802.42,1501.98,264.7,snapshot,0,2026-10-06 20:03:43
Maharashtra,Ahilyanagar,Sangamner,Tomato,Hybrid,FAQ,2026-09-29,1543.05,2179.59,1765.07,317.9,snapshot,0,2026-10-06 20:03:43
Maharashtra,Ahilyanagar,Ahmednagar,Wheat,Lokwan,FAQ,2026-09-29,2627.2,2929.79,2751.59,457.5,snapshot,0,2026-10-06 20:05:18
Maharashtra,Akola,Akola,Wheat,Lokwan,FAQ,2026-09-29,2491.54,2868.03,2642.99,180.9,snapshot,0,2026-10-06 20:05:18
Maharashtra,Pune,Baramati,Wheat,Lokwan,FAQ,2026-09-29,2444.14,2768.53,2576.53,358.1,snapshot,0,2026-10-06 20:05:18
Maharashtra,Jalgaon,Jalgaon,Wheat,Lokwan,FAQ,2026-09-29,2594.17,2939.09,2743.99,209.5,snapshot,0,2026-10-06 20:05:18
Maharashtra,Kolhapur,Kolhapur,Wheat,Lokwan,FAQ,2026-09-29,2708.03,2978.0,2833.42,486.2,snapshot,0,2026-10-06 20:05:18
Maharashtra,Nashik,Lasalgaon,Wheat,Lokwan,FAQ,2026-09-29,2672.01,2942.95,2796.48,135.3,snapshot,0,2026-10-06 20:05:18
Maharashtra,Latur,Latur,Wheat,Lokwan,FAQ,2026-09-29,2781.73,3085.31,2894.74,303.5,snapshot,0,2026-10-06 20:05:18
Maharashtra,Mumbai,Mumbai,Wheat,Lokwan,FAQ,2026-09-29,2502.85,2845.18,2653.33,235.4,snapshot,0,2026-10-06 20:05:18
Maharashtra,Nagpur,Nagpur,Wheat,Lokwan,FAQ,2026-09-29,2564.13,2847.06,2711.65,211.5,snapshot,0,2026-10-06 20:05:18
Maharashtra,Nashik,Nashik,Wheat,Lokwan,FAQ,2026-09-29,2503.59,2768.1,2631.2,231.4,snapshot,0,2026-10-06 20:05:18
Maharashtra,Pune,Pune,Wheat,Lokwan,FAQ,2026-09-29,2626.99,2868.84,2721.53,317.1,snapshot,0,2026-10-06 20:05:18
Maharashtra,Ahilyanagar,Rahata,Wheat,Lokwan,FAQ,2026-09-29,2593.72,2956.76,2747.92,49.0,snapshot,0,2026-10-06 20:05:18
Maharashtra,Solapur,Solapur,Wheat,Lokwan,FAQ,2026-09-29,2684.58,3007.92,2798.67,330.5,snapshot,0,2026-10-06 20:05:18
Maharashtra,Nashik,Yeola,Wheat,Lokwan,FAQ,2026-09-29,2469.79,2832.51,2619.19,122.7,snapshot,0,2026-10-06 20:05:18
Maharashtra,Akola,Akola,Cotton,Medium Staple,FAQ,2026-09-28,7004.46,7682.28,7270.79,145.6,snapshot,0,2026-10-06 20:04:46
Maharashtra,Amravati,Amravati,Cotton,Medium Staple,FAQ,2026-09-28,6943.31,7624.46,7259.43,385.9,snapshot,0,2026-10-06 20:04:46
Maharashtra,Jalgaon,Jalgaon,Cotton,Medium Staple,FAQ,2026-09-28,6887.51,7601.99,7160.21,73.5,snapshot,0,2026-10-06 20:04:46
Maharashtra,Nagpur,Nagpur,Cotton,Medium Staple,FAQ,2026-09-28,7435.55,8043.56,7658.33,274.0,snapshot,0,2026-10-06 20:04:46
Maharashtra,Ahilyanagar,Ahmednagar,Onion,Red/Nasik,FAQ,2026-09-28,1924.63,2701.35,2284.46,257.9,snapshot,0,2026-10-06 20:03:59
Maharashtra,Pune,Baramati,Onion,Red/Nasik,FAQ,2026-09-28,1556.44,2183.07,1870.11,424.8,snapshot,0,2026-10-06 20:03:59
Maharashtra,Jalgaon,Jalgaon,Onion,Red/Nasik,FAQ,2026-09-28,2040.0,2754.08,2346.23,270.8,snapshot,0,2026-10-06 20:03:59
Maharashtra,Pune,Khed(Chakan),Onion,Red/Nasik,FAQ,2026-09-28,1921.37,2682.2,2253.33,95.3,snapshot,0,2026-10-06 20:03:59
Maharashtra,Kolhapur,Kolhapur,Onion,Red/Nasik,FAQ,2026-09-28,2045.47,2575.31,2263.14,273.7,snapshot,0,2026-10-06 20:03:59
Maharashtra,Nashik,Lasalgaon,Onion,Red/Nasik,FAQ,2026-09-28,2122.96,2829.93,2369.42,309.6,snapshot,0,2026-10-06 20:03:59
Maharashtra,Pune,Manchar,Onion,Red/Nasik,FAQ,2026-09-28,1896.03,2524.64,2130.13,147.0,snapshot,0,2026-10-06 20:03:59
Maharashtra,Mumbai,Mumbai,Onion,Red/Nasik,FAQ,2026-09-28,2122.97,2813.41,2333.65,402.8,snapshot,0,2026-10-06 20:03:59
Maharashtra,Pune,Narayangaon,Onion,Red/Nasik,FAQ,2026-09-28,1858.92,2456.77,2085.75,294.2,snapshot,0,2026-10-06 20:03:59
Maharashtra,Nashik,Nashik,Onion,Red/Nasik,FAQ,2026-09-28,1917.27,2497.9,2210.01,296.1,snapshot,0,2026-10-06 20:03:59
Maharashtra,Nashik,Pimpalgaon,Onion,Red/Nasik,FAQ,2026-09-28,2222.22,2865.18,2502.34,381.0,snapshot,0,2026-10-06 20:03:59
Maharashtra,Pune,Pune,Onion,Red/Nasik,FAQ,2026-09-28,1975.92,2675.32,2191.09,123.6,snapshot,0,2026-10-06 20:03:59
Maharashtra,Ahilyanagar,Rahata,Onion,Red/Nasik,FAQ,2026-09-28,1939.57,2715.16,2296.63,248.0,snapshot,0,2026-10-06 20:03:59
Maharashtra,Ahilyanagar,Sangamner,Onion,Red/Nasik,FAQ,2026-09-28,2250.53,2812.01,2473.02,283.1,snapshot,0,2026-10-06 20:03:59
Maharashtra,Solapur,Solapur,Onion,Red/Nasik,FAQ,2026-09-28,1906.01,2403.55,2116.06,63.0,snapshot,0,2026-10-06 20:03:59
Maharashtra,Nashik,Yeola,Onion,Red/Nasik,FAQ,2026-09-28,1838.78,2626.15,2222.24,375.2,snapshot,0,2026-10-06 20:03:59
Maharashtra,Pune,Khed(Chakan),Potato,Jyoti,FAQ,2026-09-28,1777.74,2226.82,1980.52,363.6,snapshot,0,2026-10-06 20:05:02
Maharashtra,Kolhapur,Kolhapur,Potato,Jyoti,FAQ,2026-09-28,1869.55,2323.33,2090.49,253.3,snapshot,0,2026-10-06 20:05:02
Maharashtra,Pune,Manchar,Potato,Jyoti,FAQ,2026-09-28,1696.42,2288.34,1952.77,121.4,snapshot,0,2026-10-06 20:05:02
Maharashtra,Mumbai,Mumbai,Potato,Jyoti,FAQ,2026-09-28,1698.77,2093.59,1876.23,84.3,snapshot,0,2026-10-06 20:05:02
Maharashtra,Pune,Narayangaon,Potato,Jyoti,FAQ,2026-09-28,1682.33,2233.2,1942.25,200.3,snapshot,0,2026-10-06 20:05:02
Maharashtra,Nashik,Nashik,Potato,Jyoti,FAQ,2026-09-28,1638.09,2143.94,1812.05,232.4,snapshot,0,2026-10-06 20:05:02
Maharashtra,Nashik,Pimpalgaon,Potato,Jyoti,FAQ,2026-09-28,1759.65,2304.69,1998.46,40.6,snapshot,0,2026-10-06 20:05:02
Maharashtra,Pune,Pune,Potato,Jyoti,FAQ,2026-09-28,1781.73,2343.19,1957.16,342.8,snapshot,0,2026-10-06 20:05:02
Maharashtra,Ahilyanagar,Ahmednagar,Red gram/Arhar/Tur(whole),White/Desi,FAQ,2026-09-28,10167.57,11153.79,10540.13,136.9,snapshot,0,2026-10-06 20:04:30
Maharashtra,Akola,Akola,Red gram/Arhar/Tur(whole),White/Desi,FAQ,2026-09-28,9742.87,10544.65,10075.66,466.7,snapshot,0,2026-10-06 20:04:30
Maharashtra,Amravati,Amravati,Red gram/Arhar/Tur(whole),White/Desi,FAQ,2026-09-28,9887.42,10961.07,10346.94,129.0,snapshot,0,2026-10-06 20:04:30
Maharashtra,Latur,Latur,Red gram/Arhar/Tur(whole),White/Desi,FAQ,2026-09-28,9923.17,10925.05,10401.02,326.0,snapshot,0,2026-10-06 20:04:30
Maharashtra,Solapur,Solapur,Red gram/Arhar/Tur(whole),White/Desi,FAQ,2026-09-28,10262.76,11128.78,10542.9,407.5,snapshot,0,2026-10-06 20:04:30
Maharashtra,Ahilyanagar,Ahmednagar,Soyabean,Yellow,FAQ,2026-09-28,4620.17,4975.58,4800.41,152.3,snapshot,0,2026-10-06 20:04:15
Maharashtra,Akola,Akola,Soyabean,Yellow,FAQ,2026-09-28,4700.31,4983.29,4826.94,233.1,snapshot,0,2026-10-06 20:04:15
Maharashtra,Amravati,Amravati,Soyabean,Yellow,FAQ,2026-09-28,4597.63,4930.31,4783.51,167.9,snapshot,0,2026-10-06 20:04:15
Maharashtra,Pune,Baramati,Soyabean,Yellow,FAQ,2026-09-28,4357.35,4786.35,4545.55,111.0,snapshot,0,2026-10-06 20:04:15
Maharashtra,Jalgaon,Jalgaon,Soyabean,Yellow,FAQ,2026-09-28,4632.01,4901.7,4754.15,132.1,snapshot,0,2026-10-06 20:04:15
Maharashtra,Latur,Latur,Soyabean,Yellow,FAQ,2026-09-28,4666.83,5075.98,4836.38,46.3,snapshot,0,2026-10-06 20:04:15
Maharashtra,Nagpur,Nagpur,Soyabean,Yellow,FAQ,2026-09-28,4599.52,4916.51,4709.0,192.9,snapshot,0,2026-10-06 20:04:15
Maharashtra,Pune,Pune,Soyabean,Yellow,FAQ,2026-09-28,4472.66,4799.62,4628.21,159.7,snapshot,0,2026-10-06 20:04:15
Maharashtra,Ahilyanagar,Rahata,Soyabean,Yellow,FAQ,2026-09-28,4574.92,4977.7,4769.21,122.2,snapshot,0,2026-10-06 20:04:15
Maharashtra,Ahilyanagar,Sangamner,Soyabean,Yellow,FAQ,2026-09-28,4656.92,5020.85,4792.9,325.1,snapshot,0,2026-10-06 20:04:15
Maharashtra,Solapur,Solapur,Soyabean,Yellow,FAQ,2026-09-28,4506.43,4896.62,4660.16,107.2,snapshot,0,2026-10-06 20:04:15
Maharashtra,Nashik,Yeola,Soyabean,Yellow,FAQ,2026-09-28,4557.5,4923.07,4728.76,378.0,snapshot,0,2026-10-06 20:04:15
Maharashtra,Pune,Baramati,Tomato,Hybrid,FAQ,2026-09-28,1424.87,1899.24,1645.59,288.4,snapshot,0,2026-10-06 20:03:43
Maharashtra,Pune,Khed(Chakan),Tomato,Hybrid,FAQ,2026-09-28,1753.52,2206.33,1941.26,101.4,snapshot,0,2026-10-06 20:03:43
Maharashtra,Kolhapur,Kolhapur,Tomato,Hybrid,FAQ,2026-09-28,1617.44,2201.5,1800.89,221.4,snapshot,0,2026-10-06 20:03:43
Maharashtra,Nashik,Lasalgaon,Tomato,Hybrid,FAQ,2026-09-28,1909.31,2470.72,2202.42,470.6,snapshot,0,2026-10-06 20:03:43
Maharashtra,Pune,Manchar,Tomato,Hybrid,FAQ,2026-09-28,1210.76,1953.22,1535.25,491.3,snapshot,0,2026-10-06 20:03:43
Maharashtra,Mumbai,Mumbai,Tomato,Hybrid,FAQ,2026-09-28,1520.71,2067.3,1797.63,361.7,snapshot,0,2026-10-06 20:03:43
Maharashtra,Nagpur,Nagpur,Tomato,Hybrid,FAQ,2026-09-28,1576.29,2168.73,1819.06,278.2,snapshot,0,2026-10-06 20:03:43
Maharashtra,Pune,Narayangaon,Tomato,Hybrid,FAQ,2026-09-28,1328.51,1856.23,1588.7,492.2,snapshot,0,2026-10-06 20:03:43
Maharashtra,Nashik,Nashik,Tomato,Hybrid,FAQ,2026-09-28,1412.9,2089.91,1691.27,454.1,snapshot,0,2026-10-06 20:03:43
Maharashtra,Nashik,Pimpalgaon,Tomato,Hybrid,FAQ,2026-09-28,2289.19,2794.24,2508.27,105.9,snapshot,0,2026-10-06 20:03:43
Maharashtra,Pune,Pune,Tomato,Hybrid,FAQ,2026-09-28,1243.48,1803.65,1501.46,318.2,snapshot,0,2026-10-06 20:03:43
Maharashtra,Ahilyanagar,Sangamner,Tomato,Hybrid,FAQ,2026-09-28,1665.04,2310.36,1859.35,400.7,snapshot,0,2026-10-06 20:03:43
Maharashtra,Ahilyanagar,Ahmednagar,Wheat,Lokwan,FAQ,2026-09-28,2564.72,2872.87,2695.96,174.0,snapshot,0,2026-10-06 20:05:18
Maharashtra,Akola,Akola,Wheat,Lokwan,FAQ,2026-09-28,2584.2,2878.67,2694.84,457.8,snapshot,0,2026-10-06 20:05:18
Maharashtra,Pune,Baramati,Wheat,Lokwan,FAQ,2026-09-28,2479.89,2810.78,2585.38,62.6,snapshot,0,2026-10-06 20:05:18
Maharashtra,Jalgaon,Jalgaon,Wheat,Lokwan,FAQ,2026-09-28,2679.93,2965.45,2772.91,457.7,snapshot,0,2026-10-06 20:05:18
Maharashtra,Kolhapur,Kolhapur,Wheat,Lokwan,FAQ,2026-09-28,2735.33,3003.79,2850.49,379.6,snapshot,0,2026-10-06 20:05:18
Maharashtra,Nashik,Lasalgaon,Wheat,Lokwan,FAQ,2026-09-28,2682.47,2922.6,2778.56,231.2,snapshot,0,2026-10-06 20:05:18
Maharashtra,Latur,Latur,Wheat,Lokwan,FAQ,2026-09-28,2749.45,3103.95,2900.77,248.4,snapshot,0,2026-10-06 20:05:18
Maharashtra,Mumbai,Mumbai,Wheat,Lokwan,FAQ,2026-09-28,2566.01,2885.46,2689.23,463.9,snapshot,0,2026-10-06 20:05:18
Maharashtra,Nagpur,Nagpur,Wheat,Lokwan,FAQ,2026-09-28,2553.19,2890.43,2677.04,483.8,snapshot,0,2026-10-06 20:05:18
Maharashtra,Nashik,Nashik,Wheat,Lokwan,FAQ,2026-09-28,2507.99,2819.25,2612.33,346.8,snapshot,0,2026-10-06 20:05:18
Maharashtra,Pune,Pune,Wheat,Lokwan,FAQ,2026-09-28,2606.88,2920.6,2716.04,416.7,snapshot,0,2026-10-06 20:05:18
Maharashtra,Ahilyanagar,Rahata,Wheat,Lokwan,FAQ,2026-09-28,2639.36,2947.88,2778.24,485.6,snapshot,0,2026-10-06 20:05:18
Maharashtra,Solapur,Solapur,Wheat,Lokwan,FAQ,2026-09-28,2664.32,2956.82,2765.6,480.2,snapshot,0,2026-10-06 20:05:18
Maharashtra,Nashik,Yeola,Wheat,Lokwan,FAQ,2026-09-28,2478.05,2765.35,2631.11,356.2,snapshot,0,2026-10-06 20:05:18
Maharashtra,Akola,Akola,Cotton,Medium Staple,FAQ,2026-09-26,7024.9,7627.66,7249.24,55.3,snapshot,0,2026-10-06 20:04:46
Maharashtra,Amravati,Amravati,Cotton,Medium Staple,FAQ,2026-09-26,6992.98,7541.18,7277.32,181.4,snapshot,0,2026-10-06 20:04:46
Maharashtra,Jalgaon,Jalgaon,Cotton,Medium Staple,FAQ,2026-09-26,6952.61,7464.92,7188.35,73.5,snapshot,0,2026-10-06 20:04:46
Maharashtra,Nagpur,Nagpur,Cotton,Medium Staple,FAQ,2026-09-26,7294.42,8035.58,7611.04,166.1,snapshot,0,2026-10-06 20:04:46
Maharashtra,Ahilyanagar,Ahmednagar,Onion,Red/Nasik,FAQ,2026-09-26,1833.01,2641.13,2206.99,268.2,snapshot,0,2026-10-06 20:03:59
Maharashtra,Pune,Baramati,Onion,Red/Nasik,FAQ,2026-09-26,1657.42,2347.35,1989.53,488.9,snapshot,0,2026-10-06 20:03:59
Maharashtra,Jalgaon,Jalgaon,Onion,Red/Nasik,FAQ,2026-09-26,1995.05,2777.79,2308.35,142.1,snapshot,0,2026-10-06 20:03:59
Maharashtra,Pune,Khed(Chakan),Onion,Red/Nasik,FAQ,2026-09-26,1994.6,2791.09,2294.98,408.2,snapshot,0,2026-10-06 20:03:59
Maharashtra,Kolhapur,Kolhapur,Onion,Red/Nasik,FAQ,2026-09-26,2013.29,2649.81,2275.52,352.3,snapshot,0,2026-10-06 20:03:59
Maharashtra,Nashik,Lasalgaon,Onion,Red/Nasik,FAQ,2026-09-26,2069.11,2825.36,2346.7,95.6,snapshot,0,2026-10-06 20:03:59
Maharashtra,Pune,Manchar,Onion,Red/Nasik,FAQ,2026-09-26,1821.11,2615.4,2168.19,84.9,snapshot,0,2026-10-06 20:03:59
Maharashtra,Mumbai,Mumbai,Onion,Red/Nasik,FAQ,2026-09-26,2155.25,2911.82,2401.56,97.2,snapshot,0,2026-10-06 20:03:59
Maharashtra,Pune,Narayangaon,Onion,Red/Nasik,FAQ,2026-09-26,1840.3,2653.94,2167.97,389.4,snapshot,0,2026-10-06 20:03:59
Maharashtra,Nashik,Nashik,Onion,Red/Nasik,FAQ,2026-09-26,1876.22,2510.76,2155.27,213.1,snapshot,0,2026-10-06 20:03:59
Maharashtra,Nashik,Pimpalgaon,Onion,Red/Nasik,FAQ,2026-09-26,2161.36,2853.72,2532.74,475.4,snapshot,0,2026-10-06 20:03:59
Maharashtra,Pune,Pune,Onion,Red/Nasik,FAQ,2026-09-26,1922.04,2642.17,2215.69,214.3,snapshot,0,2026-10-06 20:03:59
Maharashtra,Ahilyanagar,Rahata,Onion,Red/Nasik,FAQ,2026-09-26,1939.36,2598.99,2236.45,329.2,snapshot,0,2026-10-06 20:03:59
Maharashtra,Ahilyanagar,Sangamner,Onion,Red/Nasik,FAQ,2026-09-26,2122.55,2836.32,2450.99,440.8,snapshot,0,2026-10-06 20:03:59
Maharashtra,Solapur,Solapur,Onion,Red/Nasik,FAQ,2026-09-26,1802.0,2479.45,2180.81,89.3,snapshot,0,2026-10-06 20:03:59
Maharashtra,Nashik,Yeola,Onion,Red/Nasik,FAQ,2026-09-26,1956.47,2748.75,2284.23,114.1,snapshot,0,2026-10-06 20:03:59
Maharashtra,Pune,Khed(Chakan),Potato,Jyoti,FAQ,2026-09-26,1803.13,2212.92,1966.97,161.0,snapshot,0,2026-10-06 20:05:02
Maharashtra,Kolhapur,Kolhapur,Potato,Jyoti,FAQ,2026-09-26,1882.17,2441.72,2073.53,491.1,snapshot,0,2026-10-06 20:05:02
Maharashtra,Pune,Manchar,Potato,Jyoti,FAQ,2026-09-26,1734.16,2198.06,1939.03,244.6,snapshot,0,2026-10-06 20:05:02
Maharashtra,Mumbai,Mumbai,Potato,Jyoti,FAQ,2026-09-26,1603.27,2057.41,1844.25,128.0,snapshot,0,2026-10-06 20:05:02
Maharashtra,Pune,Narayangaon,Potato,Jyoti,FAQ,2026-09-26,1703.33,2288.18,1942.94,176.9,snapshot,0,2026-10-06 20:05:02
Maharashtra,Nashik,Nashik,Potato,Jyoti,FAQ,2026-09-26,1560.79,2121.56,1803.55,497.8,snapshot,0,2026-10-06 20:05:02
Maharashtra,Nashik,Pimpalgaon,Potato,Jyoti,FAQ,2026-09-26,1775.9,2336.4,2010.77,154.5,snapshot,0,2026-10-06 20:05:02
Maharashtra,Pune,Pune,Potato,Jyoti,FAQ,2026-09-26,1749.74,2271.84,1958.37,496.6,snapshot,0,2026-10-06 20:05:02
Maharashtra,Ahilyanagar,Ahmednagar,Red gram/Arhar/Tur(whole),White/Desi,FAQ,2026-09-26,10022.6,10935.44,10502.22,424.0,snapshot,0,2026-10-06 20:04:30
Maharashtra,Akola,Akola,Red gram/Arhar/Tur(whole),White/Desi,FAQ,2026-09-26,9506.09,10454.59,10002.77,220.6,snapshot,0,2026-10-06 20:04:30
Maharashtra,Amravati,Amravati,Red gram/Arhar/Tur(whole),White/Desi,FAQ,2026-09-26,10113.67,10816.12,10394.18,470.7,snapshot,0,2026-10-06 20:04:30
Maharashtra,Latur,Latur,Red gram/Arhar/Tur(whole),White/Desi,FAQ,2026-09-26,10006.71,11108.52,10412.04,109.3,snapshot,0,2026-10-06 20:04:30
Maharashtra,Solapur,Solapur,Red gram/Arhar/Tur(whole),White/Desi,FAQ,2026-09-26,9948.11,10853.34,10409.19,213.6,snapshot,0,2026-10-06 20:04:30
Maharashtra,Ahilyanagar,Ahmednagar,Soyabean,Yellow,FAQ,2026-09-26,4637.32,4982.44,4789.52,163.8,snapshot,0,2026-10-06 20:04:15
Maharashtra,Akola,Akola,Soyabean,Yellow,FAQ,2026-09-26,4739.35,5083.46,4860.8,369.9,snapshot,0,2026-10-06 20:04:15
Maharashtra,Amravati,Amravati,Soyabean,Yellow,FAQ,2026-09-26,4590.08,4980.09,4749.98,185.0,snapshot,0,2026-10-06 20:04:15
Maharashtra,Pune,Baramati,Soyabean,Yellow,FAQ,2026-09-26,4408.09,4718.42,4555.83,216.9,snapshot,0,2026-10-06 20:04:15
Maharashtra,Jalgaon,Jalgaon,Soyabean,Yellow,FAQ,2026-09-26,4628.54,5020.4,4782.44,379.0,snapshot,0,2026-10-06 20:04:15
Maharashtra,Latur,Latur,Soyabean,Yellow,FAQ,2026-09-26,4624.51,5024.81,4815.86,339.9,snapshot,0,2026-10-06 20:04:15
Maharashtra,Nagpur,Nagpur,Soyabean,Yellow,FAQ,2026-09-26,4617.25,4946.52,4751.44,123.3,snapshot,0,2026-10-06 20:04:15
Maharashtra,Pune,Pune,Soyabean,Yellow,FAQ,2026-09-26,4433.61,4804.71,4604.82,218.0,snapshot,0,2026-10-06 20:04:15
Maharashtra,Ahilyanagar,Rahata,Soyabean,Yellow,FAQ,2026-09-26,4547.96,4881.07,4729.43,140.4,snapshot,0,2026-10-06 20:04:15
Maharashtra,Ahilyanagar,Sangamner,Soyabean,Yellow,FAQ,2026-09-26,4629.17,4949.82,4802.06,68.9,snapshot,0,2026-10-06 20:04:15
Maharashtra,Solapur,Solapur,Soyabean,Yellow,FAQ,2026-09-26,4533.4,4833.85,4647.31,331.4,snapshot,0,2026-10-06 20:04:15
Maharashtra,Nashik,Yeola,Soyabean,Yellow,FAQ,2026-09-26,4616.11,4885.57,4734.3,180.1,snapshot,0,2026-10-06 20:04:15
Maharashtra,Pune,Baramati,Tomato,Hybrid,FAQ,2026-09-26,1558.1,2143.08,1734.82,215.9,snapshot,0,2026-10-06 20:03:43
Maharashtra,Pune,Khed(Chakan),Tomato,Hybrid,FAQ,2026-09-26,1726.23,2329.58,2006.36,488.3,snapshot,0,2026-10-06 20:03:43
Maharashtra,Kolhapur,Kolhapur,Tomato,Hybrid,FAQ,2026-09-26,1656.92,2275.92,1856.85,453.8,snapshot,0,2026-10-06 20:03:43
Maharashtra,Nashik,Lasalgaon,Tomato,Hybrid,FAQ,2026-09-26,2197.79,2763.2,2375.94,214.3,snapshot,0,2026-10-06 20:03:43
Maharashtra,Pune,Manchar,Tomato,Hybrid,FAQ,2026-09-26,1245.24,1856.07,1453.01,284.0,snapshot,0,2026-10-06 20:03:43
Maharashtra,Mumbai,Mumbai,Tomato,Hybrid,FAQ,2026-09-26,1534.42,2225.02,1854.74,58.9,snapshot,0,2026-10-06 20:03:43
Maharashtra,Nagpur,Nagpur,Tomato,Hybrid,FAQ,2026-09-26,1695.81,2211.82,1892.84,369.8,snapshot,0,2026-10-06 20:03:43
Maharashtra,Pune,Narayangaon,Tomato,Hybrid,FAQ,2026-09-26,1347.24,2090.27,1661.15,44.3,snapshot,0,2026-10-06 20:03:43
Maharashtra,Nashik,Nashik,Tomato,Hybrid,FAQ,2026-09-26,1446.47,2141.69,1706.25,243.4,snapshot,0,2026-10-06 20:03:43
Maharashtra,Pune,Pune,Tomato,Hybrid,FAQ,2026-09-26,1464.65,1929.03,1659.79,89.2,snapshot,0,2026-10-06 20:03:43
Maharashtra,Ahilyanagar,Sangamner,Tomato,Hybrid,FAQ,2026-09-26,1415.17,2034.96,1738.11,287.6,snapshot,0,2026-10-06 20:03:43
Maharashtra,Ahilyanagar,Ahmednagar,Wheat,Lokwan,FAQ,2026-09-26,2591.41,2843.03,2695.14,161.6,snapshot,0,2026-10-06 20:05:18
Maharashtra,Akola,Akola,Wheat,Lokwan,FAQ,2026-09-26,2584.43,2823.16,2688.62,197.9,snapshot,0,2026-10-06 20:05:18
Maharashtra,Pune,Baramati,Wheat,Lokwan,FAQ,2026-09-26,2440.83,2784.35,2586.31,425.5,snapshot,0,2026-10-06 20:05:18
Maharashtra,Jalgaon,Jalgaon,Wheat,Lokwan,FAQ,2026-09-26,2657.17,2949.14,2792.31,154.9,snapshot,0,2026-10-06 20:05:18
Maharashtra,Kolhapur,Kolhapur,Wheat,Lokwan,FAQ,2026-09-26,2750.73,2978.06,2842.68,403.7,snapshot,0,2026-10-06 20:05:18
Maharashtra,Nashik,Lasalgaon,Wheat,Lokwan,FAQ,2026-09-26,2646.66,3006.25,2794.18,422.0,snapshot,0,2026-10-06 20:05:18
Maharashtra,Latur,Latur,Wheat,Lokwan,FAQ,2026-09-26,2818.36,3064.28,2907.03,304.1,snapshot,0,2026-10-06 20:05:18
Maharashtra,Mumbai,Mumbai,Wheat,Lokwan,FAQ,2026-09-26,2574.71,2873.77,2667.52,303.3,snapshot,0,2026-10-06 20:05:18
Maharashtra,Nagpur,Nagpur,Wheat,Lokwan,FAQ,2026-09-26,2527.73,2828.52,2660.65,147.6,snapshot,0,2026-10-06 20:05:18
Maharashtra,Nashik,Nashik,Wheat,Lokwan,FAQ,2026-09-26,2509.68,2868.47,2651.26,326.0,snapshot,0,2026-10-06 20:05:18
Maharashtra,Pune,Pune,Wheat,Lokwan,FAQ,2026-09-26,2598.34,2871.62,2690.55,456.7,snapshot,0,2026-10-06 20:05:18
Maharashtra,Ahilyanagar,Rahata,Wheat,Lokwan,FAQ,2026-09-26,2695.43,2978.55,2810.05,231.9,snapshot,0,2026-10-06 20:05:18
Maharashtra,Solapur,Solapur,Wheat,Lokwan,FAQ,2026-09-26,2595.39,2892.55,2750.55,446.7,snapshot,0,2026-10-06 20:05:18
Maharashtra,Nashik,Yeola,Wheat,Lokwan,FAQ,2026-09-26,2530.4,2778.12,2649.75,73.8,snapshot,0,2026-10-06 20:05:18
Maharashtra,Akola,Akola,Cotton,Medium Staple,FAQ,2026-09-25,6942.61,7617.05,7244.63,218.0,snapshot,0,2026-10-06 20:04:46
Maharashtra,Amravati,Amravati,Cotton,Medium Staple,FAQ,2026-09-25,7090.62,7537.49,7289.36,326.5,snapshot,0,2026-10-06 20:04:46
Maharashtra,Jalgaon,Jalgaon,Cotton,Medium Staple,FAQ,2026-09-25,6914.87,7407.45,7092.09,494.9,snapshot,0,2026-10-06 20:04:46
Maharashtra,Nagpur,Nagpur,Cotton,Medium Staple,FAQ,2026-09-25,7431.21,7910.72,7617.61,261.5,snapshot,0,2026-10-06 20:04:46
Maharashtra,Ahilyanagar,Ahmednagar,Onion,Red/Nasik,FAQ,2026-09-25,1886.56,2581.18,2170.0,73.1,snapshot,0,2026-10-06 20:03:59
Maharashtra,Pune,Baramati,Onion,Red/Nasik,FAQ,2026-09-25,1670.86,2393.63,1920.56,236.1,snapshot,0,2026-10-06 20:03:59
Maharashtra,Jalgaon,Jalgaon,Onion,Red/Nasik,FAQ,2026-09-25,1909.92,2646.1,2268.51,289.6,snapshot,0,2026-10-06 20:03:59
Maharashtra,Pune,Khed(Chakan),Onion,Red/Nasik,FAQ,2026-09-25,1854.09,2617.09,2222.79,76.3,snapshot,0,2026-10-06 20:03:59
Maharashtra,Kolhapur,Kolhapur,Onion,Red/Nasik,FAQ,2026-09-25,1956.44,2578.78,2254.16,199.5,snapshot,0,2026-10-06 20:03:59
Maharashtra,Nashik,Lasalgaon,Onion,Red/Nasik,FAQ,2026-09-25,2166.3,2760.42,2386.83,187.2,snapshot,0,2026-10-06 20:03:59
Maharashtra,Pune,Manchar,Onion,Red/Nasik,FAQ,2026-09-25,1881.26,2705.16,2235.67,215.4,snapshot,0,2026-10-06 20:03:59
Maharashtra,Mumbai,Mumbai,Onion,Red/Nasik,FAQ,2026-09-25,2057.29,2818.18,2431.96,240.8,snapshot,0,2026-10-06 20:03:59
Maharashtra,Pune,Narayangaon,Onion,Red/Nasik,FAQ,2026-09-25,1890.45,2719.81,2202.15,143.9,snapshot,0,2026-10-06 20:03:59
Maharashtra,Nashik,Nashik,Onion,Red/Nasik,FAQ,2026-09-25,1944.59,2761.6,2252.98,54.5,snapshot,0,2026-10-06 20:03:59
Maharashtra,Nashik,Pimpalgaon,Onion,Red/Nasik,FAQ,2026-09-25,2304.86,3058.18,2610.07,438.1,snapshot,0,2026-10-06 20:03:59
Maharashtra,Pune,Pune,Onion,Red/Nasik,FAQ,2026-09-25,1822.67,2665.36,2185.98,79.9,snapshot,0,2026-10-06 20:03:59
Maharashtra,Ahilyanagar,Rahata,Onion,Red/Nasik,FAQ,2026-09-25,2048.73,2735.62,2264.87,114.5,snapshot,0,2026-10-06 20:03:59
Maharashtra,Ahilyanagar,Sangamner,Onion,Red/Nasik,FAQ,2026-09-25,2207.95,2795.54,2445.51,69.3,snapshot,0,2026-10-06 20:03:59
Maharashtra,Solapur,Solapur,Onion,Red/Nasik,FAQ,2026-09-25,1776.48,2547.47,2152.23,314.5,snapshot,0,2026-10-06 20:03:59
Maharashtra,Nashik,Yeola,Onion,Red/Nasik,FAQ,2026-09-25,1845.27,2517.0,2214.61,370.5,snapshot,0,2026-10-06 20:03:59
Maharashtra,Pune,Khed(Chakan),Potato,Jyoti,FAQ,2026-09-25,1798.42,2290.39,1951.01,94.2,snapshot,0,2026-10-06 20:05:02
Maharashtra,Kolhapur,Kolhapur,Potato,Jyoti,FAQ,2026-09-25,1939.16,2432.62,2113.42,286.5,snapshot,0,2026-10-06 20:05:02
Maharashtra,Pune,Manchar,Potato,Jyoti,FAQ,2026-09-25,1818.82,2403.32,2038.45,189.6,snapshot,0,2026-10-06 20:05:02
Maharashtra,Mumbai,Mumbai,Potato,Jyoti,FAQ,2026-09-25,1601.96,2169.4,1851.32,390.8,snapshot,0,2026-10-06 20:05:02
Maharashtra,Pune,Narayangaon,Potato,Jyoti,FAQ,2026-09-25,1780.49,2264.9,1925.48,291.3,snapshot,0,2026-10-06 20:05:02
Maharashtra,Nashik,Nashik,Potato,Jyoti,FAQ,2026-09-25,1571.33,2165.54,1814.76,172.5,snapshot,0,2026-10-06 20:05:02
Maharashtra,Nashik,Pimpalgaon,Potato,Jyoti,FAQ,2026-09-25,1839.87,2221.23,1984.56,446.5,snapshot,0,2026-10-06 20:05:02
Maharashtra,Pune,Pune,Potato,Jyoti,FAQ,2026-09-25,1748.02,2235.32,1989.46,217.0,snapshot,0,2026-10-06 20:05:02
Maharashtra,Ahilyanagar,Ahmednagar,Red gram/Arhar/Tur(whole),White/Desi,FAQ,2026-09-25,10212.17,11176.65,10631.06,335.2,snapshot,0,2026-10-06 20:04:30
Maharashtra,Akola,Akola,Red gram/Arhar/Tur(whole),White/Desi,FAQ,2026-09-25,9568.05,10726.76,9977.89,274.8,snapshot,0,2026-10-06 20:04:30
Maharashtra,Amravati,Amravati,Red gram/Arhar/Tur(whole),White/Desi,FAQ,2026-09-25,9922.44,10984.49,10412.48,49.6,snapshot,0,2026-10-06 20:04:30
Maharashtra,Latur,Latur,Red gram/Arhar/Tur(whole),White/Desi,FAQ,2026-09-25,10068.77,10953.02,10479.76,347.3,snapshot,0,2026-10-06 20:04:30
Maharashtra,Solapur,Solapur,Red gram/Arhar/Tur(whole),White/Desi,FAQ,2026-09-25,10063.38,10885.42,10402.37,90.5,snapshot,0,2026-10-06 20:04:30
Maharashtra,Ahilyanagar,Ahmednagar,Soyabean,Yellow,FAQ,2026-09-25,4577.06,4989.74,4748.03,282.8,snapshot,0,2026-10-06 20:04:15
Maharashtra,Akola,Akola,Soyabean,Yellow,FAQ,2026-09-25,4691.81,4947.95,4797.27,279.3,snapshot,0,2026-10-06 20:04:15
Maharashtra,Amravati,Amravati,Soyabean,Yellow,FAQ,2026-09-25,4532.98,4863.21,4721.93,433.7,snapshot,0,2026-10-06 20:04:15
Maharashtra,Pune,Baramati,Soyabean,Yellow,FAQ,2026-09-25,4475.25,4794.81,4608.88,215.5,snapshot,0,2026-10-06 20:04:15
Maharashtra,Jalgaon,Jalgaon,Soyabean,Yellow,FAQ,2026-09-25,4655.16,5034.02,4778.98,281.9,snapshot,0,2026-10-06 20:04:15
Maharashtra,Latur,Latur,Soyabean,Yellow,FAQ,2026-09-25,4624.31,5024.1,4796.35,354.7,snapshot,0,2026-10-06 20:04:15
Maharashtra,Nagpur,Nagpur,Soyabean,Yellow,FAQ,2026-09-25,4605.61,4920.4,4727.32,417.8,snapshot,0,2026-10-06 20:04:15
Maharashtra,Pune,Pune,Soyabean,Yellow,FAQ,2026-09-25,4448.16,4788.57,4600.81,338.8,snapshot,0,2026-10-06 20:04:15
Maharashtra,Ahilyanagar,Rahata,Soyabean,Yellow,FAQ,2026-09-25,4541.81,4859.15,4690.98,463.7,snapshot,0,2026-10-06 20:04:15
Maharashtra,Ahilyanagar,Sangamner,Soyabean,Yellow,FAQ,2026-09-25,4602.72,4977.58,4773.91,341.2,snapshot,0,2026-10-06 20:04:15
Maharashtra,Solapur,Solapur,Soyabean,Yellow,FAQ,2026-09-25,4506.39,4924.99,4688.84,126.8,snapshot,0,2026-10-06 20:04:15
Maharashtra,Nashik,Yeola,Soyabean,Yellow,FAQ,2026-09-25,4605.21,5020.11,4761.26,424.3,snapshot,0,2026-10-06 20:04:15
Maharashtra,Pune,Baramati,Tomato,Hybrid,FAQ,2026-09-25,1495.5,2228.33,1800.67,144.3,snapshot,0,2026-10-06 20:03:43
Maharashtra,Pune,Khed(Chakan),Tomato,Hybrid,FAQ,2026-09-25,1650.31,2196.6,1932.06,463.8,snapshot,0,2026-10-06 20:03:43
Maharashtra,Kolhapur,Kolhapur,Tomato,Hybrid,FAQ,2026-09-25,1565.54,2313.69,1865.11,172.2,snapshot,0,2026-10-06 20:03:43
Maharashtra,Nashik,Lasalgaon,Tomato,Hybrid,FAQ,2026-09-25,2043.98,2584.65,2302.16,49.9,snapshot,0,2026-10-06 20:03:43
Maharashtra,Pune,Manchar,Tomato,Hybrid,FAQ,2026-09-25,1286.21,1766.45,1475.0,138.1,snapshot,0,2026-10-06 20:03:43
Maharashtra,Mumbai,Mumbai,Tomato,Hybrid,FAQ,2026-09-25,1692.1,2185.84,1931.9,371.1,snapshot,0,2026-10-06 20:03:43
Maharashtra,Nagpur,Nagpur,Tomato,Hybrid,FAQ,2026-09-25,1522.2,2246.94,1828.26,165.1,snapshot,0,2026-10-06 20:03:43
Maharashtra,Pune,Narayangaon,Tomato,Hybrid,FAQ,2026-09-25,1130.65,1783.6,1455.23,267.9,snapshot,0,2026-10-06 20:03:43
Maharashtra,Nashik,Nashik,Tomato,Hybrid,FAQ,2026-09-25,1524.81,2186.52,1743.28,491.1,snapshot,0,2026-10-06 20:03:43
Maharashtra,Nashik,Pimpalgaon,Tomato,Hybrid,FAQ,2026-09-25,2276.09,2798.16,2463.3,468.5,snapshot,0,2026-10-06 20:03:43
Maharashtra,Pune,Pune,Tomato,Hybrid,FAQ,2026-09-25,1583.02,2175.78,1759.19,177.7,snapshot,0,2026-10-06 20:03:43
Maharashtra,Ahilyanagar,Sangamner,Tomato,Hybrid,FAQ,2026-09-25,1401.54,1944.55,1624.56,480.7,snapshot,0,2026-10-06 20:03:43
Maharashtra,Ahilyanagar,Ahmednagar,Wheat,Lokwan,FAQ,2026-09-25,2571.94,2859.27,2699.55,188.9,snapshot,0,2026-10-06 20:05:18
Maharashtra,Akola,Akola,Wheat,Lokwan,FAQ,2026-09-25,2545.68,2852.79,2672.49,482.6,snapshot,0,2026-10-06 20:05:18
Maharashtra,Pune,Baramati,Wheat,Lokwan,FAQ,2026-09-25,2442.07,2716.77,2585.49,108.2,snapshot,0,2026-10-06 20:05:18
Maharashtra,Jalgaon,Jalgaon,Wheat,Lokwan,FAQ,2026-09-25,2663.71,3025.32,2809.92,354.8,snapshot,0,2026-10-06 20:05:18
Maharashtra,Kolhapur,Kolhapur,Wheat,Lokwan,FAQ,2026-09-25,2749.73,3027.13,2855.85,379.9,snapshot,0,2026-10-06 20:05:18
Maharashtra,Nashik,Lasalgaon,Wheat,Lokwan,FAQ,2026-09-25,2648.23,2965.87,2803.46,128.4,snapshot,0,2026-10-06 20:05:18
Maharashtra,Latur,Latur,Wheat,Lokwan,FAQ,2026-09-25,2792.17,3092.27,2877.47,273.4,snapshot,0,2026-10-06 20:05:18
Maharashtra,Mumbai,Mumbai,Wheat,Lokwan,FAQ,2026-09-25,2556.55,2829.05,2661.55,256.6,snapshot,0,2026-10-06 20:05:18
Maharashtra,Nagpur,Nagpur,Wheat,Lokwan,FAQ,2026-09-25,2538.28,2904.79,2683.92,157.9,snapshot,0,2026-10-06 20:05:18
Maharashtra,Nashik,Nashik,Wheat,Lokwan,FAQ,2026-09-25,2496.96,2866.04,2650.07,349.6,snapshot,0,2026-10-06 20:05:18
Maharashtra,Pune,Pune,Wheat,Lokwan,FAQ,2026-09-25,2569.29,2838.3,2675.63,193.2,snapshot,0,2026-10-06 20:05:18
Maharashtra,Ahilyanagar,Rahata,Wheat,Lokwan,FAQ,2026-09-25,2721.21,2977.69,2815.65,202.8,snapshot,0,2026-10-06 20:05:18
Maharashtra,Solapur,Solapur,Wheat,Lokwan,FAQ,2026-09-25,2691.76,2986.89,2776.3,479.0,snapshot,0,2026-10-06 20:05:18
Maharashtra,Nashik,Yeola,Wheat,Lokwan,FAQ,2026-09-25,2542.62,2812.68,2633.3,206.2,snapshot,0,2026-10-06 20:05:18
Maharashtra,Akola,Akola,Cotton,Medium Staple,FAQ,2026-09-24,6926.36,7591.05,7208.49,68.0,snapshot,0,2026-10-06 20:04:46
Maharashtra,Amravati,Amravati,Cotton,Medium Staple,FAQ,2026-09-24,7089.79,7583.61,7285.35,239.9,snapshot,0,2026-10-06 20:04:46
Maharashtra,Jalgaon,Jalgaon,Cotton,Medium Staple,FAQ,2026-09-24,6722.92,7434.28,7046.74,343.4,snapshot,0,2026-10-06 20:04:46
Maharashtra,Nagpur,Nagpur,Cotton,Medium Staple,FAQ,2026-09-24,7287.42,7749.9,7477.09,221.9,snapshot,0,2026-10-06 20:04:46
Maharashtra,Ahilyanagar,Ahmednagar,Onion,Red/Nasik,FAQ,2026-09-24,1839.91,2690.1,2195.71,205.4,snapshot,0,2026-10-06 20:03:59
Maharashtra,Pune,Baramati,Onion,Red/Nasik,FAQ,2026-09-24,1727.71,2356.16,1956.85,407.6,snapshot,0,2026-10-06 20:03:59
Maharashtra,Jalgaon,Jalgaon,Onion,Red/Nasik,FAQ,2026-09-24,1866.45,2618.41,2253.07,389.6,snapshot,0,2026-10-06 20:03:59
Maharashtra,Pune,Khed(Chakan),Onion,Red/Nasik,FAQ,2026-09-24,1958.48,2752.92,2264.87,258.4,snapshot,0,2026-10-06 20:03:59
Maharashtra,Kolhapur,Kolhapur,Onion,Red/Nasik,FAQ,2026-09-24,1807.86,2649.7,2172.8,150.1,snapshot,0,2026-10-06 20:03:59
Maharashtra,Nashik,Lasalgaon,Onion,Red/Nasik,FAQ,2026-09-24,2051.05,2729.73,2371.66,52.5,snapshot,0,2026-10-06 20:03:59
Maharashtra,Pune,Manchar,Onion,Red/Nasik,FAQ,2026-09-24,2022.51,2647.49,2240.33,145.6,snapshot,0,2026-10-06 20:03:59
Maharashtra,Mumbai,Mumbai,Onion,Red/Nasik,FAQ,2026-09-24,2051.55,2696.2,2385.76,218.9,snapshot,0,2026-10-06 20:03:59
Maharashtra,Pune,Narayangaon,Onion,Red/Nasik,FAQ,2026-09-24,1953.64,2604.61,2235.08,226.8,snapshot,0,2026-10-06 20:03:59
Maharashtra,Nashik,Nashik,Onion,Red/Nasik,FAQ,2026-09-24,2044.89,2664.46,2301.99,435.4,snapshot,0,2026-10-06 20:03:59
Maharashtra,Nashik,Pimpalgaon,Onion,Red/Nasik,FAQ,2026-09-24,2282.17,3024.47,2547.35,265.2,snapshot,0,2026-10-06 20:03:59
Maharashtra,Pune,Pune,Onion,Red/Nasik,FAQ,2026-09-24,1909.63,2653.48,2198.03,163.5,snapshot,0,2026-10-06 20:03:59
Maharashtra,Ahilyanagar,Rahata,Onion,Red/Nasik,FAQ,2026-09-24,2008.06,2577.4,2253.68,105.8,snapshot,0,2026-10-06 20:03:59
Maharashtra,Ahilyanagar,Sangamner,Onion,Red/Nasik,FAQ,2026-09-24,2230.62,2911.33,2476.74,220.0,snapshot,0,2026-10-06 20:03:59
Maharashtra,Solapur,Solapur,Onion,Red/Nasik,FAQ,2026-09-24,1933.99,2600.19,2226.41,386.8,snapshot,0,2026-10-06 20:03:59
Maharashtra,Nashik,Yeola,Onion,Red/Nasik,FAQ,2026-09-24,2003.66,2582.25,2265.88,253.0,snapshot,0,2026-10-06 20:03:59
Maharashtra,Pune,Khed(Chakan),Potato,Jyoti,FAQ,2026-09-24,1759.62,2206.99,1972.3,422.1,snapshot,0,2026-10-06 20:05:02
Maharashtra,Kolhapur,Kolhapur,Potato,Jyoti,FAQ,2026-09-24,1878.49,2366.18,2083.35,388.4,snapshot,0,2026-10-06 20:05:02
Maharashtra,Pune,Manchar,Potato,Jyoti,FAQ,2026-09-24,1837.89,2354.57,1993.64,53.1,snapshot,0,2026-10-06 20:05:02
Maharashtra,Mumbai,Mumbai,Potato,Jyoti,FAQ,2026-09-24,1753.08,2150.39,1898.4,81.4,snapshot,0,2026-10-06 20:05:02
Maharashtra,Pune,Narayangaon,Potato,Jyoti,FAQ,2026-09-24,1643.55,2158.38,1882.34,418.4,snapshot,0,2026-10-06 20:05:02
Maharashtra,Nashik,Nashik,Potato,Jyoti,FAQ,2026-09-24,1637.09,2129.75,1791.31,127.7,snapshot,0,2026-10-06 20:05:02
Maharashtra,Nashik,Pimpalgaon,Potato,Jyoti,FAQ,2026-09-24,1867.79,2246.53,2028.32,149.6,snapshot,0,2026-10-06 20:05:02
Maharashtra,Pune,Pune,Potato,Jyoti,FAQ,2026-09-24,1738.09,2241.14,1954.76,155.0,snapshot,0,2026-10-06 20:05:02
Maharashtra,Ahilyanagar,Ahmednagar,Red gram/Arhar/Tur(whole),White/Desi,FAQ,2026-09-24,10121.09,11083.74,10568.5,265.3,snapshot,0,2026-10-06 20:04:30
Maharashtra,Akola,Akola,Red gram/Arhar/Tur(whole),White/Desi,FAQ,2026-09-24,9521.4,10308.9,9886.88,391.6,snapshot,0,2026-10-06 20:04:30
Maharashtra,Amravati,Amravati,Red gram/Arhar/Tur(whole),White/Desi,FAQ,2026-09-24,9979.1,10903.55,10285.71,66.2,snapshot,0,2026-10-06 20:04:30
Maharashtra,Latur,Latur,Red gram/Arhar/Tur(whole),White/Desi,FAQ,2026-09-24,10233.77,11108.51,10583.34,113.3,snapshot,0,2026-10-06 20:04:30
Maharashtra,Solapur,Solapur,Red gram/Arhar/Tur(whole),White/Desi,FAQ,2026-09-24,9777.27,10884.09,10257.5,168.5,snapshot,0,2026-10-06 20:04:30
Maharashtra,Ahilyanagar,Ahmednagar,Soyabean,Yellow,FAQ,2026-09-24,4543.61,4906.1,4700.31,232.3,snapshot,0,2026-10-06 20:04:15
Maharashtra,Akola,Akola,Soyabean,Yellow,FAQ,2026-09-24,4622.83,4983.89,4757.36,402.3,snapshot,0,2026-10-06 20:04:15
Maharashtra,Amravati,Amravati,Soyabean,Yellow,FAQ,2026-09-24,4530.55,4887.21,4695.88,249.9,snapshot,0,2026-10-06 20:04:15
Maharashtra,Pune,Baramati,Soyabean,Yellow,FAQ,2026-09-24,4543.55,4893.99,4669.72,221.4,snapshot,0,2026-10-06 20:04:15
Maharashtra,Jalgaon,Jalgaon,Soyabean,Yellow,FAQ,2026-09-24,4574.96,4906.58,4746.45,209.7,snapshot,0,2026-10-06 20:04:15
Maharashtra,Latur,Latur,Soyabean,Yellow,FAQ,2026-09-24,4635.74,4897.48,4752.66,499.1,snapshot,0,2026-10-06 20:04:15
Maharashtra,Nagpur,Nagpur,Soyabean,Yellow,FAQ,2026-09-24,4548.58,4848.59,4681.2,47.3,snapshot,0,2026-10-06 20:04:15
Maharashtra,Pune,Pune,Soyabean,Yellow,FAQ,2026-09-24,4550.79,4920.84,4689.27,304.0,snapshot,0,2026-10-06 20:04:15
Maharashtra,Ahilyanagar,Rahata,Soyabean,Yellow,FAQ,2026-09-24,4524.21,4888.12,4631.32,296.0,snapshot,0,2026-10-06 20:04:15
Maharashtra,Ahilyanagar,Sangamner,Soyabean,Yellow,FAQ,2026-09-24,4674.82,4996.69,4805.51,419.3,snapshot,0,2026-10-06 20:04:15
Maharashtra,Solapur,Solapur,Soyabean,Yellow,FAQ,2026-09-24,4503.74,4844.42,4687.97,463.5,snapshot,0,2026-10-06 20:04:15
Maharashtra,Nashik,Yeola,Soyabean,Yellow,FAQ,2026-09-24,4661.53,4941.94,4788.81,416.7,snapshot,0,2026-10-06 20:04:15
Maharashtra,Pune,Baramati,Tomato,Hybrid,FAQ,2026-09-24,1527.44,2171.23,1754.63,231.6,snapshot,0,2026-10-06 20:03:43
Maharashtra,Pune,Khed(Chakan),Tomato,Hybrid,FAQ,2026-09-24,1698.09,2204.47,1946.89,498.6,snapshot,0,2026-10-06 20:03:43
Maharashtra,Kolhapur,Kolhapur,Tomato,Hybrid,FAQ,2026-09-24,1566.77,2068.83,1776.53,42.8,snapshot,0,2026-10-06 20:03:43
Maharashtra,Nashik,Lasalgaon,Tomato,Hybrid,FAQ,2026-09-24,1969.36,2673.13,2277.17,196.3,snapshot,0,2026-10-06 20:03:43
Maharashtra,Pune,Manchar,Tomato,Hybrid,FAQ,2026-09-24,1179.22,1762.34,1429.99,287.0,snapshot,0,2026-10-06 20:03:43
Maharashtra,Mumbai,Mumbai,Tomato,Hybrid,FAQ,2026-09-24,1766.23,2273.53,2017.31,393.6,snapshot,0,2026-10-06 20:03:43
Maharashtra,Nagpur,Nagpur,Tomato,Hybrid,FAQ,2026-09-24,1486.3,2190.27,1802.54,486.6,snapshot,0,2026-10-06 20:03:43
Maharashtra,Pune,Narayangaon,Tomato,Hybrid,FAQ,2026-09-24,1156.84,1746.1,1464.18,463.0,snapshot,0,2026-10-06 20:03:43
Maharashtra,Nashik,Nashik,Tomato,Hybrid,FAQ,2026-09-24,1743.97,2361.8,1968.66,258.0,snapshot,0,2026-10-06 20:03:43
Maharashtra,Nashik,Pimpalgaon,Tomato,Hybrid,FAQ,2026-09-24,2147.84,2742.88,2413.85,321.8,snapshot,0,2026-10-06 20:03:43
Maharashtra,Pune,Pune,Tomato,Hybrid,FAQ,2026-09-24,1607.53,2326.6,1874.28,340.8,snapshot,0,2026-10-06 20:03:43
Maharashtra,Ahilyanagar,Sangamner,Tomato,Hybrid,FAQ,2026-09-24,1447.52,2112.06,1678.05,471.0,snapshot,0,2026-10-06 20:03:43
Maharashtra,Ahilyanagar,Ahmednagar,Wheat,Lokwan,FAQ,2026-09-24,2570.74,2919.32,2707.72,129.4,snapshot,0,2026-10-06 20:05:18
Maharashtra,Akola,Akola,Wheat,Lokwan,FAQ,2026-09-24,2504.78,2818.95,2650.5,468.3,snapshot,0,2026-10-06 20:05:18
Maharashtra,Pune,Baramati,Wheat,Lokwan,FAQ,2026-09-24,2468.7,2785.04,2592.11,296.5,snapshot,0,2026-10-06 20:05:18
Maharashtra,Jalgaon,Jalgaon,Wheat,Lokwan,FAQ,2026-09-24,2630.48,2942.34,2779.36,160.1,snapshot,0,2026-10-06 20:05:18
Maharashtra,Kolhapur,Kolhapur,Wheat,Lokwan,FAQ,2026-09-24,2697.31,3057.18,2843.52,181.5,snapshot,0,2026-10-06 20:05:18
Maharashtra,Nashik,Lasalgaon,Wheat,Lokwan,FAQ,2026-09-24,2714.03,2951.07,2815.2,234.0,snapshot,0,2026-10-06 20:05:18
Maharashtra,Latur,Latur,Wheat,Lokwan,FAQ,2026-09-24,2798.57,3055.97,2889.95,357.9,snapshot,0,2026-10-06 20:05:18
Maharashtra,Mumbai,Mumbai,Wheat,Lokwan,FAQ,2026-09-24,2592.49,2854.61,2678.22,135.4,snapshot,0,2026-10-06 20:05:18
Maharashtra,Nagpur,Nagpur,Wheat,Lokwan,FAQ,2026-09-24,2544.54,2842.33,2667.58,339.8,snapshot,0,2026-10-06 20:05:18
Maharashtra,Nashik,Nashik,Wheat,Lokwan,FAQ,2026-09-24,2583.02,2834.15,2676.46,367.2,snapshot,0,2026-10-06 20:05:18
Maharashtra,Pune,Pune,Wheat,Lokwan,FAQ,2026-09-24,2565.29,2874.28,2691.69,222.1,snapshot,0,2026-10-06 20:05:18
Maharashtra,Ahilyanagar,Rahata,Wheat,Lokwan,FAQ,2026-09-24,2642.0,2978.45,2759.98,179.7,snapshot,0,2026-10-06 20:05:18
Maharashtra,Solapur,Solapur,Wheat,Lokwan,FAQ,2026-09-24,2616.51,2953.62,2766.43,361.9,snapshot,0,2026-10-06 20:05:18
Maharashtra,Nashik,Yeola,Wheat,Lokwan,FAQ,2026-09-24,2529.08,2777.3,2620.79,451.5,snapshot,0,2026-10-06 20:05:18
Maharashtra,Akola,Akola,Cotton,Medium Staple,FAQ,2026-09-23,6879.53,7462.49,7137.79,118.1,snapshot,0,2026-10-06 20:04:46
Maharashtra,Amravati,Amravati,Cotton,Medium Staple,FAQ,2026-09-23,7026.38,7603.58,7283.45,125.0,snapshot,0,2026-10-06 20:04:46
Maharashtra,Jalgaon,Jalgaon,Cotton,Medium Staple,FAQ,2026-09-23,6748.22,7332.21,7049.32,329.4,snapshot,0,2026-10-06 20:04:46
Maharashtra,Nagpur,Nagpur,Cotton,Medium Staple,FAQ,2026-09-23,7313.36,7948.44,7584.5,454.8,snapshot,0,2026-10-06 20:04:46
Maharashtra,Ahilyanagar,Ahmednagar,Onion,Red/Nasik,FAQ,2026-09-23,1964.56,2628.88,2209.17,329.4,snapshot,0,2026-10-06 20:03:59
Maharashtra,Pune,Baramati,Onion,Red/Nasik,FAQ,2026-09-23,1671.26,2413.61,2024.13,118.5,snapshot,0,2026-10-06 20:03:59
Maharashtra,Jalgaon,Jalgaon,Onion,Red/Nasik,FAQ,2026-09-23,2009.27,2513.72,2230.93,298.0,snapshot,0,2026-10-06 20:03:59
Maharashtra,Pune,Khed(Chakan),Onion,Red/Nasik,FAQ,2026-09-23,1920.35,2649.36,2236.5,426.8,snapshot,0,2026-10-06 20:03:59
Maharashtra,Kolhapur,Kolhapur,Onion,Red/Nasik,FAQ,2026-09-23,1885.69,2671.05,2161.7,247.2,snapshot,0,2026-10-06 20:03:59
Maharashtra,Nashik,Lasalgaon,Onion,Red/Nasik,FAQ,2026-09-23,2144.08,2701.59,2400.08,181.1,snapshot,0,2026-10-06 20:03:59
Maharashtra,Pune,Manchar,Onion,Red/Nasik,FAQ,2026-09-23,1916.93,2754.35,2288.38,338.6,snapshot,0,2026-10-06 20:03:59
Maharashtra,Mumbai,Mumbai,Onion,Red/Nasik,FAQ,2026-09-23,1969.66,2660.28,2300.74,187.7,snapshot,0,2026-10-06 20:03:59
Maharashtra,Pune,Narayangaon,Onion,Red/Nasik,FAQ,2026-09-23,1978.33,2541.19,2215.13,282.2,snapshot,0,2026-10-06 20:03:59
Maharashtra,Nashik,Nashik,Onion,Red/Nasik,FAQ,2026-09-23,1985.47,2803.89,2333.63,132.9,snapshot,0,2026-10-06 20:03:59
Maharashtra,Nashik,Pimpalgaon,Onion,Red/Nasik,FAQ,2026-09-23,2240.83,2824.18,2518.98,465.8,snapshot,0,2026-10-06 20:03:59
Maharashtra,Pune,Pune,Onion,Red/Nasik,FAQ,2026-09-23,1871.33,2599.94,2255.12,411.8,snapshot,0,2026-10-06 20:03:59
Maharashtra,Ahilyanagar,Rahata,Onion,Red/Nasik,FAQ,2026-09-23,1886.98,2553.42,2265.21,456.8,snapshot,0,2026-10-06 20:03:59
Maharashtra,Ahilyanagar,Sangamner,Onion,Red/Nasik,FAQ,2026-09-23,2062.73,2805.4,2443.48,477.2,snapshot,0,2026-10-06 20:03:59
Maharashtra,Solapur,Solapur,Onion,Red/Nasik,FAQ,2026-09-23,1995.21,2597.92,2237.78,269.8,snapshot,0,2026-10-06 20:03:59
Maharashtra,Nashik,Yeola,Onion,Red/Nasik,FAQ,2026-09-23,2117.79,2775.74,2354.82,215.8,snapshot,0,2026-10-06 20:03:59
Maharashtra,Pune,Khed(Chakan),Potato,Jyoti,FAQ,2026-09-23,1769.42,2249.26,1985.06,344.4,snapshot,0,2026-10-06 20:05:02
Maharashtra,Kolhapur,Kolhapur,Potato,Jyoti,FAQ,2026-09-23,1777.05,2338.32,2031.66,464.2,snapshot,0,2026-10-06 20:05:02
Maharashtra,Pune,Manchar,Potato,Jyoti,FAQ,2026-09-23,1761.75,2273.7,2008.01,153.8,snapshot,0,2026-10-06 20:05:02
Maharashtra,Mumbai,Mumbai,Potato,Jyoti,FAQ,2026-09-23,1772.51,2253.8,1932.74,164.3,snapshot,0,2026-10-06 20:05:02
Maharashtra,Pune,Narayangaon,Potato,Jyoti,FAQ,2026-09-23,1598.92,2139.78,1830.83,92.1,snapshot,0,2026-10-06 20:05:02
Maharashtra,Nashik,Nashik,Potato,Jyoti,FAQ,2026-09-23,1609.02,2123.58,1835.25,463.2,snapshot,0,2026-10-06 20:05:02
Maharashtra,Nashik,Pimpalgaon,Potato,Jyoti,FAQ,2026-09-23,1838.38,2306.0,2041.39,141.4,snapshot,0,2026-10-06 20:05:02
Maharashtra,Pune,Pune,Potato,Jyoti,FAQ,2026-09-23,1765.09,2224.84,1986.4,243.2,snapshot,0,2026-10-06 20:05:02
Maharashtra,Ahilyanagar,Ahmednagar,Red gram/Arhar/Tur(whole),White/Desi,FAQ,2026-09-23,10204.44,11026.44,10538.67,446.4,snapshot,0,2026-10-06 20:04:30
Maharashtra,Akola,Akola,Red gram/Arhar/Tur(whole),White/Desi,FAQ,2026-09-23,9696.14,10418.15,9983.81,451.7,snapshot,0,2026-10-06 20:04:30
Maharashtra,Amravati,Amravati,Red gram/Arhar/Tur(whole),White/Desi,FAQ,2026-09-23,9852.0,10867.28,10198.64,84.4,snapshot,0,2026-10-06 20:04:30
Maharashtra,Latur,Latur,Red gram/Arhar/Tur(whole),White/Desi,FAQ,2026-09-23,10036.26,11086.1,10553.48,349.2,snapshot,0,2026-10-06 20:04:30
Maharashtra,Ahilyanagar,Ahmednagar,Soyabean,Yellow,FAQ,2026-09-23,4579.29,4840.63,4691.35,470.3,snapshot,0,2026-10-06 20:04:15
Maharashtra,Akola,Akola,Soyabean,Yellow,FAQ,2026-09-23,4552.08,4929.77,4733.37,121.7,snapshot,0,2026-10-06 20:04:15
Maharashtra,Amravati,Amravati,Soyabean,Yellow,FAQ,2026-09-23,4511.51,4806.7,4636.26,255.5,snapshot,0,2026-10-06 20:04:15
Maharashtra,Pune,Baramati,Soyabean,Yellow,FAQ,2026-09-23,4446.59,4853.38,4614.89,205.3,snapshot,0,2026-10-06 20:04:15
Maharashtra,Jalgaon,Jalgaon,Soyabean,Yellow,FAQ,2026-09-23,4620.89,4941.73,4783.77,42.9,snapshot,0,2026-10-06 20:04:15
Maharashtra,Latur,Latur,Soyabean,Yellow,FAQ,2026-09-23,4587.33,4865.99,4703.87,334.8,snapshot,0,2026-10-06 20:04:15
Maharashtra,Nagpur,Nagpur,Soyabean,Yellow,FAQ,2026-09-23,4497.32,4867.8,4670.06,372.4,snapshot,0,2026-10-06 20:04:15
Maharashtra,Pune,Pune,Soyabean,Yellow,FAQ,2026-09-23,4594.56,4942.09,4734.02,318.3,snapshot,0,2026-10-06 20:04:15
Maharashtra,Ahilyanagar,Rahata,Soyabean,Yellow,FAQ,2026-09-23,4592.09,4913.34,4753.33,201.7,snapshot,0,2026-10-06 20:04:15
Maharashtra,Ahilyanagar,Sangamner,Soyabean,Yellow,FAQ,2026-09-23,4729.54,5065.4,4849.16,312.5,snapshot,0,2026-10-06 20:04:15
Maharashtra,Solapur,Solapur,Soyabean,Yellow,FAQ,2026-09-23,4513.07,4842.53,4689.0,346.3,snapshot,0,2026-10-06 20:04:15
Maharashtra,Nashik,Yeola,Soyabean,Yellow,FAQ,2026-09-23,4653.94,5047.0,4835.72,486.0,snapshot,0,2026-10-06 20:04:15
Maharashtra,Pune,Baramati,Tomato,Hybrid,FAQ,2026-09-23,1335.57,1986.21,1620.19,76.1,snapshot,0,2026-10-06 20:03:43
Maharashtra,Pune,Khed(Chakan),Tomato,Hybrid,FAQ,2026-09-23,1709.61,2409.68,2011.96,87.8,snapshot,0,2026-10-06 20:03:43
Maharashtra,Kolhapur,Kolhapur,Tomato,Hybrid,FAQ,2026-09-23,1379.0,2014.75,1643.59,190.1,snapshot,0,2026-10-06 20:03:43
Maharashtra,Nashik,Lasalgaon,Tomato,Hybrid,FAQ,2026-09-23,1993.58,2537.63,2283.41,53.7,snapshot,0,2026-10-06 20:03:43
Maharashtra,Pune,Manchar,Tomato,Hybrid,FAQ,2026-09-23,1106.19,1710.54,1398.79,141.2,snapshot,0,2026-10-06 20:03:43
Maharashtra,Mumbai,Mumbai,Tomato,Hybrid,FAQ,2026-09-23,1764.62,2420.05,1968.1,178.0,snapshot,0,2026-10-06 20:03:43
Maharashtra,Nagpur,Nagpur,Tomato,Hybrid,FAQ,2026-09-23,1629.96,2141.76,1880.14,285.1,snapshot,0,2026-10-06 20:03:43
Maharashtra,Pune,Narayangaon,Tomato,Hybrid,FAQ,2026-09-23,1146.57,1798.69,1401.84,470.9,snapshot,0,2026-10-06 20:03:43
Maharashtra,Nashik,Nashik,Tomato,Hybrid,FAQ,2026-09-23,1749.88,2305.84,1993.59,42.0,snapshot,0,2026-10-06 20:03:43
Maharashtra,Nashik,Pimpalgaon,Tomato,Hybrid,FAQ,2026-09-23,2255.68,2739.32,2484.71,411.5,snapshot,0,2026-10-06 20:03:43
Maharashtra,Pune,Pune,Tomato,Hybrid,FAQ,2026-09-23,1509.03,2138.52,1815.92,112.6,snapshot,0,2026-10-06 20:03:43
Maharashtra,Ahilyanagar,Sangamner,Tomato,Hybrid,FAQ,2026-09-23,1363.44,2043.88,1650.46,491.7,snapshot,0,2026-10-06 20:03:43
Maharashtra,Ahilyanagar,Ahmednagar,Wheat,Lokwan,FAQ,2026-09-23,2605.11,2846.61,2719.02,421.9,snapshot,0,2026-10-06 20:05:18
Maharashtra,Akola,Akola,Wheat,Lokwan,FAQ,2026-09-23,2517.23,2834.34,2669.41,150.4,snapshot,0,2026-10-06 20:05:18
Maharashtra,Pune,Baramati,Wheat,Lokwan,FAQ,2026-09-23,2485.18,2773.73,2603.43,76.5,snapshot,0,2026-10-06 20:05:18
Maharashtra,Jalgaon,Jalgaon,Wheat,Lokwan,FAQ,2026-09-23,2706.45,2942.71,2792.06,98.2,snapshot,0,2026-10-06 20:05:18
Maharashtra,Kolhapur,Kolhapur,Wheat,Lokwan,FAQ,2026-09-23,2714.01,3012.25,2834.05,178.6,snapshot,0,2026-10-06 20:05:18
Maharashtra,Nashik,Lasalgaon,Wheat,Lokwan,FAQ,2026-09-23,2709.2,3002.96,2793.54,392.9,snapshot,0,2026-10-06 20:05:18
Maharashtra,Latur,Latur,Wheat,Lokwan,FAQ,2026-09-23,2791.01,3053.24,2904.35,336.8,snapshot,0,2026-10-06 20:05:18
Maharashtra,Mumbai,Mumbai,Wheat,Lokwan,FAQ,2026-09-23,2604.1,2918.88,2713.08,287.3,snapshot,0,2026-10-06 20:05:18
Maharashtra,Nagpur,Nagpur,Wheat,Lokwan,FAQ,2026-09-23,2564.54,2841.95,2686.16,250.2,snapshot,0,2026-10-06 20:05:18
Maharashtra,Nashik,Nashik,Wheat,Lokwan,FAQ,2026-09-23,2501.48,2813.56,2650.93,317.0,snapshot,0,2026-10-06 20:05:18
Maharashtra,Pune,Pune,Wheat,Lokwan,FAQ,2026-09-23,2537.4,2906.65,2681.31,80.5,snapshot,0,2026-10-06 20:05:18
Maharashtra,Ahilyanagar,Rahata,Wheat,Lokwan,FAQ,2026-09-23,2638.46,2980.69,2769.51,398.7,snapshot,0,2026-10-06 20:05:18
Maharashtra,Solapur,Solapur,Wheat,Lokwan,FAQ,2026-09-23,2693.41,2948.29,2786.98,484.7,snapshot,0,2026-10-06 20:05:18
Maharashtra,Nashik,Yeola,Wheat,Lokwan,FAQ,2026-09-23,2520.92,2839.45,2650.88,87.6,snapshot,0,2026-10-06 20:05:18
Maharashtra,Akola,Akola,Cotton,Medium Staple,FAQ,2026-09-22,6960.05,7459.89,7208.44,439.1,snapshot,0,2026-10-06 20:04:46
Maharashtra,Amravati,Amravati,Cotton,Medium Staple,FAQ,2026-09-22,6960.79,7514.07,7224.65,187.7,snapshot,0,2026-10-06 20:04:46
Maharashtra,Jalgaon,Jalgaon,Cotton,Medium Staple,FAQ,2026-09-22,6917.28,7451.15,7092.62,78.8,snapshot,0,2026-10-06 20:04:46
Maharashtra,Nagpur,Nagpur,Cotton,Medium Staple,FAQ,2026-09-22,7248.16,7850.76,7480.75,438.8,snapshot,0,2026-10-06 20:04:46
Maharashtra,Ahilyanagar,Ahmednagar,Onion,Red/Nasik,FAQ,2026-09-22,1932.41,2646.91,2171.59,412.0,snapshot,0,2026-10-06 20:03:59
Maharashtra,Pune,Baramati,Onion,Red/Nasik,FAQ,2026-09-22,1798.84,2331.83,2039.84,181.4,snapshot,0,2026-10-06 20:03:59
Maharashtra,Jalgaon,Jalgaon,Onion,Red/Nasik,FAQ,2026-09-22,1944.28,2547.62,2158.89,183.7,snapshot,0,2026-10-06 20:03:59
Maharashtra,Pune,Khed(Chakan),Onion,Red/Nasik,FAQ,2026-09-22,1976.95,2658.78,2248.83,486.5,snapshot,0,2026-10-06 20:03:59
Maharashtra,Kolhapur,Kolhapur,Onion,Red/Nasik,FAQ,2026-09-22,1805.6,2673.35,2191.38,237.9,snapshot,0,2026-10-06 20:03:59
Maharashtra,Nashik,Lasalgaon,Onion,Red/Nasik,FAQ,2026-09-22,2149.42,2697.66,2377.3,106.3,snapshot,0,2026-10-06 20:03:59
Maharashtra,Pune,Manchar,Onion,Red/Nasik,FAQ,2026-09-22,2014.71,2673.0,2248.17,420.7,snapshot,0,2026-10-06 20:03:59
Maharashtra,Mumbai,Mumbai,Onion,Red/Nasik,FAQ,2026-09-22,2054.63,2852.65,2359.18,44.2,snapshot,0,2026-10-06 20:03:59
Maharashtra,Pune,Narayangaon,Onion,Red/Nasik,FAQ,2026-09-22,1921.59,2601.03,2295.35,84.3,snapshot,0,2026-10-06 20:03:59
Maharashtra,Nashik,Nashik,Onion,Red/Nasik,FAQ,2026-09-22,2047.41,2573.11,2274.75,385.7,snapshot,0,2026-10-06 20:03:59
Maharashtra,Nashik,Pimpalgaon,Onion,Red/Nasik,FAQ,2026-09-22,2343.2,2925.5,2554.98,485.6,snapshot,0,2026-10-06 20:03:59
Maharashtra,Pune,Pune,Onion,Red/Nasik,FAQ,2026-09-22,1993.52,2715.36,2330.84,377.5,snapshot,0,2026-10-06 20:03:59
Maharashtra,Ahilyanagar,Rahata,Onion,Red/Nasik,FAQ,2026-09-22,2006.92,2731.57,2292.88,306.5,snapshot,0,2026-10-06 20:03:59
Maharashtra,Ahilyanagar,Sangamner,Onion,Red/Nasik,FAQ,2026-09-22,2237.55,2841.73,2485.43,301.6,snapshot,0,2026-10-06 20:03:59
Maharashtra,Solapur,Solapur,Onion,Red/Nasik,FAQ,2026-09-22,1958.64,2615.02,2260.64,139.6,snapshot,0,2026-10-06 20:03:59
Maharashtra,Nashik,Yeola,Onion,Red/Nasik,FAQ,2026-09-22,1985.96,2633.66,2329.42,411.4,snapshot,0,2026-10-06 20:03:59
Maharashtra,Pune,Khed(Chakan),Potato,Jyoti,FAQ,2026-09-22,1754.59,2189.08,1951.52,359.8,snapshot,0,2026-10-06 20:05:02
Maharashtra,Kolhapur,Kolhapur,Potato,Jyoti,FAQ,2026-09-22,1874.09,2340.28,2026.78,90.8,snapshot,0,2026-10-06 20:05:02
Maharashtra,Pune,Manchar,Potato,Jyoti,FAQ,2026-09-22,1855.92,2265.36,2027.41,341.2,snapshot,0,2026-10-06 20:05:02
Maharashtra,Mumbai,Mumbai,Potato,Jyoti,FAQ,2026-09-22,1839.25,2313.08,1984.67,238.8,snapshot,0,2026-10-06 20:05:02
Maharashtra,Pune,Narayangaon,Potato,Jyoti,FAQ,2026-09-22,1619.16,2071.67,1779.35,381.6,snapshot,0,2026-10-06 20:05:02
Maharashtra,Nashik,Nashik,Potato,Jyoti,FAQ,2026-09-22,1628.65,2193.3,1812.8,94.0,snapshot,0,2026-10-06 20:05:02
Maharashtra,Nashik,Pimpalgaon,Potato,Jyoti,FAQ,2026-09-22,1879.7,2406.56,2114.58,365.6,snapshot,0,2026-10-06 20:05:02
Maharashtra,Pune,Pune,Potato,Jyoti,FAQ,2026-09-22,1822.59,2318.55,1963.72,454.6,snapshot,0,2026-10-06 20:05:02
Maharashtra,Ahilyanagar,Ahmednagar,Red gram/Arhar/Tur(whole),White/Desi,FAQ,2026-09-22,10170.82,10964.09,10493.54,185.1,snapshot,0,2026-10-06 20:04:30
Maharashtra,Akola,Akola,Red gram/Arhar/Tur(whole),White/Desi,FAQ,2026-09-22,9553.67,10484.22,10039.11,379.1,snapshot,0,2026-10-06 20:04:30
Maharashtra,Amravati,Amravati,Red gram/Arhar/Tur(whole),White/Desi,FAQ,2026-09-22,9749.02,10765.91,10126.52,489.3,snapshot,0,2026-10-06 20:04:30
Maharashtra,Latur,Latur,Red gram/Arhar/Tur(whole),White/Desi,FAQ,2026-09-22,9973.08,11070.46,10432.71,370.8,snapshot,0,2026-10-06 20:04:30
Maharashtra,Solapur,Solapur,Red gram/Arhar/Tur(whole),White/Desi,FAQ,2026-09-22,9924.65,10811.24,10209.62,66.2,snapshot,0,2026-10-06 20:04:30
Maharashtra,Ahilyanagar,Ahmednagar,Soyabean,Yellow,FAQ,2026-09-22,4528.96,4885.05,4699.32,499.0,snapshot,0,2026-10-06 20:04:15
Maharashtra,Akola,Akola,Soyabean,Yellow,FAQ,2026-09-22,4534.5,4846.19,4680.84,102.6,snapshot,0,2026-10-06 20:04:15
Maharashtra,Amravati,Amravati,Soyabean,Yellow,FAQ,2026-09-22,4432.39,4802.13,4556.79,145.7,snapshot,0,2026-10-06 20:04:15
Maharashtra,Pune,Baramati,Soyabean,Yellow,FAQ,2026-09-22,4447.98,4792.08,4586.21,64.4,snapshot,0,2026-10-06 20:04:15
Maharashtra,Jalgaon,Jalgaon,Soyabean,Yellow,FAQ,2026-09-22,4581.61,4936.9,4743.97,476.8,snapshot,0,2026-10-06 20:04:15
Maharashtra,Latur,Latur,Soyabean,Yellow,FAQ,2026-09-22,4555.09,4859.53,4696.59,156.4,snapshot,0,2026-10-06 20:04:15
Maharashtra,Nagpur,Nagpur,Soyabean,Yellow,FAQ,2026-09-22,4437.36,4807.96,4610.28,497.7,snapshot,0,2026-10-06 20:04:15
Maharashtra,Pune,Pune,Soyabean,Yellow,FAQ,2026-09-22,4636.8,4981.27,4747.85,208.5,snapshot,0,2026-10-06 20:04:15
Maharashtra,Ahilyanagar,Rahata,Soyabean,Yellow,FAQ,2026-09-22,4596.08,4950.4,4729.46,53.6,snapshot,0,2026-10-06 20:04:15
Maharashtra,Ahilyanagar,Sangamner,Soyabean,Yellow,FAQ,2026-09-22,4749.06,5049.46,4870.89,496.3,snapshot,0,2026-10-06 20:04:15
Maharashtra,Solapur,Solapur,Soyabean,Yellow,FAQ,2026-09-22,4499.14,4808.61,4667.27,67.6,snapshot,0,2026-10-06 20:04:15
Maharashtra,Nashik,Yeola,Soyabean,Yellow,FAQ,2026-09-22,4691.39,4969.37,4820.13,352.4,snapshot,0,2026-10-06 20:04:15
Maharashtra,Pune,Baramati,Tomato,Hybrid,FAQ,2026-09-22,1405.76,2086.91,1716.91,178.2,snapshot,0,2026-10-06 20:03:43
Maharashtra,Pune,Khed(Chakan),Tomato,Hybrid,FAQ,2026-09-22,1847.64,2410.6,2165.29,342.4,snapshot,0,2026-10-06 20:03:43
Maharashtra,Kolhapur,Kolhapur,Tomato,Hybrid,FAQ,2026-09-22,1366.28,2011.25,1622.46,189.8,snapshot,0,2026-10-06 20:03:43
Maharashtra,Nashik,Lasalgaon,Tomato,Hybrid,FAQ,2026-09-22,2080.35,2584.76,2298.94,309.4,snapshot,0,2026-10-06 20:03:43
Maharashtra,Pune,Manchar,Tomato,Hybrid,FAQ,2026-09-22,1212.51,1826.35,1461.09,204.7,snapshot,0,2026-10-06 20:03:43
Maharashtra,Mumbai,Mumbai,Tomato,Hybrid,FAQ,2026-09-22,1632.42,2188.29,1915.54,65.5,snapshot,0,2026-10-06 20:03:43
Maharashtra,Nagpur,Nagpur,Tomato,Hybrid,FAQ,2026-09-22,1681.69,2301.58,1909.92,235.5,snapshot,0,2026-10-06 20:03:43
Maharashtra,Nashik,Nashik,Tomato,Hybrid,FAQ,2026-09-22,1587.96,2173.52,1823.64,106.9,snapshot,0,2026-10-06 20:03:43
Maharashtra,Nashik,Pimpalgaon,Tomato,Hybrid,FAQ,2026-09-22,1971.03,2705.31,2289.66,47.6,snapshot,0,2026-10-06 20:03:43
Maharashtra,Pune,Pune,Tomato,Hybrid,FAQ,2026-09-22,1579.76,2235.52,1794.54,445.2,snapshot,0,2026-10-06 20:03:43
Maharashtra,Ahilyanagar,Sangamner,Tomato,Hybrid,FAQ,2026-09-22,1464.72,2165.42,1733.81,490.4,snapshot,0,2026-10-06 20:03:43
Maharashtra,Ahilyanagar,Ahmednagar,Wheat,Lokwan,FAQ,2026-09-22,2618.65,2911.96,2707.97,390.7,snapshot,0,2026-10-06 20:05:18
Maharashtra,Akola,Akola,Wheat,Lokwan,FAQ,2026-09-22,2549.14,2912.09,2688.73,332.4,snapshot,0,2026-10-06 20:05:18
Maharashtra,Pune,Baramati,Wheat,Lokwan,FAQ,2026-09-22,2452.61,2751.85,2600.16,310.9,snapshot,0,2026-10-06 20:05:18
Maharashtra,Jalgaon,Jalgaon,Wheat,Lokwan,FAQ,2026-09-22,2628.74,2954.72,2782.15,436.5,snapshot,0,2026-10-06 20:05:18
Maharashtra,Kolhapur,Kolhapur,Wheat,Lokwan,FAQ,2026-09-22,2676.16,2968.12,2830.36,274.7,snapshot,0,2026-10-06 20:05:18
Maharashtra,Nashik,Lasalgaon,Wheat,Lokwan,FAQ,2026-09-22,2736.47,3007.89,2848.59,64.1,snapshot,0,2026-10-06 20:05:18
Maharashtra,Latur,Latur,Wheat,Lokwan,FAQ,2026-09-22,2707.3,3062.58,2857.02,283.2,snapshot,0,2026-10-06 20:05:18
Maharashtra,Mumbai,Mumbai,Wheat,Lokwan,FAQ,2026-09-22,2553.29,2904.35,2698.82,71.7,snapshot,0,2026-10-06 20:05:18
Maharashtra,Nagpur,Nagpur,Wheat,Lokwan,FAQ,2026-09-22,2612.57,2892.92,2717.71,479.8,snapshot,0,2026-10-06 20:05:18
Maharashtra,Nashik,Nashik,Wheat,Lokwan,FAQ,2026-09-22,2519.72,2779.55,2628.48,141.1,snapshot,0,2026-10-06 20:05:18
Maharashtra,Pune,Pune,Wheat,Lokwan,FAQ,2026-09-22,2570.42,2890.34,2677.8,324.3,snapshot,0,2026-10-06 20:05:18
Maharashtra,Ahilyanagar,Rahata,Wheat,Lokwan,FAQ,2026-09-22,2705.71,3030.34,2801.02,491.3,snapshot,0,2026-10-06 20:05:18
Maharashtra,Solapur,Solapur,Wheat,Lokwan,FAQ,2026-09-22,2675.2,2990.41,2787.82,188.8,snapshot,0,2026-10-06 20:05:18
Maharashtra,Nashik,Yeola,Wheat,Lokwan,FAQ,2026-09-22,2582.79,2913.57,2686.59,328.6,snapshot,0,2026-10-06 20:05:18
Maharashtra,Akola,Akola,Cotton,Medium Staple,FAQ,2026-09-21,6977.95,7563.58,7267.57,175.0,snapshot,0,2026-10-06 20:04:46
Maharashtra,Amravati,Amravati,Cotton,Medium Staple,FAQ,2026-09-21,6893.54,7381.33,7132.78,469.3,snapshot,0,2026-10-06 20:04:46
Maharashtra,Jalgaon,Jalgaon,Cotton,Medium Staple,FAQ,2026-09-21,6828.52,7473.06,7064.28,107.4,snapshot,0,2026-10-06 20:04:46
Maharashtra,Nagpur,Nagpur,Cotton,Medium Staple,FAQ,2026-09-21,7166.84,7723.9,7414.01,211.0,snapshot,0,2026-10-06 20:04:46
Maharashtra,Ahilyanagar,Ahmednagar,Onion,Red/Nasik,FAQ,2026-09-21,1928.39,2514.94,2174.34,241.3,snapshot,0,2026-10-06 20:03:59
Maharashtra,Pune,Baramati,Onion,Red/Nasik,FAQ,2026-09-21,1743.4,2538.54,2038.22,61.1,snapshot,0,2026-10-06 20:03:59
Maharashtra,Jalgaon,Jalgaon,Onion,Red/Nasik,FAQ,2026-09-21,1842.12,2533.99,2161.89,154.4,snapshot,0,2026-10-06 20:03:59
Maharashtra,Pune,Khed(Chakan),Onion,Red/Nasik,FAQ,2026-09-21,1995.16,2548.29,2253.5,386.0,snapshot,0,2026-10-06 20:03:59
Maharashtra,Kolhapur,Kolhapur,Onion,Red/Nasik,FAQ,2026-09-21,1999.39,2769.79,2320.75,328.3,snapshot,0,2026-10-06 20:03:59
Maharashtra,Nashik,Lasalgaon,Onion,Red/Nasik,FAQ,2026-09-21,2095.74,2866.75,2380.43,186.0,snapshot,0,2026-10-06 20:03:59
Maharashtra,Pune,Manchar,Onion,Red/Nasik,FAQ,2026-09-21,1984.8,2669.96,2201.83,271.5,snapshot,0,2026-10-06 20:03:59
Maharashtra,Mumbai,Mumbai,Onion,Red/Nasik,FAQ,2026-09-21,2135.87,2729.65,2398.67,176.6,snapshot,0,2026-10-06 20:03:59
Maharashtra,Pune,Narayangaon,Onion,Red/Nasik,FAQ,2026-09-21,1952.95,2623.01,2338.9,414.1,snapshot,0,2026-10-06 20:03:59
Maharashtra,Nashik,Nashik,Onion,Red/Nasik,FAQ,2026-09-21,1845.8,2602.6,2230.77,352.4,snapshot,0,2026-10-06 20:03:59
Maharashtra,Nashik,Pimpalgaon,Onion,Red/Nasik,FAQ,2026-09-21,2264.36,2899.71,2539.67,165.7,snapshot,0,2026-10-06 20:03:59
Maharashtra,Pune,Pune,Onion,Red/Nasik,FAQ,2026-09-21,2043.24,2706.59,2401.26,482.0,snapshot,0,2026-10-06 20:03:59
Maharashtra,Ahilyanagar,Rahata,Onion,Red/Nasik,FAQ,2026-09-21,1988.76,2710.87,2292.35,446.4,snapshot,0,2026-10-06 20:03:59
Maharashtra,Ahilyanagar,Sangamner,Onion,Red/Nasik,FAQ,2026-09-21,2174.67,2781.98,2492.13,469.5,snapshot,0,2026-10-06 20:03:59
Maharashtra,Solapur,Solapur,Onion,Red/Nasik,FAQ,2026-09-21,2008.25,2658.31,2228.04,300.7,snapshot,0,2026-10-06 20:03:59
Maharashtra,Nashik,Yeola,Onion,Red/Nasik,FAQ,2026-09-21,1948.92,2803.26,2289.54,363.2,snapshot,0,2026-10-06 20:03:59
Maharashtra,Pune,Khed(Chakan),Potato,Jyoti,FAQ,2026-09-21,1839.41,2315.93,1981.78,231.7,snapshot,0,2026-10-06 20:05:02
Maharashtra,Kolhapur,Kolhapur,Potato,Jyoti,FAQ,2026-09-21,1781.21,2295.11,2020.47,288.4,snapshot,0,2026-10-06 20:05:02
Maharashtra,Pune,Manchar,Potato,Jyoti,FAQ,2026-09-21,1825.28,2245.84,2031.09,222.6,snapshot,0,2026-10-06 20:05:02
Maharashtra,Mumbai,Mumbai,Potato,Jyoti,FAQ,2026-09-21,1784.75,2168.29,1954.9,194.9,snapshot,0,2026-10-06 20:05:02
Maharashtra,Pune,Narayangaon,Potato,Jyoti,FAQ,2026-09-21,1633.78,2124.47,1777.48,174.4,snapshot,0,2026-10-06 20:05:02
Maharashtra,Nashik,Nashik,Potato,Jyoti,FAQ,2026-09-21,1645.82,2088.26,1806.07,237.3,snapshot,0,2026-10-06 20:05:02
Maharashtra,Nashik,Pimpalgaon,Potato,Jyoti,FAQ,2026-09-21,1982.88,2383.77,2144.97,140.2,snapshot,0,2026-10-06 20:05:02
Maharashtra,Pune,Pune,Potato,Jyoti,FAQ,2026-09-21,1719.29,2204.59,1968.83,252.1,snapshot,0,2026-10-06 20:05:02
Maharashtra,Ahilyanagar,Ahmednagar,Red gram/Arhar/Tur(whole),White/Desi,FAQ,2026-09-21,10028.94,11046.9,10354.8,101.1,snapshot,0,2026-10-06 20:04:30
Maharashtra,Akola,Akola,Red gram/Arhar/Tur(whole),White/Desi,FAQ,2026-09-21,9491.4,10671.57,9998.69,108.7,snapshot,0,2026-10-06 20:04:30
Maharashtra,Amravati,Amravati,Red gram/Arhar/Tur(whole),White/Desi,FAQ,2026-09-21,9788.26,10728.48,10276.06,436.8,snapshot,0,2026-10-06 20:04:30
Maharashtra,Latur,Latur,Red gram/Arhar/Tur(whole),White/Desi,FAQ,2026-09-21,10237.73,11243.42,10541.31,288.0,snapshot,0,2026-10-06 20:04:30
Maharashtra,Solapur,Solapur,Red gram/Arhar/Tur(whole),White/Desi,FAQ,2026-09-21,9843.19,10605.3,10182.15,433.5,snapshot,0,2026-10-06 20:04:30
Maharashtra,Ahilyanagar,Ahmednagar,Soyabean,Yellow,FAQ,2026-09-21,4535.64,4874.26,4692.97,138.8,snapshot,0,2026-10-06 20:04:15
Maharashtra,Akola,Akola,Soyabean,Yellow,FAQ,2026-09-21,4627.15,5019.13,4768.09,453.3,snapshot,0,2026-10-06 20:04:15
Maharashtra,Amravati,Amravati,Soyabean,Yellow,FAQ,2026-09-21,4528.49,4810.89,4654.53,101.8,snapshot,0,2026-10-06 20:04:15
Maharashtra,Pune,Baramati,Soyabean,Yellow,FAQ,2026-09-21,4451.09,4815.19,4556.82,225.9,snapshot,0,2026-10-06 20:04:15
Maharashtra,Jalgaon,Jalgaon,Soyabean,Yellow,FAQ,2026-09-21,4589.36,4981.36,4739.32,495.6,snapshot,0,2026-10-06 20:04:15
Maharashtra,Latur,Latur,Soyabean,Yellow,FAQ,2026-09-21,4690.59,4997.24,4806.81,338.2,snapshot,0,2026-10-06 20:04:15
Maharashtra,Nagpur,Nagpur,Soyabean,Yellow,FAQ,2026-09-21,4531.41,4893.96,4654.73,253.4,snapshot,0,2026-10-06 20:04:15
Maharashtra,Pune,Pune,Soyabean,Yellow,FAQ,2026-09-21,4558.48,4906.36,4749.23,319.5,snapshot,0,2026-10-06 20:04:15
Maharashtra,Ahilyanagar,Rahata,Soyabean,Yellow,FAQ,2026-09-21,4617.69,4918.68,4753.77,493.0,snapshot,0,2026-10-06 20:04:15
Maharashtra,Ahilyanagar,Sangamner,Soyabean,Yellow,FAQ,2026-09-21,4728.88,5139.39,4882.66,362.0,snapshot,0,2026-10-06 20:04:14
Maharashtra,Solapur,Solapur,Soyabean,Yellow,FAQ,2026-09-21,4506.67,4856.02,4648.86,146.8,snapshot,0,2026-10-06 20:04:15
Maharashtra,Nashik,Yeola,Soyabean,Yellow,FAQ,2026-09-21,4721.95,4981.25,4839.72,258.3,snapshot,0,2026-10-06 20:04:15
Maharashtra,Pune,Baramati,Tomato,Hybrid,FAQ,2026-09-21,1463.16,2038.41,1757.1,419.8,snapshot,0,2026-10-06 20:03:43
Maharashtra,Pune,Khed(Chakan),Tomato,Hybrid,FAQ,2026-09-21,1852.3,2382.74,2088.81,199.4,snapshot,0,2026-10-06 20:03:43
Maharashtra,Kolhapur,Kolhapur,Tomato,Hybrid,FAQ,2026-09-21,1452.47,1944.58,1693.41,269.5,snapshot,0,2026-10-06 20:03:43
Maharashtra,Nashik,Lasalgaon,Tomato,Hybrid,FAQ,2026-09-21,1958.69,2603.36,2282.17,73.9,snapshot,0,2026-10-06 20:03:43
Maharashtra,Pune,Manchar,Tomato,Hybrid,FAQ,2026-09-21,1313.63,1792.7,1537.02,468.9,snapshot,0,2026-10-06 20:03:43
Maharashtra,Mumbai,Mumbai,Tomato,Hybrid,FAQ,2026-09-21,1622.96,2295.72,1901.77,135.1,snapshot,0,2026-10-06 20:03:43
Maharashtra,Nagpur,Nagpur,Tomato,Hybrid,FAQ,2026-09-21,1696.15,2200.38,1927.46,391.8,snapshot,0,2026-10-06 20:03:43
Maharashtra,Pune,Narayangaon,Tomato,Hybrid,FAQ,2026-09-21,1049.5,1583.01,1296.12,483.4,snapshot,0,2026-10-06 20:03:43
Maharashtra,Nashik,Nashik,Tomato,Hybrid,FAQ,2026-09-21,1653.73,2243.04,1884.67,114.8,snapshot,0,2026-10-06 20:03:43
Maharashtra,Nashik,Pimpalgaon,Tomato,Hybrid,FAQ,2026-09-21,1944.76,2563.38,2218.59,230.0,snapshot,0,2026-10-06 20:03:43
Maharashtra,Pune,Pune,Tomato,Hybrid,FAQ,2026-09-21,1501.96,2200.38,1745.7,498.2,snapshot,0,2026-10-06 20:03:43
Maharashtra,Ahilyanagar,Sangamner,Tomato,Hybrid,FAQ,2026-09-21,1409.08,2031.06,1666.76,229.7,snapshot,0,2026-10-06 20:03:43
Maharashtra,Ahilyanagar,Ahmednagar,Wheat,Lokwan,FAQ,2026-09-21,2577.55,2848.9,2708.73,380.6,snapshot,0,2026-10-06 20:05:18
Maharashtra,Akola,Akola,Wheat,Lokwan,FAQ,2026-09-21,2566.43,2872.46,2683.08,451.7,snapshot,0,2026-10-06 20:05:18
Maharashtra,Pune,Baramati,Wheat,Lokwan,FAQ,2026-09-21,2496.46,2774.21,2598.68,433.5,snapshot,0,2026-10-06 20:05:18
Maharashtra,Jalgaon,Jalgaon,Wheat,Lokwan,FAQ,2026-09-21,2629.07,2881.21,2748.7,315.6,snapshot,0,2026-10-06 20:05:18
Maharashtra,Kolhapur,Kolhapur,Wheat,Lokwan,FAQ,2026-09-21,2704.9,3025.03,2836.59,334.0,snapshot,0,2026-10-06 20:05:18
Maharashtra,Nashik,Lasalgaon,Wheat,Lokwan,FAQ,2026-09-21,2719.2,3077.07,2863.43,334.9,snapshot,0,2026-10-06 20:05:18
Maharashtra,Latur,Latur,Wheat,Lokwan,FAQ,2026-09-21,2700.42,3065.62,2855.35,197.6,snapshot,0,2026-10-06 20:05:18
Maharashtra,Mumbai,Mumbai,Wheat,Lokwan,FAQ,2026-09-21,2558.56,2922.38,2688.82,144.3,snapshot,0,2026-10-06 20:05:18
Maharashtra,Nagpur,Nagpur,Wheat,Lokwan,FAQ,2026-09-21,2632.3,2905.98,2747.07,429.4,snapshot,0,2026-10-06 20:05:18
Maharashtra,Nashik,Nashik,Wheat,Lokwan,FAQ,2026-09-21,2516.66,2826.96,2625.63,49.6,snapshot,0,2026-10-06 20:05:18
Maharashtra,Pune,Pune,Wheat,Lokwan,FAQ,2026-09-21,2548.36,2876.27,2673.64,232.1,snapshot,0,2026-10-06 20:05:18
Maharashtra,Ahilyanagar,Rahata,Wheat,Lokwan,FAQ,2026-09-21,2688.36,2992.39,2783.62,401.5,snapshot,0,2026-10-06 20:05:18
Maharashtra,Solapur,Solapur,Wheat,Lokwan,FAQ,2026-09-21,2682.43,2981.09,2827.85,125.8,snapshot,0,2026-10-06 20:05:18
Maharashtra,Nashik,Yeola,Wheat,Lokwan,FAQ,2026-09-21,2579.29,2891.19,2680.95,401.6,snapshot,0,2026-10-06 20:05:18
Maharashtra,Akola,Akola,Cotton,Medium Staple,FAQ,2026-09-19,7156.47,7681.26,7344.2,395.8,snapshot,0,2026-10-06 20:04:46
Maharashtra,Amravati,Amravati,Cotton,Medium Staple,FAQ,2026-09-19,6884.89,7582.67,7144.82,197.4,snapshot,0,2026-10-06 20:04:46
Maharashtra,Jalgaon,Jalgaon,Cotton,Medium Staple,FAQ,2026-09-19,6786.71,7464.13,7022.11,148.5,snapshot,0,2026-10-06 20:04:46
Maharashtra,Nagpur,Nagpur,Cotton,Medium Staple,FAQ,2026-09-19,7215.48,7776.14,7426.89,131.1,snapshot,0,2026-10-06 20:04:46
Maharashtra,Ahilyanagar,Ahmednagar,Onion,Red/Nasik,FAQ,2026-09-19,1817.82,2613.12,2095.79,303.9,snapshot,0,2026-10-06 20:03:59
Maharashtra,Pune,Baramati,Onion,Red/Nasik,FAQ,2026-09-19,1868.74,2399.36,2085.38,340.8,snapshot,0,2026-10-06 20:03:59
Maharashtra,Jalgaon,Jalgaon,Onion,Red/Nasik,FAQ,2026-09-19,1865.89,2691.09,2242.61,170.2,snapshot,0,2026-10-06 20:03:59
Maharashtra,Pune,Khed(Chakan),Onion,Red/Nasik,FAQ,2026-09-19,1948.15,2597.15,2205.54,144.1,snapshot,0,2026-10-06 20:03:59
Maharashtra,Kolhapur,Kolhapur,Onion,Red/Nasik,FAQ,2026-09-19,2011.23,2653.69,2323.53,151.3,snapshot,0,2026-10-06 20:03:59
Maharashtra,Nashik,Lasalgaon,Onion,Red/Nasik,FAQ,2026-09-19,2008.16,2658.9,2373.32,241.0,snapshot,0,2026-10-06 20:03:59
Maharashtra,Pune,Manchar,Onion,Red/Nasik,FAQ,2026-09-19,1955.92,2577.46,2183.25,322.8,snapshot,0,2026-10-06 20:03:59
Maharashtra,Mumbai,Mumbai,Onion,Red/Nasik,FAQ,2026-09-19,2121.67,2844.31,2372.7,277.5,snapshot,0,2026-10-06 20:03:59
Maharashtra,Pune,Narayangaon,Onion,Red/Nasik,FAQ,2026-09-19,2126.05,2745.24,2338.18,166.4,snapshot,0,2026-10-06 20:03:59
Maharashtra,Nashik,Nashik,Onion,Red/Nasik,FAQ,2026-09-19,1989.04,2504.92,2208.55,351.9,snapshot,0,2026-10-06 20:03:59
Maharashtra,Nashik,Pimpalgaon,Onion,Red/Nasik,FAQ,2026-09-19,2222.49,2827.03,2531.2,334.5,snapshot,0,2026-10-06 20:03:59
Maharashtra,Pune,Pune,Onion,Red/Nasik,FAQ,2026-09-19,2087.17,2750.14,2388.24,430.8,snapshot,0,2026-10-06 20:03:59
Maharashtra,Ahilyanagar,Rahata,Onion,Red/Nasik,FAQ,2026-09-19,1953.56,2736.46,2222.71,347.4,snapshot,0,2026-10-06 20:03:59
Maharashtra,Ahilyanagar,Sangamner,Onion,Red/Nasik,FAQ,2026-09-19,2218.73,2924.64,2539.49,105.7,snapshot,0,2026-10-06 20:03:59
Maharashtra,Solapur,Solapur,Onion,Red/Nasik,FAQ,2026-09-19,1922.49,2768.38,2292.09,206.0,snapshot,0,2026-10-06 20:03:59
Maharashtra,Nashik,Yeola,Onion,Red/Nasik,FAQ,2026-09-19,1976.36,2584.79,2258.02,385.8,snapshot,0,2026-10-06 20:03:59
Maharashtra,Pune,Khed(Chakan),Potato,Jyoti,FAQ,2026-09-19,1722.93,2311.44,1982.29,340.6,snapshot,0,2026-10-06 20:05:02
Maharashtra,Kolhapur,Kolhapur,Potato,Jyoti,FAQ,2026-09-19,1773.06,2263.65,2029.54,476.1,snapshot,0,2026-10-06 20:05:02
Maharashtra,Pune,Manchar,Potato,Jyoti,FAQ,2026-09-19,1873.32,2247.16,2025.68,444.2,snapshot,0,2026-10-06 20:05:02
Maharashtra,Mumbai,Mumbai,Potato,Jyoti,FAQ,2026-09-19,1758.19,2283.03,1957.98,142.5,snapshot,0,2026-10-06 20:05:02
Maharashtra,Pune,Narayangaon,Potato,Jyoti,FAQ,2026-09-19,1562.63,2101.39,1803.42,78.0,snapshot,0,2026-10-06 20:05:02
Maharashtra,Nashik,Nashik,Potato,Jyoti,FAQ,2026-09-19,1598.4,2100.99,1855.3,362.6,snapshot,0,2026-10-06 20:05:02
Maharashtra,Nashik,Pimpalgaon,Potato,Jyoti,FAQ,2026-09-19,1954.83,2470.5,2188.35,164.9,snapshot,0,2026-10-06 20:05:02
Maharashtra,Pune,Pune,Potato,Jyoti,FAQ,2026-09-19,1715.91,2281.96,1960.41,150.8,snapshot,0,2026-10-06 20:05:02
Maharashtra,Ahilyanagar,Ahmednagar,Red gram/Arhar/Tur(whole),White/Desi,FAQ,2026-09-19,9938.17,11070.35,10419.12,454.7,snapshot,0,2026-10-06 20:04:30
Maharashtra,Akola,Akola,Red gram/Arhar/Tur(whole),White/Desi,FAQ,2026-09-19,9579.36,10345.47,9903.46,125.9,snapshot,0,2026-10-06 20:04:30
Maharashtra,Amravati,Amravati,Red gram/Arhar/Tur(whole),White/Desi,FAQ,2026-09-19,9988.17,11112.87,10488.26,436.5,snapshot,0,2026-10-06 20:04:30
Maharashtra,Latur,Latur,Red gram/Arhar/Tur(whole),White/Desi,FAQ,2026-09-19,10358.03,11146.41,10657.86,478.4,snapshot,0,2026-10-06 20:04:30
Maharashtra,Ahilyanagar,Ahmednagar,Soyabean,Yellow,FAQ,2026-09-19,4588.98,4973.65,4739.95,273.8,snapshot,0,2026-10-06 20:04:15
Maharashtra,Akola,Akola,Soyabean,Yellow,FAQ,2026-09-19,4724.08,5058.83,4830.71,69.1,snapshot,0,2026-10-06 20:04:15
Maharashtra,Amravati,Amravati,Soyabean,Yellow,FAQ,2026-09-19,4562.6,4938.89,4679.61,326.9,snapshot,0,2026-10-06 20:04:15
Maharashtra,Pune,Baramati,Soyabean,Yellow,FAQ,2026-09-19,4372.58,4747.32,4566.01,81.1,snapshot,0,2026-10-06 20:04:15
Maharashtra,Jalgaon,Jalgaon,Soyabean,Yellow,FAQ,2026-09-19,4591.08,5008.27,4748.86,265.7,snapshot,0,2026-10-06 20:04:15
Maharashtra,Latur,Latur,Soyabean,Yellow,FAQ,2026-09-19,4725.73,5026.5,4856.62,433.8,snapshot,0,2026-10-06 20:04:15
Maharashtra,Nagpur,Nagpur,Soyabean,Yellow,FAQ,2026-09-19,4509.7,4839.92,4646.93,52.6,snapshot,0,2026-10-06 20:04:15
Maharashtra,Pune,Pune,Soyabean,Yellow,FAQ,2026-09-19,4587.93,4961.76,4725.63,352.5,snapshot,0,2026-10-06 20:04:15
Maharashtra,Ahilyanagar,Rahata,Soyabean,Yellow,FAQ,2026-09-19,4546.87,4954.74,4738.97,298.2,snapshot,0,2026-10-06 20:04:15
Maharashtra,Ahilyanagar,Sangamner,Soyabean,Yellow,FAQ,2026-09-19,4764.99,5049.55,4885.82,106.2,snapshot,0,2026-10-06 20:04:14
Maharashtra,Solapur,Solapur,Soyabean,Yellow,FAQ,2026-09-19,4508.5,4854.31,4619.51,125.3,snapshot,0,2026-10-06 20:04:15
Maharashtra,Nashik,Yeola,Soyabean,Yellow,FAQ,2026-09-19,4699.28,4973.01,4810.53,453.9,snapshot,0,2026-10-06 20:04:15
Maharashtra,Pune,Baramati,Tomato,Hybrid,FAQ,2026-09-19,1399.4,2111.28,1712.08,372.8,snapshot,0,2026-10-06 20:03:43
Maharashtra,Pune,Khed(Chakan),Tomato,Hybrid,FAQ,2026-09-19,1640.9,2226.45,1929.97,42.9,snapshot,0,2026-10-06 20:03:43
Maharashtra,Kolhapur,Kolhapur,Tomato,Hybrid,FAQ,2026-09-19,1525.68,2111.39,1733.0,343.6,snapshot,0,2026-10-06 20:03:43
Maharashtra,Nashik,Lasalgaon,Tomato,Hybrid,FAQ,2026-09-19,2041.61,2615.74,2327.62,124.8,snapshot,0,2026-10-06 20:03:43
Maharashtra,Pune,Manchar,Tomato,Hybrid,FAQ,2026-09-19,1167.38,1726.34,1448.83,110.7,snapshot,0,2026-10-06 20:03:43
Maharashtra,Mumbai,Mumbai,Tomato,Hybrid,FAQ,2026-09-19,1575.57,2250.13,1801.26,215.8,snapshot,0,2026-10-06 20:03:43
Maharashtra,Nagpur,Nagpur,Tomato,Hybrid,FAQ,2026-09-19,1662.02,2274.98,1837.14,175.1,snapshot,0,2026-10-06 20:03:43
Maharashtra,Pune,Narayangaon,Tomato,Hybrid,FAQ,2026-09-19,1093.84,1771.24,1329.88,444.1,snapshot,0,2026-10-06 20:03:43
Maharashtra,Nashik,Nashik,Tomato,Hybrid,FAQ,2026-09-19,1609.16,2100.92,1789.36,198.2,snapshot,0,2026-10-06 20:03:43
Maharashtra,Nashik,Pimpalgaon,Tomato,Hybrid,FAQ,2026-09-19,1811.89,2431.52,2109.15,324.4,snapshot,0,2026-10-06 20:03:43
Maharashtra,Pune,Pune,Tomato,Hybrid,FAQ,2026-09-19,1586.78,2212.1,1809.21,73.4,snapshot,0,2026-10-06 20:03:43
Maharashtra,Ahilyanagar,Sangamner,Tomato,Hybrid,FAQ,2026-09-19,1376.2,2064.0,1643.03,230.7,snapshot,0,2026-10-06 20:03:43
Maharashtra,Ahilyanagar,Ahmednagar,Wheat,Lokwan,FAQ,2026-09-19,2624.16,2867.13,2727.78,400.7,snapshot,0,2026-10-06 20:05:18
Maharashtra,Akola,Akola,Wheat,Lokwan,FAQ,2026-09-19,2616.67,2896.26,2741.26,192.2,snapshot,0,2026-10-06 20:05:18
Maharashtra,Pune,Baramati,Wheat,Lokwan,FAQ,2026-09-19,2510.32,2751.7,2603.79,326.4,snapshot,0,2026-10-06 20:05:18
Maharashtra,Jalgaon,Jalgaon,Wheat,Lokwan,FAQ,2026-09-19,2653.98,2907.52,2764.03,146.2,snapshot,0,2026-10-06 20:05:18
Maharashtra,Kolhapur,Kolhapur,Wheat,Lokwan,FAQ,2026-09-19,2726.0,3032.02,2854.9,421.7,snapshot,0,2026-10-06 20:05:18
Maharashtra,Nashik,Lasalgaon,Wheat,Lokwan,FAQ,2026-09-19,2727.88,3009.83,2860.48,360.5,snapshot,0,2026-10-06 20:05:18
Maharashtra,Latur,Latur,Wheat,Lokwan,FAQ,2026-09-19,2754.85,3046.63,2860.74,405.2,snapshot,0,2026-10-06 20:05:18
Maharashtra,Mumbai,Mumbai,Wheat,Lokwan,FAQ,2026-09-19,2563.74,2913.55,2688.0,344.5,snapshot,0,2026-10-06 20:05:18
Maharashtra,Nagpur,Nagpur,Wheat,Lokwan,FAQ,2026-09-19,2682.84,2966.34,2782.71,160.5,snapshot,0,2026-10-06 20:05:18
Maharashtra,Nashik,Nashik,Wheat,Lokwan,FAQ,2026-09-19,2517.52,2815.04,2635.6,471.9,snapshot,0,2026-10-06 20:05:18
Maharashtra,Pune,Pune,Wheat,Lokwan,FAQ,2026-09-19,2521.64,2891.07,2671.96,304.8,snapshot,0,2026-10-06 20:05:18
Maharashtra,Ahilyanagar,Rahata,Wheat,Lokwan,FAQ,2026-09-19,2645.69,2961.25,2773.58,111.1,snapshot,0,2026-10-06 20:05:18
Maharashtra,Solapur,Solapur,Wheat,Lokwan,FAQ,2026-09-19,2730.39,2961.31,2828.18,54.4,snapshot,0,2026-10-06 20:05:18
Maharashtra,Nashik,Yeola,Wheat,Lokwan,FAQ,2026-09-19,2516.14,2822.86,2664.79,286.3,snapshot,0,2026-10-06 20:05:18
Maharashtra,Akola,Akola,Cotton,Medium Staple,FAQ,2026-09-18,7143.74,7879.41,7429.21,353.8,snapshot,0,2026-10-06 20:04:46
Maharashtra,Amravati,Amravati,Cotton,Medium Staple,FAQ,2026-09-18,6864.06,7460.35,7138.01,236.9,snapshot,0,2026-10-06 20:04:46
Maharashtra,Jalgaon,Jalgaon,Cotton,Medium Staple,FAQ,2026-09-18,6860.48,7487.74,7099.78,497.5,snapshot,0,2026-10-06 20:04:46
Maharashtra,Nagpur,Nagpur,Cotton,Medium Staple,FAQ,2026-09-18,7089.62,7774.23,7400.77,322.8,snapshot,0,2026-10-06 20:04:46
Maharashtra,Ahilyanagar,Ahmednagar,Onion,Red/Nasik,FAQ,2026-09-18,1802.69,2603.63,2121.87,464.8,snapshot,0,2026-10-06 20:03:59
Maharashtra,Pune,Baramati,Onion,Red/Nasik,FAQ,2026-09-18,1850.88,2672.75,2182.93,108.5,snapshot,0,2026-10-06 20:03:59
Maharashtra,Jalgaon,Jalgaon,Onion,Red/Nasik,FAQ,2026-09-18,1984.47,2746.9,2313.02,123.6,snapshot,0,2026-10-06 20:03:59
Maharashtra,Pune,Khed(Chakan),Onion,Red/Nasik,FAQ,2026-09-18,1927.93,2560.24,2235.87,447.3,snapshot,0,2026-10-06 20:03:59
Maharashtra,Kolhapur,Kolhapur,Onion,Red/Nasik,FAQ,2026-09-18,2018.51,2692.14,2393.21,357.5,snapshot,0,2026-10-06 20:03:59
Maharashtra,Nashik,Lasalgaon,Onion,Red/Nasik,FAQ,2026-09-18,2098.14,2861.76,2388.1,319.2,snapshot,0,2026-10-06 20:03:59
Maharashtra,Pune,Manchar,Onion,Red/Nasik,FAQ,2026-09-18,1957.97,2690.69,2204.39,272.0,snapshot,0,2026-10-06 20:03:59
Maharashtra,Mumbai,Mumbai,Onion,Red/Nasik,FAQ,2026-09-18,1994.02,2647.89,2307.56,496.1,snapshot,0,2026-10-06 20:03:59
Maharashtra,Pune,Narayangaon,Onion,Red/Nasik,FAQ,2026-09-18,1952.61,2669.55,2273.58,264.4,snapshot,0,2026-10-06 20:03:59
Maharashtra,Nashik,Nashik,Onion,Red/Nasik,FAQ,2026-09-18,1932.1,2586.57,2187.22,329.1,snapshot,0,2026-10-06 20:03:59
Maharashtra,Nashik,Pimpalgaon,Onion,Red/Nasik,FAQ,2026-09-18,2307.54,2947.07,2522.2,75.7,snapshot,0,2026-10-06 20:03:59
Maharashtra,Pune,Pune,Onion,Red/Nasik,FAQ,2026-09-18,2055.08,2910.0,2442.17,199.7,snapshot,0,2026-10-06 20:03:59
Maharashtra,Ahilyanagar,Rahata,Onion,Red/Nasik,FAQ,2026-09-18,1819.73,2494.63,2189.38,144.1,snapshot,0,2026-10-06 20:03:59
Maharashtra,Ahilyanagar,Sangamner,Onion,Red/Nasik,FAQ,2026-09-18,2179.07,2863.3,2539.03,390.8,snapshot,0,2026-10-06 20:03:59
Maharashtra,Solapur,Solapur,Onion,Red/Nasik,FAQ,2026-09-18,2005.88,2668.76,2251.91,383.7,snapshot,0,2026-10-06 20:03:59
Maharashtra,Nashik,Yeola,Onion,Red/Nasik,FAQ,2026-09-18,2018.45,2791.51,2285.07,43.9,snapshot,0,2026-10-06 20:03:59
Maharashtra,Pune,Khed(Chakan),Potato,Jyoti,FAQ,2026-09-18,1847.18,2359.44,1991.66,157.7,snapshot,0,2026-10-06 20:05:02
Maharashtra,Kolhapur,Kolhapur,Potato,Jyoti,FAQ,2026-09-18,1883.14,2326.42,2032.61,416.4,snapshot,0,2026-10-06 20:05:02
Maharashtra,Pune,Manchar,Potato,Jyoti,FAQ,2026-09-18,1791.77,2390.49,2011.21,362.3,snapshot,0,2026-10-06 20:05:02
Maharashtra,Mumbai,Mumbai,Potato,Jyoti,FAQ,2026-09-18,1685.52,2172.33,1908.48,274.3,snapshot,0,2026-10-06 20:05:02
Maharashtra,Pune,Narayangaon,Potato,Jyoti,FAQ,2026-09-18,1555.28,2111.92,1810.94,267.7,snapshot,0,2026-10-06 20:05:02
Maharashtra,Nashik,Nashik,Potato,Jyoti,FAQ,2026-09-18,1652.2,2282.13,1905.97,337.7,snapshot,0,2026-10-06 20:05:02
Maharashtra,Nashik,Pimpalgaon,Potato,Jyoti,FAQ,2026-09-18,1953.14,2582.45,2197.57,116.1,snapshot,0,2026-10-06 20:05:02
Maharashtra,Pune,Pune,Potato,Jyoti,FAQ,2026-09-18,1753.7,2269.31,1957.44,404.6,snapshot,0,2026-10-06 20:05:02
Maharashtra,Ahilyanagar,Ahmednagar,Red gram/Arhar/Tur(whole),White/Desi,FAQ,2026-09-18,10095.71,10982.75,10427.92,77.4,snapshot,0,2026-10-06 20:04:30
Maharashtra,Akola,Akola,Red gram/Arhar/Tur(whole),White/Desi,FAQ,2026-09-18,9441.95,10526.75,9783.17,124.5,snapshot,0,2026-10-06 20:04:30
Maharashtra,Amravati,Amravati,Red gram/Arhar/Tur(whole),White/Desi,FAQ,2026-09-18,10106.25,11220.41,10513.91,91.9,snapshot,0,2026-10-06 20:04:30
Maharashtra,Latur,Latur,Red gram/Arhar/Tur(whole),White/Desi,FAQ,2026-09-18,10330.92,11154.3,10618.2,388.5,snapshot,0,2026-10-06 20:04:30
Maharashtra,Solapur,Solapur,Red gram/Arhar/Tur(whole),White/Desi,FAQ,2026-09-18,9787.07,10747.56,10263.22,97.1,snapshot,0,2026-10-06 20:04:30
Maharashtra,Ahilyanagar,Ahmednagar,Soyabean,Yellow,FAQ,2026-09-18,4611.51,5049.66,4800.24,51.7,snapshot,0,2026-10-06 20:04:15
Maharashtra,Akola,Akola,Soyabean,Yellow,FAQ,2026-09-18,4688.79,5047.88,4806.53,208.9,snapshot,0,2026-10-06 20:04:15
Maharashtra,Amravati,Amravati,Soyabean,Yellow,FAQ,2026-09-18,4503.83,4904.05,4676.47,386.8,snapshot,0,2026-10-06 20:04:15
Maharashtra,Pune,Baramati,Soyabean,Yellow,FAQ,2026-09-18,4361.54,4767.44,4517.86,180.1,snapshot,0,2026-10-06 20:04:15
Maharashtra,Jalgaon,Jalgaon,Soyabean,Yellow,FAQ,2026-09-18,4679.34,4969.76,4793.37,431.5,snapshot,0,2026-10-06 20:04:15
Maharashtra,Latur,Latur,Soyabean,Yellow,FAQ,2026-09-18,4784.48,5118.29,4936.98,226.1,snapshot,0,2026-10-06 20:04:14
Maharashtra,Nagpur,Nagpur,Soyabean,Yellow,FAQ,2026-09-18,4472.57,4899.34,4666.74,234.5,snapshot,0,2026-10-06 20:04:15
Maharashtra,Pune,Pune,Soyabean,Yellow,FAQ,2026-09-18,4544.88,4932.19,4674.59,476.0,snapshot,0,2026-10-06 20:04:15
Maharashtra,Ahilyanagar,Rahata,Soyabean,Yellow,FAQ,2026-09-18,4491.51,4880.07,4659.31,157.6,snapshot,0,2026-10-06 20:04:15
Maharashtra,Ahilyanagar,Sangamner,Soyabean,Yellow,FAQ,2026-09-18,4725.76,5135.41,4891.61,68.2,snapshot,0,2026-10-06 20:04:14
Maharashtra,Solapur,Solapur,Soyabean,Yellow,FAQ,2026-09-18,4470.31,4828.66,4635.13,498.4,snapshot,0,2026-10-06 20:04:15
Maharashtra,Nashik,Yeola,Soyabean,Yellow,FAQ,2026-09-18,4665.82,4990.37,4813.73,457.1,snapshot,0,2026-10-06 20:04:15
Maharashtra,Pune,Baramati,Tomato,Hybrid,FAQ,2026-09-18,1377.52,1933.77,1639.84,413.1,snapshot,0,2026-10-06 20:03:43
Maharashtra,Pune,Khed(Chakan),Tomato,Hybrid,FAQ,2026-09-18,1608.55,2220.91,1872.3,395.4,snapshot,0,2026-10-06 20:03:43
Maharashtra,Kolhapur,Kolhapur,Tomato,Hybrid,FAQ,2026-09-18,1583.67,2227.59,1785.41,123.2,snapshot,0,2026-10-06 20:03:43
Maharashtra,Nashik,Lasalgaon,Tomato,Hybrid,FAQ,2026-09-18,2012.44,2576.22,2281.03,377.9,snapshot,0,2026-10-06 20:03:43
Maharashtra,Pune,Manchar,Tomato,Hybrid,FAQ,2026-09-18,1175.29,1706.09,1433.78,308.6,snapshot,0,2026-10-06 20:03:43
Maharashtra,Mumbai,Mumbai,Tomato,Hybrid,FAQ,2026-09-18,1607.68,2207.9,1849.4,109.7,snapshot,0,2026-10-06 20:03:43
Maharashtra,Nagpur,Nagpur,Tomato,Hybrid,FAQ,2026-09-18,1646.11,2336.45,1943.56,155.0,snapshot,0,2026-10-06 20:03:43
Maharashtra,Pune,Narayangaon,Tomato,Hybrid,FAQ,2026-09-18,1299.18,1896.12,1489.26,42.4,snapshot,0,2026-10-06 20:03:43
Maharashtra,Nashik,Nashik,Tomato,Hybrid,FAQ,2026-09-18,1522.47,2016.52,1744.96,159.8,snapshot,0,2026-10-06 20:03:43
Maharashtra,Nashik,Pimpalgaon,Tomato,Hybrid,FAQ,2026-09-18,1950.46,2517.69,2146.29,439.7,snapshot,0,2026-10-06 20:03:43
Maharashtra,Pune,Pune,Tomato,Hybrid,FAQ,2026-09-18,1564.55,2142.1,1846.98,222.1,snapshot,0,2026-10-06 20:03:43
Maharashtra,Ahilyanagar,Sangamner,Tomato,Hybrid,FAQ,2026-09-18,1362.43,1924.96,1634.61,45.7,snapshot,0,2026-10-06 20:03:43
Maharashtra,Ahilyanagar,Ahmednagar,Wheat,Lokwan,FAQ,2026-09-18,2630.11,2883.97,2725.41,145.8,snapshot,0,2026-10-06 20:05:18
Maharashtra,Akola,Akola,Wheat,Lokwan,FAQ,2026-09-18,2616.89,2918.58,2752.64,254.8,snapshot,0,2026-10-06 20:05:18
Maharashtra,Pune,Baramati,Wheat,Lokwan,FAQ,2026-09-18,2502.71,2818.01,2609.0,245.3,snapshot,0,2026-10-06 20:05:18
Maharashtra,Jalgaon,Jalgaon,Wheat,Lokwan,FAQ,2026-09-18,2603.44,2872.26,2743.49,495.4,snapshot,0,2026-10-06 20:05:18
Maharashtra,Kolhapur,Kolhapur,Wheat,Lokwan,FAQ,2026-09-18,2689.04,3062.93,2844.88,243.3,snapshot,0,2026-10-06 20:05:18
Maharashtra,Nashik,Lasalgaon,Wheat,Lokwan,FAQ,2026-09-18,2729.97,3005.32,2862.74,204.7,snapshot,0,2026-10-06 20:05:18
Maharashtra,Latur,Latur,Wheat,Lokwan,FAQ,2026-09-18,2695.86,3066.49,2850.7,173.6,snapshot,0,2026-10-06 20:05:18
Maharashtra,Mumbai,Mumbai,Wheat,Lokwan,FAQ,2026-09-18,2553.31,2841.54,2693.04,57.4,snapshot,0,2026-10-06 20:05:18
Maharashtra,Nagpur,Nagpur,Wheat,Lokwan,FAQ,2026-09-18,2669.6,2966.45,2776.73,47.4,snapshot,0,2026-10-06 20:05:18
Maharashtra,Nashik,Nashik,Wheat,Lokwan,FAQ,2026-09-18,2493.29,2767.78,2607.67,69.2,snapshot,0,2026-10-06 20:05:18
Maharashtra,Pune,Pune,Wheat,Lokwan,FAQ,2026-09-18,2524.55,2800.38,2666.6,436.4,snapshot,0,2026-10-06 20:05:18
Maharashtra,Ahilyanagar,Rahata,Wheat,Lokwan,FAQ,2026-09-18,2638.53,2919.22,2758.66,284.0,snapshot,0,2026-10-06 20:05:18
Maharashtra,Solapur,Solapur,Wheat,Lokwan,FAQ,2026-09-18,2665.26,2965.42,2816.76,257.7,snapshot,0,2026-10-06 20:05:18
Maharashtra,Nashik,Yeola,Wheat,Lokwan,FAQ,2026-09-18,2581.78,2850.18,2675.18,330.5,snapshot,0,2026-10-06 20:05:18
Maharashtra,Akola,Akola,Cotton,Medium Staple,FAQ,2026-09-17,7110.08,7758.85,7352.2,322.8,snapshot,0,2026-10-06 20:04:46
Maharashtra,Amravati,Amravati,Cotton,Medium Staple,FAQ,2026-09-17,6850.59,7523.74,7110.89,470.9,snapshot,0,2026-10-06 20:04:46
Maharashtra,Jalgaon,Jalgaon,Cotton,Medium Staple,FAQ,2026-09-17,6798.22,7459.67,7091.06,370.8,snapshot,0,2026-10-06 20:04:46
Maharashtra,Nagpur,Nagpur,Cotton,Medium Staple,FAQ,2026-09-17,7126.34,7821.13,7418.35,220.7,snapshot,0,2026-10-06 20:04:46
Maharashtra,Ahilyanagar,Ahmednagar,Onion,Red/Nasik,FAQ,2026-09-17,1768.43,2428.34,2130.85,391.1,snapshot,0,2026-10-06 20:03:59
Maharashtra,Pune,Baramati,Onion,Red/Nasik,FAQ,2026-09-17,1818.16,2613.6,2173.44,250.9,snapshot,0,2026-10-06 20:03:59
Maharashtra,Jalgaon,Jalgaon,Onion,Red/Nasik,FAQ,2026-09-17,1922.37,2719.4,2299.95,435.1,snapshot,0,2026-10-06 20:03:59
Maharashtra,Pune,Khed(Chakan),Onion,Red/Nasik,FAQ,2026-09-17,1881.31,2618.0,2179.35,81.9,snapshot,0,2026-10-06 20:03:59
Maharashtra,Kolhapur,Kolhapur,Onion,Red/Nasik,FAQ,2026-09-17,2183.68,2853.98,2482.99,224.9,snapshot,0,2026-10-06 20:03:59
Maharashtra,Nashik,Lasalgaon,Onion,Red/Nasik,FAQ,2026-09-17,2125.48,2828.98,2379.63,448.3,snapshot,0,2026-10-06 20:03:59
Maharashtra,Pune,Manchar,Onion,Red/Nasik,FAQ,2026-09-17,1928.77,2552.65,2180.14,89.9,snapshot,0,2026-10-06 20:03:59
Maharashtra,Mumbai,Mumbai,Onion,Red/Nasik,FAQ,2026-09-17,2143.99,2699.59,2362.4,123.9,snapshot,0,2026-10-06 20:03:59
Maharashtra,Pune,Narayangaon,Onion,Red/Nasik,FAQ,2026-09-17,1991.42,2696.88,2268.6,346.7,snapshot,0,2026-10-06 20:03:59
Maharashtra,Nashik,Nashik,Onion,Red/Nasik,FAQ,2026-09-17,1886.33,2610.85,2146.53,89.7,snapshot,0,2026-10-06 20:03:59
Maharashtra,Nashik,Pimpalgaon,Onion,Red/Nasik,FAQ,2026-09-17,2326.75,3082.57,2564.38,239.5,snapshot,0,2026-10-06 20:03:59
Maharashtra,Pune,Pune,Onion,Red/Nasik,FAQ,2026-09-17,2036.18,2823.33,2399.23,95.7,snapshot,0,2026-10-06 20:03:59
Maharashtra,Ahilyanagar,Rahata,Onion,Red/Nasik,FAQ,2026-09-17,1973.69,2501.23,2198.48,225.8,snapshot,0,2026-10-06 20:03:59
Maharashtra,Ahilyanagar,Sangamner,Onion,Red/Nasik,FAQ,2026-09-17,2133.62,2734.27,2428.03,145.2,snapshot,0,2026-10-06 20:03:59
Maharashtra,Solapur,Solapur,Onion,Red/Nasik,FAQ,2026-09-17,1879.94,2693.05,2234.77,442.1,snapshot,0,2026-10-06 20:03:59
Maharashtra,Nashik,Yeola,Onion,Red/Nasik,FAQ,2026-09-17,1985.37,2766.49,2296.84,61.0,snapshot,0,2026-10-06 20:03:59
Maharashtra,Pune,Khed(Chakan),Potato,Jyoti,FAQ,2026-09-17,1878.82,2315.09,2039.1,339.2,snapshot,0,2026-10-06 20:05:02
Maharashtra,Kolhapur,Kolhapur,Potato,Jyoti,FAQ,2026-09-17,1909.71,2437.16,2061.03,256.3,snapshot,0,2026-10-06 20:05:02
Maharashtra,Pune,Manchar,Potato,Jyoti,FAQ,2026-09-17,1861.6,2237.83,2023.67,374.8,snapshot,0,2026-10-06 20:05:02
Maharashtra,Mumbai,Mumbai,Potato,Jyoti,FAQ,2026-09-17,1729.77,2239.96,1894.33,213.7,snapshot,0,2026-10-06 20:05:02
Maharashtra,Pune,Narayangaon,Potato,Jyoti,FAQ,2026-09-17,1650.99,2026.72,1792.14,415.0,snapshot,0,2026-10-06 20:05:02
Maharashtra,Nashik,Nashik,Potato,Jyoti,FAQ,2026-09-17,1581.22,2203.77,1834.59,143.3,snapshot,0,2026-10-06 20:05:02
Maharashtra,Nashik,Pimpalgaon,Potato,Jyoti,FAQ,2026-09-17,2033.04,2543.48,2261.93,355.0,snapshot,0,2026-10-06 20:05:02
Maharashtra,Pune,Pune,Potato,Jyoti,FAQ,2026-09-17,1767.59,2220.26,1942.79,107.0,snapshot,0,2026-10-06 20:05:02
Maharashtra,Ahilyanagar,Ahmednagar,Red gram/Arhar/Tur(whole),White/Desi,FAQ,2026-09-17,9797.43,11005.23,10309.21,402.8,snapshot,0,2026-10-06 20:04:30
Maharashtra,Akola,Akola,Red gram/Arhar/Tur(whole),White/Desi,FAQ,2026-09-17,9583.49,10377.49,9880.98,214.6,snapshot,0,2026-10-06 20:04:30
Maharashtra,Amravati,Amravati,Red gram/Arhar/Tur(whole),White/Desi,FAQ,2026-09-17,10147.54,10965.25,10442.89,321.4,snapshot,0,2026-10-06 20:04:30
Maharashtra,Latur,Latur,Red gram/Arhar/Tur(whole),White/Desi,FAQ,2026-09-17,10180.08,11048.36,10619.65,412.4,snapshot,0,2026-10-06 20:04:30
Maharashtra,Solapur,Solapur,Red gram/Arhar/Tur(whole),White/Desi,FAQ,2026-09-17,9857.62,10752.89,10308.63,86.7,snapshot,0,2026-10-06 20:04:30
Maharashtra,Ahilyanagar,Ahmednagar,Soyabean,Yellow,FAQ,2026-09-17,4622.71,4942.92,4783.68,60.5,snapshot,0,2026-10-06 20:04:15
Maharashtra,Akola,Akola,Soyabean,Yellow,FAQ,2026-09-17,4669.79,5000.12,4844.95,428.7,snapshot,0,2026-10-06 20:04:15
Maharashtra,Amravati,Amravati,Soyabean,Yellow,FAQ,2026-09-17,4597.46,4914.59,4727.69,123.3,snapshot,0,2026-10-06 20:04:15
Maharashtra,Pune,Baramati,Soyabean,Yellow,FAQ,2026-09-17,4351.46,4695.85,4474.07,185.6,snapshot,0,2026-10-06 20:04:15
Maharashtra,Jalgaon,Jalgaon,Soyabean,Yellow,FAQ,2026-09-17,4631.37,5000.01,4793.34,123.8,snapshot,0,2026-10-06 20:04:15
Maharashtra,Latur,Latur,Soyabean,Yellow,FAQ,2026-09-17,4824.01,5168.03,4948.0,128.5,snapshot,0,2026-10-06 20:04:14
Maharashtra,Nagpur,Nagpur,Soyabean,Yellow,FAQ,2026-09-17,4472.92,4840.95,4648.73,379.5,snapshot,0,2026-10-06 20:04:15
Maharashtra,Pune,Pune,Soyabean,Yellow,FAQ,2026-09-17,4481.06,4846.67,4664.36,499.1,snapshot,0,2026-10-06 20:04:15
Maharashtra,Ahilyanagar,Rahata,Soyabean,Yellow,FAQ,2026-09-17,4472.0,4847.69,4618.58,136.9,snapshot,0,2026-10-06 20:04:15
Maharashtra,Ahilyanagar,Sangamner,Soyabean,Yellow,FAQ,2026-09-17,4621.75,4943.57,4781.24,172.5,snapshot,0,2026-10-06 20:04:15
Maharashtra,Solapur,Solapur,Soyabean,Yellow,FAQ,2026-09-17,4560.26,4835.59,4676.15,302.4,snapshot,0,2026-10-06 20:04:15
Maharashtra,Nashik,Yeola,Soyabean,Yellow,FAQ,2026-09-17,4745.21,5059.08,4858.69,362.2,snapshot,0,2026-10-06 20:04:15
Maharashtra,Pune,Baramati,Tomato,Hybrid,FAQ,2026-09-17,1387.45,1889.87,1615.8,208.9,snapshot,0,2026-10-06 20:03:43
Maharashtra,Pune,Khed(Chakan),Tomato,Hybrid,FAQ,2026-09-17,1548.52,2144.88,1769.11,253.4,snapshot,0,2026-10-06 20:03:43
Maharashtra,Kolhapur,Kolhapur,Tomato,Hybrid,FAQ,2026-09-17,1593.38,2151.27,1840.03,235.7,snapshot,0,2026-10-06 20:03:43
Maharashtra,Nashik,Lasalgaon,Tomato,Hybrid,FAQ,2026-09-17,2113.16,2580.55,2288.71,145.9,snapshot,0,2026-10-06 20:03:43
Maharashtra,Pune,Manchar,Tomato,Hybrid,FAQ,2026-09-17,1115.47,1691.76,1367.55,237.1,snapshot,0,2026-10-06 20:03:43
Maharashtra,Mumbai,Mumbai,Tomato,Hybrid,FAQ,2026-09-17,1459.39,2119.25,1728.64,49.7,snapshot,0,2026-10-06 20:03:43
Maharashtra,Nagpur,Nagpur,Tomato,Hybrid,FAQ,2026-09-17,1588.85,2264.94,1900.27,226.3,snapshot,0,2026-10-06 20:03:43
Maharashtra,Pune,Narayangaon,Tomato,Hybrid,FAQ,2026-09-17,1313.3,1827.96,1496.17,370.0,snapshot,0,2026-10-06 20:03:43
Maharashtra,Nashik,Nashik,Tomato,Hybrid,FAQ,2026-09-17,1660.33,2153.31,1858.35,58.9,snapshot,0,2026-10-06 20:03:43
Maharashtra,Nashik,Pimpalgaon,Tomato,Hybrid,FAQ,2026-09-17,1826.83,2503.88,2106.58,448.5,snapshot,0,2026-10-06 20:03:43
Maharashtra,Pune,Pune,Tomato,Hybrid,FAQ,2026-09-17,1545.53,2240.24,1798.95,134.0,snapshot,0,2026-10-06 20:03:43
Maharashtra,Ahilyanagar,Sangamner,Tomato,Hybrid,FAQ,2026-09-17,1298.43,1917.44,1620.92,143.9,snapshot,0,2026-10-06 20:03:43
Maharashtra,Ahilyanagar,Ahmednagar,Wheat,Lokwan,FAQ,2026-09-17,2626.47,2886.83,2717.85,263.1,snapshot,0,2026-10-06 20:05:18
Maharashtra,Pune,Baramati,Wheat,Lokwan,FAQ,2026-09-17,2465.45,2765.23,2562.33,233.0,snapshot,0,2026-10-06 20:05:18
Maharashtra,Jalgaon,Jalgaon,Wheat,Lokwan,FAQ,2026-09-17,2669.23,2982.86,2755.18,448.5,snapshot,0,2026-10-06 20:05:18
Maharashtra,Kolhapur,Kolhapur,Wheat,Lokwan,FAQ,2026-09-17,2639.39,2985.36,2792.25,243.3,snapshot,0,2026-10-06 20:05:18
Maharashtra,Nashik,Lasalgaon,Wheat,Lokwan,FAQ,2026-09-17,2723.12,2969.64,2835.26,391.3,snapshot,0,2026-10-06 20:05:18
Maharashtra,Latur,Latur,Wheat,Lokwan,FAQ,2026-09-17,2751.06,3098.94,2875.48,325.7,snapshot,0,2026-10-06 20:05:18
Maharashtra,Mumbai,Mumbai,Wheat,Lokwan,FAQ,2026-09-17,2621.04,2902.83,2721.85,482.4,snapshot,0,2026-10-06 20:05:18
Maharashtra,Nagpur,Nagpur,Wheat,Lokwan,FAQ,2026-09-17,2676.97,2941.74,2773.53,168.1,snapshot,0,2026-10-06 20:05:18
Maharashtra,Nashik,Nashik,Wheat,Lokwan,FAQ,2026-09-17,2524.21,2846.48,2643.34,283.0,snapshot,0,2026-10-06 20:05:18
Maharashtra,Pune,Pune,Wheat,Lokwan,FAQ,2026-09-17,2508.25,2822.94,2642.91,423.3,snapshot,0,2026-10-06 20:05:18
Maharashtra,Ahilyanagar,Rahata,Wheat,Lokwan,FAQ,2026-09-17,2624.64,2973.1,2764.71,138.1,snapshot,0,2026-10-06 20:05:18
Maharashtra,Solapur,Solapur,Wheat,Lokwan,FAQ,2026-09-17,2641.52,2979.02,2793.39,310.3,snapshot,0,2026-10-06 20:05:18
Maharashtra,Nashik,Yeola,Wheat,Lokwan,FAQ,2026-09-17,2641.34,2898.31,2731.01,381.5,snapshot,0,2026-10-06 20:05:18
Maharashtra,Akola,Akola,Cotton,Medium Staple,FAQ,2026-09-16,6989.84,7565.24,7296.85,474.5,snapshot,0,2026-10-06 20:04:46
Maharashtra,Amravati,Amravati,Cotton,Medium Staple,FAQ,2026-09-16,6860.19,7443.08,7044.68,403.7,snapshot,0,2026-10-06 20:04:46
Maharashtra,Jalgaon,Jalgaon,Cotton,Medium Staple,FAQ,2026-09-16,6885.95,7358.39,7065.32,385.1,snapshot,0,2026-10-06 20:04:46
Maharashtra,Nagpur,Nagpur,Cotton,Medium Staple,FAQ,2026-09-16,7112.83,7809.19,7406.13,81.6,snapshot,0,2026-10-06 20:04:46
Maharashtra,Ahilyanagar,Ahmednagar,Onion,Red/Nasik,FAQ,2026-09-16,1797.27,2524.13,2143.32,69.6,snapshot,0,2026-10-06 20:03:59
Maharashtra,Pune,Baramati,Onion,Red/Nasik,FAQ,2026-09-16,1928.35,2438.47,2145.02,402.4,snapshot,0,2026-10-06 20:03:59
Maharashtra,Jalgaon,Jalgaon,Onion,Red/Nasik,FAQ,2026-09-16,1987.23,2735.57,2321.6,193.3,snapshot,0,2026-10-06 20:03:59
Maharashtra,Pune,Khed(Chakan),Onion,Red/Nasik,FAQ,2026-09-16,1925.78,2487.97,2188.31,428.1,snapshot,0,2026-10-06 20:03:59
Maharashtra,Kolhapur,Kolhapur,Onion,Red/Nasik,FAQ,2026-09-16,2272.97,2816.88,2520.16,197.9,snapshot,0,2026-10-06 20:03:59
Maharashtra,Nashik,Lasalgaon,Onion,Red/Nasik,FAQ,2026-09-16,2058.2,2794.53,2289.85,122.7,snapshot,0,2026-10-06 20:03:59
Maharashtra,Pune,Manchar,Onion,Red/Nasik,FAQ,2026-09-16,1984.63,2696.04,2242.24,197.6,snapshot,0,2026-10-06 20:03:59
Maharashtra,Mumbai,Mumbai,Onion,Red/Nasik,FAQ,2026-09-16,1934.2,2630.42,2312.15,371.6,snapshot,0,2026-10-06 20:03:59
Maharashtra,Pune,Narayangaon,Onion,Red/Nasik,FAQ,2026-09-16,1842.91,2540.11,2204.57,365.3,snapshot,0,2026-10-06 20:03:59
Maharashtra,Nashik,Nashik,Onion,Red/Nasik,FAQ,2026-09-16,1905.88,2582.12,2187.92,317.5,snapshot,0,2026-10-06 20:03:59
Maharashtra,Nashik,Pimpalgaon,Onion,Red/Nasik,FAQ,2026-09-16,2341.54,3056.29,2618.53,417.4,snapshot,0,2026-10-06 20:03:59
Maharashtra,Pune,Pune,Onion,Red/Nasik,FAQ,2026-09-16,2111.83,2781.26,2335.51,328.5,snapshot,0,2026-10-06 20:03:59
Maharashtra,Ahilyanagar,Rahata,Onion,Red/Nasik,FAQ,2026-09-16,1914.2,2492.16,2159.53,99.7,snapshot,0,2026-10-06 20:03:59
Maharashtra,Ahilyanagar,Sangamner,Onion,Red/Nasik,FAQ,2026-09-16,1933.4,2727.58,2314.44,269.1,snapshot,0,2026-10-06 20:03:59
Maharashtra,Solapur,Solapur,Onion,Red/Nasik,FAQ,2026-09-16,1897.45,2627.53,2224.7,226.6,snapshot,0,2026-10-06 20:03:59
Maharashtra,Nashik,Yeola,Onion,Red/Nasik,FAQ,2026-09-16,1907.23,2519.91,2232.14,163.8,snapshot,0,2026-10-06 20:03:59
Maharashtra,Pune,Khed(Chakan),Potato,Jyoti,FAQ,2026-09-16,1877.61,2385.91,2045.02,100.4,snapshot,0,2026-10-06 20:05:02
Maharashtra,Kolhapur,Kolhapur,Potato,Jyoti,FAQ,2026-09-16,1871.86,2333.38,2085.9,124.0,snapshot,0,2026-10-06 20:05:02
Maharashtra,Pune,Manchar,Potato,Jyoti,FAQ,2026-09-16,1747.86,2266.77,1991.4,310.0,snapshot,0,2026-10-06 20:05:02
Maharashtra,Mumbai,Mumbai,Potato,Jyoti,FAQ,2026-09-16,1707.06,2152.42,1893.77,46.1,snapshot,0,2026-10-06 20:05:02
Maharashtra,Pune,Narayangaon,Potato,Jyoti,FAQ,2026-09-16,1594.2,2017.66,1751.04,247.5,snapshot,0,2026-10-06 20:05:02
Maharashtra,Nashik,Nashik,Potato,Jyoti,FAQ,2026-09-16,1560.79,2042.49,1796.73,230.7,snapshot,0,2026-10-06 20:05:02
Maharashtra,Nashik,Pimpalgaon,Potato,Jyoti,FAQ,2026-09-16,2104.11,2477.76,2259.58,300.4,snapshot,0,2026-10-06 20:05:02
Maharashtra,Pune,Pune,Potato,Jyoti,FAQ,2026-09-16,1689.87,2218.03,1883.11,455.6,snapshot,0,2026-10-06 20:05:02
Maharashtra,Ahilyanagar,Ahmednagar,Red gram/Arhar/Tur(whole),White/Desi,FAQ,2026-09-16,9943.01,10703.51,10250.91,375.6,snapshot,0,2026-10-06 20:04:30
Maharashtra,Akola,Akola,Red gram/Arhar/Tur(whole),White/Desi,FAQ,2026-09-16,9653.77,10509.6,9971.49,140.3,snapshot,0,2026-10-06 20:04:30
Maharashtra,Amravati,Amravati,Red gram/Arhar/Tur(whole),White/Desi,FAQ,2026-09-16,10024.26,10881.07,10408.93,74.5,snapshot,0,2026-10-06 20:04:30
Maharashtra,Latur,Latur,Red gram/Arhar/Tur(whole),White/Desi,FAQ,2026-09-16,10082.29,11142.12,10600.55,55.2,snapshot,0,2026-10-06 20:04:30
Maharashtra,Solapur,Solapur,Red gram/Arhar/Tur(whole),White/Desi,FAQ,2026-09-16,9769.79,11018.04,10275.87,148.7,snapshot,0,2026-10-06 20:04:30
Maharashtra,Ahilyanagar,Ahmednagar,Soyabean,Yellow,FAQ,2026-09-16,4763.42,5087.55,4898.57,339.9,snapshot,0,2026-10-06 20:04:14
Maharashtra,Akola,Akola,Soyabean,Yellow,FAQ,2026-09-16,4698.64,5010.08,4834.84,263.6,snapshot,0,2026-10-06 20:04:15
Maharashtra,Amravati,Amravati,Soyabean,Yellow,FAQ,2026-09-16,4525.55,4959.34,4705.67,115.1,snapshot,0,2026-10-06 20:04:15
Maharashtra,Pune,Baramati,Soyabean,Yellow,FAQ,2026-09-16,4387.63,4663.75,4505.84,284.4,snapshot,0,2026-10-06 20:04:15
Maharashtra,Jalgaon,Jalgaon,Soyabean,Yellow,FAQ,2026-09-16,4660.26,4912.16,4771.49,196.4,snapshot,0,2026-10-06 20:04:15
Maharashtra,Latur,Latur,Soyabean,Yellow,FAQ,2026-09-16,4792.82,5202.49,4969.34,126.3,snapshot,0,2026-10-06 20:04:14
Maharashtra,Nagpur,Nagpur,Soyabean,Yellow,FAQ,2026-09-16,4486.01,4859.52,4664.1,144.5,snapshot,0,2026-10-06 20:04:15
Maharashtra,Pune,Pune,Soyabean,Yellow,FAQ,2026-09-16,4511.68,4862.05,4670.92,357.3,snapshot,0,2026-10-06 20:04:15
Maharashtra,Ahilyanagar,Rahata,Soyabean,Yellow,FAQ,2026-09-16,4450.53,4780.73,4639.22,196.7,snapshot,0,2026-10-06 20:04:15
Maharashtra,Ahilyanagar,Sangamner,Soyabean,Yellow,FAQ,2026-09-16,4608.88,4946.24,4742.72,259.0,snapshot,0,2026-10-06 20:04:15
Maharashtra,Solapur,Solapur,Soyabean,Yellow,FAQ,2026-09-16,4462.97,4788.32,4600.16,462.9,snapshot,0,2026-10-06 20:04:15
Maharashtra,Nashik,Yeola,Soyabean,Yellow,FAQ,2026-09-16,4747.67,5105.11,4923.39,172.5,snapshot,0,2026-10-06 20:04:14
Maharashtra,Pune,Baramati,Tomato,Hybrid,FAQ,2026-09-16,1338.58,1958.46,1596.63,465.9,snapshot,0,2026-10-06 20:03:43
Maharashtra,Pune,Khed(Chakan),Tomato,Hybrid,FAQ,2026-09-16,1506.61,2091.86,1730.71,43.7,snapshot,0,2026-10-06 20:03:43
Maharashtra,Kolhapur,Kolhapur,Tomato,Hybrid,FAQ,2026-09-16,1616.78,2178.03,1908.5,458.7,snapshot,0,2026-10-06 20:03:43
Maharashtra,Nashik,Lasalgaon,Tomato,Hybrid,FAQ,2026-09-16,2055.79,2595.53,2255.13,403.0,snapshot,0,2026-10-06 20:03:43
Maharashtra,Pune,Manchar,Tomato,Hybrid,FAQ,2026-09-16,1106.64,1608.03,1325.77,354.0,snapshot,0,2026-10-06 20:03:43
Maharashtra,Mumbai,Mumbai,Tomato,Hybrid,FAQ,2026-09-16,1636.16,2325.44,1888.22,290.2,snapshot,0,2026-10-06 20:03:43
Maharashtra,Nagpur,Nagpur,Tomato,Hybrid,FAQ,2026-09-16,1593.81,2353.65,1907.72,250.9,snapshot,0,2026-10-06 20:03:43
Maharashtra,Pune,Narayangaon,Tomato,Hybrid,FAQ,2026-09-16,1334.92,1893.86,1597.94,348.1,snapshot,0,2026-10-06 20:03:43
Maharashtra,Nashik,Nashik,Tomato,Hybrid,FAQ,2026-09-16,1686.95,2354.11,1904.74,426.1,snapshot,0,2026-10-06 20:03:43
Maharashtra,Nashik,Pimpalgaon,Tomato,Hybrid,FAQ,2026-09-16,1860.75,2364.11,2044.34,191.9,snapshot,0,2026-10-06 20:03:43
Maharashtra,Pune,Pune,Tomato,Hybrid,FAQ,2026-09-16,1688.08,2269.86,1900.01,324.9,snapshot,0,2026-10-06 20:03:43
Maharashtra,Ahilyanagar,Sangamner,Tomato,Hybrid,FAQ,2026-09-16,1514.11,2156.49,1771.31,165.9,snapshot,0,2026-10-06 20:03:43
Maharashtra,Ahilyanagar,Ahmednagar,Wheat,Lokwan,FAQ,2026-09-16,2518.94,2883.26,2655.74,56.6,snapshot,0,2026-10-06 20:05:18
Maharashtra,Pune,Baramati,Wheat,Lokwan,FAQ,2026-09-16,2375.3,2712.05,2524.98,343.4,snapshot,0,2026-10-06 20:05:18
Maharashtra,Jalgaon,Jalgaon,Wheat,Lokwan,FAQ,2026-09-16,2635.48,2908.6,2743.0,181.2,snapshot,0,2026-10-06 20:05:18
Maharashtra,Kolhapur,Kolhapur,Wheat,Lokwan,FAQ,2026-09-16,2605.9,2909.43,2740.21,110.2,snapshot,0,2026-10-06 20:05:18
Maharashtra,Nashik,Lasalgaon,Wheat,Lokwan,FAQ,2026-09-16,2750.28,2974.51,2846.56,86.2,snapshot,0,2026-10-06 20:05:18
Maharashtra,Latur,Latur,Wheat,Lokwan,FAQ,2026-09-16,2765.82,3050.81,2863.03,263.3,snapshot,0,2026-10-06 20:05:18
Maharashtra,Mumbai,Mumbai,Wheat,Lokwan,FAQ,2026-09-16,2602.23,2880.39,2737.09,458.6,snapshot,0,2026-10-06 20:05:18
Maharashtra,Nagpur,Nagpur,Wheat,Lokwan,FAQ,2026-09-16,2720.03,3002.51,2840.09,447.4,snapshot,0,2026-10-06 20:05:18
Maharashtra,Nashik,Nashik,Wheat,Lokwan,FAQ,2026-09-16,2539.21,2848.04,2658.21,321.3,snapshot,0,2026-10-06 20:05:18
Maharashtra,Pune,Pune,Wheat,Lokwan,FAQ,2026-09-16,2521.75,2756.2,2629.37,383.6,snapshot,0,2026-10-06 20:05:18
Maharashtra,Ahilyanagar,Rahata,Wheat,Lokwan,FAQ,2026-09-16,2632.67,2957.16,2783.29,333.4,snapshot,0,2026-10-06 20:05:18
Maharashtra,Solapur,Solapur,Wheat,Lokwan,FAQ,2026-09-16,2642.28,2971.6,2767.99,240.3,snapshot,0,2026-10-06 20:05:18
Maharashtra,Nashik,Yeola,Wheat,Lokwan,FAQ,2026-09-16,2618.96,2938.32,2748.24,52.8,snapshot,0,2026-10-06 20:05:18
Maharashtra,Akola,Akola,Cotton,Medium Staple,FAQ,2026-09-15,7001.41,7502.77,7227.19,130.5,snapshot,0,2026-10-06 20:04:46
Maharashtra,Amravati,Amravati,Cotton,Medium Staple,FAQ,2026-09-15,6767.93,7411.6,7067.16,208.1,snapshot,0,2026-10-06 20:04:46
Maharashtra,Jalgaon,Jalgaon,Cotton,Medium Staple,FAQ,2026-09-15,6935.61,7525.31,7137.19,186.5,snapshot,0,2026-10-06 20:04:46
Maharashtra,Nagpur,Nagpur,Cotton,Medium Staple,FAQ,2026-09-15,7215.83,7758.31,7487.6,422.6,snapshot,0,2026-10-06 20:04:46
Maharashtra,Ahilyanagar,Ahmednagar,Onion,Red/Nasik,FAQ,2026-09-15,1803.14,2496.86,2175.1,450.5,snapshot,0,2026-10-06 20:03:59
Maharashtra,Pune,Baramati,Onion,Red/Nasik,FAQ,2026-09-15,1719.57,2467.57,2079.74,498.1,snapshot,0,2026-10-06 20:03:59
Maharashtra,Jalgaon,Jalgaon,Onion,Red/Nasik,FAQ,2026-09-15,2129.07,2719.13,2370.94,451.1,snapshot,0,2026-10-06 20:03:59
Maharashtra,Pune,Khed(Chakan),Onion,Red/Nasik,FAQ,2026-09-15,1993.46,2525.58,2239.4,118.6,snapshot,0,2026-10-06 20:03:59
Maharashtra,Kolhapur,Kolhapur,Onion,Red/Nasik,FAQ,2026-09-15,2148.4,2868.52,2516.68,368.7,snapshot,0,2026-10-06 20:03:59
Maharashtra,Nashik,Lasalgaon,Onion,Red/Nasik,FAQ,2026-09-15,2020.81,2659.1,2264.9,452.6,snapshot,0,2026-10-06 20:03:59
Maharashtra,Pune,Manchar,Onion,Red/Nasik,FAQ,2026-09-15,1938.01,2619.34,2295.69,343.4,snapshot,0,2026-10-06 20:03:59
Maharashtra,Mumbai,Mumbai,Onion,Red/Nasik,FAQ,2026-09-15,2089.73,2723.11,2329.49,148.9,snapshot,0,2026-10-06 20:03:59
Maharashtra,Pune,Narayangaon,Onion,Red/Nasik,FAQ,2026-09-15,1973.41,2767.13,2303.69,229.7,snapshot,0,2026-10-06 20:03:59
Maharashtra,Nashik,Nashik,Onion,Red/Nasik,FAQ,2026-09-15,1990.04,2718.66,2249.18,336.2,snapshot,0,2026-10-06 20:03:59
Maharashtra,Nashik,Pimpalgaon,Onion,Red/Nasik,FAQ,2026-09-15,2206.3,3042.69,2595.46,128.6,snapshot,0,2026-10-06 20:03:59
Maharashtra,Pune,Pune,Onion,Red/Nasik,FAQ,2026-09-15,1885.35,2643.02,2267.82,368.9,snapshot,0,2026-10-06 20:03:59
Maharashtra,Ahilyanagar,Rahata,Onion,Red/Nasik,FAQ,2026-09-15,1912.42,2668.11,2208.42,431.9,snapshot,0,2026-10-06 20:03:59
Maharashtra,Ahilyanagar,Sangamner,Onion,Red/Nasik,FAQ,2026-09-15,2094.99,2803.97,2326.48,446.7,snapshot,0,2026-10-06 20:03:59
Maharashtra,Solapur,Solapur,Onion,Red/Nasik,FAQ,2026-09-15,1932.38,2480.67,2193.75,317.5,snapshot,0,2026-10-06 20:03:59
Maharashtra,Nashik,Yeola,Onion,Red/Nasik,FAQ,2026-09-15,1856.71,2557.07,2202.88,293.8,snapshot,0,2026-10-06 20:03:59
Maharashtra,Pune,Khed(Chakan),Potato,Jyoti,FAQ,2026-09-15,1774.15,2403.2,2027.92,225.6,snapshot,0,2026-10-06 20:05:02
Maharashtra,Kolhapur,Kolhapur,Potato,Jyoti,FAQ,2026-09-15,1790.16,2321.3,2025.9,122.9,snapshot,0,2026-10-06 20:05:02
Maharashtra,Pune,Manchar,Potato,Jyoti,FAQ,2026-09-15,1749.18,2225.36,1966.54,244.7,snapshot,0,2026-10-06 20:05:02
Maharashtra,Mumbai,Mumbai,Potato,Jyoti,FAQ,2026-09-15,1758.47,2175.18,1916.81,136.5,snapshot,0,2026-10-06 20:05:02
Maharashtra,Pune,Narayangaon,Potato,Jyoti,FAQ,2026-09-15,1530.31,2100.18,1790.3,265.2,snapshot,0,2026-10-06 20:05:02
Maharashtra,Nashik,Nashik,Potato,Jyoti,FAQ,2026-09-15,1608.72,2113.74,1780.0,420.3,snapshot,0,2026-10-06 20:05:02
Maharashtra,Nashik,Pimpalgaon,Potato,Jyoti,FAQ,2026-09-15,2148.34,2608.81,2290.96,360.5,snapshot,0,2026-10-06 20:05:02
Maharashtra,Pune,Pune,Potato,Jyoti,FAQ,2026-09-15,1770.76,2246.64,1922.57,441.4,snapshot,0,2026-10-06 20:05:02
Maharashtra,Ahilyanagar,Ahmednagar,Red gram/Arhar/Tur(whole),White/Desi,FAQ,2026-09-15,9689.21,10760.15,10136.32,253.0,snapshot,0,2026-10-06 20:04:30
Maharashtra,Akola,Akola,Red gram/Arhar/Tur(whole),White/Desi,FAQ,2026-09-15,9542.59,10496.09,9940.38,430.1,snapshot,0,2026-10-06 20:04:30
Maharashtra,Amravati,Amravati,Red gram/Arhar/Tur(whole),White/Desi,FAQ,2026-09-15,10025.33,10988.39,10348.6,368.8,snapshot,0,2026-10-06 20:04:30
Maharashtra,Latur,Latur,Red gram/Arhar/Tur(whole),White/Desi,FAQ,2026-09-15,10169.12,11217.47,10631.55,353.4,snapshot,0,2026-10-06 20:04:30
Maharashtra,Solapur,Solapur,Red gram/Arhar/Tur(whole),White/Desi,FAQ,2026-09-15,9987.13,10976.43,10493.09,292.1,snapshot,0,2026-10-06 20:04:30
Maharashtra,Ahilyanagar,Ahmednagar,Soyabean,Yellow,FAQ,2026-09-15,4857.0,5154.06,4974.88,402.6,snapshot,0,2026-10-06 20:04:14
Maharashtra,Akola,Akola,Soyabean,Yellow,FAQ,2026-09-15,4646.01,4930.82,4774.99,418.7,snapshot,0,2026-10-06 20:04:15
Maharashtra,Amravati,Amravati,Soyabean,Yellow,FAQ,2026-09-15,4518.66,4796.33,4628.92,405.2,snapshot,0,2026-10-06 20:04:15
Maharashtra,Pune,Baramati,Soyabean,Yellow,FAQ,2026-09-15,4390.67,4793.3,4576.96,40.1,snapshot,0,2026-10-06 20:04:15
Maharashtra,Jalgaon,Jalgaon,Soyabean,Yellow,FAQ,2026-09-15,4657.62,5072.98,4837.06,439.5,snapshot,0,2026-10-06 20:04:15
Maharashtra,Latur,Latur,Soyabean,Yellow,FAQ,2026-09-15,4879.99,5188.23,4985.47,165.7,snapshot,0,2026-10-06 20:04:14
Maharashtra,Nagpur,Nagpur,Soyabean,Yellow,FAQ,2026-09-15,4461.75,4860.36,4643.62,390.7,snapshot,0,2026-10-06 20:04:15
Maharashtra,Pune,Pune,Soyabean,Yellow,FAQ,2026-09-15,4568.68,4900.2,4680.89,181.0,snapshot,0,2026-10-06 20:04:15
Maharashtra,Ahilyanagar,Rahata,Soyabean,Yellow,FAQ,2026-09-15,4522.47,4864.05,4684.6,219.0,snapshot,0,2026-10-06 20:04:15
Maharashtra,Ahilyanagar,Sangamner,Soyabean,Yellow,FAQ,2026-09-15,4615.08,4887.06,4741.06,76.5,snapshot,0,2026-10-06 20:04:15
Maharashtra,Solapur,Solapur,Soyabean,Yellow,FAQ,2026-09-15,4496.41,4778.81,4607.28,476.4,snapshot,0,2026-10-06 20:04:15
Maharashtra,Nashik,Yeola,Soyabean,Yellow,FAQ,2026-09-15,4710.26,5066.61,4894.42,134.6,snapshot,0,2026-10-06 20:04:14
Maharashtra,Pune,Baramati,Tomato,Hybrid,FAQ,2026-09-15,1305.21,1993.34,1603.5,166.9,snapshot,0,2026-10-06 20:03:43
Maharashtra,Pune,Khed(Chakan),Tomato,Hybrid,FAQ,2026-09-15,1487.68,2036.72,1732.44,428.6,snapshot,0,2026-10-06 20:03:43
Maharashtra,Kolhapur,Kolhapur,Tomato,Hybrid,FAQ,2026-09-15,1765.55,2238.79,1985.68,105.2,snapshot,0,2026-10-06 20:03:43
Maharashtra,Nashik,Lasalgaon,Tomato,Hybrid,FAQ,2026-09-15,1860.92,2554.76,2180.38,232.6,snapshot,0,2026-10-06 20:03:43
Maharashtra,Pune,Manchar,Tomato,Hybrid,FAQ,2026-09-15,1142.22,1815.72,1407.73,483.6,snapshot,0,2026-10-06 20:03:43
Maharashtra,Mumbai,Mumbai,Tomato,Hybrid,FAQ,2026-09-15,1503.74,2193.89,1793.82,58.4,snapshot,0,2026-10-06 20:03:43
Maharashtra,Nagpur,Nagpur,Tomato,Hybrid,FAQ,2026-09-15,1748.0,2233.07,1984.17,81.4,snapshot,0,2026-10-06 20:03:43
Maharashtra,Pune,Narayangaon,Tomato,Hybrid,FAQ,2026-09-15,1354.88,1908.14,1634.31,323.2,snapshot,0,2026-10-06 20:03:43
Maharashtra,Nashik,Nashik,Tomato,Hybrid,FAQ,2026-09-15,1635.69,2274.71,1835.64,367.4,snapshot,0,2026-10-06 20:03:43
Maharashtra,Nashik,Pimpalgaon,Tomato,Hybrid,FAQ,2026-09-15,1738.43,2439.25,2054.58,214.1,snapshot,0,2026-10-06 20:03:43
Maharashtra,Pune,Pune,Tomato,Hybrid,FAQ,2026-09-15,1769.69,2250.15,1979.97,449.5,snapshot,0,2026-10-06 20:03:43
Maharashtra,Ahilyanagar,Sangamner,Tomato,Hybrid,FAQ,2026-09-15,1460.28,2123.13,1785.2,58.8,snapshot,0,2026-10-06 20:03:43
Maharashtra,Ahilyanagar,Ahmednagar,Wheat,Lokwan,FAQ,2026-09-15,2455.88,2767.25,2605.45,139.2,snapshot,0,2026-10-06 20:05:18
Maharashtra,Pune,Baramati,Wheat,Lokwan,FAQ,2026-09-15,2410.27,2688.64,2521.53,393.4,snapshot,0,2026-10-06 20:05:18
Maharashtra,Jalgaon,Jalgaon,Wheat,Lokwan,FAQ,2026-09-15,2645.05,2920.66,2748.88,205.1,snapshot,0,2026-10-06 20:05:18
Maharashtra,Kolhapur,Kolhapur,Wheat,Lokwan,FAQ,2026-09-15,2605.41,2907.91,2740.07,201.5,snapshot,0,2026-10-06 20:05:18
Maharashtra,Nashik,Lasalgaon,Wheat,Lokwan,FAQ,2026-09-15,2691.09,2999.8,2785.19,427.1,snapshot,0,2026-10-06 20:05:18
Maharashtra,Latur,Latur,Wheat,Lokwan,FAQ,2026-09-15,2701.12,3025.02,2810.74,274.2,snapshot,0,2026-10-06 20:05:18
Maharashtra,Mumbai,Mumbai,Wheat,Lokwan,FAQ,2026-09-15,2669.85,3007.46,2779.41,208.4,snapshot,0,2026-10-06 20:05:18
Maharashtra,Nagpur,Nagpur,Wheat,Lokwan,FAQ,2026-09-15,2654.87,2935.73,2809.38,195.9,snapshot,0,2026-10-06 20:05:18
Maharashtra,Nashik,Nashik,Wheat,Lokwan,FAQ,2026-09-15,2564.25,2845.56,2688.16,264.2,snapshot,0,2026-10-06 20:05:18
Maharashtra,Pune,Pune,Wheat,Lokwan,FAQ,2026-09-15,2526.42,2766.45,2625.63,157.5,snapshot,0,2026-10-06 20:05:18
Maharashtra,Ahilyanagar,Rahata,Wheat,Lokwan,FAQ,2026-09-15,2695.01,2956.39,2783.73,180.1,snapshot,0,2026-10-06 20:05:18
Maharashtra,Solapur,Solapur,Wheat,Lokwan,FAQ,2026-09-15,2674.4,2972.89,2763.69,356.4,snapshot,0,2026-10-06 20:05:18
Maharashtra,Nashik,Yeola,Wheat,Lokwan,FAQ,2026-09-15,2673.04,2907.78,2771.71,241.2,snapshot,0,2026-10-06 20:05:18
Maharashtra,Akola,Akola,Cotton,Medium Staple,FAQ,2026-09-14,7007.15,7618.66,7283.52,180.5,snapshot,0,2026-10-06 20:04:46
Maharashtra,Amravati,Amravati,Cotton,Medium Staple,FAQ,2026-09-14,6840.01,7332.24,7075.2,400.9,snapshot,0,2026-10-06 20:04:46
Maharashtra,Jalgaon,Jalgaon,Cotton,Medium Staple,FAQ,2026-09-14,6740.5,7468.14,7039.45,288.1,snapshot,0,2026-10-06 20:04:46
Maharashtra,Nagpur,Nagpur,Cotton,Medium Staple,FAQ,2026-09-14,7320.42,7854.36,7496.51,199.5,snapshot,0,2026-10-06 20:04:46
Maharashtra,Ahilyanagar,Ahmednagar,Onion,Red/Nasik,FAQ,2026-09-14,1827.53,2689.83,2174.31,411.9,snapshot,0,2026-10-06 20:03:59
Maharashtra,Pune,Baramati,Onion,Red/Nasik,FAQ,2026-09-14,1796.85,2390.03,2094.91,288.7,snapshot,0,2026-10-06 20:03:59
Maharashtra,Jalgaon,Jalgaon,Onion,Red/Nasik,FAQ,2026-09-14,2031.19,2682.53,2317.42,60.2,snapshot,0,2026-10-06 20:03:59
Maharashtra,Pune,Khed(Chakan),Onion,Red/Nasik,FAQ,2026-09-14,1995.0,2652.58,2269.95,175.5,snapshot,0,2026-10-06 20:03:59
Maharashtra,Kolhapur,Kolhapur,Onion,Red/Nasik,FAQ,2026-09-14,2126.66,2965.57,2480.23,369.9,snapshot,0,2026-10-06 20:03:59
Maharashtra,Nashik,Lasalgaon,Onion,Red/Nasik,FAQ,2026-09-14,1951.65,2624.78,2196.29,305.4,snapshot,0,2026-10-06 20:03:59
Maharashtra,Pune,Manchar,Onion,Red/Nasik,FAQ,2026-09-14,2005.87,2692.92,2371.98,422.0,snapshot,0,2026-10-06 20:03:59
Maharashtra,Mumbai,Mumbai,Onion,Red/Nasik,FAQ,2026-09-14,1985.84,2747.53,2357.08,324.0,snapshot,0,2026-10-06 20:03:59
Maharashtra,Pune,Narayangaon,Onion,Red/Nasik,FAQ,2026-09-14,1905.95,2525.58,2231.48,55.6,snapshot,0,2026-10-06 20:03:59
Maharashtra,Nashik,Nashik,Onion,Red/Nasik,FAQ,2026-09-14,1900.92,2715.83,2261.78,168.1,snapshot,0,2026-10-06 20:03:59
Maharashtra,Nashik,Pimpalgaon,Onion,Red/Nasik,FAQ,2026-09-14,2244.06,2977.3,2530.62,286.5,snapshot,0,2026-10-06 20:03:59
Maharashtra,Pune,Pune,Onion,Red/Nasik,FAQ,2026-09-14,1916.21,2605.8,2299.86,51.8,snapshot,0,2026-10-06 20:03:59
Maharashtra,Ahilyanagar,Rahata,Onion,Red/Nasik,FAQ,2026-09-14,2035.25,2705.86,2268.33,208.2,snapshot,0,2026-10-06 20:03:59
Maharashtra,Ahilyanagar,Sangamner,Onion,Red/Nasik,FAQ,2026-09-14,2069.54,2759.92,2351.22,171.0,snapshot,0,2026-10-06 20:03:59
Maharashtra,Solapur,Solapur,Onion,Red/Nasik,FAQ,2026-09-14,1869.98,2549.63,2189.35,190.4,snapshot,0,2026-10-06 20:03:59
Maharashtra,Nashik,Yeola,Onion,Red/Nasik,FAQ,2026-09-14,1920.27,2483.05,2135.32,289.1,snapshot,0,2026-10-06 20:03:59
Maharashtra,Pune,Khed(Chakan),Potato,Jyoti,FAQ,2026-09-14,1783.97,2315.12,2043.43,454.6,snapshot,0,2026-10-06 20:05:02
Maharashtra,Kolhapur,Kolhapur,Potato,Jyoti,FAQ,2026-09-14,1798.16,2392.02,2050.54,308.3,snapshot,0,2026-10-06 20:05:02
Maharashtra,Pune,Manchar,Potato,Jyoti,FAQ,2026-09-14,1816.49,2227.01,1975.93,185.8,snapshot,0,2026-10-06 20:05:02
Maharashtra,Mumbai,Mumbai,Potato,Jyoti,FAQ,2026-09-14,1656.4,2208.6,1894.95,264.0,snapshot,0,2026-10-06 20:05:02
Maharashtra,Pune,Narayangaon,Potato,Jyoti,FAQ,2026-09-14,1614.3,2043.79,1800.35,332.3,snapshot,0,2026-10-06 20:05:02
Maharashtra,Nashik,Nashik,Potato,Jyoti,FAQ,2026-09-14,1607.74,2182.71,1830.03,186.9,snapshot,0,2026-10-06 20:05:02
Maharashtra,Nashik,Pimpalgaon,Potato,Jyoti,FAQ,2026-09-14,2016.82,2488.31,2266.12,232.7,snapshot,0,2026-10-06 20:05:02
Maharashtra,Pune,Pune,Potato,Jyoti,FAQ,2026-09-14,1709.87,2301.38,1925.61,498.8,snapshot,0,2026-10-06 20:05:02
Maharashtra,Ahilyanagar,Ahmednagar,Red gram/Arhar/Tur(whole),White/Desi,FAQ,2026-09-14,9904.72,10704.04,10185.49,201.3,snapshot,0,2026-10-06 20:04:30
Maharashtra,Akola,Akola,Red gram/Arhar/Tur(whole),White/Desi,FAQ,2026-09-14,9494.06,10680.25,9913.51,212.5,snapshot,0,2026-10-06 20:04:30
Maharashtra,Amravati,Amravati,Red gram/Arhar/Tur(whole),White/Desi,FAQ,2026-09-14,9822.11,10750.88,10288.13,240.3,snapshot,0,2026-10-06 20:04:30
Maharashtra,Latur,Latur,Red gram/Arhar/Tur(whole),White/Desi,FAQ,2026-09-14,10345.66,11240.39,10661.14,234.2,snapshot,0,2026-10-06 20:04:30
Maharashtra,Solapur,Solapur,Red gram/Arhar/Tur(whole),White/Desi,FAQ,2026-09-14,10139.86,10880.78,10442.01,341.1,snapshot,0,2026-10-06 20:04:30
Maharashtra,Ahilyanagar,Ahmednagar,Soyabean,Yellow,FAQ,2026-09-14,4903.91,5281.05,5042.33,231.3,snapshot,0,2026-10-06 20:04:14
Maharashtra,Akola,Akola,Soyabean,Yellow,FAQ,2026-09-14,4608.13,5031.93,4786.13,460.2,snapshot,0,2026-10-06 20:04:15
Maharashtra,Amravati,Amravati,Soyabean,Yellow,FAQ,2026-09-14,4539.84,4822.26,4650.64,497.0,snapshot,0,2026-10-06 20:04:15
Maharashtra,Pune,Baramati,Soyabean,Yellow,FAQ,2026-09-14,4386.08,4754.79,4535.57,81.6,snapshot,0,2026-10-06 20:04:15
Maharashtra,Jalgaon,Jalgaon,Soyabean,Yellow,FAQ,2026-09-14,4656.84,5037.75,4782.73,100.3,snapshot,0,2026-10-06 20:04:15
Maharashtra,Latur,Latur,Soyabean,Yellow,FAQ,2026-09-14,5001.53,5376.64,5121.77,437.4,snapshot,0,2026-10-06 20:04:14
Maharashtra,Nagpur,Nagpur,Soyabean,Yellow,FAQ,2026-09-14,4482.62,4856.21,4656.48,85.3,snapshot,0,2026-10-06 20:04:15
Maharashtra,Pune,Pune,Soyabean,Yellow,FAQ,2026-09-14,4604.4,4928.79,4716.5,418.3,snapshot,0,2026-10-06 20:04:15
Maharashtra,Ahilyanagar,Rahata,Soyabean,Yellow,FAQ,2026-09-14,4545.93,4831.21,4656.67,367.5,snapshot,0,2026-10-06 20:04:15
Maharashtra,Ahilyanagar,Sangamner,Soyabean,Yellow,FAQ,2026-09-14,4554.27,4817.57,4666.57,477.6,snapshot,0,2026-10-06 20:04:15
Maharashtra,Solapur,Solapur,Soyabean,Yellow,FAQ,2026-09-14,4525.95,4837.36,4640.52,168.3,snapshot,0,2026-10-06 20:04:15
Maharashtra,Nashik,Yeola,Soyabean,Yellow,FAQ,2026-09-14,4688.73,5075.45,4849.55,220.3,snapshot,0,2026-10-06 20:04:15
Maharashtra,Pune,Baramati,Tomato,Hybrid,FAQ,2026-09-14,1365.69,1894.04,1585.97,142.1,snapshot,0,2026-10-06 20:03:43
Maharashtra,Pune,Khed(Chakan),Tomato,Hybrid,FAQ,2026-09-14,1492.79,2108.6,1694.69,491.5,snapshot,0,2026-10-06 20:03:43
Maharashtra,Kolhapur,Kolhapur,Tomato,Hybrid,FAQ,2026-09-14,1640.6,2321.11,1958.8,467.4,snapshot,0,2026-10-06 20:03:43
Maharashtra,Nashik,Lasalgaon,Tomato,Hybrid,FAQ,2026-09-14,1973.09,2703.51,2252.31,315.9,snapshot,0,2026-10-06 20:03:43
Maharashtra,Pune,Manchar,Tomato,Hybrid,FAQ,2026-09-14,1073.02,1777.71,1384.74,337.9,snapshot,0,2026-10-06 20:03:43
Maharashtra,Mumbai,Mumbai,Tomato,Hybrid,FAQ,2026-09-14,1602.44,2148.15,1898.08,136.1,snapshot,0,2026-10-06 20:03:43
Maharashtra,Nagpur,Nagpur,Tomato,Hybrid,FAQ,2026-09-14,1766.89,2424.31,2041.18,177.2,snapshot,0,2026-10-06 20:03:43
Maharashtra,Pune,Narayangaon,Tomato,Hybrid,FAQ,2026-09-14,1602.21,2161.29,1815.68,133.0,snapshot,0,2026-10-06 20:03:43
Maharashtra,Nashik,Nashik,Tomato,Hybrid,FAQ,2026-09-14,1572.46,2299.72,1893.07,61.8,snapshot,0,2026-10-06 20:03:43
Maharashtra,Nashik,Pimpalgaon,Tomato,Hybrid,FAQ,2026-09-14,1670.24,2232.52,1909.66,449.5,snapshot,0,2026-10-06 20:03:43
Maharashtra,Pune,Pune,Tomato,Hybrid,FAQ,2026-09-14,1778.44,2359.38,2097.56,125.5,snapshot,0,2026-10-06 20:03:43
Maharashtra,Ahilyanagar,Sangamner,Tomato,Hybrid,FAQ,2026-09-14,1519.31,2247.86,1816.5,175.2,snapshot,0,2026-10-06 20:03:43
Maharashtra,Ahilyanagar,Ahmednagar,Wheat,Lokwan,FAQ,2026-09-14,2498.0,2777.16,2593.3,435.5,snapshot,0,2026-10-06 20:05:18
Maharashtra,Pune,Baramati,Wheat,Lokwan,FAQ,2026-09-14,2455.67,2744.86,2577.38,403.9,snapshot,0,2026-10-06 20:05:18
Maharashtra,Jalgaon,Jalgaon,Wheat,Lokwan,FAQ,2026-09-14,2619.78,2867.38,2739.53,84.7,snapshot,0,2026-10-06 20:05:18
Maharashtra,Kolhapur,Kolhapur,Wheat,Lokwan,FAQ,2026-09-14,2635.25,2956.43,2787.85,494.0,snapshot,0,2026-10-06 20:05:18
Maharashtra,Nashik,Lasalgaon,Wheat,Lokwan,FAQ,2026-09-14,2662.92,2915.19,2781.82,292.3,snapshot,0,2026-10-06 20:05:18
Maharashtra,Latur,Latur,Wheat,Lokwan,FAQ,2026-09-14,2662.12,2936.56,2799.77,120.7,snapshot,0,2026-10-06 20:05:18
Maharashtra,Mumbai,Mumbai,Wheat,Lokwan,FAQ,2026-09-14,2699.73,2956.33,2806.72,269.4,snapshot,0,2026-10-06 20:05:18
Maharashtra,Nagpur,Nagpur,Wheat,Lokwan,FAQ,2026-09-14,2722.58,3000.73,2819.03,377.6,snapshot,0,2026-10-06 20:05:18
Maharashtra,Nashik,Nashik,Wheat,Lokwan,FAQ,2026-09-14,2551.91,2919.03,2687.25,430.4,snapshot,0,2026-10-06 20:05:18
Maharashtra,Pune,Pune,Wheat,Lokwan,FAQ,2026-09-14,2513.24,2769.2,2600.51,315.7,snapshot,0,2026-10-06 20:05:18
Maharashtra,Ahilyanagar,Rahata,Wheat,Lokwan,FAQ,2026-09-14,2683.41,2962.99,2802.52,488.2,snapshot,0,2026-10-06 20:05:18
Maharashtra,Solapur,Solapur,Wheat,Lokwan,FAQ,2026-09-14,2651.78,2916.8,2778.09,89.5,snapshot,0,2026-10-06 20:05:18
Maharashtra,Nashik,Yeola,Wheat,Lokwan,FAQ,2026-09-14,2691.41,3029.86,2836.11,159.7,snapshot,0,2026-10-06 20:05:18
Maharashtra,Akola,Akola,Cotton,Medium Staple,FAQ,2026-09-12,7034.57,7766.93,7322.43,61.7,snapshot,0,2026-10-06 20:04:46
Maharashtra,Amravati,Amravati,Cotton,Medium Staple,FAQ,2026-09-12,6776.88,7342.03,7050.88,217.3,snapshot,0,2026-10-06 20:04:46
Maharashtra,Jalgaon,Jalgaon,Cotton,Medium Staple,FAQ,2026-09-12,6752.6,7312.68,7018.57,236.0,snapshot,0,2026-10-06 20:04:46
Maharashtra,Nagpur,Nagpur,Cotton,Medium Staple,FAQ,2026-09-12,7165.36,7678.75,7399.48,236.3,snapshot,0,2026-10-06 20:04:46
Maharashtra,Ahilyanagar,Ahmednagar,Onion,Red/Nasik,FAQ,2026-09-12,1920.2,2653.54,2149.32,259.1,snapshot,0,2026-10-06 20:03:59
Maharashtra,Pune,Baramati,Onion,Red/Nasik,FAQ,2026-09-12,1871.82,2569.32,2116.58,312.8,snapshot,0,2026-10-06 20:03:59
Maharashtra,Jalgaon,Jalgaon,Onion,Red/Nasik,FAQ,2026-09-12,1999.6,2725.87,2256.16,403.5,snapshot,0,2026-10-06 20:03:59
Maharashtra,Pune,Khed(Chakan),Onion,Red/Nasik,FAQ,2026-09-12,1935.02,2729.51,2247.94,110.7,snapshot,0,2026-10-06 20:03:59
Maharashtra,Kolhapur,Kolhapur,Onion,Red/Nasik,FAQ,2026-09-12,2281.71,2909.81,2502.34,420.1,snapshot,0,2026-10-06 20:03:59
Maharashtra,Nashik,Lasalgaon,Onion,Red/Nasik,FAQ,2026-09-12,1956.8,2577.5,2267.79,297.3,snapshot,0,2026-10-06 20:03:59
Maharashtra,Pune,Manchar,Onion,Red/Nasik,FAQ,2026-09-12,2187.92,2801.16,2413.35,496.7,snapshot,0,2026-10-06 20:03:59
Maharashtra,Mumbai,Mumbai,Onion,Red/Nasik,FAQ,2026-09-12,2032.58,2855.65,2379.94,470.0,snapshot,0,2026-10-06 20:03:59
Maharashtra,Pune,Narayangaon,Onion,Red/Nasik,FAQ,2026-09-12,1856.54,2654.5,2154.44,289.4,snapshot,0,2026-10-06 20:03:59
Maharashtra,Nashik,Nashik,Onion,Red/Nasik,FAQ,2026-09-12,1949.58,2784.43,2266.67,96.5,snapshot,0,2026-10-06 20:03:59
Maharashtra,Nashik,Pimpalgaon,Onion,Red/Nasik,FAQ,2026-09-12,2180.58,2762.57,2462.59,156.9,snapshot,0,2026-10-06 20:03:59
Maharashtra,Pune,Pune,Onion,Red/Nasik,FAQ,2026-09-12,1896.34,2548.46,2240.97,416.9,snapshot,0,2026-10-06 20:03:59
Maharashtra,Ahilyanagar,Rahata,Onion,Red/Nasik,FAQ,2026-09-12,2047.45,2706.19,2313.51,455.3,snapshot,0,2026-10-06 20:03:59
Maharashtra,Ahilyanagar,Sangamner,Onion,Red/Nasik,FAQ,2026-09-12,1986.72,2686.31,2242.89,468.1,snapshot,0,2026-10-06 20:03:59
Maharashtra,Solapur,Solapur,Onion,Red/Nasik,FAQ,2026-09-12,1815.25,2435.58,2117.21,132.7,snapshot,0,2026-10-06 20:03:59
Maharashtra,Nashik,Yeola,Onion,Red/Nasik,FAQ,2026-09-12,1881.57,2530.35,2105.58,429.4,snapshot,0,2026-10-06 20:03:59
Maharashtra,Pune,Khed(Chakan),Potato,Jyoti,FAQ,2026-09-12,1775.61,2257.98,1987.17,448.5,snapshot,0,2026-10-06 20:05:02
Maharashtra,Kolhapur,Kolhapur,Potato,Jyoti,FAQ,2026-09-12,1774.72,2240.9,2005.36,377.0,snapshot,0,2026-10-06 20:05:02
Maharashtra,Pune,Manchar,Potato,Jyoti,FAQ,2026-09-12,1725.35,2296.75,1933.95,72.8,snapshot,0,2026-10-06 20:05:02
Maharashtra,Mumbai,Mumbai,Potato,Jyoti,FAQ,2026-09-12,1745.19,2239.53,1942.27,428.5,snapshot,0,2026-10-06 20:05:02
Maharashtra,Pune,Narayangaon,Potato,Jyoti,FAQ,2026-09-12,1539.46,2026.04,1740.76,103.4,snapshot,0,2026-10-06 20:05:02
Maharashtra,Nashik,Nashik,Potato,Jyoti,FAQ,2026-09-12,1593.52,2180.56,1833.19,429.6,snapshot,0,2026-10-06 20:05:02
Maharashtra,Nashik,Pimpalgaon,Potato,Jyoti,FAQ,2026-09-12,2087.55,2625.67,2334.94,370.0,snapshot,0,2026-10-06 20:05:02
Maharashtra,Pune,Pune,Potato,Jyoti,FAQ,2026-09-12,1744.31,2205.46,1989.0,71.5,snapshot,0,2026-10-06 20:05:02
Maharashtra,Ahilyanagar,Ahmednagar,Red gram/Arhar/Tur(whole),White/Desi,FAQ,2026-09-12,9742.37,10752.74,10063.88,425.4,snapshot,0,2026-10-06 20:04:30
Maharashtra,Akola,Akola,Red gram/Arhar/Tur(whole),White/Desi,FAQ,2026-09-12,9679.36,10743.59,10118.29,172.9,snapshot,0,2026-10-06 20:04:30
Maharashtra,Amravati,Amravati,Red gram/Arhar/Tur(whole),White/Desi,FAQ,2026-09-12,9965.24,11046.14,10312.86,384.5,snapshot,0,2026-10-06 20:04:30
Maharashtra,Latur,Latur,Red gram/Arhar/Tur(whole),White/Desi,FAQ,2026-09-12,10241.1,11382.27,10710.71,81.1,snapshot,0,2026-10-06 20:04:30
Maharashtra,Solapur,Solapur,Red gram/Arhar/Tur(whole),White/Desi,FAQ,2026-09-12,10118.08,11080.24,10472.86,146.6,snapshot,0,2026-10-06 20:04:30
Maharashtra,Ahilyanagar,Ahmednagar,Soyabean,Yellow,FAQ,2026-09-12,4886.97,5206.4,5037.96,189.9,snapshot,0,2026-10-06 20:04:14
Maharashtra,Akola,Akola,Soyabean,Yellow,FAQ,2026-09-12,4578.61,4924.21,4713.69,246.7,snapshot,0,2026-10-06 20:04:15
Maharashtra,Amravati,Amravati,Soyabean,Yellow,FAQ,2026-09-12,4500.06,4863.18,4664.7,449.1,snapshot,0,2026-10-06 20:04:15
Maharashtra,Pune,Baramati,Soyabean,Yellow,FAQ,2026-09-12,4341.14,4751.97,4519.41,214.3,snapshot,0,2026-10-06 20:04:15
Maharashtra,Jalgaon,Jalgaon,Soyabean,Yellow,FAQ,2026-09-12,4629.45,4935.53,4767.98,337.8,snapshot,0,2026-10-06 20:04:15
Maharashtra,Latur,Latur,Soyabean,Yellow,FAQ,2026-09-12,5075.83,5348.56,5182.35,365.8,snapshot,0,2026-10-06 20:04:14
Maharashtra,Nagpur,Nagpur,Soyabean,Yellow,FAQ,2026-09-12,4461.1,4794.83,4638.75,312.4,snapshot,0,2026-10-06 20:04:15
Maharashtra,Pune,Pune,Soyabean,Yellow,FAQ,2026-09-12,4565.2,4953.07,4716.93,374.5,snapshot,0,2026-10-06 20:04:15
Maharashtra,Ahilyanagar,Rahata,Soyabean,Yellow,FAQ,2026-09-12,4533.98,4801.07,4658.9,189.3,snapshot,0,2026-10-06 20:04:15
Maharashtra,Ahilyanagar,Sangamner,Soyabean,Yellow,FAQ,2026-09-12,4481.08,4813.39,4649.45,383.2,snapshot,0,2026-10-06 20:04:15
Maharashtra,Solapur,Solapur,Soyabean,Yellow,FAQ,2026-09-12,4490.1,4865.63,4642.37,332.0,snapshot,0,2026-10-06 20:04:15
Maharashtra,Nashik,Yeola,Soyabean,Yellow,FAQ,2026-09-12,4739.12,5002.17,4850.05,144.2,snapshot,0,2026-10-06 20:04:15
Maharashtra,Pune,Baramati,Tomato,Hybrid,FAQ,2026-09-12,1551.69,2169.75,1816.05,497.0,snapshot,0,2026-10-06 20:03:43
Maharashtra,Pune,Khed(Chakan),Tomato,Hybrid,FAQ,2026-09-12,1420.93,2002.28,1651.85,454.9,snapshot,0,2026-10-06 20:03:43
Maharashtra,Kolhapur,Kolhapur,Tomato,Hybrid,FAQ,2026-09-12,1699.73,2227.85,1881.22,346.0,snapshot,0,2026-10-06 20:03:43
Maharashtra,Nashik,Lasalgaon,Tomato,Hybrid,FAQ,2026-09-12,1805.94,2415.46,2098.73,347.2,snapshot,0,2026-10-06 20:03:43
Maharashtra,Pune,Manchar,Tomato,Hybrid,FAQ,2026-09-12,954.57,1674.43,1246.71,421.8,snapshot,0,2026-10-06 20:03:43
Maharashtra,Mumbai,Mumbai,Tomato,Hybrid,FAQ,2026-09-12,1722.24,2375.16,2015.51,122.0,snapshot,0,2026-10-06 20:03:43
Maharashtra,Nagpur,Nagpur,Tomato,Hybrid,FAQ,2026-09-12,1853.82,2455.13,2055.62,175.8,snapshot,0,2026-10-06 20:03:43
Maharashtra,Pune,Narayangaon,Tomato,Hybrid,FAQ,2026-09-12,1467.26,2067.12,1749.38,243.5,snapshot,0,2026-10-06 20:03:43
Maharashtra,Nashik,Nashik,Tomato,Hybrid,FAQ,2026-09-12,1587.1,2087.46,1787.86,262.8,snapshot,0,2026-10-06 20:03:43
Maharashtra,Nashik,Pimpalgaon,Tomato,Hybrid,FAQ,2026-09-12,1609.18,2268.38,1924.0,195.0,snapshot,0,2026-10-06 20:03:43
Maharashtra,Pune,Pune,Tomato,Hybrid,FAQ,2026-09-12,1827.26,2501.76,2077.69,112.4,snapshot,0,2026-10-06 20:03:43
Maharashtra,Ahilyanagar,Sangamner,Tomato,Hybrid,FAQ,2026-09-12,1522.04,2101.99,1835.23,479.8,snapshot,0,2026-10-06 20:03:43
Maharashtra,Ahilyanagar,Ahmednagar,Wheat,Lokwan,FAQ,2026-09-12,2477.82,2764.27,2599.16,131.3,snapshot,0,2026-10-06 20:05:18
Maharashtra,Pune,Baramati,Wheat,Lokwan,FAQ,2026-09-12,2493.01,2759.77,2585.23,207.0,snapshot,0,2026-10-06 20:05:18
Maharashtra,Jalgaon,Jalgaon,Wheat,Lokwan,FAQ,2026-09-12,2577.67,2844.45,2704.6,359.5,snapshot,0,2026-10-06 20:05:18
Maharashtra,Kolhapur,Kolhapur,Wheat,Lokwan,FAQ,2026-09-12,2665.49,2943.08,2803.45,251.1,snapshot,0,2026-10-06 20:05:18
Maharashtra,Nashik,Lasalgaon,Wheat,Lokwan,FAQ,2026-09-12,2630.48,2941.84,2780.51,384.4,snapshot,0,2026-10-06 20:05:18
Maharashtra,Latur,Latur,Wheat,Lokwan,FAQ,2026-09-12,2708.62,2978.92,2803.71,187.4,snapshot,0,2026-10-06 20:05:18
Maharashtra,Mumbai,Mumbai,Wheat,Lokwan,FAQ,2026-09-12,2732.65,2970.97,2821.43,102.0,snapshot,0,2026-10-06 20:05:18
Maharashtra,Nagpur,Nagpur,Wheat,Lokwan,FAQ,2026-09-12,2712.97,2967.73,2837.25,356.6,snapshot,0,2026-10-06 20:05:18
Maharashtra,Nashik,Nashik,Wheat,Lokwan,FAQ,2026-09-12,2616.82,2831.34,2704.49,330.0,snapshot,0,2026-10-06 20:05:18
Maharashtra,Pune,Pune,Wheat,Lokwan,FAQ,2026-09-12,2454.32,2765.73,2587.17,346.9,snapshot,0,2026-10-06 20:05:18
Maharashtra,Ahilyanagar,Rahata,Wheat,Lokwan,FAQ,2026-09-12,2699.68,3046.9,2815.36,475.0,snapshot,0,2026-10-06 20:05:18
Maharashtra,Solapur,Solapur,Wheat,Lokwan,FAQ,2026-09-12,2667.02,2904.49,2761.73,76.5,snapshot,0,2026-10-06 20:05:18
Maharashtra,Nashik,Yeola,Wheat,Lokwan,FAQ,2026-09-12,2695.26,3009.77,2815.57,400.8,snapshot,0,2026-10-06 20:05:18
Maharashtra,Akola,Akola,Cotton,Medium Staple,FAQ,2026-09-11,7020.11,7681.48,7278.73,271.6,snapshot,0,2026-10-06 20:04:46
Maharashtra,Amravati,Amravati,Cotton,Medium Staple,FAQ,2026-09-11,6721.82,7446.45,7039.29,340.5,snapshot,0,2026-10-06 20:04:46
Maharashtra,Jalgaon,Jalgaon,Cotton,Medium Staple,FAQ,2026-09-11,6903.67,7464.1,7104.41,377.9,snapshot,0,2026-10-06 20:04:46
Maharashtra,Nagpur,Nagpur,Cotton,Medium Staple,FAQ,2026-09-11,7133.58,7745.54,7337.63,128.7,snapshot,0,2026-10-06 20:04:46
Maharashtra,Ahilyanagar,Ahmednagar,Onion,Red/Nasik,FAQ,2026-09-11,1847.48,2420.94,2130.16,431.9,snapshot,0,2026-10-06 20:03:59
Maharashtra,Pune,Baramati,Onion,Red/Nasik,FAQ,2026-09-11,1838.6,2413.64,2113.27,331.1,snapshot,0,2026-10-06 20:03:59
Maharashtra,Jalgaon,Jalgaon,Onion,Red/Nasik,FAQ,2026-09-11,1978.75,2600.39,2308.38,59.8,snapshot,0,2026-10-06 20:03:59
Maharashtra,Pune,Khed(Chakan),Onion,Red/Nasik,FAQ,2026-09-11,1898.8,2583.86,2240.2,169.5,snapshot,0,2026-10-06 20:03:59
Maharashtra,Kolhapur,Kolhapur,Onion,Red/Nasik,FAQ,2026-09-11,2186.58,2868.56,2512.92,95.8,snapshot,0,2026-10-06 20:03:59
Maharashtra,Nashik,Lasalgaon,Onion,Red/Nasik,FAQ,2026-09-11,1874.52,2690.12,2240.39,303.1,snapshot,0,2026-10-06 20:03:59
Maharashtra,Pune,Manchar,Onion,Red/Nasik,FAQ,2026-09-11,2131.55,2727.47,2443.0,371.0,snapshot,0,2026-10-06 20:03:59
Maharashtra,Mumbai,Mumbai,Onion,Red/Nasik,FAQ,2026-09-11,2079.11,2630.73,2341.15,439.5,snapshot,0,2026-10-06 20:03:59
Maharashtra,Pune,Narayangaon,Onion,Red/Nasik,FAQ,2026-09-11,1807.65,2426.34,2105.96,405.7,snapshot,0,2026-10-06 20:03:59
Maharashtra,Nashik,Nashik,Onion,Red/Nasik,FAQ,2026-09-11,1840.56,2731.79,2217.11,69.8,snapshot,0,2026-10-06 20:03:59
Maharashtra,Nashik,Pimpalgaon,Onion,Red/Nasik,FAQ,2026-09-11,2229.84,2849.71,2551.86,157.3,snapshot,0,2026-10-06 20:03:59
Maharashtra,Pune,Pune,Onion,Red/Nasik,FAQ,2026-09-11,1956.78,2653.88,2206.01,392.8,snapshot,0,2026-10-06 20:03:59
Maharashtra,Ahilyanagar,Rahata,Onion,Red/Nasik,FAQ,2026-09-11,2011.38,2784.3,2375.49,101.8,snapshot,0,2026-10-06 20:03:59
Maharashtra,Ahilyanagar,Sangamner,Onion,Red/Nasik,FAQ,2026-09-11,1926.97,2696.62,2299.37,124.3,snapshot,0,2026-10-06 20:03:59
Maharashtra,Solapur,Solapur,Onion,Red/Nasik,FAQ,2026-09-11,1813.7,2619.87,2120.22,382.4,snapshot,0,2026-10-06 20:03:59
Maharashtra,Nashik,Yeola,Onion,Red/Nasik,FAQ,2026-09-11,1849.73,2562.2,2089.4,337.5,snapshot,0,2026-10-06 20:03:59
Maharashtra,Pune,Khed(Chakan),Potato,Jyoti,FAQ,2026-09-11,1840.48,2358.81,2000.52,177.2,snapshot,0,2026-10-06 20:05:02
Maharashtra,Kolhapur,Kolhapur,Potato,Jyoti,FAQ,2026-09-11,1777.1,2207.62,1994.85,197.5,snapshot,0,2026-10-06 20:05:02
Maharashtra,Pune,Manchar,Potato,Jyoti,FAQ,2026-09-11,1803.94,2201.48,1961.32,411.5,snapshot,0,2026-10-06 20:05:02
Maharashtra,Mumbai,Mumbai,Potato,Jyoti,FAQ,2026-09-11,1764.02,2196.36,1984.18,394.3,snapshot,0,2026-10-06 20:05:02
Maharashtra,Pune,Narayangaon,Potato,Jyoti,FAQ,2026-09-11,1550.54,1937.83,1706.61,180.5,snapshot,0,2026-10-06 20:05:02
Maharashtra,Nashik,Nashik,Potato,Jyoti,FAQ,2026-09-11,1745.76,2148.21,1923.41,112.6,snapshot,0,2026-10-06 20:05:02
Maharashtra,Nashik,Pimpalgaon,Potato,Jyoti,FAQ,2026-09-11,2098.28,2636.45,2268.58,432.6,snapshot,0,2026-10-06 20:05:02
Maharashtra,Pune,Pune,Potato,Jyoti,FAQ,2026-09-11,1763.76,2285.28,2006.88,185.7,snapshot,0,2026-10-06 20:05:02
Maharashtra,Ahilyanagar,Ahmednagar,Red gram/Arhar/Tur(whole),White/Desi,FAQ,2026-09-11,9706.73,10586.5,10006.88,166.7,snapshot,0,2026-10-06 20:04:30
Maharashtra,Akola,Akola,Red gram/Arhar/Tur(whole),White/Desi,FAQ,2026-09-11,9756.25,10667.35,10151.21,352.9,snapshot,0,2026-10-06 20:04:30
Maharashtra,Amravati,Amravati,Red gram/Arhar/Tur(whole),White/Desi,FAQ,2026-09-11,9694.73,10781.87,10174.39,396.9,snapshot,0,2026-10-06 20:04:30
Maharashtra,Latur,Latur,Red gram/Arhar/Tur(whole),White/Desi,FAQ,2026-09-11,10212.62,11127.22,10691.37,265.6,snapshot,0,2026-10-06 20:04:30
Maharashtra,Solapur,Solapur,Red gram/Arhar/Tur(whole),White/Desi,FAQ,2026-09-11,10061.51,11140.93,10411.87,168.1,snapshot,0,2026-10-06 20:04:30
Maharashtra,Ahilyanagar,Ahmednagar,Soyabean,Yellow,FAQ,2026-09-11,4844.74,5226.46,5014.39,200.9,snapshot,0,2026-10-06 20:04:14
Maharashtra,Akola,Akola,Soyabean,Yellow,FAQ,2026-09-11,4462.06,4843.95,4651.66,121.4,snapshot,0,2026-10-06 20:04:15
Maharashtra,Amravati,Amravati,Soyabean,Yellow,FAQ,2026-09-11,4483.37,4911.27,4656.16,110.4,snapshot,0,2026-10-06 20:04:15
Maharashtra,Pune,Baramati,Soyabean,Yellow,FAQ,2026-09-11,4313.68,4653.8,4492.66,479.7,snapshot,0,2026-10-06 20:04:15
Maharashtra,Jalgaon,Jalgaon,Soyabean,Yellow,FAQ,2026-09-11,4582.36,4941.73,4699.61,445.9,snapshot,0,2026-10-06 20:04:15
Maharashtra,Latur,Latur,Soyabean,Yellow,FAQ,2026-09-11,5042.02,5379.99,5162.17,301.7,snapshot,0,2026-10-06 20:04:14
Maharashtra,Nagpur,Nagpur,Soyabean,Yellow,FAQ,2026-09-11,4567.08,4887.61,4682.09,75.1,snapshot,0,2026-10-06 20:04:15
Maharashtra,Pune,Pune,Soyabean,Yellow,FAQ,2026-09-11,4674.73,5071.38,4814.53,268.3,snapshot,0,2026-10-06 20:04:15
Maharashtra,Ahilyanagar,Rahata,Soyabean,Yellow,FAQ,2026-09-11,4502.58,4791.31,4619.26,315.6,snapshot,0,2026-10-06 20:04:15
Maharashtra,Ahilyanagar,Sangamner,Soyabean,Yellow,FAQ,2026-09-11,4481.31,4872.59,4627.78,401.6,snapshot,0,2026-10-06 20:04:15
Maharashtra,Solapur,Solapur,Soyabean,Yellow,FAQ,2026-09-11,4483.24,4831.46,4638.89,208.7,snapshot,0,2026-10-06 20:04:15
Maharashtra,Nashik,Yeola,Soyabean,Yellow,FAQ,2026-09-11,4634.34,4992.0,4825.65,64.4,snapshot,0,2026-10-06 20:04:15
Maharashtra,Pune,Baramati,Tomato,Hybrid,FAQ,2026-09-11,1536.96,2195.18,1856.21,222.7,snapshot,0,2026-10-06 20:03:43
Maharashtra,Pune,Khed(Chakan),Tomato,Hybrid,FAQ,2026-09-11,1421.61,1977.29,1644.88,371.3,snapshot,0,2026-10-06 20:03:43
Maharashtra,Kolhapur,Kolhapur,Tomato,Hybrid,FAQ,2026-09-11,1493.28,2114.75,1806.12,485.7,snapshot,0,2026-10-06 20:03:43
Maharashtra,Nashik,Lasalgaon,Tomato,Hybrid,FAQ,2026-09-11,1752.04,2389.48,2055.85,129.9,snapshot,0,2026-10-06 20:03:43
Maharashtra,Pune,Manchar,Tomato,Hybrid,FAQ,2026-09-11,997.73,1580.58,1219.63,46.0,snapshot,0,2026-10-06 20:03:43
Maharashtra,Mumbai,Mumbai,Tomato,Hybrid,FAQ,2026-09-11,1824.15,2319.75,2016.73,48.5,snapshot,0,2026-10-06 20:03:43
Maharashtra,Nagpur,Nagpur,Tomato,Hybrid,FAQ,2026-09-11,1855.7,2435.4,2080.8,417.8,snapshot,0,2026-10-06 20:03:43
Maharashtra,Pune,Narayangaon,Tomato,Hybrid,FAQ,2026-09-11,1466.4,2209.63,1764.16,410.1,snapshot,0,2026-10-06 20:03:43
Maharashtra,Nashik,Nashik,Tomato,Hybrid,FAQ,2026-09-11,1385.0,2024.79,1686.29,179.9,snapshot,0,2026-10-06 20:03:43
Maharashtra,Nashik,Pimpalgaon,Tomato,Hybrid,FAQ,2026-09-11,1531.95,2031.83,1785.3,317.4,snapshot,0,2026-10-06 20:03:43
Maharashtra,Pune,Pune,Tomato,Hybrid,FAQ,2026-09-11,1729.67,2350.41,1991.55,384.1,snapshot,0,2026-10-06 20:03:43
Maharashtra,Ahilyanagar,Sangamner,Tomato,Hybrid,FAQ,2026-09-11,1684.78,2220.79,1920.48,369.3,snapshot,0,2026-10-06 20:03:43
Maharashtra,Ahilyanagar,Ahmednagar,Wheat,Lokwan,FAQ,2026-09-11,2494.35,2853.61,2629.09,392.7,snapshot,0,2026-10-06 20:05:18
Maharashtra,Akola,Akola,Wheat,Lokwan,FAQ,2026-09-11,2631.12,2892.18,2729.59,150.1,snapshot,0,2026-10-06 20:05:18
Maharashtra,Pune,Baramati,Wheat,Lokwan,FAQ,2026-09-11,2449.11,2806.88,2582.91,406.4,snapshot,0,2026-10-06 20:05:18
Maharashtra,Jalgaon,Jalgaon,Wheat,Lokwan,FAQ,2026-09-11,2559.86,2894.05,2697.29,410.5,snapshot,0,2026-10-06 20:05:18
Maharashtra,Kolhapur,Kolhapur,Wheat,Lokwan,FAQ,2026-09-11,2643.1,2932.72,2762.46,117.8,snapshot,0,2026-10-06 20:05:18
Maharashtra,Nashik,Lasalgaon,Wheat,Lokwan,FAQ,2026-09-11,2629.34,2985.47,2767.05,222.5,snapshot,0,2026-10-06 20:05:18
Maharashtra,Latur,Latur,Wheat,Lokwan,FAQ,2026-09-11,2686.99,3020.64,2799.11,80.7,snapshot,0,2026-10-06 20:05:18
Maharashtra,Mumbai,Mumbai,Wheat,Lokwan,FAQ,2026-09-11,2633.81,2948.52,2776.81,433.9,snapshot,0,2026-10-06 20:05:18
Maharashtra,Nagpur,Nagpur,Wheat,Lokwan,FAQ,2026-09-11,2697.03,3002.6,2836.67,143.7,snapshot,0,2026-10-06 20:05:18
Maharashtra,Nashik,Nashik,Wheat,Lokwan,FAQ,2026-09-11,2600.85,2935.96,2746.76,132.6,snapshot,0,2026-10-06 20:05:18
Maharashtra,Pune,Pune,Wheat,Lokwan,FAQ,2026-09-11,2498.04,2809.24,2601.71,92.4,snapshot,0,2026-10-06 20:05:18
Maharashtra,Ahilyanagar,Rahata,Wheat,Lokwan,FAQ,2026-09-11,2694.9,2994.23,2841.34,166.6,snapshot,0,2026-10-06 20:05:18
Maharashtra,Solapur,Solapur,Wheat,Lokwan,FAQ,2026-09-11,2669.93,3003.2,2770.86,182.3,snapshot,0,2026-10-06 20:05:18
Maharashtra,Nashik,Yeola,Wheat,Lokwan,FAQ,2026-09-11,2634.21,2965.18,2783.31,241.2,snapshot,0,2026-10-06 20:05:18
Maharashtra,Akola,Akola,Cotton,Medium Staple,FAQ,2026-09-10,6987.5,7549.66,7239.61,96.8,snapshot,0,2026-10-06 20:04:46
Maharashtra,Amravati,Amravati,Cotton,Medium Staple,FAQ,2026-09-10,6746.25,7305.29,6994.09,434.1,snapshot,0,2026-10-06 20:04:46
Maharashtra,Jalgaon,Jalgaon,Cotton,Medium Staple,FAQ,2026-09-10,6914.48,7472.57,7118.49,487.9,snapshot,0,2026-10-06 20:04:46
Maharashtra,Nagpur,Nagpur,Cotton,Medium Staple,FAQ,2026-09-10,7080.1,7730.12,7339.14,135.7,snapshot,0,2026-10-06 20:04:46
Maharashtra,Ahilyanagar,Ahmednagar,Onion,Red/Nasik,FAQ,2026-09-10,1707.02,2452.5,2088.96,324.0,snapshot,0,2026-10-06 20:03:59
Maharashtra,Pune,Baramati,Onion,Red/Nasik,FAQ,2026-09-10,1749.07,2579.48,2084.33,330.1,snapshot,0,2026-10-06 20:03:59
Maharashtra,Jalgaon,Jalgaon,Onion,Red/Nasik,FAQ,2026-09-10,1984.64,2805.3,2364.43,430.0,snapshot,0,2026-10-06 20:03:59
Maharashtra,Pune,Khed(Chakan),Onion,Red/Nasik,FAQ,2026-09-10,1967.95,2659.48,2212.15,372.1,snapshot,0,2026-10-06 20:03:59
Maharashtra,Kolhapur,Kolhapur,Onion,Red/Nasik,FAQ,2026-09-10,2174.71,3054.56,2538.22,181.4,snapshot,0,2026-10-06 20:03:59
Maharashtra,Nashik,Lasalgaon,Onion,Red/Nasik,FAQ,2026-09-10,1898.71,2725.54,2268.92,337.1,snapshot,0,2026-10-06 20:03:59
Maharashtra,Pune,Manchar,Onion,Red/Nasik,FAQ,2026-09-10,2195.17,2947.56,2437.58,315.7,snapshot,0,2026-10-06 20:03:59
Maharashtra,Mumbai,Mumbai,Onion,Red/Nasik,FAQ,2026-09-10,2095.09,2744.81,2329.08,435.9,snapshot,0,2026-10-06 20:03:59
Maharashtra,Pune,Narayangaon,Onion,Red/Nasik,FAQ,2026-09-10,1775.1,2644.95,2132.99,335.2,snapshot,0,2026-10-06 20:03:59
Maharashtra,Nashik,Nashik,Onion,Red/Nasik,FAQ,2026-09-10,1915.21,2619.05,2197.32,86.8,snapshot,0,2026-10-06 20:03:59
Maharashtra,Nashik,Pimpalgaon,Onion,Red/Nasik,FAQ,2026-09-10,2331.96,2947.03,2580.85,99.1,snapshot,0,2026-10-06 20:03:59
Maharashtra,Pune,Pune,Onion,Red/Nasik,FAQ,2026-09-10,1968.16,2641.55,2200.88,299.4,snapshot,0,2026-10-06 20:03:59
Maharashtra,Ahilyanagar,Rahata,Onion,Red/Nasik,FAQ,2026-09-10,2065.02,2689.42,2295.25,492.3,snapshot,0,2026-10-06 20:03:59
Maharashtra,Ahilyanagar,Sangamner,Onion,Red/Nasik,FAQ,2026-09-10,2025.33,2708.49,2275.47,93.0,snapshot,0,2026-10-06 20:03:59
Maharashtra,Solapur,Solapur,Onion,Red/Nasik,FAQ,2026-09-10,1763.22,2454.36,2134.96,137.9,snapshot,0,2026-10-06 20:03:59
Maharashtra,Nashik,Yeola,Onion,Red/Nasik,FAQ,2026-09-10,1868.65,2569.07,2135.02,420.5,snapshot,0,2026-10-06 20:03:59
Maharashtra,Pune,Khed(Chakan),Potato,Jyoti,FAQ,2026-09-10,1875.77,2310.28,2031.24,310.8,snapshot,0,2026-10-06 20:05:02
Maharashtra,Kolhapur,Kolhapur,Potato,Jyoti,FAQ,2026-09-10,1683.91,2175.26,1932.2,106.3,snapshot,0,2026-10-06 20:05:02
Maharashtra,Pune,Manchar,Potato,Jyoti,FAQ,2026-09-10,1854.31,2301.61,2040.04,330.6,snapshot,0,2026-10-06 20:05:02
Maharashtra,Mumbai,Mumbai,Potato,Jyoti,FAQ,2026-09-10,1729.57,2318.7,1974.29,137.8,snapshot,0,2026-10-06 20:05:02
Maharashtra,Pune,Narayangaon,Potato,Jyoti,FAQ,2026-09-10,1571.2,2067.5,1746.89,79.0,snapshot,0,2026-10-06 20:05:02
Maharashtra,Nashik,Nashik,Potato,Jyoti,FAQ,2026-09-10,1812.72,2251.17,1969.05,329.0,snapshot,0,2026-10-06 20:05:02
Maharashtra,Nashik,Pimpalgaon,Potato,Jyoti,FAQ,2026-09-10,2080.74,2470.51,2226.0,293.2,snapshot,0,2026-10-06 20:05:02
Maharashtra,Pune,Pune,Potato,Jyoti,FAQ,2026-09-10,1747.52,2328.82,1965.5,432.1,snapshot,0,2026-10-06 20:05:02
Maharashtra,Ahilyanagar,Ahmednagar,Red gram/Arhar/Tur(whole),White/Desi,FAQ,2026-09-10,9534.88,10613.44,10012.89,375.3,snapshot,0,2026-10-06 20:04:30
Maharashtra,Akola,Akola,Red gram/Arhar/Tur(whole),White/Desi,FAQ,2026-09-10,9951.61,10912.55,10242.19,151.2,snapshot,0,2026-10-06 20:04:30
Maharashtra,Amravati,Amravati,Red gram/Arhar/Tur(whole),White/Desi,FAQ,2026-09-10,9851.87,10901.13,10251.35,261.0,snapshot,0,2026-10-06 20:04:30
Maharashtra,Latur,Latur,Red gram/Arhar/Tur(whole),White/Desi,FAQ,2026-09-10,10337.88,11154.34,10640.33,292.5,snapshot,0,2026-10-06 20:04:30
Maharashtra,Solapur,Solapur,Red gram/Arhar/Tur(whole),White/Desi,FAQ,2026-09-10,10136.27,11190.81,10435.29,248.4,snapshot,0,2026-10-06 20:04:30
Maharashtra,Ahilyanagar,Ahmednagar,Soyabean,Yellow,FAQ,2026-09-10,4831.4,5240.35,4997.45,202.5,snapshot,0,2026-10-06 20:04:14
Maharashtra,Akola,Akola,Soyabean,Yellow,FAQ,2026-09-10,4565.87,4909.13,4696.1,312.4,snapshot,0,2026-10-06 20:04:15
Maharashtra,Amravati,Amravati,Soyabean,Yellow,FAQ,2026-09-10,4521.5,4915.54,4707.25,169.1,snapshot,0,2026-10-06 20:04:15
Maharashtra,Pune,Baramati,Soyabean,Yellow,FAQ,2026-09-10,4346.36,4700.2,4504.65,295.3,snapshot,0,2026-10-06 20:04:15
Maharashtra,Jalgaon,Jalgaon,Soyabean,Yellow,FAQ,2026-09-10,4581.33,4950.82,4759.45,192.9,snapshot,0,2026-10-06 20:04:15
Maharashtra,Latur,Latur,Soyabean,Yellow,FAQ,2026-09-10,4969.13,5359.93,5124.64,77.7,snapshot,0,2026-10-06 20:04:14
Maharashtra,Nagpur,Nagpur,Soyabean,Yellow,FAQ,2026-09-10,4517.14,4881.81,4652.47,460.6,snapshot,0,2026-10-06 20:04:15
Maharashtra,Pune,Pune,Soyabean,Yellow,FAQ,2026-09-10,4608.13,5022.38,4793.18,451.5,snapshot,0,2026-10-06 20:04:15
Maharashtra,Ahilyanagar,Rahata,Soyabean,Yellow,FAQ,2026-09-10,4502.55,4786.45,4644.2,230.6,snapshot,0,2026-10-06 20:04:15
Maharashtra,Ahilyanagar,Sangamner,Soyabean,Yellow,FAQ,2026-09-10,4545.32,4879.52,4664.38,440.8,snapshot,0,2026-10-06 20:04:15
Maharashtra,Solapur,Solapur,Soyabean,Yellow,FAQ,2026-09-10,4525.25,4871.62,4642.78,475.5,snapshot,0,2026-10-06 20:04:15
Maharashtra,Nashik,Yeola,Soyabean,Yellow,FAQ,2026-09-10,4697.31,5063.07,4841.33,337.3,snapshot,0,2026-10-06 20:04:15
Maharashtra,Pune,Baramati,Tomato,Hybrid,FAQ,2026-09-10,1595.57,2324.92,1885.43,156.9,snapshot,0,2026-10-06 20:03:43
Maharashtra,Pune,Khed(Chakan),Tomato,Hybrid,FAQ,2026-09-10,1404.33,2116.96,1716.42,232.9,snapshot,0,2026-10-06 20:03:43
Maharashtra,Kolhapur,Kolhapur,Tomato,Hybrid,FAQ,2026-09-10,1584.5,2163.58,1892.78,146.2,snapshot,0,2026-10-06 20:03:43
Maharashtra,Nashik,Lasalgaon,Tomato,Hybrid,FAQ,2026-09-10,1949.16,2484.25,2132.76,424.2,snapshot,0,2026-10-06 20:03:43
Maharashtra,Pune,Manchar,Tomato,Hybrid,FAQ,2026-09-10,1122.31,1801.35,1355.44,488.9,snapshot,0,2026-10-06 20:03:43
Maharashtra,Mumbai,Mumbai,Tomato,Hybrid,FAQ,2026-09-10,1690.96,2178.26,1867.85,450.7,snapshot,0,2026-10-06 20:03:43
Maharashtra,Nagpur,Nagpur,Tomato,Hybrid,FAQ,2026-09-10,1717.18,2331.1,1949.4,335.3,snapshot,0,2026-10-06 20:03:43
Maharashtra,Pune,Narayangaon,Tomato,Hybrid,FAQ,2026-09-10,1443.32,2044.55,1719.81,490.9,snapshot,0,2026-10-06 20:03:43
Maharashtra,Nashik,Nashik,Tomato,Hybrid,FAQ,2026-09-10,1354.51,1948.07,1578.46,360.6,snapshot,0,2026-10-06 20:03:43
Maharashtra,Nashik,Pimpalgaon,Tomato,Hybrid,FAQ,2026-09-10,1529.14,2243.91,1791.51,84.5,snapshot,0,2026-10-06 20:03:43
Maharashtra,Pune,Pune,Tomato,Hybrid,FAQ,2026-09-10,1853.12,2358.65,2051.34,485.6,snapshot,0,2026-10-06 20:03:43
Maharashtra,Ahilyanagar,Sangamner,Tomato,Hybrid,FAQ,2026-09-10,1791.57,2350.72,1980.15,443.4,snapshot,0,2026-10-06 20:03:43
Maharashtra,Ahilyanagar,Ahmednagar,Wheat,Lokwan,FAQ,2026-09-10,2491.54,2840.2,2627.54,81.5,snapshot,0,2026-10-06 20:05:18
Maharashtra,Akola,Akola,Wheat,Lokwan,FAQ,2026-09-10,2614.93,2941.92,2742.19,161.3,snapshot,0,2026-10-06 20:05:18
Maharashtra,Pune,Baramati,Wheat,Lokwan,FAQ,2026-09-10,2501.6,2775.25,2600.14,155.0,snapshot,0,2026-10-06 20:05:18
Maharashtra,Jalgaon,Jalgaon,Wheat,Lokwan,FAQ,2026-09-10,2511.03,2863.66,2646.98,70.4,snapshot,0,2026-10-06 20:05:18
Maharashtra,Kolhapur,Kolhapur,Wheat,Lokwan,FAQ,2026-09-10,2658.81,2946.02,2759.72,234.1,snapshot,0,2026-10-06 20:05:18
Maharashtra,Nashik,Lasalgaon,Wheat,Lokwan,FAQ,2026-09-10,2629.43,2970.4,2763.43,215.3,snapshot,0,2026-10-06 20:05:18
Maharashtra,Latur,Latur,Wheat,Lokwan,FAQ,2026-09-10,2638.73,2976.22,2794.03,133.5,snapshot,0,2026-10-06 20:05:18
Maharashtra,Mumbai,Mumbai,Wheat,Lokwan,FAQ,2026-09-10,2676.08,3006.03,2781.21,495.3,snapshot,0,2026-10-06 20:05:18
Maharashtra,Nagpur,Nagpur,Wheat,Lokwan,FAQ,2026-09-10,2653.86,2953.55,2809.68,442.1,snapshot,0,2026-10-06 20:05:18
Maharashtra,Nashik,Nashik,Wheat,Lokwan,FAQ,2026-09-10,2598.39,2963.08,2732.98,256.9,snapshot,0,2026-10-06 20:05:18
Maharashtra,Pune,Pune,Wheat,Lokwan,FAQ,2026-09-10,2484.55,2794.66,2616.21,243.3,snapshot,0,2026-10-06 20:05:18
Maharashtra,Ahilyanagar,Rahata,Wheat,Lokwan,FAQ,2026-09-10,2698.67,3048.45,2819.69,177.8,snapshot,0,2026-10-06 20:05:18
Maharashtra,Solapur,Solapur,Wheat,Lokwan,FAQ,2026-09-10,2637.84,2941.97,2772.65,411.2,snapshot,0,2026-10-06 20:05:18
Maharashtra,Nashik,Yeola,Wheat,Lokwan,FAQ,2026-09-10,2664.38,3025.74,2794.19,119.9,snapshot,0,2026-10-06 20:05:18
Maharashtra,Akola,Akola,Cotton,Medium Staple,FAQ,2026-09-09,7010.3,7717.9,7268.42,332.4,snapshot,0,2026-10-06 20:04:46
Maharashtra,Amravati,Amravati,Cotton,Medium Staple,FAQ,2026-09-09,6722.38,7326.68,6938.11,266.2,snapshot,0,2026-10-06 20:04:46
Maharashtra,Jalgaon,Jalgaon,Cotton,Medium Staple,FAQ,2026-09-09,6786.92,7526.45,7093.65,310.9,snapshot,0,2026-10-06 20:04:46
Maharashtra,Nagpur,Nagpur,Cotton,Medium Staple,FAQ,2026-09-09,7109.22,7711.31,7418.84,226.2,snapshot,0,2026-10-06 20:04:46
Maharashtra,Ahilyanagar,Ahmednagar,Onion,Red/Nasik,FAQ,2026-09-09,1670.49,2513.52,2047.42,281.7,snapshot,0,2026-10-06 20:03:59
Maharashtra,Pune,Baramati,Onion,Red/Nasik,FAQ,2026-09-09,1775.65,2424.64,2102.25,58.1,snapshot,0,2026-10-06 20:03:59
Maharashtra,Jalgaon,Jalgaon,Onion,Red/Nasik,FAQ,2026-09-09,2093.1,2876.24,2379.33,109.2,snapshot,0,2026-10-06 20:03:59
Maharashtra,Pune,Khed(Chakan),Onion,Red/Nasik,FAQ,2026-09-09,1935.42,2668.66,2175.12,112.3,snapshot,0,2026-10-06 20:03:59
Maharashtra,Kolhapur,Kolhapur,Onion,Red/Nasik,FAQ,2026-09-09,2232.0,2905.68,2485.4,44.8,snapshot,0,2026-10-06 20:03:59
Maharashtra,Nashik,Lasalgaon,Onion,Red/Nasik,FAQ,2026-09-09,2109.64,2729.25,2393.37,221.9,snapshot,0,2026-10-06 20:03:59
Maharashtra,Pune,Manchar,Onion,Red/Nasik,FAQ,2026-09-09,2084.36,2697.09,2407.68,303.2,snapshot,0,2026-10-06 20:03:59
Maharashtra,Mumbai,Mumbai,Onion,Red/Nasik,FAQ,2026-09-09,2063.02,2865.8,2420.15,317.7,snapshot,0,2026-10-06 20:03:59
Maharashtra,Pune,Narayangaon,Onion,Red/Nasik,FAQ,2026-09-09,1780.35,2540.19,2140.36,341.1,snapshot,0,2026-10-06 20:03:59
Maharashtra,Nashik,Nashik,Onion,Red/Nasik,FAQ,2026-09-09,1937.26,2551.32,2166.19,342.9,snapshot,0,2026-10-06 20:03:59
Maharashtra,Nashik,Pimpalgaon,Onion,Red/Nasik,FAQ,2026-09-09,2279.71,2875.49,2523.56,423.0,snapshot,0,2026-10-06 20:03:59
Maharashtra,Pune,Pune,Onion,Red/Nasik,FAQ,2026-09-09,1823.57,2677.24,2169.33,131.7,snapshot,0,2026-10-06 20:03:59
Maharashtra,Ahilyanagar,Rahata,Onion,Red/Nasik,FAQ,2026-09-09,1926.83,2448.89,2165.3,452.7,snapshot,0,2026-10-06 20:03:59
Maharashtra,Ahilyanagar,Sangamner,Onion,Red/Nasik,FAQ,2026-09-09,2025.62,2723.31,2348.4,360.2,snapshot,0,2026-10-06 20:03:59
Maharashtra,Solapur,Solapur,Onion,Red/Nasik,FAQ,2026-09-09,1854.81,2451.42,2169.7,362.8,snapshot,0,2026-10-06 20:03:59
Maharashtra,Nashik,Yeola,Onion,Red/Nasik,FAQ,2026-09-09,1760.66,2519.17,2104.94,427.2,snapshot,0,2026-10-06 20:03:59
Maharashtra,Pune,Khed(Chakan),Potato,Jyoti,FAQ,2026-09-09,1822.38,2366.39,2043.59,154.5,snapshot,0,2026-10-06 20:05:02
Maharashtra,Kolhapur,Kolhapur,Potato,Jyoti,FAQ,2026-09-09,1688.57,2304.48,1945.97,389.4,snapshot,0,2026-10-06 20:05:02
Maharashtra,Pune,Manchar,Potato,Jyoti,FAQ,2026-09-09,1869.76,2383.54,2052.37,264.2,snapshot,0,2026-10-06 20:05:02
Maharashtra,Mumbai,Mumbai,Potato,Jyoti,FAQ,2026-09-09,1778.09,2243.97,1923.91,286.0,snapshot,0,2026-10-06 20:05:02
Maharashtra,Pune,Narayangaon,Potato,Jyoti,FAQ,2026-09-09,1531.98,2075.92,1713.73,324.0,snapshot,0,2026-10-06 20:05:02
Maharashtra,Nashik,Nashik,Potato,Jyoti,FAQ,2026-09-09,1870.83,2233.49,2014.11,335.1,snapshot,0,2026-10-06 20:05:02
Maharashtra,Nashik,Pimpalgaon,Potato,Jyoti,FAQ,2026-09-09,2038.74,2560.45,2219.89,495.2,snapshot,0,2026-10-06 20:05:02
Maharashtra,Pune,Pune,Potato,Jyoti,FAQ,2026-09-09,1841.37,2294.4,1999.89,485.8,snapshot,0,2026-10-06 20:05:02
Maharashtra,Ahilyanagar,Ahmednagar,Red gram/Arhar/Tur(whole),White/Desi,FAQ,2026-09-09,9499.9,10570.77,10005.63,425.3,snapshot,0,2026-10-06 20:04:30
Maharashtra,Akola,Akola,Red gram/Arhar/Tur(whole),White/Desi,FAQ,2026-09-09,9776.62,10695.6,10254.44,291.5,snapshot,0,2026-10-06 20:04:30
Maharashtra,Amravati,Amravati,Red gram/Arhar/Tur(whole),White/Desi,FAQ,2026-09-09,9770.65,10756.94,10050.88,121.7,snapshot,0,2026-10-06 20:04:30
Maharashtra,Latur,Latur,Red gram/Arhar/Tur(whole),White/Desi,FAQ,2026-09-09,10134.04,10991.22,10544.52,287.9,snapshot,0,2026-10-06 20:04:30
Maharashtra,Solapur,Solapur,Red gram/Arhar/Tur(whole),White/Desi,FAQ,2026-09-09,10140.0,11191.3,10441.59,82.5,snapshot,0,2026-10-06 20:04:30
Maharashtra,Ahilyanagar,Ahmednagar,Soyabean,Yellow,FAQ,2026-09-09,4844.34,5161.2,5013.9,368.7,snapshot,0,2026-10-06 20:04:14
Maharashtra,Akola,Akola,Soyabean,Yellow,FAQ,2026-09-09,4494.3,4821.46,4669.87,349.6,snapshot,0,2026-10-06 20:04:15
Maharashtra,Amravati,Amravati,Soyabean,Yellow,FAQ,2026-09-09,4637.77,4980.69,4745.71,494.7,snapshot,0,2026-10-06 20:04:15
Maharashtra,Pune,Baramati,Soyabean,Yellow,FAQ,2026-09-09,4374.22,4688.21,4538.86,468.2,snapshot,0,2026-10-06 20:04:15
Maharashtra,Jalgaon,Jalgaon,Soyabean,Yellow,FAQ,2026-09-09,4549.33,4825.8,4670.33,480.7,snapshot,0,2026-10-06 20:04:15
Maharashtra,Latur,Latur,Soyabean,Yellow,FAQ,2026-09-09,4999.01,5329.58,5146.24,289.3,snapshot,0,2026-10-06 20:04:14
Maharashtra,Nagpur,Nagpur,Soyabean,Yellow,FAQ,2026-09-09,4505.81,4854.42,4663.48,481.2,snapshot,0,2026-10-06 20:04:15
Maharashtra,Pune,Pune,Soyabean,Yellow,FAQ,2026-09-09,4595.24,5014.42,4770.52,192.7,snapshot,0,2026-10-06 20:04:15
Maharashtra,Ahilyanagar,Rahata,Soyabean,Yellow,FAQ,2026-09-09,4489.43,4867.41,4654.86,458.5,snapshot,0,2026-10-06 20:04:15
Maharashtra,Ahilyanagar,Sangamner,Soyabean,Yellow,FAQ,2026-09-09,4514.53,4762.01,4620.4,411.2,snapshot,0,2026-10-06 20:04:15
Maharashtra,Solapur,Solapur,Soyabean,Yellow,FAQ,2026-09-09,4494.46,4813.41,4620.05,362.4,snapshot,0,2026-10-06 20:04:15
Maharashtra,Nashik,Yeola,Soyabean,Yellow,FAQ,2026-09-09,4765.58,5085.36,4897.04,313.3,snapshot,0,2026-10-06 20:04:14
Maharashtra,Pune,Baramati,Tomato,Hybrid,FAQ,2026-09-09,1707.91,2344.93,1947.5,319.9,snapshot,0,2026-10-06 20:03:43
Maharashtra,Pune,Khed(Chakan),Tomato,Hybrid,FAQ,2026-09-09,1409.09,1918.06,1641.54,468.3,snapshot,0,2026-10-06 20:03:43
Maharashtra,Kolhapur,Kolhapur,Tomato,Hybrid,FAQ,2026-09-09,1623.55,2147.29,1894.96,92.0,snapshot,0,2026-10-06 20:03:43
Maharashtra,Nashik,Lasalgaon,Tomato,Hybrid,FAQ,2026-09-09,2030.31,2579.2,2256.75,43.7,snapshot,0,2026-10-06 20:03:43
Maharashtra,Pune,Manchar,Tomato,Hybrid,FAQ,2026-09-09,1138.92,1844.32,1431.57,172.3,snapshot,0,2026-10-06 20:03:43
Maharashtra,Mumbai,Mumbai,Tomato,Hybrid,FAQ,2026-09-09,1619.25,2120.79,1865.17,45.2,snapshot,0,2026-10-06 20:03:43
Maharashtra,Nagpur,Nagpur,Tomato,Hybrid,FAQ,2026-09-09,1654.02,2360.2,1929.9,169.1,snapshot,0,2026-10-06 20:03:43
Maharashtra,Pune,Narayangaon,Tomato,Hybrid,FAQ,2026-09-09,1494.57,2162.97,1721.89,405.9,snapshot,0,2026-10-06 20:03:43
Maharashtra,Nashik,Nashik,Tomato,Hybrid,FAQ,2026-09-09,1315.97,2013.47,1633.09,229.4,snapshot,0,2026-10-06 20:03:43
Maharashtra,Nashik,Pimpalgaon,Tomato,Hybrid,FAQ,2026-09-09,1511.87,2053.96,1787.79,68.1,snapshot,0,2026-10-06 20:03:43
Maharashtra,Pune,Pune,Tomato,Hybrid,FAQ,2026-09-09,1955.72,2640.21,2194.17,497.9,snapshot,0,2026-10-06 20:03:43
Maharashtra,Ahilyanagar,Sangamner,Tomato,Hybrid,FAQ,2026-09-09,1720.41,2366.96,2008.93,223.1,snapshot,0,2026-10-06 20:03:43
Maharashtra,Ahilyanagar,Ahmednagar,Wheat,Lokwan,FAQ,2026-09-09,2474.6,2819.09,2626.85,191.7,snapshot,0,2026-10-06 20:05:18
Maharashtra,Akola,Akola,Wheat,Lokwan,FAQ,2026-09-09,2646.09,2892.64,2740.71,183.1,snapshot,0,2026-10-06 20:05:18
Maharashtra,Pune,Baramati,Wheat,Lokwan,FAQ,2026-09-09,2517.2,2805.68,2630.98,122.3,snapshot,0,2026-10-06 20:05:18
Maharashtra,Jalgaon,Jalgaon,Wheat,Lokwan,FAQ,2026-09-09,2546.92,2881.27,2691.4,362.3,snapshot,0,2026-10-06 20:05:18
Maharashtra,Kolhapur,Kolhapur,Wheat,Lokwan,FAQ,2026-09-09,2643.45,2920.66,2772.52,376.7,snapshot,0,2026-10-06 20:05:18
Maharashtra,Nashik,Lasalgaon,Wheat,Lokwan,FAQ,2026-09-09,2655.53,2925.3,2772.0,272.8,snapshot,0,2026-10-06 20:05:18
Maharashtra,Latur,Latur,Wheat,Lokwan,FAQ,2026-09-09,2683.29,2986.83,2776.56,48.3,snapshot,0,2026-10-06 20:05:18
Maharashtra,Mumbai,Mumbai,Wheat,Lokwan,FAQ,2026-09-09,2637.0,2928.06,2746.72,161.2,snapshot,0,2026-10-06 20:05:18
Maharashtra,Nagpur,Nagpur,Wheat,Lokwan,FAQ,2026-09-09,2675.32,2996.75,2816.64,218.8,snapshot,0,2026-10-06 20:05:18
Maharashtra,Nashik,Nashik,Wheat,Lokwan,FAQ,2026-09-09,2606.57,2901.13,2723.94,50.0,snapshot,0,2026-10-06 20:05:18
Maharashtra,Pune,Pune,Wheat,Lokwan,FAQ,2026-09-09,2534.71,2765.5,2622.5,324.2,snapshot,0,2026-10-06 20:05:18
Maharashtra,Ahilyanagar,Rahata,Wheat,Lokwan,FAQ,2026-09-09,2672.66,3001.94,2810.99,266.6,snapshot,0,2026-10-06 20:05:18
Maharashtra,Solapur,Solapur,Wheat,Lokwan,FAQ,2026-09-09,2661.19,3008.73,2795.22,205.0,snapshot,0,2026-10-06 20:05:18
Maharashtra,Nashik,Yeola,Wheat,Lokwan,FAQ,2026-09-09,2680.95,3026.83,2811.35,408.6,snapshot,0,2026-10-06 20:05:18
Maharashtra,Akola,Akola,Cotton,Medium Staple,FAQ,2026-09-08,6962.88,7598.8,7195.76,62.1,snapshot,0,2026-10-06 20:04:46
Maharashtra,Jalgaon,Jalgaon,Cotton,Medium Staple,FAQ,2026-09-08,6906.72,7513.13,7093.0,334.0,snapshot,0,2026-10-06 20:04:46
Maharashtra,Nagpur,Nagpur,Cotton,Medium Staple,FAQ,2026-09-08,7226.78,7766.43,7452.43,370.2,snapshot,0,2026-10-06 20:04:46
Maharashtra,Ahilyanagar,Ahmednagar,Onion,Red/Nasik,FAQ,2026-09-08,1781.24,2514.31,2076.16,305.0,snapshot,0,2026-10-06 20:03:59
Maharashtra,Pune,Baramati,Onion,Red/Nasik,FAQ,2026-09-08,1899.98,2514.77,2124.46,392.6,snapshot,0,2026-10-06 20:03:59
Maharashtra,Jalgaon,Jalgaon,Onion,Red/Nasik,FAQ,2026-09-08,2120.78,2907.01,2437.06,316.0,snapshot,0,2026-10-06 20:03:59
Maharashtra,Pune,Khed(Chakan),Onion,Red/Nasik,FAQ,2026-09-08,1908.41,2492.74,2205.3,473.5,snapshot,0,2026-10-06 20:03:59
Maharashtra,Kolhapur,Kolhapur,Onion,Red/Nasik,FAQ,2026-09-08,2204.82,2877.08,2418.42,96.1,snapshot,0,2026-10-06 20:03:59
Maharashtra,Nashik,Lasalgaon,Onion,Red/Nasik,FAQ,2026-09-08,2094.43,2834.92,2362.97,345.7,snapshot,0,2026-10-06 20:03:59
Maharashtra,Pune,Manchar,Onion,Red/Nasik,FAQ,2026-09-08,2206.34,2841.75,2424.11,114.1,snapshot,0,2026-10-06 20:03:59
Maharashtra,Mumbai,Mumbai,Onion,Red/Nasik,FAQ,2026-09-08,2075.14,2701.04,2362.99,127.2,snapshot,0,2026-10-06 20:03:59
Maharashtra,Pune,Narayangaon,Onion,Red/Nasik,FAQ,2026-09-08,1920.63,2517.23,2158.06,214.7,snapshot,0,2026-10-06 20:03:59
Maharashtra,Nashik,Nashik,Onion,Red/Nasik,FAQ,2026-09-08,1904.27,2666.23,2146.54,266.2,snapshot,0,2026-10-06 20:03:59
Maharashtra,Nashik,Pimpalgaon,Onion,Red/Nasik,FAQ,2026-09-08,2312.94,3017.5,2540.76,149.1,snapshot,0,2026-10-06 20:03:59
Maharashtra,Pune,Pune,Onion,Red/Nasik,FAQ,2026-09-08,1839.14,2633.67,2166.17,339.8,snapshot,0,2026-10-06 20:03:59
Maharashtra,Ahilyanagar,Rahata,Onion,Red/Nasik,FAQ,2026-09-08,1890.31,2591.82,2168.18,281.6,snapshot,0,2026-10-06 20:03:59
Maharashtra,Ahilyanagar,Sangamner,Onion,Red/Nasik,FAQ,2026-09-08,1883.01,2637.19,2240.02,316.1,snapshot,0,2026-10-06 20:03:59
Maharashtra,Solapur,Solapur,Onion,Red/Nasik,FAQ,2026-09-08,2007.97,2646.71,2225.19,136.1,snapshot,0,2026-10-06 20:03:59
Maharashtra,Nashik,Yeola,Onion,Red/Nasik,FAQ,2026-09-08,1750.17,2404.14,2071.6,124.5,snapshot,0,2026-10-06 20:03:59
Maharashtra,Pune,Khed(Chakan),Potato,Jyoti,FAQ,2026-09-08,1861.72,2400.37,2040.39,127.7,snapshot,0,2026-10-06 20:05:02
Maharashtra,Kolhapur,Kolhapur,Potato,Jyoti,FAQ,2026-09-08,1771.63,2196.53,1942.45,64.7,snapshot,0,2026-10-06 20:05:02
Maharashtra,Pune,Manchar,Potato,Jyoti,FAQ,2026-09-08,1795.12,2254.44,2013.02,398.9,snapshot,0,2026-10-06 20:05:02
Maharashtra,Mumbai,Mumbai,Potato,Jyoti,FAQ,2026-09-08,1762.65,2276.97,1923.45,193.1,snapshot,0,2026-10-06 20:05:02
Maharashtra,Pune,Narayangaon,Potato,Jyoti,FAQ,2026-09-08,1498.77,2030.45,1710.41,310.0,snapshot,0,2026-10-06 20:05:02
Maharashtra,Nashik,Nashik,Potato,Jyoti,FAQ,2026-09-08,1739.23,2319.64,1976.84,248.5,snapshot,0,2026-10-06 20:05:02
Maharashtra,Nashik,Pimpalgaon,Potato,Jyoti,FAQ,2026-09-08,1926.32,2400.86,2177.38,291.4,snapshot,0,2026-10-06 20:05:02
Maharashtra,Pune,Pune,Potato,Jyoti,FAQ,2026-09-08,1786.12,2296.61,2012.81,341.2,snapshot,0,2026-10-06 20:05:02
Maharashtra,Ahilyanagar,Ahmednagar,Red gram/Arhar/Tur(whole),White/Desi,FAQ,2026-09-08,9759.54,10940.33,10180.38,277.5,snapshot,0,2026-10-06 20:04:30
Maharashtra,Akola,Akola,Red gram/Arhar/Tur(whole),White/Desi,FAQ,2026-09-08,9933.54,10883.26,10309.01,460.4,snapshot,0,2026-10-06 20:04:30
Maharashtra,Amravati,Amravati,Red gram/Arhar/Tur(whole),White/Desi,FAQ,2026-09-08,9646.73,10468.15,10000.07,424.9,snapshot,0,2026-10-06 20:04:30
Maharashtra,Latur,Latur,Red gram/Arhar/Tur(whole),White/Desi,FAQ,2026-09-08,10325.37,11101.36,10663.09,434.8,snapshot,0,2026-10-06 20:04:30
Maharashtra,Solapur,Solapur,Red gram/Arhar/Tur(whole),White/Desi,FAQ,2026-09-08,10093.28,11159.53,10608.28,389.9,snapshot,0,2026-10-06 20:04:30
Maharashtra,Ahilyanagar,Ahmednagar,Soyabean,Yellow,FAQ,2026-09-08,4831.6,5223.64,5014.05,59.3,snapshot,0,2026-10-06 20:04:14
Maharashtra,Akola,Akola,Soyabean,Yellow,FAQ,2026-09-08,4612.32,4905.36,4729.74,317.0,snapshot,0,2026-10-06 20:04:15
Maharashtra,Amravati,Amravati,Soyabean,Yellow,FAQ,2026-09-08,4677.81,5057.06,4818.47,422.3,snapshot,0,2026-10-06 20:04:15
Maharashtra,Pune,Baramati,Soyabean,Yellow,FAQ,2026-09-08,4399.55,4780.75,4575.41,148.6,snapshot,0,2026-10-06 20:04:15
Maharashtra,Jalgaon,Jalgaon,Soyabean,Yellow,FAQ,2026-09-08,4552.87,4911.95,4686.43,322.3,snapshot,0,2026-10-06 20:04:15
Maharashtra,Latur,Latur,Soyabean,Yellow,FAQ,2026-09-08,4962.99,5273.76,5120.94,259.4,snapshot,0,2026-10-06 20:04:14
Maharashtra,Nagpur,Nagpur,Soyabean,Yellow,FAQ,2026-09-08,4466.86,4860.16,4661.29,417.3,snapshot,0,2026-10-06 20:04:15
Maharashtra,Pune,Pune,Soyabean,Yellow,FAQ,2026-09-08,4611.08,4946.81,4783.88,204.2,snapshot,0,2026-10-06 20:04:15
Maharashtra,Ahilyanagar,Rahata,Soyabean,Yellow,FAQ,2026-09-08,4524.24,4929.86,4696.46,167.4,snapshot,0,2026-10-06 20:04:15
Maharashtra,Ahilyanagar,Sangamner,Soyabean,Yellow,FAQ,2026-09-08,4419.58,4830.18,4596.71,437.3,snapshot,0,2026-10-06 20:04:15
Maharashtra,Solapur,Solapur,Soyabean,Yellow,FAQ,2026-09-08,4469.79,4827.36,4605.4,428.9,snapshot,0,2026-10-06 20:04:15
Maharashtra,Nashik,Yeola,Soyabean,Yellow,FAQ,2026-09-08,4725.12,5116.34,4888.5,234.4,snapshot,0,2026-10-06 20:04:14
Maharashtra,Pune,Baramati,Tomato,Hybrid,FAQ,2026-09-08,1496.81,2043.57,1720.51,391.5,snapshot,0,2026-10-06 20:03:43
Maharashtra,Pune,Khed(Chakan),Tomato,Hybrid,FAQ,2026-09-08,1326.48,1927.28,1630.92,257.0,snapshot,0,2026-10-06 20:03:43
Maharashtra,Kolhapur,Kolhapur,Tomato,Hybrid,FAQ,2026-09-08,1721.01,2257.9,1913.76,230.6,snapshot,0,2026-10-06 20:03:43
Maharashtra,Nashik,Lasalgaon,Tomato,Hybrid,FAQ,2026-09-08,1824.93,2392.21,2116.25,182.0,snapshot,0,2026-10-06 20:03:43
Maharashtra,Pune,Manchar,Tomato,Hybrid,FAQ,2026-09-08,1294.98,1944.21,1581.34,149.3,snapshot,0,2026-10-06 20:03:43
Maharashtra,Mumbai,Mumbai,Tomato,Hybrid,FAQ,2026-09-08,1428.45,1996.57,1741.72,266.3,snapshot,0,2026-10-06 20:03:43
Maharashtra,Nagpur,Nagpur,Tomato,Hybrid,FAQ,2026-09-08,1611.25,2360.72,1906.92,233.8,snapshot,0,2026-10-06 20:03:43
Maharashtra,Pune,Narayangaon,Tomato,Hybrid,FAQ,2026-09-08,1445.23,2044.37,1651.32,185.8,snapshot,0,2026-10-06 20:03:43
Maharashtra,Nashik,Nashik,Tomato,Hybrid,FAQ,2026-09-08,1494.5,2107.02,1678.94,146.9,snapshot,0,2026-10-06 20:03:43
Maharashtra,Nashik,Pimpalgaon,Tomato,Hybrid,FAQ,2026-09-08,1510.56,2104.87,1736.88,259.8,snapshot,0,2026-10-06 20:03:43
Maharashtra,Pune,Pune,Tomato,Hybrid,FAQ,2026-09-08,1835.19,2459.62,2049.97,249.3,snapshot,0,2026-10-06 20:03:43
Maharashtra,Ahilyanagar,Sangamner,Tomato,Hybrid,FAQ,2026-09-08,1637.46,2340.83,1948.78,297.8,snapshot,0,2026-10-06 20:03:43
Maharashtra,Ahilyanagar,Ahmednagar,Wheat,Lokwan,FAQ,2026-09-08,2507.54,2751.8,2603.53,327.6,snapshot,0,2026-10-06 20:05:18
Maharashtra,Akola,Akola,Wheat,Lokwan,FAQ,2026-09-08,2620.97,2955.35,2749.44,467.9,snapshot,0,2026-10-06 20:05:18
Maharashtra,Pune,Baramati,Wheat,Lokwan,FAQ,2026-09-08,2447.05,2799.75,2598.57,102.2,snapshot,0,2026-10-06 20:05:18
Maharashtra,Jalgaon,Jalgaon,Wheat,Lokwan,FAQ,2026-09-08,2661.37,2913.14,2756.18,99.3,snapshot,0,2026-10-06 20:05:18
Maharashtra,Kolhapur,Kolhapur,Wheat,Lokwan,FAQ,2026-09-08,2703.01,2967.42,2787.5,382.0,snapshot,0,2026-10-06 20:05:18
Maharashtra,Nashik,Lasalgaon,Wheat,Lokwan,FAQ,2026-09-08,2679.78,2980.15,2771.36,190.0,snapshot,0,2026-10-06 20:05:18
Maharashtra,Latur,Latur,Wheat,Lokwan,FAQ,2026-09-08,2669.07,2957.33,2756.41,93.6,snapshot,0,2026-10-06 20:05:18
Maharashtra,Mumbai,Mumbai,Wheat,Lokwan,FAQ,2026-09-08,2603.23,2970.18,2757.32,328.7,snapshot,0,2026-10-06 20:05:18
Maharashtra,Nagpur,Nagpur,Wheat,Lokwan,FAQ,2026-09-08,2708.54,2971.61,2808.31,399.2,snapshot,0,2026-10-06 20:05:18
Maharashtra,Nashik,Nashik,Wheat,Lokwan,FAQ,2026-09-08,2566.67,2854.17,2707.55,178.4,snapshot,0,2026-10-06 20:05:18
Maharashtra,Pune,Pune,Wheat,Lokwan,FAQ,2026-09-08,2448.88,2776.11,2588.81,79.1,snapshot,0,2026-10-06 20:05:18
Maharashtra,Ahilyanagar,Rahata,Wheat,Lokwan,FAQ,2026-09-08,2642.73,2946.25,2770.97,40.2,snapshot,0,2026-10-06 20:05:18
Maharashtra,Solapur,Solapur,Wheat,Lokwan,FAQ,2026-09-08,2735.71,3040.05,2822.02,345.9,snapshot,0,2026-10-06 20:05:18
Maharashtra,Nashik,Yeola,Wheat,Lokwan,FAQ,2026-09-08,2736.79,3069.34,2838.2,128.6,snapshot,0,2026-10-06 20:05:18
Maharashtra,Akola,Akola,Cotton,Medium Staple,FAQ,2026-09-07,6947.37,7581.86,7236.33,144.9,snapshot,0,2026-10-06 20:04:46
Maharashtra,Amravati,Amravati,Cotton,Medium Staple,FAQ,2026-09-07,6777.46,7422.19,6988.8,403.6,snapshot,0,2026-10-06 20:04:46
Maharashtra,Jalgaon,Jalgaon,Cotton,Medium Staple,FAQ,2026-09-07,6909.56,7620.91,7220.32,269.8,snapshot,0,2026-10-06 20:04:46
Maharashtra,Nagpur,Nagpur,Cotton,Medium Staple,FAQ,2026-09-07,7197.33,7873.36,7423.94,92.2,snapshot,0,2026-10-06 20:04:46
Maharashtra,Ahilyanagar,Ahmednagar,Onion,Red/Nasik,FAQ,2026-09-07,1832.75,2471.82,2097.28,461.4,snapshot,0,2026-10-06 20:03:59
Maharashtra,Pune,Baramati,Onion,Red/Nasik,FAQ,2026-09-07,1925.96,2759.89,2249.77,81.7,snapshot,0,2026-10-06 20:03:59
Maharashtra,Jalgaon,Jalgaon,Onion,Red/Nasik,FAQ,2026-09-07,2060.27,2687.07,2386.9,112.6,snapshot,0,2026-10-06 20:03:59
Maharashtra,Pune,Khed(Chakan),Onion,Red/Nasik,FAQ,2026-09-07,1948.44,2752.46,2256.91,82.8,snapshot,0,2026-10-06 20:03:59
Maharashtra,Kolhapur,Kolhapur,Onion,Red/Nasik,FAQ,2026-09-07,2050.61,2859.94,2395.43,347.7,snapshot,0,2026-10-06 20:03:59
Maharashtra,Nashik,Lasalgaon,Onion,Red/Nasik,FAQ,2026-09-07,2163.55,2855.03,2464.41,247.0,snapshot,0,2026-10-06 20:03:59
Maharashtra,Pune,Manchar,Onion,Red/Nasik,FAQ,2026-09-07,2129.9,2756.66,2426.09,114.2,snapshot,0,2026-10-06 20:03:59
Maharashtra,Mumbai,Mumbai,Onion,Red/Nasik,FAQ,2026-09-07,2116.27,2761.52,2327.35,299.3,snapshot,0,2026-10-06 20:03:59
Maharashtra,Pune,Narayangaon,Onion,Red/Nasik,FAQ,2026-09-07,1962.42,2541.28,2198.69,470.0,snapshot,0,2026-10-06 20:03:59
Maharashtra,Nashik,Nashik,Onion,Red/Nasik,FAQ,2026-09-07,1972.39,2513.08,2216.37,426.9,snapshot,0,2026-10-06 20:03:59
Maharashtra,Nashik,Pimpalgaon,Onion,Red/Nasik,FAQ,2026-09-07,2281.28,3102.0,2585.36,202.0,snapshot,0,2026-10-06 20:03:59
Maharashtra,Pune,Pune,Onion,Red/Nasik,FAQ,2026-09-07,1889.22,2398.61,2113.96,288.1,snapshot,0,2026-10-06 20:03:59
Maharashtra,Ahilyanagar,Rahata,Onion,Red/Nasik,FAQ,2026-09-07,1778.93,2437.13,2148.92,441.1,snapshot,0,2026-10-06 20:03:59
Maharashtra,Ahilyanagar,Sangamner,Onion,Red/Nasik,FAQ,2026-09-07,1923.01,2637.07,2257.26,230.3,snapshot,0,2026-10-06 20:03:59
Maharashtra,Solapur,Solapur,Onion,Red/Nasik,FAQ,2026-09-07,1894.62,2640.55,2242.42,348.0,snapshot,0,2026-10-06 20:03:59
Maharashtra,Nashik,Yeola,Onion,Red/Nasik,FAQ,2026-09-07,1651.39,2441.71,2036.55,489.8,snapshot,0,2026-10-06 20:03:59
Maharashtra,Pune,Khed(Chakan),Potato,Jyoti,FAQ,2026-09-07,1859.8,2262.59,2045.8,131.7,snapshot,0,2026-10-06 20:05:02
Maharashtra,Kolhapur,Kolhapur,Potato,Jyoti,FAQ,2026-09-07,1783.44,2298.89,1943.5,483.6,snapshot,0,2026-10-06 20:05:02
Maharashtra,Pune,Manchar,Potato,Jyoti,FAQ,2026-09-07,1847.63,2368.31,2002.18,483.0,snapshot,0,2026-10-06 20:05:02
Maharashtra,Mumbai,Mumbai,Potato,Jyoti,FAQ,2026-09-07,1720.56,2215.95,1957.75,461.5,snapshot,0,2026-10-06 20:05:02
Maharashtra,Pune,Narayangaon,Potato,Jyoti,FAQ,2026-09-07,1554.69,2006.82,1749.6,436.8,snapshot,0,2026-10-06 20:05:02
Maharashtra,Nashik,Nashik,Potato,Jyoti,FAQ,2026-09-07,1768.67,2343.33,2007.6,272.9,snapshot,0,2026-10-06 20:05:02
Maharashtra,Nashik,Pimpalgaon,Potato,Jyoti,FAQ,2026-09-07,1954.76,2539.34,2165.15,341.0,snapshot,0,2026-10-06 20:05:02
Maharashtra,Pune,Pune,Potato,Jyoti,FAQ,2026-09-07,1815.61,2427.32,2059.97,242.5,snapshot,0,2026-10-06 20:05:02
Maharashtra,Ahilyanagar,Ahmednagar,Red gram/Arhar/Tur(whole),White/Desi,FAQ,2026-09-07,9736.25,10942.56,10217.2,185.6,snapshot,0,2026-10-06 20:04:30
Maharashtra,Akola,Akola,Red gram/Arhar/Tur(whole),White/Desi,FAQ,2026-09-07,10128.71,11189.9,10422.95,301.9,snapshot,0,2026-10-06 20:04:30
Maharashtra,Amravati,Amravati,Red gram/Arhar/Tur(whole),White/Desi,FAQ,2026-09-07,9593.46,10437.42,9899.8,295.9,snapshot,0,2026-10-06 20:04:30
Maharashtra,Latur,Latur,Red gram/Arhar/Tur(whole),White/Desi,FAQ,2026-09-07,10071.92,10986.95,10547.93,122.7,snapshot,0,2026-10-06 20:04:30
Maharashtra,Solapur,Solapur,Red gram/Arhar/Tur(whole),White/Desi,FAQ,2026-09-07,10060.97,11198.05,10545.85,315.6,snapshot,0,2026-10-06 20:04:30
Maharashtra,Ahilyanagar,Ahmednagar,Soyabean,Yellow,FAQ,2026-09-07,4806.82,5113.39,4967.44,92.6,snapshot,0,2026-10-06 20:04:14
Maharashtra,Akola,Akola,Soyabean,Yellow,FAQ,2026-09-07,4558.31,4944.74,4749.47,250.2,snapshot,0,2026-10-06 20:04:15
Maharashtra,Amravati,Amravati,Soyabean,Yellow,FAQ,2026-09-07,4705.06,5060.16,4850.63,272.0,snapshot,0,2026-10-06 20:04:15
Maharashtra,Pune,Baramati,Soyabean,Yellow,FAQ,2026-09-07,4424.61,4797.94,4560.27,311.8,snapshot,0,2026-10-06 20:04:15
Maharashtra,Jalgaon,Jalgaon,Soyabean,Yellow,FAQ,2026-09-07,4459.76,4794.22,4613.48,310.6,snapshot,0,2026-10-06 20:04:15
Maharashtra,Latur,Latur,Soyabean,Yellow,FAQ,2026-09-07,4879.81,5216.31,5044.02,63.9,snapshot,0,2026-10-06 20:04:14
Maharashtra,Nagpur,Nagpur,Soyabean,Yellow,FAQ,2026-09-07,4513.07,4937.55,4691.89,167.0,snapshot,0,2026-10-06 20:04:15
Maharashtra,Pune,Pune,Soyabean,Yellow,FAQ,2026-09-07,4631.36,5022.21,4820.36,495.0,snapshot,0,2026-10-06 20:04:15
Maharashtra,Ahilyanagar,Rahata,Soyabean,Yellow,FAQ,2026-09-07,4515.27,4877.09,4692.18,257.5,snapshot,0,2026-10-06 20:04:15
Maharashtra,Ahilyanagar,Sangamner,Soyabean,Yellow,FAQ,2026-09-07,4428.65,4759.06,4606.21,74.2,snapshot,0,2026-10-06 20:04:15
Maharashtra,Solapur,Solapur,Soyabean,Yellow,FAQ,2026-09-07,4393.92,4820.18,4571.53,395.3,snapshot,0,2026-10-06 20:04:15
Maharashtra,Nashik,Yeola,Soyabean,Yellow,FAQ,2026-09-07,4750.92,5102.07,4901.12,64.5,snapshot,0,2026-10-06 20:04:14
Maharashtra,Pune,Baramati,Tomato,Hybrid,FAQ,2026-09-07,1498.7,2161.5,1823.47,202.1,snapshot,0,2026-10-06 20:03:43
Maharashtra,Pune,Khed(Chakan),Tomato,Hybrid,FAQ,2026-09-07,1382.48,2040.35,1643.57,145.1,snapshot,0,2026-10-06 20:03:43
Maharashtra,Kolhapur,Kolhapur,Tomato,Hybrid,FAQ,2026-09-07,1659.72,2270.7,1920.14,260.7,snapshot,0,2026-10-06 20:03:43
Maharashtra,Nashik,Lasalgaon,Tomato,Hybrid,FAQ,2026-09-07,1956.13,2643.06,2196.51,387.0,snapshot,0,2026-10-06 20:03:43
Maharashtra,Pune,Manchar,Tomato,Hybrid,FAQ,2026-09-07,1284.9,1848.52,1582.0,439.3,snapshot,0,2026-10-06 20:03:43
Maharashtra,Mumbai,Mumbai,Tomato,Hybrid,FAQ,2026-09-07,1452.92,2110.69,1735.67,347.8,snapshot,0,2026-10-06 20:03:43
Maharashtra,Nagpur,Nagpur,Tomato,Hybrid,FAQ,2026-09-07,1835.33,2278.87,2030.35,327.5,snapshot,0,2026-10-06 20:03:43
Maharashtra,Pune,Narayangaon,Tomato,Hybrid,FAQ,2026-09-07,1405.28,1956.21,1663.99,487.5,snapshot,0,2026-10-06 20:03:43
Maharashtra,Nashik,Nashik,Tomato,Hybrid,FAQ,2026-09-07,1520.2,2032.81,1715.0,244.2,snapshot,0,2026-10-06 20:03:43
Maharashtra,Nashik,Pimpalgaon,Tomato,Hybrid,FAQ,2026-09-07,1473.9,2059.04,1779.15,174.8,snapshot,0,2026-10-06 20:03:43
Maharashtra,Pune,Pune,Tomato,Hybrid,FAQ,2026-09-07,2037.02,2573.3,2244.08,67.0,snapshot,0,2026-10-06 20:03:43
Maharashtra,Ahilyanagar,Sangamner,Tomato,Hybrid,FAQ,2026-09-07,1583.9,2318.57,1872.12,188.5,snapshot,0,2026-10-06 20:03:43
Maharashtra,Ahilyanagar,Ahmednagar,Wheat,Lokwan,FAQ,2026-09-07,2517.88,2840.75,2626.35,181.9,snapshot,0,2026-10-06 20:05:18
Maharashtra,Akola,Akola,Wheat,Lokwan,FAQ,2026-09-07,2536.08,2872.49,2688.84,266.8,snapshot,0,2026-10-06 20:05:18
Maharashtra,Pune,Baramati,Wheat,Lokwan,FAQ,2026-09-07,2415.9,2734.43,2559.65,372.4,snapshot,0,2026-10-06 20:05:18
Maharashtra,Jalgaon,Jalgaon,Wheat,Lokwan,FAQ,2026-09-07,2704.07,2960.6,2798.19,44.0,snapshot,0,2026-10-06 20:05:18
Maharashtra,Kolhapur,Kolhapur,Wheat,Lokwan,FAQ,2026-09-07,2698.3,3019.01,2803.89,51.6,snapshot,0,2026-10-06 20:05:18
Maharashtra,Nashik,Lasalgaon,Wheat,Lokwan,FAQ,2026-09-07,2640.35,2993.06,2759.88,294.3,snapshot,0,2026-10-06 20:05:18
Maharashtra,Latur,Latur,Wheat,Lokwan,FAQ,2026-09-07,2688.05,2975.53,2796.35,221.9,snapshot,0,2026-10-06 20:05:18
Maharashtra,Mumbai,Mumbai,Wheat,Lokwan,FAQ,2026-09-07,2625.03,2915.66,2741.45,64.6,snapshot,0,2026-10-06 20:05:18
Maharashtra,Nagpur,Nagpur,Wheat,Lokwan,FAQ,2026-09-07,2687.02,2946.03,2786.8,394.9,snapshot,0,2026-10-06 20:05:18
Maharashtra,Nashik,Nashik,Wheat,Lokwan,FAQ,2026-09-07,2639.68,2934.79,2738.74,338.9,snapshot,0,2026-10-06 20:05:18
Maharashtra,Pune,Pune,Wheat,Lokwan,FAQ,2026-09-07,2513.34,2784.17,2612.83,196.8,snapshot,0,2026-10-06 20:05:18
Maharashtra,Ahilyanagar,Rahata,Wheat,Lokwan,FAQ,2026-09-07,2665.43,2979.2,2757.46,397.6,snapshot,0,2026-10-06 20:05:18
Maharashtra,Solapur,Solapur,Wheat,Lokwan,FAQ,2026-09-07,2726.5,3058.42,2856.83,84.2,snapshot,0,2026-10-06 20:05:18
Maharashtra,Nashik,Yeola,Wheat,Lokwan,FAQ,2026-09-07,2622.44,2956.27,2765.48,194.1,snapshot,0,2026-10-06 20:05:18
Maharashtra,Akola,Akola,Cotton,Medium Staple,FAQ,2026-09-05,7189.09,7728.15,7372.11,145.3,snapshot,0,2026-10-06 20:04:46
Maharashtra,Amravati,Amravati,Cotton,Medium Staple,FAQ,2026-09-05,6897.02,7486.46,7103.68,454.1,snapshot,0,2026-10-06 20:04:46
Maharashtra,Jalgaon,Jalgaon,Cotton,Medium Staple,FAQ,2026-09-05,7088.38,7680.31,7323.13,466.7,snapshot,0,2026-10-06 20:04:46
Maharashtra,Nagpur,Nagpur,Cotton,Medium Staple,FAQ,2026-09-05,7117.18,7848.85,7413.62,410.5,snapshot,0,2026-10-06 20:04:46
Maharashtra,Ahilyanagar,Ahmednagar,Onion,Red/Nasik,FAQ,2026-09-05,1665.95,2364.36,2017.56,390.8,snapshot,0,2026-10-06 20:03:59
Maharashtra,Pune,Baramati,Onion,Red/Nasik,FAQ,2026-09-05,2026.67,2744.92,2301.28,224.3,snapshot,0,2026-10-06 20:03:59
Maharashtra,Jalgaon,Jalgaon,Onion,Red/Nasik,FAQ,2026-09-05,2212.94,2861.22,2438.26,82.1,snapshot,0,2026-10-06 20:03:59
Maharashtra,Pune,Khed(Chakan),Onion,Red/Nasik,FAQ,2026-09-05,2016.52,2627.25,2257.14,376.7,snapshot,0,2026-10-06 20:03:59
Maharashtra,Kolhapur,Kolhapur,Onion,Red/Nasik,FAQ,2026-09-05,1995.13,2801.37,2340.28,253.8,snapshot,0,2026-10-06 20:03:59
Maharashtra,Nashik,Lasalgaon,Onion,Red/Nasik,FAQ,2026-09-05,2189.96,2954.94,2529.57,390.5,snapshot,0,2026-10-06 20:03:59
Maharashtra,Pune,Manchar,Onion,Red/Nasik,FAQ,2026-09-05,2051.99,2860.86,2408.0,261.5,snapshot,0,2026-10-06 20:03:59
Maharashtra,Mumbai,Mumbai,Onion,Red/Nasik,FAQ,2026-09-05,1976.97,2728.65,2318.56,152.4,snapshot,0,2026-10-06 20:03:59
Maharashtra,Pune,Narayangaon,Onion,Red/Nasik,FAQ,2026-09-05,1934.82,2634.34,2219.33,141.8,snapshot,0,2026-10-06 20:03:59
Maharashtra,Nashik,Nashik,Onion,Red/Nasik,FAQ,2026-09-05,1910.24,2569.68,2219.94,433.5,snapshot,0,2026-10-06 20:03:59
Maharashtra,Nashik,Pimpalgaon,Onion,Red/Nasik,FAQ,2026-09-05,2382.72,3091.31,2672.81,359.7,snapshot,0,2026-10-06 20:03:59
Maharashtra,Pune,Pune,Onion,Red/Nasik,FAQ,2026-09-05,1813.75,2638.77,2159.11,156.0,snapshot,0,2026-10-06 20:03:59
Maharashtra,Ahilyanagar,Rahata,Onion,Red/Nasik,FAQ,2026-09-05,1897.12,2632.89,2164.91,192.5,snapshot,0,2026-10-06 20:03:59
Maharashtra,Ahilyanagar,Sangamner,Onion,Red/Nasik,FAQ,2026-09-05,1912.76,2737.71,2280.92,165.4,snapshot,0,2026-10-06 20:03:59
Maharashtra,Solapur,Solapur,Onion,Red/Nasik,FAQ,2026-09-05,1892.96,2679.89,2239.03,48.9,snapshot,0,2026-10-06 20:03:59
Maharashtra,Nashik,Yeola,Onion,Red/Nasik,FAQ,2026-09-05,1717.86,2437.22,2055.54,112.1,snapshot,0,2026-10-06 20:03:59
Maharashtra,Pune,Khed(Chakan),Potato,Jyoti,FAQ,2026-09-05,1804.41,2303.04,2020.43,484.1,snapshot,0,2026-10-06 20:05:02
Maharashtra,Kolhapur,Kolhapur,Potato,Jyoti,FAQ,2026-09-05,1765.56,2390.42,2000.64,91.0,snapshot,0,2026-10-06 20:05:02
Maharashtra,Pune,Manchar,Potato,Jyoti,FAQ,2026-09-05,1717.95,2226.16,1969.77,49.1,snapshot,0,2026-10-06 20:05:02
Maharashtra,Mumbai,Mumbai,Potato,Jyoti,FAQ,2026-09-05,1739.83,2147.02,1928.82,326.2,snapshot,0,2026-10-06 20:05:02
Maharashtra,Pune,Narayangaon,Potato,Jyoti,FAQ,2026-09-05,1487.88,1976.17,1732.52,190.0,snapshot,0,2026-10-06 20:05:02
Maharashtra,Nashik,Nashik,Potato,Jyoti,FAQ,2026-09-05,1747.26,2341.17,1973.35,417.3,snapshot,0,2026-10-06 20:05:02
Maharashtra,Nashik,Pimpalgaon,Potato,Jyoti,FAQ,2026-09-05,1966.41,2465.74,2122.07,95.4,snapshot,0,2026-10-06 20:05:02
Maharashtra,Pune,Pune,Potato,Jyoti,FAQ,2026-09-05,1930.18,2375.03,2074.62,311.5,snapshot,0,2026-10-06 20:05:02
Maharashtra,Ahilyanagar,Ahmednagar,Red gram/Arhar/Tur(whole),White/Desi,FAQ,2026-09-05,9951.47,10919.11,10278.07,47.7,snapshot,0,2026-10-06 20:04:30
Maharashtra,Akola,Akola,Red gram/Arhar/Tur(whole),White/Desi,FAQ,2026-09-05,10020.08,10885.32,10335.24,72.5,snapshot,0,2026-10-06 20:04:30
Maharashtra,Amravati,Amravati,Red gram/Arhar/Tur(whole),White/Desi,FAQ,2026-09-05,9583.98,10358.53,9935.49,391.2,snapshot,0,2026-10-06 20:04:30
Maharashtra,Latur,Latur,Red gram/Arhar/Tur(whole),White/Desi,FAQ,2026-09-05,10267.49,11296.08,10642.2,367.7,snapshot,0,2026-10-06 20:04:30
Maharashtra,Solapur,Solapur,Red gram/Arhar/Tur(whole),White/Desi,FAQ,2026-09-05,9938.72,11050.29,10458.02,117.5,snapshot,0,2026-10-06 20:04:30
Maharashtra,Ahilyanagar,Ahmednagar,Soyabean,Yellow,FAQ,2026-09-05,4780.25,5112.34,4896.7,107.6,snapshot,0,2026-10-06 20:04:14
Maharashtra,Akola,Akola,Soyabean,Yellow,FAQ,2026-09-05,4594.07,4920.83,4740.56,184.6,snapshot,0,2026-10-06 20:04:15
Maharashtra,Amravati,Amravati,Soyabean,Yellow,FAQ,2026-09-05,4654.72,4961.01,4818.76,146.7,snapshot,0,2026-10-06 20:04:15
Maharashtra,Pune,Baramati,Soyabean,Yellow,FAQ,2026-09-05,4369.3,4780.49,4523.62,216.6,snapshot,0,2026-10-06 20:04:15
Maharashtra,Jalgaon,Jalgaon,Soyabean,Yellow,FAQ,2026-09-05,4472.87,4837.13,4608.23,347.9,snapshot,0,2026-10-06 20:04:15
Maharashtra,Latur,Latur,Soyabean,Yellow,FAQ,2026-09-05,4990.67,5349.6,5099.34,233.3,snapshot,0,2026-10-06 20:04:14
Maharashtra,Nagpur,Nagpur,Soyabean,Yellow,FAQ,2026-09-05,4560.27,4865.99,4714.77,189.9,snapshot,0,2026-10-06 20:04:15
Maharashtra,Pune,Pune,Soyabean,Yellow,FAQ,2026-09-05,4709.58,4982.46,4818.52,59.3,snapshot,0,2026-10-06 20:04:15
Maharashtra,Ahilyanagar,Rahata,Soyabean,Yellow,FAQ,2026-09-05,4503.75,4897.52,4655.01,152.1,snapshot,0,2026-10-06 20:04:15
Maharashtra,Ahilyanagar,Sangamner,Soyabean,Yellow,FAQ,2026-09-05,4480.27,4784.68,4631.06,412.9,snapshot,0,2026-10-06 20:04:15
Maharashtra,Solapur,Solapur,Soyabean,Yellow,FAQ,2026-09-05,4436.79,4726.23,4585.55,396.8,snapshot,0,2026-10-06 20:04:15
Maharashtra,Nashik,Yeola,Soyabean,Yellow,FAQ,2026-09-05,4703.28,5007.63,4815.85,109.3,snapshot,0,2026-10-06 20:04:15
Maharashtra,Pune,Baramati,Tomato,Hybrid,FAQ,2026-09-05,1547.13,2098.24,1782.36,112.8,snapshot,0,2026-10-06 20:03:43
Maharashtra,Pune,Khed(Chakan),Tomato,Hybrid,FAQ,2026-09-05,1401.24,1929.96,1631.39,87.3,snapshot,0,2026-10-06 20:03:43
Maharashtra,Kolhapur,Kolhapur,Tomato,Hybrid,FAQ,2026-09-05,1582.37,2337.08,1884.07,238.7,snapshot,0,2026-10-06 20:03:43
Maharashtra,Nashik,Lasalgaon,Tomato,Hybrid,FAQ,2026-09-05,1899.29,2451.54,2193.84,183.4,snapshot,0,2026-10-06 20:03:43
Maharashtra,Pune,Manchar,Tomato,Hybrid,FAQ,2026-09-05,1461.48,2084.0,1680.75,54.9,snapshot,0,2026-10-06 20:03:43
Maharashtra,Mumbai,Mumbai,Tomato,Hybrid,FAQ,2026-09-05,1658.63,2302.16,1881.77,159.9,snapshot,0,2026-10-06 20:03:43
Maharashtra,Nagpur,Nagpur,Tomato,Hybrid,FAQ,2026-09-05,1727.46,2209.52,1961.25,55.2,snapshot,0,2026-10-06 20:03:43
Maharashtra,Pune,Narayangaon,Tomato,Hybrid,FAQ,2026-09-05,1491.78,2043.67,1758.29,153.4,snapshot,0,2026-10-06 20:03:43
Maharashtra,Nashik,Nashik,Tomato,Hybrid,FAQ,2026-09-05,1506.35,2173.94,1725.33,289.1,snapshot,0,2026-10-06 20:03:43
Maharashtra,Nashik,Pimpalgaon,Tomato,Hybrid,FAQ,2026-09-05,1357.27,1970.23,1593.59,327.2,snapshot,0,2026-10-06 20:03:43
Maharashtra,Ahilyanagar,Sangamner,Tomato,Hybrid,FAQ,2026-09-05,1517.39,2159.22,1744.98,452.1,snapshot,0,2026-10-06 20:03:43
Maharashtra,Ahilyanagar,Ahmednagar,Wheat,Lokwan,FAQ,2026-09-05,2462.26,2766.93,2611.95,375.0,snapshot,0,2026-10-06 20:05:18
Maharashtra,Akola,Akola,Wheat,Lokwan,FAQ,2026-09-05,2541.41,2892.13,2674.31,332.7,snapshot,0,2026-10-06 20:05:18
Maharashtra,Pune,Baramati,Wheat,Lokwan,FAQ,2026-09-05,2448.41,2718.17,2536.34,105.4,snapshot,0,2026-10-06 20:05:18
Maharashtra,Jalgaon,Jalgaon,Wheat,Lokwan,FAQ,2026-09-05,2650.83,2991.47,2791.7,327.7,snapshot,0,2026-10-06 20:05:18
Maharashtra,Kolhapur,Kolhapur,Wheat,Lokwan,FAQ,2026-09-05,2675.22,3023.55,2790.89,432.0,snapshot,0,2026-10-06 20:05:18
Maharashtra,Nashik,Lasalgaon,Wheat,Lokwan,FAQ,2026-09-05,2567.44,2905.72,2701.7,139.9,snapshot,0,2026-10-06 20:05:18
Maharashtra,Latur,Latur,Wheat,Lokwan,FAQ,2026-09-05,2627.88,2965.7,2771.61,397.9,snapshot,0,2026-10-06 20:05:18
Maharashtra,Mumbai,Mumbai,Wheat,Lokwan,FAQ,2026-09-05,2654.38,2936.08,2741.08,444.0,snapshot,0,2026-10-06 20:05:18
Maharashtra,Nagpur,Nagpur,Wheat,Lokwan,FAQ,2026-09-05,2673.62,2992.06,2770.78,172.0,snapshot,0,2026-10-06 20:05:18
Maharashtra,Nashik,Nashik,Wheat,Lokwan,FAQ,2026-09-05,2651.36,2967.32,2736.5,435.1,snapshot,0,2026-10-06 20:05:18
Maharashtra,Pune,Pune,Wheat,Lokwan,FAQ,2026-09-05,2471.21,2730.11,2600.8,383.2,snapshot,0,2026-10-06 20:05:18
Maharashtra,Ahilyanagar,Rahata,Wheat,Lokwan,FAQ,2026-09-05,2604.76,2918.58,2729.75,436.1,snapshot,0,2026-10-06 20:05:18
Maharashtra,Solapur,Solapur,Wheat,Lokwan,FAQ,2026-09-05,2791.99,3072.14,2880.67,159.6,snapshot,0,2026-10-06 20:05:18
Maharashtra,Nashik,Yeola,Wheat,Lokwan,FAQ,2026-09-05,2671.51,2932.99,2766.55,415.7,snapshot,0,2026-10-06 20:05:18
Maharashtra,Akola,Akola,Cotton,Medium Staple,FAQ,2026-09-04,7192.08,7807.22,7391.7,75.0,snapshot,0,2026-10-06 20:04:46
Maharashtra,Amravati,Amravati,Cotton,Medium Staple,FAQ,2026-09-04,7001.35,7561.28,7237.1,417.7,snapshot,0,2026-10-06 20:04:46
Maharashtra,Jalgaon,Jalgaon,Cotton,Medium Staple,FAQ,2026-09-04,7154.46,7628.28,7372.17,247.8,snapshot,0,2026-10-06 20:04:46
Maharashtra,Nagpur,Nagpur,Cotton,Medium Staple,FAQ,2026-09-04,7222.42,7674.74,7428.36,117.2,snapshot,0,2026-10-06 20:04:46
Maharashtra,Ahilyanagar,Ahmednagar,Onion,Red/Nasik,FAQ,2026-09-04,1720.58,2413.1,2048.65,370.8,snapshot,0,2026-10-06 20:03:59
Maharashtra,Pune,Baramati,Onion,Red/Nasik,FAQ,2026-09-04,2035.53,2893.59,2417.28,261.8,snapshot,0,2026-10-06 20:03:59
Maharashtra,Jalgaon,Jalgaon,Onion,Red/Nasik,FAQ,2026-09-04,2125.87,2723.55,2421.06,427.6,snapshot,0,2026-10-06 20:03:59
Maharashtra,Pune,Khed(Chakan),Onion,Red/Nasik,FAQ,2026-09-04,1869.24,2582.26,2231.48,186.6,snapshot,0,2026-10-06 20:03:59
Maharashtra,Kolhapur,Kolhapur,Onion,Red/Nasik,FAQ,2026-09-04,2011.77,2665.31,2363.85,421.4,snapshot,0,2026-10-06 20:03:59
Maharashtra,Nashik,Lasalgaon,Onion,Red/Nasik,FAQ,2026-09-04,2214.7,2943.63,2527.85,454.1,snapshot,0,2026-10-06 20:03:59
Maharashtra,Pune,Manchar,Onion,Red/Nasik,FAQ,2026-09-04,2143.06,2753.63,2386.7,370.0,snapshot,0,2026-10-06 20:03:59
Maharashtra,Mumbai,Mumbai,Onion,Red/Nasik,FAQ,2026-09-04,2133.11,2714.83,2376.54,383.2,snapshot,0,2026-10-06 20:03:59
Maharashtra,Pune,Narayangaon,Onion,Red/Nasik,FAQ,2026-09-04,1784.95,2564.27,2171.59,426.3,snapshot,0,2026-10-06 20:03:59
Maharashtra,Nashik,Nashik,Onion,Red/Nasik,FAQ,2026-09-04,1897.77,2582.91,2158.82,183.5,snapshot,0,2026-10-06 20:03:59
Maharashtra,Nashik,Pimpalgaon,Onion,Red/Nasik,FAQ,2026-09-04,2409.36,3180.56,2673.47,278.9,snapshot,0,2026-10-06 20:03:59
Maharashtra,Pune,Pune,Onion,Red/Nasik,FAQ,2026-09-04,1873.52,2482.56,2151.76,190.3,snapshot,0,2026-10-06 20:03:59
Maharashtra,Ahilyanagar,Rahata,Onion,Red/Nasik,FAQ,2026-09-04,1825.08,2478.1,2124.64,327.6,snapshot,0,2026-10-06 20:03:59
Maharashtra,Ahilyanagar,Sangamner,Onion,Red/Nasik,FAQ,2026-09-04,2019.34,2722.38,2305.45,437.3,snapshot,0,2026-10-06 20:03:59
Maharashtra,Solapur,Solapur,Onion,Red/Nasik,FAQ,2026-09-04,2029.9,2598.41,2281.78,440.4,snapshot,0,2026-10-06 20:03:59
Maharashtra,Nashik,Yeola,Onion,Red/Nasik,FAQ,2026-09-04,1623.34,2404.02,1991.02,421.6,snapshot,0,2026-10-06 20:03:59
Maharashtra,Pune,Khed(Chakan),Potato,Jyoti,FAQ,2026-09-04,1745.43,2275.29,1977.17,391.2,snapshot,0,2026-10-06 20:05:02
Maharashtra,Kolhapur,Kolhapur,Potato,Jyoti,FAQ,2026-09-04,1752.9,2258.66,1991.74,464.1,snapshot,0,2026-10-06 20:05:02
Maharashtra,Pune,Manchar,Potato,Jyoti,FAQ,2026-09-04,1786.61,2293.16,2002.19,193.9,snapshot,0,2026-10-06 20:05:02
Maharashtra,Mumbai,Mumbai,Potato,Jyoti,FAQ,2026-09-04,1775.93,2380.51,2014.4,375.9,snapshot,0,2026-10-06 20:05:02
Maharashtra,Pune,Narayangaon,Potato,Jyoti,FAQ,2026-09-04,1540.62,2050.73,1705.31,412.0,snapshot,0,2026-10-06 20:05:02
Maharashtra,Nashik,Nashik,Potato,Jyoti,FAQ,2026-09-04,1795.64,2413.71,2034.42,256.7,snapshot,0,2026-10-06 20:05:02
Maharashtra,Nashik,Pimpalgaon,Potato,Jyoti,FAQ,2026-09-04,2000.81,2512.44,2185.4,136.6,snapshot,0,2026-10-06 20:05:02
Maharashtra,Pune,Pune,Potato,Jyoti,FAQ,2026-09-04,1855.76,2371.55,2042.09,417.5,snapshot,0,2026-10-06 20:05:02
Maharashtra,Ahilyanagar,Ahmednagar,Red gram/Arhar/Tur(whole),White/Desi,FAQ,2026-09-04,10095.88,10971.31,10528.87,84.8,snapshot,0,2026-10-06 20:04:30
Maharashtra,Akola,Akola,Red gram/Arhar/Tur(whole),White/Desi,FAQ,2026-09-04,10050.08,11109.87,10416.28,152.1,snapshot,0,2026-10-06 20:04:30
Maharashtra,Amravati,Amravati,Red gram/Arhar/Tur(whole),White/Desi,FAQ,2026-09-04,9783.63,10925.93,10192.83,290.0,snapshot,0,2026-10-06 20:04:30
Maharashtra,Latur,Latur,Red gram/Arhar/Tur(whole),White/Desi,FAQ,2026-09-04,10277.9,11256.13,10570.81,285.4,snapshot,0,2026-10-06 20:04:30
Maharashtra,Solapur,Solapur,Red gram/Arhar/Tur(whole),White/Desi,FAQ,2026-09-04,9944.91,10895.33,10443.12,157.3,snapshot,0,2026-10-06 20:04:30
Maharashtra,Ahilyanagar,Ahmednagar,Soyabean,Yellow,FAQ,2026-09-04,4809.12,5081.46,4919.88,392.3,snapshot,0,2026-10-06 20:04:14
Maharashtra,Akola,Akola,Soyabean,Yellow,FAQ,2026-09-04,4543.33,4980.93,4733.25,209.5,snapshot,0,2026-10-06 20:04:15
Maharashtra,Amravati,Amravati,Soyabean,Yellow,FAQ,2026-09-04,4624.71,4970.32,4806.93,250.5,snapshot,0,2026-10-06 20:04:15
Maharashtra,Pune,Baramati,Soyabean,Yellow,FAQ,2026-09-04,4389.25,4769.5,4565.57,224.4,snapshot,0,2026-10-06 20:04:15
Maharashtra,Jalgaon,Jalgaon,Soyabean,Yellow,FAQ,2026-09-04,4497.85,4818.49,4642.65,117.1,snapshot,0,2026-10-06 20:04:15
Maharashtra,Latur,Latur,Soyabean,Yellow,FAQ,2026-09-04,4927.15,5265.18,5058.9,176.9,snapshot,0,2026-10-06 20:04:14
Maharashtra,Nagpur,Nagpur,Soyabean,Yellow,FAQ,2026-09-04,4568.59,4915.78,4695.65,470.4,snapshot,0,2026-10-06 20:04:15
Maharashtra,Pune,Pune,Soyabean,Yellow,FAQ,2026-09-04,4681.64,5007.24,4859.67,397.0,snapshot,0,2026-10-06 20:04:15
Maharashtra,Ahilyanagar,Rahata,Soyabean,Yellow,FAQ,2026-09-04,4510.05,4808.03,4654.06,128.2,snapshot,0,2026-10-06 20:04:15
Maharashtra,Ahilyanagar,Sangamner,Soyabean,Yellow,FAQ,2026-09-04,4456.66,4894.11,4643.86,79.0,snapshot,0,2026-10-06 20:04:15
Maharashtra,Solapur,Solapur,Soyabean,Yellow,FAQ,2026-09-04,4426.9,4714.89,4561.73,111.2,snapshot,0,2026-10-06 20:04:15
Maharashtra,Nashik,Yeola,Soyabean,Yellow,FAQ,2026-09-04,4723.79,5050.79,4831.36,248.2,snapshot,0,2026-10-06 20:04:15
Maharashtra,Pune,Baramati,Tomato,Hybrid,FAQ,2026-09-04,1514.79,2143.3,1758.6,446.1,snapshot,0,2026-10-06 20:03:43
Maharashtra,Pune,Khed(Chakan),Tomato,Hybrid,FAQ,2026-09-04,1541.21,2068.36,1727.77,205.7,snapshot,0,2026-10-06 20:03:43
Maharashtra,Kolhapur,Kolhapur,Tomato,Hybrid,FAQ,2026-09-04,1724.51,2389.32,1983.2,128.1,snapshot,0,2026-10-06 20:03:43
Maharashtra,Nashik,Lasalgaon,Tomato,Hybrid,FAQ,2026-09-04,2058.12,2604.97,2271.56,373.3,snapshot,0,2026-10-06 20:03:43
Maharashtra,Pune,Manchar,Tomato,Hybrid,FAQ,2026-09-04,1407.69,1912.02,1606.83,155.3,snapshot,0,2026-10-06 20:03:43
Maharashtra,Mumbai,Mumbai,Tomato,Hybrid,FAQ,2026-09-04,1728.94,2221.89,1904.16,381.3,snapshot,0,2026-10-06 20:03:43
Maharashtra,Nagpur,Nagpur,Tomato,Hybrid,FAQ,2026-09-04,1662.3,2360.09,1927.28,434.9,snapshot,0,2026-10-06 20:03:43
Maharashtra,Pune,Narayangaon,Tomato,Hybrid,FAQ,2026-09-04,1608.39,2243.65,1836.53,371.6,snapshot,0,2026-10-06 20:03:43
Maharashtra,Nashik,Nashik,Tomato,Hybrid,FAQ,2026-09-04,1558.63,2187.42,1838.19,442.5,snapshot,0,2026-10-06 20:03:43
Maharashtra,Nashik,Pimpalgaon,Tomato,Hybrid,FAQ,2026-09-04,1406.38,1873.6,1590.23,389.2,snapshot,0,2026-10-06 20:03:43
Maharashtra,Pune,Pune,Tomato,Hybrid,FAQ,2026-09-04,1967.51,2604.95,2150.1,424.6,snapshot,0,2026-10-06 20:03:43
Maharashtra,Ahilyanagar,Sangamner,Tomato,Hybrid,FAQ,2026-09-04,1505.19,2038.87,1754.77,216.0,snapshot,0,2026-10-06 20:03:43
Maharashtra,Ahilyanagar,Ahmednagar,Wheat,Lokwan,FAQ,2026-09-04,2528.22,2791.36,2631.06,220.0,snapshot,0,2026-10-06 20:05:18
Maharashtra,Akola,Akola,Wheat,Lokwan,FAQ,2026-09-04,2566.85,2872.27,2675.58,359.9,snapshot,0,2026-10-06 20:05:18
Maharashtra,Pune,Baramati,Wheat,Lokwan,FAQ,2026-09-04,2454.9,2776.21,2560.83,252.2,snapshot,0,2026-10-06 20:05:18
Maharashtra,Jalgaon,Jalgaon,Wheat,Lokwan,FAQ,2026-09-04,2688.74,2988.75,2780.2,169.7,snapshot,0,2026-10-06 20:05:18
Maharashtra,Kolhapur,Kolhapur,Wheat,Lokwan,FAQ,2026-09-04,2647.73,3014.79,2783.96,180.5,snapshot,0,2026-10-06 20:05:18
Maharashtra,Nashik,Lasalgaon,Wheat,Lokwan,FAQ,2026-09-04,2565.62,2867.87,2712.3,328.9,snapshot,0,2026-10-06 20:05:18
Maharashtra,Latur,Latur,Wheat,Lokwan,FAQ,2026-09-04,2660.3,2963.77,2806.02,279.1,snapshot,0,2026-10-06 20:05:18
Maharashtra,Mumbai,Mumbai,Wheat,Lokwan,FAQ,2026-09-04,2619.44,2917.14,2748.64,469.8,snapshot,0,2026-10-06 20:05:18
Maharashtra,Nagpur,Nagpur,Wheat,Lokwan,FAQ,2026-09-04,2621.99,2945.57,2766.17,323.1,snapshot,0,2026-10-06 20:05:18
Maharashtra,Nashik,Nashik,Wheat,Lokwan,FAQ,2026-09-04,2610.05,2881.18,2722.49,97.5,snapshot,0,2026-10-06 20:05:18
Maharashtra,Pune,Pune,Wheat,Lokwan,FAQ,2026-09-04,2524.01,2828.4,2608.45,300.5,snapshot,0,2026-10-06 20:05:18
Maharashtra,Ahilyanagar,Rahata,Wheat,Lokwan,FAQ,2026-09-04,2633.63,2870.95,2723.63,289.5,snapshot,0,2026-10-06 20:05:18
Maharashtra,Solapur,Solapur,Wheat,Lokwan,FAQ,2026-09-04,2749.72,3068.91,2876.44,282.0,snapshot,0,2026-10-06 20:05:18
Maharashtra,Nashik,Yeola,Wheat,Lokwan,FAQ,2026-09-04,2660.19,2926.14,2774.05,454.1,snapshot,0,2026-10-06 20:05:18
Maharashtra,Akola,Akola,Cotton,Medium Staple,FAQ,2026-09-03,7135.85,7790.78,7459.98,161.0,snapshot,0,2026-10-06 20:04:46
Maharashtra,Amravati,Amravati,Cotton,Medium Staple,FAQ,2026-09-03,7009.27,7595.81,7313.3,480.8,snapshot,0,2026-10-06 20:04:46
Maharashtra,Jalgaon,Jalgaon,Cotton,Medium Staple,FAQ,2026-09-03,7232.66,7830.78,7414.11,238.3,snapshot,0,2026-10-06 20:04:46
Maharashtra,Nagpur,Nagpur,Cotton,Medium Staple,FAQ,2026-09-03,7112.95,7740.94,7422.76,128.5,snapshot,0,2026-10-06 20:04:46
Maharashtra,Ahilyanagar,Ahmednagar,Onion,Red/Nasik,FAQ,2026-09-03,1700.86,2411.73,2037.98,68.9,snapshot,0,2026-10-06 20:03:59
Maharashtra,Pune,Baramati,Onion,Red/Nasik,FAQ,2026-09-03,2151.93,2912.93,2503.3,41.5,snapshot,0,2026-10-06 20:03:59
Maharashtra,Jalgaon,Jalgaon,Onion,Red/Nasik,FAQ,2026-09-03,2089.36,2637.31,2346.07,258.2,snapshot,0,2026-10-06 20:03:59
Maharashtra,Pune,Khed(Chakan),Onion,Red/Nasik,FAQ,2026-09-03,1948.08,2600.81,2281.77,73.9,snapshot,0,2026-10-06 20:03:59
Maharashtra,Kolhapur,Kolhapur,Onion,Red/Nasik,FAQ,2026-09-03,1904.35,2701.23,2280.78,141.7,snapshot,0,2026-10-06 20:03:59
Maharashtra,Nashik,Lasalgaon,Onion,Red/Nasik,FAQ,2026-09-03,2263.09,3024.75,2535.85,232.1,snapshot,0,2026-10-06 20:03:59
Maharashtra,Pune,Manchar,Onion,Red/Nasik,FAQ,2026-09-03,2144.16,2802.47,2368.04,137.3,snapshot,0,2026-10-06 20:03:59
Maharashtra,Mumbai,Mumbai,Onion,Red/Nasik,FAQ,2026-09-03,2150.76,2806.8,2362.0,62.6,snapshot,0,2026-10-06 20:03:59
Maharashtra,Pune,Narayangaon,Onion,Red/Nasik,FAQ,2026-09-03,1830.82,2532.48,2133.13,85.4,snapshot,0,2026-10-06 20:03:59
Maharashtra,Nashik,Nashik,Onion,Red/Nasik,FAQ,2026-09-03,1998.03,2574.09,2215.34,93.2,snapshot,0,2026-10-06 20:03:59
Maharashtra,Nashik,Pimpalgaon,Onion,Red/Nasik,FAQ,2026-09-03,2353.92,3146.92,2640.07,40.0,snapshot,0,2026-10-06 20:03:59
Maharashtra,Pune,Pune,Onion,Red/Nasik,FAQ,2026-09-03,1900.41,2525.65,2134.84,63.1,snapshot,0,2026-10-06 20:03:59
Maharashtra,Ahilyanagar,Rahata,Onion,Red/Nasik,FAQ,2026-09-03,1779.72,2454.2,2147.95,114.7,snapshot,0,2026-10-06 20:03:59
Maharashtra,Ahilyanagar,Sangamner,Onion,Red/Nasik,FAQ,2026-09-03,2043.88,2738.64,2298.19,445.7,snapshot,0,2026-10-06 20:03:59
Maharashtra,Solapur,Solapur,Onion,Red/Nasik,FAQ,2026-09-03,1996.91,2537.67,2247.5,140.7,snapshot,0,2026-10-06 20:03:59
Maharashtra,Nashik,Yeola,Onion,Red/Nasik,FAQ,2026-09-03,1827.69,2519.49,2039.65,352.8,snapshot,0,2026-10-06 20:03:59
Maharashtra,Pune,Khed(Chakan),Potato,Jyoti,FAQ,2026-09-03,1804.77,2324.6,1977.59,117.6,snapshot,0,2026-10-06 20:05:02
Maharashtra,Kolhapur,Kolhapur,Potato,Jyoti,FAQ,2026-09-03,1827.49,2270.37,2026.96,51.5,snapshot,0,2026-10-06 20:05:02
Maharashtra,Pune,Manchar,Potato,Jyoti,FAQ,2026-09-03,1825.17,2328.86,1972.37,259.2,snapshot,0,2026-10-06 20:05:02
Maharashtra,Mumbai,Mumbai,Potato,Jyoti,FAQ,2026-09-03,1942.07,2433.71,2084.11,424.8,snapshot,0,2026-10-06 20:05:02
Maharashtra,Pune,Narayangaon,Potato,Jyoti,FAQ,2026-09-03,1497.42,1988.47,1708.48,364.2,snapshot,0,2026-10-06 20:05:02
Maharashtra,Nashik,Nashik,Potato,Jyoti,FAQ,2026-09-03,1892.77,2297.62,2081.52,438.6,snapshot,0,2026-10-06 20:05:02
Maharashtra,Nashik,Pimpalgaon,Potato,Jyoti,FAQ,2026-09-03,1958.4,2491.96,2141.77,283.3,snapshot,0,2026-10-06 20:05:02
Maharashtra,Pune,Pune,Potato,Jyoti,FAQ,2026-09-03,1832.13,2398.43,2061.49,413.2,snapshot,0,2026-10-06 20:05:02
Maharashtra,Ahilyanagar,Ahmednagar,Red gram/Arhar/Tur(whole),White/Desi,FAQ,2026-09-03,10187.76,11292.95,10568.46,65.8,snapshot,0,2026-10-06 20:04:30
Maharashtra,Akola,Akola,Red gram/Arhar/Tur(whole),White/Desi,FAQ,2026-09-03,9993.0,11161.78,10420.69,481.5,snapshot,0,2026-10-06 20:04:30
Maharashtra,Amravati,Amravati,Red gram/Arhar/Tur(whole),White/Desi,FAQ,2026-09-03,9682.57,10859.67,10121.63,367.2,snapshot,0,2026-10-06 20:04:30
Maharashtra,Latur,Latur,Red gram/Arhar/Tur(whole),White/Desi,FAQ,2026-09-03,10142.78,11269.1,10562.32,98.3,snapshot,0,2026-10-06 20:04:30
Maharashtra,Solapur,Solapur,Red gram/Arhar/Tur(whole),White/Desi,FAQ,2026-09-03,10012.12,10980.29,10383.55,373.1,snapshot,0,2026-10-06 20:04:30
Maharashtra,Ahilyanagar,Ahmednagar,Soyabean,Yellow,FAQ,2026-09-03,4764.7,5107.82,4894.58,184.5,snapshot,0,2026-10-06 20:04:14
Maharashtra,Akola,Akola,Soyabean,Yellow,FAQ,2026-09-03,4536.37,4935.77,4729.37,42.7,snapshot,0,2026-10-06 20:04:15
Maharashtra,Amravati,Amravati,Soyabean,Yellow,FAQ,2026-09-03,4620.54,4960.21,4739.72,102.4,snapshot,0,2026-10-06 20:04:15
Maharashtra,Pune,Baramati,Soyabean,Yellow,FAQ,2026-09-03,4336.04,4691.85,4512.75,338.7,snapshot,0,2026-10-06 20:04:15
Maharashtra,Jalgaon,Jalgaon,Soyabean,Yellow,FAQ,2026-09-03,4425.39,4811.05,4575.97,246.9,snapshot,0,2026-10-06 20:04:15
Maharashtra,Latur,Latur,Soyabean,Yellow,FAQ,2026-09-03,4977.1,5340.78,5131.5,357.6,snapshot,0,2026-10-06 20:04:14
Maharashtra,Nagpur,Nagpur,Soyabean,Yellow,FAQ,2026-09-03,4605.26,4920.09,4745.19,367.9,snapshot,0,2026-10-06 20:04:15
Maharashtra,Pune,Pune,Soyabean,Yellow,FAQ,2026-09-03,4657.09,5027.36,4803.91,330.6,snapshot,0,2026-10-06 20:04:15
Maharashtra,Ahilyanagar,Rahata,Soyabean,Yellow,FAQ,2026-09-03,4496.79,4906.5,4660.55,425.0,snapshot,0,2026-10-06 20:04:15
Maharashtra,Ahilyanagar,Sangamner,Soyabean,Yellow,FAQ,2026-09-03,4507.65,4861.02,4662.36,162.7,snapshot,0,2026-10-06 20:04:15
Maharashtra,Solapur,Solapur,Soyabean,Yellow,FAQ,2026-09-03,4414.81,4705.75,4546.22,173.5,snapshot,0,2026-10-06 20:04:15
Maharashtra,Nashik,Yeola,Soyabean,Yellow,FAQ,2026-09-03,4760.47,5134.41,4887.12,126.0,snapshot,0,2026-10-06 20:04:14
Maharashtra,Pune,Baramati,Tomato,Hybrid,FAQ,2026-09-03,1656.5,2226.44,1847.33,204.7,snapshot,0,2026-10-06 20:03:43
Maharashtra,Pune,Khed(Chakan),Tomato,Hybrid,FAQ,2026-09-03,1598.53,2177.7,1783.11,305.3,snapshot,0,2026-10-06 20:03:43
Maharashtra,Kolhapur,Kolhapur,Tomato,Hybrid,FAQ,2026-09-03,1682.4,2322.7,2002.64,174.7,snapshot,0,2026-10-06 20:03:43
Maharashtra,Nashik,Lasalgaon,Tomato,Hybrid,FAQ,2026-09-03,2029.03,2598.44,2233.07,333.2,snapshot,0,2026-10-06 20:03:43
Maharashtra,Pune,Manchar,Tomato,Hybrid,FAQ,2026-09-03,1314.71,1877.23,1590.25,385.1,snapshot,0,2026-10-06 20:03:43
Maharashtra,Mumbai,Mumbai,Tomato,Hybrid,FAQ,2026-09-03,1614.55,2273.89,1911.64,202.8,snapshot,0,2026-10-06 20:03:43
Maharashtra,Nagpur,Nagpur,Tomato,Hybrid,FAQ,2026-09-03,1650.37,2258.21,1888.82,91.7,snapshot,0,2026-10-06 20:03:43
Maharashtra,Pune,Narayangaon,Tomato,Hybrid,FAQ,2026-09-03,1649.12,2286.65,1850.1,197.5,snapshot,0,2026-10-06 20:03:43
Maharashtra,Nashik,Nashik,Tomato,Hybrid,FAQ,2026-09-03,1562.73,2149.19,1881.22,166.9,snapshot,0,2026-10-06 20:03:43
Maharashtra,Nashik,Pimpalgaon,Tomato,Hybrid,FAQ,2026-09-03,1146.78,1805.4,1389.38,125.4,snapshot,0,2026-10-06 20:03:43
Maharashtra,Pune,Pune,Tomato,Hybrid,FAQ,2026-09-03,1739.92,2407.27,1981.39,293.1,snapshot,0,2026-10-06 20:03:43
Maharashtra,Ahilyanagar,Sangamner,Tomato,Hybrid,FAQ,2026-09-03,1503.89,2166.46,1787.18,183.9,snapshot,0,2026-10-06 20:03:43
Maharashtra,Ahilyanagar,Ahmednagar,Wheat,Lokwan,FAQ,2026-09-03,2488.62,2761.55,2628.98,395.0,snapshot,0,2026-10-06 20:05:18
Maharashtra,Akola,Akola,Wheat,Lokwan,FAQ,2026-09-03,2547.1,2801.53,2660.69,421.2,snapshot,0,2026-10-06 20:05:18
Maharashtra,Pune,Baramati,Wheat,Lokwan,FAQ,2026-09-03,2470.76,2715.76,2558.31,223.1,snapshot,0,2026-10-06 20:05:18
Maharashtra,Jalgaon,Jalgaon,Wheat,Lokwan,FAQ,2026-09-03,2662.87,3023.62,2810.0,397.3,snapshot,0,2026-10-06 20:05:18
Maharashtra,Kolhapur,Kolhapur,Wheat,Lokwan,FAQ,2026-09-03,2684.23,3041.42,2834.0,183.5,snapshot,0,2026-10-06 20:05:18
Maharashtra,Nashik,Lasalgaon,Wheat,Lokwan,FAQ,2026-09-03,2564.69,2905.16,2677.03,150.3,snapshot,0,2026-10-06 20:05:18
Maharashtra,Latur,Latur,Wheat,Lokwan,FAQ,2026-09-03,2691.61,3009.1,2782.25,359.9,snapshot,0,2026-10-06 20:05:18
Maharashtra,Mumbai,Mumbai,Wheat,Lokwan,FAQ,2026-09-03,2626.12,2971.93,2738.96,92.4,snapshot,0,2026-10-06 20:05:18
Maharashtra,Nagpur,Nagpur,Wheat,Lokwan,FAQ,2026-09-03,2627.63,2922.13,2748.46,499.1,snapshot,0,2026-10-06 20:05:18
Maharashtra,Nashik,Nashik,Wheat,Lokwan,FAQ,2026-09-03,2658.71,2967.45,2768.68,357.5,snapshot,0,2026-10-06 20:05:18
Maharashtra,Pune,Pune,Wheat,Lokwan,FAQ,2026-09-03,2453.59,2747.55,2588.18,196.3,snapshot,0,2026-10-06 20:05:18
Maharashtra,Ahilyanagar,Rahata,Wheat,Lokwan,FAQ,2026-09-03,2616.8,2893.65,2746.44,93.5,snapshot,0,2026-10-06 20:05:18
Maharashtra,Solapur,Solapur,Wheat,Lokwan,FAQ,2026-09-03,2755.41,3100.85,2867.55,89.5,snapshot,0,2026-10-06 20:05:18
Maharashtra,Nashik,Yeola,Wheat,Lokwan,FAQ,2026-09-03,2621.96,2941.56,2725.0,405.8,snapshot,0,2026-10-06 20:05:18
Maharashtra,Akola,Akola,Cotton,Medium Staple,FAQ,2026-09-02,7203.21,7854.79,7444.82,46.3,snapshot,0,2026-10-06 20:04:46
Maharashtra,Amravati,Amravati,Cotton,Medium Staple,FAQ,2026-09-02,7056.02,7723.61,7359.73,370.0,snapshot,0,2026-10-06 20:04:46
Maharashtra,Jalgaon,Jalgaon,Cotton,Medium Staple,FAQ,2026-09-02,7183.6,7750.45,7383.9,62.0,snapshot,0,2026-10-06 20:04:46
Maharashtra,Nagpur,Nagpur,Cotton,Medium Staple,FAQ,2026-09-02,7202.65,7681.94,7382.54,303.3,snapshot,0,2026-10-06 20:04:46
Maharashtra,Ahilyanagar,Ahmednagar,Onion,Red/Nasik,FAQ,2026-09-02,1687.79,2440.37,2074.51,433.7,snapshot,0,2026-10-06 20:03:59
Maharashtra,Pune,Baramati,Onion,Red/Nasik,FAQ,2026-09-02,2087.4,2864.34,2466.58,240.6,snapshot,0,2026-10-06 20:03:59
Maharashtra,Jalgaon,Jalgaon,Onion,Red/Nasik,FAQ,2026-09-02,2005.97,2692.24,2307.2,45.3,snapshot,0,2026-10-06 20:03:59
Maharashtra,Pune,Khed(Chakan),Onion,Red/Nasik,FAQ,2026-09-02,1918.69,2531.31,2226.97,260.6,snapshot,0,2026-10-06 20:03:59
Maharashtra,Kolhapur,Kolhapur,Onion,Red/Nasik,FAQ,2026-09-02,1924.32,2632.97,2214.47,210.4,snapshot,0,2026-10-06 20:03:59
Maharashtra,Nashik,Lasalgaon,Onion,Red/Nasik,FAQ,2026-09-02,2202.95,2904.72,2572.98,416.8,snapshot,0,2026-10-06 20:03:59
Maharashtra,Pune,Manchar,Onion,Red/Nasik,FAQ,2026-09-02,2055.55,2777.34,2352.33,270.8,snapshot,0,2026-10-06 20:03:59
Maharashtra,Mumbai,Mumbai,Onion,Red/Nasik,FAQ,2026-09-02,2108.0,2770.63,2427.31,348.5,snapshot,0,2026-10-06 20:03:59
Maharashtra,Pune,Narayangaon,Onion,Red/Nasik,FAQ,2026-09-02,1800.74,2521.69,2150.33,285.5,snapshot,0,2026-10-06 20:03:59
Maharashtra,Nashik,Nashik,Onion,Red/Nasik,FAQ,2026-09-02,1999.35,2541.83,2229.21,390.6,snapshot,0,2026-10-06 20:03:59
Maharashtra,Nashik,Pimpalgaon,Onion,Red/Nasik,FAQ,2026-09-02,2481.71,3213.19,2698.01,272.8,snapshot,0,2026-10-06 20:03:59
Maharashtra,Pune,Pune,Onion,Red/Nasik,FAQ,2026-09-02,1840.56,2429.97,2055.41,299.6,snapshot,0,2026-10-06 20:03:59
Maharashtra,Ahilyanagar,Rahata,Onion,Red/Nasik,FAQ,2026-09-02,1750.67,2640.87,2129.2,381.3,snapshot,0,2026-10-06 20:03:59
Maharashtra,Ahilyanagar,Sangamner,Onion,Red/Nasik,FAQ,2026-09-02,1911.89,2639.9,2270.67,425.4,snapshot,0,2026-10-06 20:03:59
Maharashtra,Solapur,Solapur,Onion,Red/Nasik,FAQ,2026-09-02,1895.33,2583.14,2148.4,296.5,snapshot,0,2026-10-06 20:03:59
Maharashtra,Nashik,Yeola,Onion,Red/Nasik,FAQ,2026-09-02,1790.08,2519.62,2028.14,54.8,snapshot,0,2026-10-06 20:03:59
Maharashtra,Pune,Khed(Chakan),Potato,Jyoti,FAQ,2026-09-02,1779.22,2301.32,1977.73,121.3,snapshot,0,2026-10-06 20:05:02
Maharashtra,Kolhapur,Kolhapur,Potato,Jyoti,FAQ,2026-09-02,1802.47,2205.58,1988.15,274.3,snapshot,0,2026-10-06 20:05:02
Maharashtra,Pune,Manchar,Potato,Jyoti,FAQ,2026-09-02,1843.92,2331.1,2019.92,301.2,snapshot,0,2026-10-06 20:05:02
Maharashtra,Mumbai,Mumbai,Potato,Jyoti,FAQ,2026-09-02,1736.2,2224.27,1977.96,283.5,snapshot,0,2026-10-06 20:05:02
Maharashtra,Pune,Narayangaon,Potato,Jyoti,FAQ,2026-09-02,1497.32,2001.96,1714.18,53.4,snapshot,0,2026-10-06 20:05:02
Maharashtra,Nashik,Nashik,Potato,Jyoti,FAQ,2026-09-02,1795.41,2417.1,2042.24,330.4,snapshot,0,2026-10-06 20:05:02
Maharashtra,Nashik,Pimpalgaon,Potato,Jyoti,FAQ,2026-09-02,2036.65,2487.61,2178.29,436.5,snapshot,0,2026-10-06 20:05:02
Maharashtra,Pune,Pune,Potato,Jyoti,FAQ,2026-09-02,1845.58,2382.2,2069.28,147.4,snapshot,0,2026-10-06 20:05:02
Maharashtra,Ahilyanagar,Ahmednagar,Red gram/Arhar/Tur(whole),White/Desi,FAQ,2026-09-02,10044.35,11014.12,10538.97,378.7,snapshot,0,2026-10-06 20:04:30
Maharashtra,Akola,Akola,Red gram/Arhar/Tur(whole),White/Desi,FAQ,2026-09-02,9904.04,11082.04,10334.49,479.5,snapshot,0,2026-10-06 20:04:30
Maharashtra,Amravati,Amravati,Red gram/Arhar/Tur(whole),White/Desi,FAQ,2026-09-02,9856.28,10877.31,10158.93,399.8,snapshot,0,2026-10-06 20:04:30
Maharashtra,Latur,Latur,Red gram/Arhar/Tur(whole),White/Desi,FAQ,2026-09-02,10275.73,11129.22,10602.83,395.4,snapshot,0,2026-10-06 20:04:30
Maharashtra,Solapur,Solapur,Red gram/Arhar/Tur(whole),White/Desi,FAQ,2026-09-02,9996.25,11026.48,10443.67,408.0,snapshot,0,2026-10-06 20:04:30
Maharashtra,Ahilyanagar,Ahmednagar,Soyabean,Yellow,FAQ,2026-09-02,4662.68,5052.22,4810.9,140.2,snapshot,0,2026-10-06 20:04:15
Maharashtra,Akola,Akola,Soyabean,Yellow,FAQ,2026-09-02,4567.37,4938.45,4729.17,422.3,snapshot,0,2026-10-06 20:04:15
Maharashtra,Amravati,Amravati,Soyabean,Yellow,FAQ,2026-09-02,4570.82,4955.41,4709.21,176.4,snapshot,0,2026-10-06 20:04:15
Maharashtra,Pune,Baramati,Soyabean,Yellow,FAQ,2026-09-02,4267.85,4654.49,4441.96,98.6,snapshot,0,2026-10-06 20:04:15
Maharashtra,Jalgaon,Jalgaon,Soyabean,Yellow,FAQ,2026-09-02,4425.34,4794.57,4603.19,66.8,snapshot,0,2026-10-06 20:04:15
Maharashtra,Latur,Latur,Soyabean,Yellow,FAQ,2026-09-02,4918.93,5305.69,5099.66,289.0,snapshot,0,2026-10-06 20:04:14
Maharashtra,Nagpur,Nagpur,Soyabean,Yellow,FAQ,2026-09-02,4617.34,4925.9,4728.75,207.8,snapshot,0,2026-10-06 20:04:15
Maharashtra,Pune,Pune,Soyabean,Yellow,FAQ,2026-09-02,4668.26,4982.77,4777.25,414.2,snapshot,0,2026-10-06 20:04:15
Maharashtra,Ahilyanagar,Rahata,Soyabean,Yellow,FAQ,2026-09-02,4454.11,4817.24,4626.54,50.3,snapshot,0,2026-10-06 20:04:15
Maharashtra,Ahilyanagar,Sangamner,Soyabean,Yellow,FAQ,2026-09-02,4419.87,4784.3,4595.44,197.4,snapshot,0,2026-10-06 20:04:15
Maharashtra,Solapur,Solapur,Soyabean,Yellow,FAQ,2026-09-02,4516.25,4835.91,4625.63,361.2,snapshot,0,2026-10-06 20:04:15
Maharashtra,Nashik,Yeola,Soyabean,Yellow,FAQ,2026-09-02,4664.1,5065.19,4847.38,107.8,snapshot,0,2026-10-06 20:04:15
Maharashtra,Pune,Baramati,Tomato,Hybrid,FAQ,2026-09-02,1641.64,2230.27,1853.95,122.3,snapshot,0,2026-10-06 20:03:43
Maharashtra,Pune,Khed(Chakan),Tomato,Hybrid,FAQ,2026-09-02,1447.01,2161.97,1754.97,53.5,snapshot,0,2026-10-06 20:03:43
Maharashtra,Kolhapur,Kolhapur,Tomato,Hybrid,FAQ,2026-09-02,1756.48,2447.89,2020.31,314.4,snapshot,0,2026-10-06 20:03:43
Maharashtra,Nashik,Lasalgaon,Tomato,Hybrid,FAQ,2026-09-02,1914.43,2384.86,2118.3,313.8,snapshot,0,2026-10-06 20:03:43
Maharashtra,Pune,Manchar,Tomato,Hybrid,FAQ,2026-09-02,1231.56,1948.4,1533.66,280.5,snapshot,0,2026-10-06 20:03:43
Maharashtra,Mumbai,Mumbai,Tomato,Hybrid,FAQ,2026-09-02,1665.57,2193.92,1892.64,216.4,snapshot,0,2026-10-06 20:03:43
Maharashtra,Nagpur,Nagpur,Tomato,Hybrid,FAQ,2026-09-02,1531.48,2145.77,1802.72,166.8,snapshot,0,2026-10-06 20:03:43
Maharashtra,Pune,Narayangaon,Tomato,Hybrid,FAQ,2026-09-02,1718.78,2238.14,1924.88,344.6,snapshot,0,2026-10-06 20:03:43
Maharashtra,Nashik,Nashik,Tomato,Hybrid,FAQ,2026-09-02,1520.51,2170.45,1829.3,76.9,snapshot,0,2026-10-06 20:03:43
Maharashtra,Nashik,Pimpalgaon,Tomato,Hybrid,FAQ,2026-09-02,1048.41,1672.46,1279.61,131.1,snapshot,0,2026-10-06 20:03:43
Maharashtra,Pune,Pune,Tomato,Hybrid,FAQ,2026-09-02,1752.1,2327.99,1994.39,168.1,snapshot,0,2026-10-06 20:03:43
Maharashtra,Ahilyanagar,Sangamner,Tomato,Hybrid,FAQ,2026-09-02,1482.58,2189.17,1768.56,144.7,snapshot,0,2026-10-06 20:03:43
Maharashtra,Ahilyanagar,Ahmednagar,Wheat,Lokwan,FAQ,2026-09-02,2565.74,2830.76,2679.4,173.8,snapshot,0,2026-10-06 20:05:18
Maharashtra,Akola,Akola,Wheat,Lokwan,FAQ,2026-09-02,2501.07,2787.27,2648.58,175.9,snapshot,0,2026-10-06 20:05:18
Maharashtra,Pune,Baramati,Wheat,Lokwan,FAQ,2026-09-02,2476.38,2794.26,2588.86,296.5,snapshot,0,2026-10-06 20:05:18
Maharashtra,Jalgaon,Jalgaon,Wheat,Lokwan,FAQ,2026-09-02,2717.27,2994.76,2832.33,286.6,snapshot,0,2026-10-06 20:05:18
Maharashtra,Kolhapur,Kolhapur,Wheat,Lokwan,FAQ,2026-09-02,2698.89,3020.96,2813.81,143.2,snapshot,0,2026-10-06 20:05:18
Maharashtra,Latur,Latur,Wheat,Lokwan,FAQ,2026-09-02,2674.34,2928.7,2794.76,247.6,snapshot,0,2026-10-06 20:05:18
Maharashtra,Mumbai,Mumbai,Wheat,Lokwan,FAQ,2026-09-02,2644.99,2890.46,2739.96,338.2,snapshot,0,2026-10-06 20:05:18
Maharashtra,Nagpur,Nagpur,Wheat,Lokwan,FAQ,2026-09-02,2658.3,2934.57,2762.28,72.0,snapshot,0,2026-10-06 20:05:18
Maharashtra,Nashik,Nashik,Wheat,Lokwan,FAQ,2026-09-02,2667.86,3012.4,2821.4,263.9,snapshot,0,2026-10-06 20:05:18
Maharashtra,Pune,Pune,Wheat,Lokwan,FAQ,2026-09-02,2499.27,2811.5,2585.16,421.6,snapshot,0,2026-10-06 20:05:18
Maharashtra,Ahilyanagar,Rahata,Wheat,Lokwan,FAQ,2026-09-02,2617.46,2919.45,2743.31,287.0,snapshot,0,2026-10-06 20:05:18
Maharashtra,Solapur,Solapur,Wheat,Lokwan,FAQ,2026-09-02,2712.36,3059.86,2867.51,417.9,snapshot,0,2026-10-06 20:05:18
Maharashtra,Nashik,Yeola,Wheat,Lokwan,FAQ,2026-09-02,2653.11,2904.12,2737.66,143.0,snapshot,0,2026-10-06 20:05:18
Maharashtra,Akola,Akola,Cotton,Medium Staple,FAQ,2026-09-01,7157.31,7728.3,7358.24,473.2,snapshot,0,2026-10-06 20:04:46
Maharashtra,Amravati,Amravati,Cotton,Medium Staple,FAQ,2026-09-01,7087.62,7729.87,7412.19,495.6,snapshot,0,2026-10-06 20:04:46
Maharashtra,Jalgaon,Jalgaon,Cotton,Medium Staple,FAQ,2026-09-01,7215.67,7806.17,7436.73,374.0,snapshot,0,2026-10-06 20:04:46
Maharashtra,Nagpur,Nagpur,Cotton,Medium Staple,FAQ,2026-09-01,7129.55,7876.46,7446.22,149.6,snapshot,0,2026-10-06 20:04:46
Maharashtra,Ahilyanagar,Ahmednagar,Onion,Red/Nasik,FAQ,2026-09-01,1844.45,2592.21,2138.67,167.4,snapshot,0,2026-10-06 20:03:59
Maharashtra,Pune,Baramati,Onion,Red/Nasik,FAQ,2026-09-01,2024.96,2815.7,2397.79,277.1,snapshot,0,2026-10-06 20:03:59
Maharashtra,Jalgaon,Jalgaon,Onion,Red/Nasik,FAQ,2026-09-01,1884.74,2678.68,2261.62,242.6,snapshot,0,2026-10-06 20:03:59
Maharashtra,Pune,Khed(Chakan),Onion,Red/Nasik,FAQ,2026-09-01,1988.19,2755.75,2357.41,214.2,snapshot,0,2026-10-06 20:03:59
Maharashtra,Kolhapur,Kolhapur,Onion,Red/Nasik,FAQ,2026-09-01,1969.67,2765.8,2282.78,423.4,snapshot,0,2026-10-06 20:03:59
Maharashtra,Nashik,Lasalgaon,Onion,Red/Nasik,FAQ,2026-09-01,2297.28,2905.09,2613.41,451.4,snapshot,0,2026-10-06 20:03:59
Maharashtra,Pune,Manchar,Onion,Red/Nasik,FAQ,2026-09-01,2117.53,2879.3,2391.05,264.0,snapshot,0,2026-10-06 20:03:59
Maharashtra,Mumbai,Mumbai,Onion,Red/Nasik,FAQ,2026-09-01,2026.31,2662.73,2335.98,188.2,snapshot,0,2026-10-06 20:03:59
Maharashtra,Pune,Narayangaon,Onion,Red/Nasik,FAQ,2026-09-01,1824.04,2570.48,2070.85,294.0,snapshot,0,2026-10-06 20:03:59
Maharashtra,Nashik,Nashik,Onion,Red/Nasik,FAQ,2026-09-01,1957.78,2704.4,2188.09,96.9,snapshot,0,2026-10-06 20:03:59
Maharashtra,Nashik,Pimpalgaon,Onion,Red/Nasik,FAQ,2026-09-01,2450.89,3104.91,2689.91,431.7,snapshot,0,2026-10-06 20:03:59
Maharashtra,Pune,Pune,Onion,Red/Nasik,FAQ,2026-09-01,1734.21,2338.97,2028.34,326.2,snapshot,0,2026-10-06 20:03:59
Maharashtra,Ahilyanagar,Rahata,Onion,Red/Nasik,FAQ,2026-09-01,1880.11,2482.59,2164.79,119.3,snapshot,0,2026-10-06 20:03:59
Maharashtra,Ahilyanagar,Sangamner,Onion,Red/Nasik,FAQ,2026-09-01,1813.72,2689.61,2173.35,494.1,snapshot,0,2026-10-06 20:03:59
Maharashtra,Solapur,Solapur,Onion,Red/Nasik,FAQ,2026-09-01,1961.94,2691.42,2192.68,159.9,snapshot,0,2026-10-06 20:03:59
Maharashtra,Nashik,Yeola,Onion,Red/Nasik,FAQ,2026-09-01,1640.62,2438.13,1991.27,171.9,snapshot,0,2026-10-06 20:03:59
Maharashtra,Pune,Khed(Chakan),Potato,Jyoti,FAQ,2026-09-01,1820.1,2336.89,1998.07,398.3,snapshot,0,2026-10-06 20:05:02
Maharashtra,Kolhapur,Kolhapur,Potato,Jyoti,FAQ,2026-09-01,1819.59,2208.47,1978.82,288.6,snapshot,0,2026-10-06 20:05:02
Maharashtra,Pune,Manchar,Potato,Jyoti,FAQ,2026-09-01,1824.61,2366.35,2026.65,401.3,snapshot,0,2026-10-06 20:05:02
Maharashtra,Mumbai,Mumbai,Potato,Jyoti,FAQ,2026-09-01,1829.38,2289.36,2026.06,106.1,snapshot,0,2026-10-06 20:05:02
Maharashtra,Pune,Narayangaon,Potato,Jyoti,FAQ,2026-09-01,1568.08,2018.81,1735.9,124.8,snapshot,0,2026-10-06 20:05:02
Maharashtra,Nashik,Nashik,Potato,Jyoti,FAQ,2026-09-01,1791.83,2282.93,2030.55,136.8,snapshot,0,2026-10-06 20:05:02
Maharashtra,Nashik,Pimpalgaon,Potato,Jyoti,FAQ,2026-09-01,1921.25,2369.66,2104.88,84.6,snapshot,0,2026-10-06 20:05:02
Maharashtra,Pune,Pune,Potato,Jyoti,FAQ,2026-09-01,1899.39,2361.95,2094.03,126.8,snapshot,0,2026-10-06 20:05:02
Maharashtra,Ahilyanagar,Ahmednagar,Red gram/Arhar/Tur(whole),White/Desi,FAQ,2026-09-01,10180.5,11088.03,10654.28,53.3,snapshot,0,2026-10-06 20:04:30
Maharashtra,Akola,Akola,Red gram/Arhar/Tur(whole),White/Desi,FAQ,2026-09-01,9872.96,10778.63,10335.44,289.7,snapshot,0,2026-10-06 20:04:30
Maharashtra,Amravati,Amravati,Red gram/Arhar/Tur(whole),White/Desi,FAQ,2026-09-01,9719.66,10646.33,10196.2,431.2,snapshot,0,2026-10-06 20:04:30
Maharashtra,Latur,Latur,Red gram/Arhar/Tur(whole),White/Desi,FAQ,2026-09-01,9984.32,11194.0,10486.61,424.4,snapshot,0,2026-10-06 20:04:30
Maharashtra,Solapur,Solapur,Red gram/Arhar/Tur(whole),White/Desi,FAQ,2026-09-01,10217.31,11259.84,10503.14,152.3,snapshot,0,2026-10-06 20:04:30
Maharashtra,Ahilyanagar,Ahmednagar,Soyabean,Yellow,FAQ,2026-09-01,4628.78,4969.34,4773.37,484.3,snapshot,0,2026-10-06 20:04:15
Maharashtra,Akola,Akola,Soyabean,Yellow,FAQ,2026-09-01,4493.65,4850.43,4667.41,430.7,snapshot,0,2026-10-06 20:04:15
Maharashtra,Amravati,Amravati,Soyabean,Yellow,FAQ,2026-09-01,4559.65,4839.01,4672.27,289.3,snapshot,0,2026-10-06 20:04:15
Maharashtra,Pune,Baramati,Soyabean,Yellow,FAQ,2026-09-01,4283.76,4615.74,4420.39,118.6,snapshot,0,2026-10-06 20:04:15
Maharashtra,Jalgaon,Jalgaon,Soyabean,Yellow,FAQ,2026-09-01,4461.37,4758.4,4578.69,412.2,snapshot,0,2026-10-06 20:04:15
Maharashtra,Latur,Latur,Soyabean,Yellow,FAQ,2026-09-01,4911.35,5256.16,5088.38,167.2,snapshot,0,2026-10-06 20:04:14
Maharashtra,Nagpur,Nagpur,Soyabean,Yellow,FAQ,2026-09-01,4638.47,4921.73,4764.05,209.4,snapshot,0,2026-10-06 20:04:15
Maharashtra,Pune,Pune,Soyabean,Yellow,FAQ,2026-09-01,4666.82,5069.48,4841.26,193.0,snapshot,0,2026-10-06 20:04:15
Maharashtra,Ahilyanagar,Rahata,Soyabean,Yellow,FAQ,2026-09-01,4456.29,4798.96,4649.51,466.6,snapshot,0,2026-10-06 20:04:15
Maharashtra,Ahilyanagar,Sangamner,Soyabean,Yellow,FAQ,2026-09-01,4510.0,4881.59,4645.21,432.7,snapshot,0,2026-10-06 20:04:15
Maharashtra,Solapur,Solapur,Soyabean,Yellow,FAQ,2026-09-01,4463.7,4854.64,4603.64,340.7,snapshot,0,2026-10-06 20:04:15
Maharashtra,Nashik,Yeola,Soyabean,Yellow,FAQ,2026-09-01,4751.81,5041.52,4881.82,181.3,snapshot,0,2026-10-06 20:04:14
Maharashtra,Pune,Baramati,Tomato,Hybrid,FAQ,2026-09-01,1528.16,2067.7,1782.91,282.0,snapshot,0,2026-10-06 20:03:43
Maharashtra,Pune,Khed(Chakan),Tomato,Hybrid,FAQ,2026-09-01,1604.92,2208.0,1798.96,163.6,snapshot,0,2026-10-06 20:03:43
Maharashtra,Kolhapur,Kolhapur,Tomato,Hybrid,FAQ,2026-09-01,1622.62,2310.2,1905.65,225.5,snapshot,0,2026-10-06 20:03:43
Maharashtra,Nashik,Lasalgaon,Tomato,Hybrid,FAQ,2026-09-01,1672.78,2305.58,1965.22,191.0,snapshot,0,2026-10-06 20:03:43
Maharashtra,Pune,Manchar,Tomato,Hybrid,FAQ,2026-09-01,1309.47,2018.34,1596.65,171.5,snapshot,0,2026-10-06 20:03:43
Maharashtra,Mumbai,Mumbai,Tomato,Hybrid,FAQ,2026-09-01,1506.84,2105.95,1825.99,287.6,snapshot,0,2026-10-06 20:03:43
Maharashtra,Nagpur,Nagpur,Tomato,Hybrid,FAQ,2026-09-01,1463.48,2041.56,1725.4,299.9,snapshot,0,2026-10-06 20:03:43
Maharashtra,Pune,Narayangaon,Tomato,Hybrid,FAQ,2026-09-01,1727.97,2271.43,2013.35,103.5,snapshot,0,2026-10-06 20:03:43
Maharashtra,Nashik,Nashik,Tomato,Hybrid,FAQ,2026-09-01,1727.15,2466.05,2023.47,70.2,snapshot,0,2026-10-06 20:03:43
Maharashtra,Nashik,Pimpalgaon,Tomato,Hybrid,FAQ,2026-09-01,1072.84,1744.96,1346.02,118.5,snapshot,0,2026-10-06 20:03:43
Maharashtra,Pune,Pune,Tomato,Hybrid,FAQ,2026-09-01,1660.02,2261.49,1964.27,127.5,snapshot,0,2026-10-06 20:03:43
Maharashtra,Ahilyanagar,Sangamner,Tomato,Hybrid,FAQ,2026-09-01,1612.9,2231.49,1916.4,323.5,snapshot,0,2026-10-06 20:03:43
Maharashtra,Ahilyanagar,Ahmednagar,Wheat,Lokwan,FAQ,2026-09-01,2601.98,2933.72,2720.81,265.0,snapshot,0,2026-10-06 20:05:18
Maharashtra,Akola,Akola,Wheat,Lokwan,FAQ,2026-09-01,2533.4,2770.97,2626.72,102.0,snapshot,0,2026-10-06 20:05:18
Maharashtra,Pune,Baramati,Wheat,Lokwan,FAQ,2026-09-01,2482.26,2802.86,2569.31,278.6,snapshot,0,2026-10-06 20:05:18
Maharashtra,Jalgaon,Jalgaon,Wheat,Lokwan,FAQ,2026-09-01,2669.0,2935.54,2805.54,303.1,snapshot,0,2026-10-06 20:05:18
Maharashtra,Kolhapur,Kolhapur,Wheat,Lokwan,FAQ,2026-09-01,2709.26,2998.01,2831.59,269.0,snapshot,0,2026-10-06 20:05:18
Maharashtra,Nashik,Lasalgaon,Wheat,Lokwan,FAQ,2026-09-01,2584.9,2834.42,2681.51,454.0,snapshot,0,2026-10-06 20:05:18
Maharashtra,Latur,Latur,Wheat,Lokwan,FAQ,2026-09-01,2649.05,3012.79,2785.1,319.0,snapshot,0,2026-10-06 20:05:18
Maharashtra,Mumbai,Mumbai,Wheat,Lokwan,FAQ,2026-09-01,2621.41,2934.44,2709.11,87.1,snapshot,0,2026-10-06 20:05:18
Maharashtra,Nagpur,Nagpur,Wheat,Lokwan,FAQ,2026-09-01,2641.18,2939.59,2746.23,60.7,snapshot,0,2026-10-06 20:05:18
Maharashtra,Nashik,Nashik,Wheat,Lokwan,FAQ,2026-09-01,2695.47,3014.54,2813.82,439.6,snapshot,0,2026-10-06 20:05:18
Maharashtra,Pune,Pune,Wheat,Lokwan,FAQ,2026-09-01,2496.17,2831.37,2639.1,335.6,snapshot,0,2026-10-06 20:05:18
Maharashtra,Ahilyanagar,Rahata,Wheat,Lokwan,FAQ,2026-09-01,2674.45,2913.41,2762.83,309.4,snapshot,0,2026-10-06 20:05:18
Maharashtra,Solapur,Solapur,Wheat,Lokwan,FAQ,2026-09-01,2751.42,2989.4,2859.19,308.1,snapshot,0,2026-10-06 20:05:18
Maharashtra,Nashik,Yeola,Wheat,Lokwan,FAQ,2026-09-01,2610.54,2955.62,2753.61,380.9,snapshot,0,2026-10-06 20:05:18
Maharashtra,Akola,Akola,Cotton,Medium Staple,FAQ,2026-08-31,7035.95,7664.66,7270.36,496.2,snapshot,0,2026-10-06 20:04:46
Maharashtra,Amravati,Amravati,Cotton,Medium Staple,FAQ,2026-08-31,7100.54,7765.25,7413.49,332.0,snapshot,0,2026-10-06 20:04:46
Maharashtra,Jalgaon,Jalgaon,Cotton,Medium Staple,FAQ,2026-08-31,7149.42,7665.8,7380.82,245.8,snapshot,0,2026-10-06 20:04:46
Maharashtra,Nagpur,Nagpur,Cotton,Medium Staple,FAQ,2026-08-31,7096.93,7641.02,7361.18,395.0,snapshot,0,2026-10-06 20:04:46
Maharashtra,Ahilyanagar,Ahmednagar,Onion,Red/Nasik,FAQ,2026-08-31,1648.32,2447.87,2019.1,59.6,snapshot,0,2026-10-06 20:03:59
Maharashtra,Pune,Baramati,Onion,Red/Nasik,FAQ,2026-08-31,2089.78,2918.93,2415.04,345.7,snapshot,0,2026-10-06 20:03:59
Maharashtra,Jalgaon,Jalgaon,Onion,Red/Nasik,FAQ,2026-08-31,1955.91,2690.63,2302.32,444.9,snapshot,0,2026-10-06 20:03:59
Maharashtra,Pune,Khed(Chakan),Onion,Red/Nasik,FAQ,2026-08-31,2142.45,2652.21,2371.9,217.5,snapshot,0,2026-10-06 20:03:59
Maharashtra,Kolhapur,Kolhapur,Onion,Red/Nasik,FAQ,2026-08-31,1997.4,2682.26,2211.48,342.1,snapshot,0,2026-10-06 20:03:59
Maharashtra,Nashik,Lasalgaon,Onion,Red/Nasik,FAQ,2026-08-31,2231.96,2973.12,2620.34,263.5,snapshot,0,2026-10-06 20:03:59
Maharashtra,Pune,Manchar,Onion,Red/Nasik,FAQ,2026-08-31,1983.55,2747.93,2343.93,213.1,snapshot,0,2026-10-06 20:03:59
Maharashtra,Mumbai,Mumbai,Onion,Red/Nasik,FAQ,2026-08-31,2026.01,2765.69,2388.58,138.8,snapshot,0,2026-10-06 20:03:59
Maharashtra,Pune,Narayangaon,Onion,Red/Nasik,FAQ,2026-08-31,1824.33,2575.35,2055.45,260.3,snapshot,0,2026-10-06 20:03:59
Maharashtra,Nashik,Nashik,Onion,Red/Nasik,FAQ,2026-08-31,1930.71,2538.42,2173.26,214.6,snapshot,0,2026-10-06 20:03:59
Maharashtra,Nashik,Pimpalgaon,Onion,Red/Nasik,FAQ,2026-08-31,2372.74,3154.71,2682.59,96.6,snapshot,0,2026-10-06 20:03:59
Maharashtra,Pune,Pune,Onion,Red/Nasik,FAQ,2026-08-31,1828.58,2404.47,2043.8,352.4,snapshot,0,2026-10-06 20:03:59
Maharashtra,Ahilyanagar,Rahata,Onion,Red/Nasik,FAQ,2026-08-31,1965.17,2658.75,2186.18,438.5,snapshot,0,2026-10-06 20:03:59
Maharashtra,Ahilyanagar,Sangamner,Onion,Red/Nasik,FAQ,2026-08-31,1827.3,2663.22,2161.39,42.2,snapshot,0,2026-10-06 20:03:59
Maharashtra,Solapur,Solapur,Onion,Red/Nasik,FAQ,2026-08-31,1882.63,2481.11,2163.91,418.5,snapshot,0,2026-10-06 20:03:59
Maharashtra,Nashik,Yeola,Onion,Red/Nasik,FAQ,2026-08-31,1673.55,2465.87,2018.21,177.8,snapshot,0,2026-10-06 20:03:59
Maharashtra,Pune,Khed(Chakan),Potato,Jyoti,FAQ,2026-08-31,1798.94,2246.63,1962.98,301.9,snapshot,0,2026-10-06 20:05:02
Maharashtra,Kolhapur,Kolhapur,Potato,Jyoti,FAQ,2026-08-31,1724.44,2164.39,1938.28,386.2,snapshot,0,2026-10-06 20:05:02
Maharashtra,Pune,Manchar,Potato,Jyoti,FAQ,2026-08-31,1723.4,2201.87,1960.08,269.8,snapshot,0,2026-10-06 20:05:02
Maharashtra,Mumbai,Mumbai,Potato,Jyoti,FAQ,2026-08-31,1774.84,2386.93,2021.85,159.6,snapshot,0,2026-10-06 20:05:02
Maharashtra,Pune,Narayangaon,Potato,Jyoti,FAQ,2026-08-31,1641.8,2052.47,1811.07,113.7,snapshot,0,2026-10-06 20:05:02
Maharashtra,Nashik,Nashik,Potato,Jyoti,FAQ,2026-08-31,1785.65,2315.56,2034.82,489.9,snapshot,0,2026-10-06 20:05:02
Maharashtra,Nashik,Pimpalgaon,Potato,Jyoti,FAQ,2026-08-31,1877.52,2447.7,2074.17,86.4,snapshot,0,2026-10-06 20:05:02
Maharashtra,Pune,Pune,Potato,Jyoti,FAQ,2026-08-31,1991.17,2455.94,2149.0,198.8,snapshot,0,2026-10-06 20:05:02
Maharashtra,Ahilyanagar,Ahmednagar,Red gram/Arhar/Tur(whole),White/Desi,FAQ,2026-08-31,10120.64,11148.89,10552.38,257.8,snapshot,0,2026-10-06 20:04:30
Maharashtra,Akola,Akola,Red gram/Arhar/Tur(whole),White/Desi,FAQ,2026-08-31,9972.04,11213.27,10477.09,237.1,snapshot,0,2026-10-06 20:04:30
Maharashtra,Amravati,Amravati,Red gram/Arhar/Tur(whole),White/Desi,FAQ,2026-08-31,9852.54,10810.37,10197.97,431.5,snapshot,0,2026-10-06 20:04:30
Maharashtra,Latur,Latur,Red gram/Arhar/Tur(whole),White/Desi,FAQ,2026-08-31,10213.35,11255.87,10534.66,244.7,snapshot,0,2026-10-06 20:04:30
Maharashtra,Solapur,Solapur,Red gram/Arhar/Tur(whole),White/Desi,FAQ,2026-08-31,10249.23,11113.57,10588.93,146.2,snapshot,0,2026-10-06 20:04:30
Maharashtra,Ahilyanagar,Ahmednagar,Soyabean,Yellow,FAQ,2026-08-31,4599.71,4934.39,4755.87,161.7,snapshot,0,2026-10-06 20:04:15
Maharashtra,Akola,Akola,Soyabean,Yellow,FAQ,2026-08-31,4449.82,4763.52,4608.34,473.9,snapshot,0,2026-10-06 20:04:15
Maharashtra,Amravati,Amravati,Soyabean,Yellow,FAQ,2026-08-31,4552.31,4865.55,4689.75,159.3,snapshot,0,2026-10-06 20:04:15
Maharashtra,Pune,Baramati,Soyabean,Yellow,FAQ,2026-08-31,4183.78,4605.66,4359.77,248.5,snapshot,0,2026-10-06 20:04:15
Maharashtra,Jalgaon,Jalgaon,Soyabean,Yellow,FAQ,2026-08-31,4406.88,4791.11,4587.9,434.0,snapshot,0,2026-10-06 20:04:15
Maharashtra,Latur,Latur,Soyabean,Yellow,FAQ,2026-08-31,4962.3,5271.13,5091.08,448.7,snapshot,0,2026-10-06 20:04:14
Maharashtra,Nagpur,Nagpur,Soyabean,Yellow,FAQ,2026-08-31,4581.57,4965.12,4753.04,412.4,snapshot,0,2026-10-06 20:04:15
Maharashtra,Pune,Pune,Soyabean,Yellow,FAQ,2026-08-31,4749.62,5090.7,4856.08,198.6,snapshot,0,2026-10-06 20:04:15
Maharashtra,Ahilyanagar,Rahata,Soyabean,Yellow,FAQ,2026-08-31,4497.12,4872.55,4615.33,333.4,snapshot,0,2026-10-06 20:04:15
Maharashtra,Ahilyanagar,Sangamner,Soyabean,Yellow,FAQ,2026-08-31,4484.47,4856.48,4670.88,56.6,snapshot,0,2026-10-06 20:04:15
Maharashtra,Solapur,Solapur,Soyabean,Yellow,FAQ,2026-08-31,4469.56,4852.09,4658.76,271.0,snapshot,0,2026-10-06 20:04:15
Maharashtra,Nashik,Yeola,Soyabean,Yellow,FAQ,2026-08-31,4693.54,5130.44,4886.3,276.2,snapshot,0,2026-10-06 20:04:14
Maharashtra,Pune,Baramati,Tomato,Hybrid,FAQ,2026-08-31,1454.19,2118.15,1674.78,481.9,snapshot,0,2026-10-06 20:03:43
Maharashtra,Pune,Khed(Chakan),Tomato,Hybrid,FAQ,2026-08-31,1486.57,2159.35,1804.52,400.2,snapshot,0,2026-10-06 20:03:43
Maharashtra,Kolhapur,Kolhapur,Tomato,Hybrid,FAQ,2026-08-31,1585.94,2316.38,1879.19,61.7,snapshot,0,2026-10-06 20:03:43
Maharashtra,Nashik,Lasalgaon,Tomato,Hybrid,FAQ,2026-08-31,1783.42,2507.48,2077.69,324.8,snapshot,0,2026-10-06 20:03:43
Maharashtra,Pune,Manchar,Tomato,Hybrid,FAQ,2026-08-31,1402.7,1976.42,1630.54,302.5,snapshot,0,2026-10-06 20:03:43
Maharashtra,Mumbai,Mumbai,Tomato,Hybrid,FAQ,2026-08-31,1437.38,2139.79,1715.59,488.5,snapshot,0,2026-10-06 20:03:43
Maharashtra,Nagpur,Nagpur,Tomato,Hybrid,FAQ,2026-08-31,1346.84,2047.53,1663.82,48.9,snapshot,0,2026-10-06 20:03:43
Maharashtra,Pune,Narayangaon,Tomato,Hybrid,FAQ,2026-08-31,1595.87,2205.63,1874.45,396.5,snapshot,0,2026-10-06 20:03:43
Maharashtra,Nashik,Nashik,Tomato,Hybrid,FAQ,2026-08-31,1717.15,2278.46,1972.08,325.6,snapshot,0,2026-10-06 20:03:43
Maharashtra,Nashik,Pimpalgaon,Tomato,Hybrid,FAQ,2026-08-31,1055.51,1598.3,1352.97,72.1,snapshot,0,2026-10-06 20:03:43
Maharashtra,Pune,Pune,Tomato,Hybrid,FAQ,2026-08-31,1763.36,2491.03,2039.36,85.3,snapshot,0,2026-10-06 20:03:43
Maharashtra,Ahilyanagar,Sangamner,Tomato,Hybrid,FAQ,2026-08-31,1634.78,2187.34,1858.06,200.3,snapshot,0,2026-10-06 20:03:43
Maharashtra,Ahilyanagar,Ahmednagar,Wheat,Lokwan,FAQ,2026-08-31,2626.6,2871.82,2733.56,360.6,snapshot,0,2026-10-06 20:05:18
Maharashtra,Akola,Akola,Wheat,Lokwan,FAQ,2026-08-31,2530.61,2771.54,2644.62,337.7,snapshot,0,2026-10-06 20:05:18
Maharashtra,Pune,Baramati,Wheat,Lokwan,FAQ,2026-08-31,2463.46,2821.51,2610.52,279.5,snapshot,0,2026-10-06 20:05:18
Maharashtra,Jalgaon,Jalgaon,Wheat,Lokwan,FAQ,2026-08-31,2649.7,3008.41,2800.34,468.9,snapshot,0,2026-10-06 20:05:18
Maharashtra,Kolhapur,Kolhapur,Wheat,Lokwan,FAQ,2026-08-31,2730.1,3008.75,2844.86,97.5,snapshot,0,2026-10-06 20:05:18
Maharashtra,Nashik,Lasalgaon,Wheat,Lokwan,FAQ,2026-08-31,2577.74,2915.02,2712.16,176.8,snapshot,0,2026-10-06 20:05:18
Maharashtra,Latur,Latur,Wheat,Lokwan,FAQ,2026-08-31,2652.89,2986.58,2797.23,388.0,snapshot,0,2026-10-06 20:05:18
Maharashtra,Mumbai,Mumbai,Wheat,Lokwan,FAQ,2026-08-31,2616.66,2946.69,2715.73,183.2,snapshot,0,2026-10-06 20:05:18
Maharashtra,Nagpur,Nagpur,Wheat,Lokwan,FAQ,2026-08-31,2593.36,2872.92,2743.5,435.0,snapshot,0,2026-10-06 20:05:18
Maharashtra,Nashik,Nashik,Wheat,Lokwan,FAQ,2026-08-31,2712.99,2988.36,2804.65,42.7,snapshot,0,2026-10-06 20:05:18
Maharashtra,Pune,Pune,Wheat,Lokwan,FAQ,2026-08-31,2457.9,2784.81,2596.81,411.3,snapshot,0,2026-10-06 20:05:18
Maharashtra,Ahilyanagar,Rahata,Wheat,Lokwan,FAQ,2026-08-31,2641.15,2954.54,2738.83,69.3,snapshot,0,2026-10-06 20:05:18
Maharashtra,Solapur,Solapur,Wheat,Lokwan,FAQ,2026-08-31,2667.04,2975.15,2810.57,303.1,snapshot,0,2026-10-06 20:05:18
Maharashtra,Nashik,Yeola,Wheat,Lokwan,FAQ,2026-08-31,2615.33,2872.58,2733.14,485.1,snapshot,0,2026-10-06 20:05:18
Maharashtra,Akola,Akola,Cotton,Medium Staple,FAQ,2026-08-29,7265.61,7787.52,7442.86,277.5,snapshot,0,2026-10-06 20:04:46
Maharashtra,Amravati,Amravati,Cotton,Medium Staple,FAQ,2026-08-29,7145.98,7701.69,7424.61,478.1,snapshot,0,2026-10-06 20:04:46
Maharashtra,Jalgaon,Jalgaon,Cotton,Medium Staple,FAQ,2026-08-29,7145.41,7750.25,7390.57,489.2,snapshot,0,2026-10-06 20:04:46
Maharashtra,Nagpur,Nagpur,Cotton,Medium Staple,FAQ,2026-08-29,7164.85,7801.9,7355.34,428.4,snapshot,0,2026-10-06 20:04:46
Maharashtra,Ahilyanagar,Ahmednagar,Onion,Red/Nasik,FAQ,2026-08-29,1775.84,2340.48,1987.82,336.8,snapshot,0,2026-10-06 20:03:59
Maharashtra,Pune,Baramati,Onion,Red/Nasik,FAQ,2026-08-29,2151.85,2937.27,2442.11,108.5,snapshot,0,2026-10-06 20:03:59
Maharashtra,Jalgaon,Jalgaon,Onion,Red/Nasik,FAQ,2026-08-29,1957.42,2681.36,2328.37,103.6,snapshot,0,2026-10-06 20:03:59
Maharashtra,Pune,Khed(Chakan),Onion,Red/Nasik,FAQ,2026-08-29,2103.48,2654.67,2358.4,158.1,snapshot,0,2026-10-06 20:03:59
Maharashtra,Kolhapur,Kolhapur,Onion,Red/Nasik,FAQ,2026-08-29,1839.41,2632.72,2214.37,448.3,snapshot,0,2026-10-06 20:03:59
Maharashtra,Nashik,Lasalgaon,Onion,Red/Nasik,FAQ,2026-08-29,2370.65,2904.69,2587.9,210.9,snapshot,0,2026-10-06 20:03:59
Maharashtra,Pune,Manchar,Onion,Red/Nasik,FAQ,2026-08-29,2028.58,2723.91,2356.24,340.5,snapshot,0,2026-10-06 20:03:59
Maharashtra,Mumbai,Mumbai,Onion,Red/Nasik,FAQ,2026-08-29,2120.18,2913.25,2401.79,470.9,snapshot,0,2026-10-06 20:03:59
Maharashtra,Nashik,Nashik,Onion,Red/Nasik,FAQ,2026-08-29,1898.5,2600.11,2214.59,480.6,snapshot,0,2026-10-06 20:03:59
Maharashtra,Nashik,Pimpalgaon,Onion,Red/Nasik,FAQ,2026-08-29,2481.09,3147.39,2723.61,122.8,snapshot,0,2026-10-06 20:03:59
Maharashtra,Pune,Pune,Onion,Red/Nasik,FAQ,2026-08-29,1804.75,2387.11,2054.45,240.5,snapshot,0,2026-10-06 20:03:59
Maharashtra,Ahilyanagar,Rahata,Onion,Red/Nasik,FAQ,2026-08-29,1954.6,2639.46,2192.64,390.7,snapshot,0,2026-10-06 20:03:59
Maharashtra,Ahilyanagar,Sangamner,Onion,Red/Nasik,FAQ,2026-08-29,1869.3,2583.41,2082.11,134.8,snapshot,0,2026-10-06 20:03:59
Maharashtra,Solapur,Solapur,Onion,Red/Nasik,FAQ,2026-08-29,1909.4,2623.44,2217.52,335.2,snapshot,0,2026-10-06 20:03:59
Maharashtra,Nashik,Yeola,Onion,Red/Nasik,FAQ,2026-08-29,1809.69,2370.42,2046.64,382.0,snapshot,0,2026-10-06 20:03:59
Maharashtra,Pune,Khed(Chakan),Potato,Jyoti,FAQ,2026-08-29,1792.5,2302.75,1938.99,103.2,snapshot,0,2026-10-06 20:05:02
Maharashtra,Kolhapur,Kolhapur,Potato,Jyoti,FAQ,2026-08-29,1622.13,2092.69,1878.01,252.2,snapshot,0,2026-10-06 20:05:02
Maharashtra,Pune,Manchar,Potato,Jyoti,FAQ,2026-08-29,1789.26,2329.41,1946.76,108.8,snapshot,0,2026-10-06 20:05:02
Maharashtra,Mumbai,Mumbai,Potato,Jyoti,FAQ,2026-08-29,1811.4,2262.27,1993.75,110.8,snapshot,0,2026-10-06 20:05:02
Maharashtra,Pune,Narayangaon,Potato,Jyoti,FAQ,2026-08-29,1625.73,2086.57,1846.99,492.6,snapshot,0,2026-10-06 20:05:02
Maharashtra,Nashik,Nashik,Potato,Jyoti,FAQ,2026-08-29,1812.11,2420.52,2056.14,218.7,snapshot,0,2026-10-06 20:05:02
Maharashtra,Nashik,Pimpalgaon,Potato,Jyoti,FAQ,2026-08-29,1928.15,2418.47,2074.41,137.5,snapshot,0,2026-10-06 20:05:02
Maharashtra,Pune,Pune,Potato,Jyoti,FAQ,2026-08-29,1922.36,2522.59,2132.79,265.2,snapshot,0,2026-10-06 20:05:02
Maharashtra,Ahilyanagar,Ahmednagar,Red gram/Arhar/Tur(whole),White/Desi,FAQ,2026-08-29,10101.37,11342.46,10588.53,498.7,snapshot,0,2026-10-06 20:04:30
Maharashtra,Akola,Akola,Red gram/Arhar/Tur(whole),White/Desi,FAQ,2026-08-29,10049.51,10889.54,10468.46,200.2,snapshot,0,2026-10-06 20:04:30
Maharashtra,Amravati,Amravati,Red gram/Arhar/Tur(whole),White/Desi,FAQ,2026-08-29,9703.79,10834.62,10140.92,58.6,snapshot,0,2026-10-06 20:04:30
Maharashtra,Latur,Latur,Red gram/Arhar/Tur(whole),White/Desi,FAQ,2026-08-29,10206.78,11142.91,10645.3,246.6,snapshot,0,2026-10-06 20:04:30
Maharashtra,Solapur,Solapur,Red gram/Arhar/Tur(whole),White/Desi,FAQ,2026-08-29,10147.36,11010.19,10477.07,226.3,snapshot,0,2026-10-06 20:04:30
Maharashtra,Ahilyanagar,Ahmednagar,Soyabean,Yellow,FAQ,2026-08-29,4641.74,5032.62,4819.66,97.2,snapshot,0,2026-10-06 20:04:15
Maharashtra,Akola,Akola,Soyabean,Yellow,FAQ,2026-08-29,4386.8,4790.66,4543.04,50.8,snapshot,0,2026-10-06 20:04:15
Maharashtra,Amravati,Amravati,Soyabean,Yellow,FAQ,2026-08-29,4618.24,5031.42,4778.09,160.1,snapshot,0,2026-10-06 20:04:15
Maharashtra,Pune,Baramati,Soyabean,Yellow,FAQ,2026-08-29,4264.99,4629.23,4405.28,346.0,snapshot,0,2026-10-06 20:04:15
Maharashtra,Jalgaon,Jalgaon,Soyabean,Yellow,FAQ,2026-08-29,4457.27,4777.89,4605.29,99.7,snapshot,0,2026-10-06 20:04:15
Maharashtra,Latur,Latur,Soyabean,Yellow,FAQ,2026-08-29,4948.14,5313.28,5129.78,83.8,snapshot,0,2026-10-06 20:04:14
Maharashtra,Nagpur,Nagpur,Soyabean,Yellow,FAQ,2026-08-29,4670.3,4936.37,4795.14,459.9,snapshot,0,2026-10-06 20:04:15
Maharashtra,Pune,Pune,Soyabean,Yellow,FAQ,2026-08-29,4672.99,5092.92,4835.2,156.7,snapshot,0,2026-10-06 20:04:15
Maharashtra,Ahilyanagar,Rahata,Soyabean,Yellow,FAQ,2026-08-29,4514.53,4809.97,4660.79,211.5,snapshot,0,2026-10-06 20:04:15
Maharashtra,Ahilyanagar,Sangamner,Soyabean,Yellow,FAQ,2026-08-29,4504.15,4817.58,4675.27,215.1,snapshot,0,2026-10-06 20:04:15
Maharashtra,Solapur,Solapur,Soyabean,Yellow,FAQ,2026-08-29,4533.66,4893.74,4650.21,399.2,snapshot,0,2026-10-06 20:04:15
Maharashtra,Nashik,Yeola,Soyabean,Yellow,FAQ,2026-08-29,4667.74,5021.26,4855.01,207.3,snapshot,0,2026-10-06 20:04:15
Maharashtra,Pune,Baramati,Tomato,Hybrid,FAQ,2026-08-29,1608.56,2076.97,1823.43,72.4,snapshot,0,2026-10-06 20:03:43
Maharashtra,Pune,Khed(Chakan),Tomato,Hybrid,FAQ,2026-08-29,1562.28,2235.78,1843.47,115.4,snapshot,0,2026-10-06 20:03:43
Maharashtra,Kolhapur,Kolhapur,Tomato,Hybrid,FAQ,2026-08-29,1471.85,1958.7,1682.33,481.7,snapshot,0,2026-10-06 20:03:43
Maharashtra,Nashik,Lasalgaon,Tomato,Hybrid,FAQ,2026-08-29,1702.95,2224.14,1976.91,216.6,snapshot,0,2026-10-06 20:03:43
Maharashtra,Pune,Manchar,Tomato,Hybrid,FAQ,2026-08-29,1369.33,1961.18,1648.48,93.1,snapshot,0,2026-10-06 20:03:43
Maharashtra,Mumbai,Mumbai,Tomato,Hybrid,FAQ,2026-08-29,1529.67,2199.9,1822.63,489.6,snapshot,0,2026-10-06 20:03:43
Maharashtra,Nagpur,Nagpur,Tomato,Hybrid,FAQ,2026-08-29,1476.89,2198.74,1776.83,190.1,snapshot,0,2026-10-06 20:03:43
Maharashtra,Pune,Narayangaon,Tomato,Hybrid,FAQ,2026-08-29,1713.52,2202.24,1891.36,109.7,snapshot,0,2026-10-06 20:03:43
Maharashtra,Nashik,Nashik,Tomato,Hybrid,FAQ,2026-08-29,1778.3,2365.77,1971.71,352.0,snapshot,0,2026-10-06 20:03:43
Maharashtra,Nashik,Pimpalgaon,Tomato,Hybrid,FAQ,2026-08-29,1285.79,1830.19,1520.49,494.0,snapshot,0,2026-10-06 20:03:43
Maharashtra,Pune,Pune,Tomato,Hybrid,FAQ,2026-08-29,1765.94,2347.56,2004.48,375.4,snapshot,0,2026-10-06 20:03:43
Maharashtra,Ahilyanagar,Sangamner,Tomato,Hybrid,FAQ,2026-08-29,1506.14,2119.42,1712.55,291.7,snapshot,0,2026-10-06 20:03:43
Maharashtra,Ahilyanagar,Ahmednagar,Wheat,Lokwan,FAQ,2026-08-29,2607.05,2877.25,2738.74,253.8,snapshot,0,2026-10-06 20:05:18
Maharashtra,Akola,Akola,Wheat,Lokwan,FAQ,2026-08-29,2520.31,2794.21,2647.85,143.4,snapshot,0,2026-10-06 20:05:18
Maharashtra,Pune,Baramati,Wheat,Lokwan,FAQ,2026-08-29,2436.01,2763.6,2573.47,281.6,snapshot,0,2026-10-06 20:05:18
Maharashtra,Jalgaon,Jalgaon,Wheat,Lokwan,FAQ,2026-08-29,2661.53,2981.76,2777.68,344.4,snapshot,0,2026-10-06 20:05:18
Maharashtra,Kolhapur,Kolhapur,Wheat,Lokwan,FAQ,2026-08-29,2686.67,2985.2,2779.82,465.6,snapshot,0,2026-10-06 20:05:18
Maharashtra,Nashik,Lasalgaon,Wheat,Lokwan,FAQ,2026-08-29,2623.14,2949.02,2727.87,249.9,snapshot,0,2026-10-06 20:05:18
Maharashtra,Latur,Latur,Wheat,Lokwan,FAQ,2026-08-29,2664.41,2933.55,2764.67,259.6,snapshot,0,2026-10-06 20:05:18
Maharashtra,Mumbai,Mumbai,Wheat,Lokwan,FAQ,2026-08-29,2645.3,2898.23,2732.52,274.2,snapshot,0,2026-10-06 20:05:18
Maharashtra,Nagpur,Nagpur,Wheat,Lokwan,FAQ,2026-08-29,2613.6,2912.75,2735.28,233.3,snapshot,0,2026-10-06 20:05:18
Maharashtra,Nashik,Nashik,Wheat,Lokwan,FAQ,2026-08-29,2653.67,2982.7,2791.46,440.9,snapshot,0,2026-10-06 20:05:18
Maharashtra,Pune,Pune,Wheat,Lokwan,FAQ,2026-08-29,2516.27,2825.36,2608.06,209.1,snapshot,0,2026-10-06 20:05:18
Maharashtra,Ahilyanagar,Rahata,Wheat,Lokwan,FAQ,2026-08-29,2609.91,2923.38,2737.77,82.0,snapshot,0,2026-10-06 20:05:18
Maharashtra,Solapur,Solapur,Wheat,Lokwan,FAQ,2026-08-29,2645.75,2966.19,2800.58,355.4,snapshot,0,2026-10-06 20:05:18
Maharashtra,Nashik,Yeola,Wheat,Lokwan,FAQ,2026-08-29,2609.22,2893.11,2725.95,130.0,snapshot,0,2026-10-06 20:05:18
Maharashtra,Akola,Akola,Cotton,Medium Staple,FAQ,2026-08-28,7184.64,7763.73,7437.2,67.6,snapshot,0,2026-10-06 20:04:46
Maharashtra,Amravati,Amravati,Cotton,Medium Staple,FAQ,2026-08-28,7096.6,7657.18,7384.66,136.5,snapshot,0,2026-10-06 20:04:46
Maharashtra,Jalgaon,Jalgaon,Cotton,Medium Staple,FAQ,2026-08-28,7131.15,7672.58,7338.98,419.6,snapshot,0,2026-10-06 20:04:46
Maharashtra,Nagpur,Nagpur,Cotton,Medium Staple,FAQ,2026-08-28,6953.8,7505.33,7255.77,60.5,snapshot,0,2026-10-06 20:04:46
Maharashtra,Ahilyanagar,Ahmednagar,Onion,Red/Nasik,FAQ,2026-08-28,1753.31,2420.31,2038.35,52.9,snapshot,0,2026-10-06 20:03:59
Maharashtra,Pune,Baramati,Onion,Red/Nasik,FAQ,2026-08-28,2150.53,2794.09,2489.3,73.5,snapshot,0,2026-10-06 20:03:59
Maharashtra,Jalgaon,Jalgaon,Onion,Red/Nasik,FAQ,2026-08-28,1913.38,2690.54,2214.86,431.6,snapshot,0,2026-10-06 20:03:59
Maharashtra,Pune,Khed(Chakan),Onion,Red/Nasik,FAQ,2026-08-28,2059.2,2830.19,2396.81,447.9,snapshot,0,2026-10-06 20:03:59
Maharashtra,Kolhapur,Kolhapur,Onion,Red/Nasik,FAQ,2026-08-28,1993.96,2764.86,2248.2,266.2,snapshot,0,2026-10-06 20:03:59
Maharashtra,Nashik,Lasalgaon,Onion,Red/Nasik,FAQ,2026-08-28,2169.91,2975.62,2551.24,228.0,snapshot,0,2026-10-06 20:03:59
Maharashtra,Pune,Manchar,Onion,Red/Nasik,FAQ,2026-08-28,2032.19,2871.9,2391.53,161.1,snapshot,0,2026-10-06 20:03:59
Maharashtra,Mumbai,Mumbai,Onion,Red/Nasik,FAQ,2026-08-28,2095.08,2772.31,2473.12,335.8,snapshot,0,2026-10-06 20:03:59
Maharashtra,Pune,Narayangaon,Onion,Red/Nasik,FAQ,2026-08-28,1663.66,2369.3,1974.25,440.0,snapshot,0,2026-10-06 20:03:59
Maharashtra,Nashik,Nashik,Onion,Red/Nasik,FAQ,2026-08-28,1995.0,2554.12,2222.76,271.9,snapshot,0,2026-10-06 20:03:59
Maharashtra,Nashik,Pimpalgaon,Onion,Red/Nasik,FAQ,2026-08-28,2280.78,2942.77,2632.99,386.4,snapshot,0,2026-10-06 20:03:59
Maharashtra,Pune,Pune,Onion,Red/Nasik,FAQ,2026-08-28,1732.17,2494.36,2113.79,383.9,snapshot,0,2026-10-06 20:03:59
Maharashtra,Ahilyanagar,Rahata,Onion,Red/Nasik,FAQ,2026-08-28,1945.68,2527.65,2213.87,154.5,snapshot,0,2026-10-06 20:03:59
Maharashtra,Ahilyanagar,Sangamner,Onion,Red/Nasik,FAQ,2026-08-28,1712.73,2348.47,2050.96,133.7,snapshot,0,2026-10-06 20:03:59
Maharashtra,Solapur,Solapur,Onion,Red/Nasik,FAQ,2026-08-28,1827.3,2573.48,2212.32,229.8,snapshot,0,2026-10-06 20:03:59
Maharashtra,Nashik,Yeola,Onion,Red/Nasik,FAQ,2026-08-28,1847.71,2422.41,2123.45,75.5,snapshot,0,2026-10-06 20:03:59
Maharashtra,Pune,Khed(Chakan),Potato,Jyoti,FAQ,2026-08-28,1710.83,2257.65,1957.56,439.0,snapshot,0,2026-10-06 20:05:02
Maharashtra,Kolhapur,Kolhapur,Potato,Jyoti,FAQ,2026-08-28,1761.01,2131.85,1904.61,152.0,snapshot,0,2026-10-06 20:05:02
Maharashtra,Pune,Manchar,Potato,Jyoti,FAQ,2026-08-28,1828.52,2239.09,1980.5,148.5,snapshot,0,2026-10-06 20:05:02
Maharashtra,Mumbai,Mumbai,Potato,Jyoti,FAQ,2026-08-28,1814.06,2251.67,2017.77,354.3,snapshot,0,2026-10-06 20:05:02
Maharashtra,Pune,Narayangaon,Potato,Jyoti,FAQ,2026-08-28,1634.47,2166.33,1810.5,92.9,snapshot,0,2026-10-06 20:05:02
Maharashtra,Nashik,Nashik,Potato,Jyoti,FAQ,2026-08-28,1876.92,2436.56,2054.03,206.9,snapshot,0,2026-10-06 20:05:02
Maharashtra,Nashik,Pimpalgaon,Potato,Jyoti,FAQ,2026-08-28,1885.51,2352.88,2067.63,187.1,snapshot,0,2026-10-06 20:05:02
Maharashtra,Pune,Pune,Potato,Jyoti,FAQ,2026-08-28,1900.34,2453.84,2152.45,417.5,snapshot,0,2026-10-06 20:05:02
Maharashtra,Ahilyanagar,Ahmednagar,Red gram/Arhar/Tur(whole),White/Desi,FAQ,2026-08-28,9974.34,10932.35,10421.26,327.6,snapshot,0,2026-10-06 20:04:30
Maharashtra,Akola,Akola,Red gram/Arhar/Tur(whole),White/Desi,FAQ,2026-08-28,9896.62,11095.05,10325.91,395.5,snapshot,0,2026-10-06 20:04:30
Maharashtra,Amravati,Amravati,Red gram/Arhar/Tur(whole),White/Desi,FAQ,2026-08-28,9676.38,10729.93,10111.49,84.7,snapshot,0,2026-10-06 20:04:30
Maharashtra,Latur,Latur,Red gram/Arhar/Tur(whole),White/Desi,FAQ,2026-08-28,10168.8,11128.17,10589.35,248.4,snapshot,0,2026-10-06 20:04:30
Maharashtra,Solapur,Solapur,Red gram/Arhar/Tur(whole),White/Desi,FAQ,2026-08-28,10146.47,11231.64,10595.3,361.5,snapshot,0,2026-10-06 20:04:30
Maharashtra,Ahilyanagar,Ahmednagar,Soyabean,Yellow,FAQ,2026-08-28,4724.1,5078.48,4864.61,206.4,snapshot,0,2026-10-06 20:04:15
Maharashtra,Akola,Akola,Soyabean,Yellow,FAQ,2026-08-28,4480.98,4825.08,4588.74,237.2,snapshot,0,2026-10-06 20:04:15
Maharashtra,Amravati,Amravati,Soyabean,Yellow,FAQ,2026-08-28,4557.0,4955.4,4748.75,237.9,snapshot,0,2026-10-06 20:04:15
Maharashtra,Pune,Baramati,Soyabean,Yellow,FAQ,2026-08-28,4333.99,4626.7,4459.84,436.1,snapshot,0,2026-10-06 20:04:15
Maharashtra,Jalgaon,Jalgaon,Soyabean,Yellow,FAQ,2026-08-28,4445.55,4800.56,4603.81,67.7,snapshot,0,2026-10-06 20:04:15
Maharashtra,Latur,Latur,Soyabean,Yellow,FAQ,2026-08-28,4960.12,5320.04,5094.62,440.0,snapshot,0,2026-10-06 20:04:14
Maharashtra,Nagpur,Nagpur,Soyabean,Yellow,FAQ,2026-08-28,4586.63,4978.89,4769.54,172.7,snapshot,0,2026-10-06 20:04:15
Maharashtra,Pune,Pune,Soyabean,Yellow,FAQ,2026-08-28,4729.36,5138.62,4880.02,294.9,snapshot,0,2026-10-06 20:04:14
Maharashtra,Ahilyanagar,Rahata,Soyabean,Yellow,FAQ,2026-08-28,4536.27,4902.31,4663.24,424.1,snapshot,0,2026-10-06 20:04:15
Maharashtra,Ahilyanagar,Sangamner,Soyabean,Yellow,FAQ,2026-08-28,4501.29,4819.66,4613.51,100.1,snapshot,0,2026-10-06 20:04:15
Maharashtra,Solapur,Solapur,Soyabean,Yellow,FAQ,2026-08-28,4474.62,4892.12,4649.56,139.6,snapshot,0,2026-10-06 20:04:15
Maharashtra,Nashik,Yeola,Soyabean,Yellow,FAQ,2026-08-28,4661.42,5012.28,4834.86,248.9,snapshot,0,2026-10-06 20:04:15
Maharashtra,Pune,Baramati,Tomato,Hybrid,FAQ,2026-08-28,1553.11,2201.2,1868.85,209.8,snapshot,0,2026-10-06 20:03:43
Maharashtra,Pune,Khed(Chakan),Tomato,Hybrid,FAQ,2026-08-28,1578.25,2154.52,1844.57,381.2,snapshot,0,2026-10-06 20:03:43
Maharashtra,Kolhapur,Kolhapur,Tomato,Hybrid,FAQ,2026-08-28,1513.18,2214.33,1813.19,88.8,snapshot,0,2026-10-06 20:03:43
Maharashtra,Nashik,Lasalgaon,Tomato,Hybrid,FAQ,2026-08-28,1739.83,2237.17,1972.05,385.9,snapshot,0,2026-10-06 20:03:43
Maharashtra,Pune,Manchar,Tomato,Hybrid,FAQ,2026-08-28,1269.39,1996.33,1545.25,339.0,snapshot,0,2026-10-06 20:03:43
Maharashtra,Mumbai,Mumbai,Tomato,Hybrid,FAQ,2026-08-28,1523.2,2145.76,1801.97,187.8,snapshot,0,2026-10-06 20:03:43
Maharashtra,Nagpur,Nagpur,Tomato,Hybrid,FAQ,2026-08-28,1662.37,2305.84,1862.21,293.1,snapshot,0,2026-10-06 20:03:43
Maharashtra,Pune,Narayangaon,Tomato,Hybrid,FAQ,2026-08-28,1660.5,2245.62,1857.67,54.5,snapshot,0,2026-10-06 20:03:43
Maharashtra,Nashik,Nashik,Tomato,Hybrid,FAQ,2026-08-28,1866.26,2341.14,2082.83,198.8,snapshot,0,2026-10-06 20:03:43
Maharashtra,Nashik,Pimpalgaon,Tomato,Hybrid,FAQ,2026-08-28,1212.67,1821.49,1504.17,105.6,snapshot,0,2026-10-06 20:03:43
Maharashtra,Pune,Pune,Tomato,Hybrid,FAQ,2026-08-28,1652.88,2360.14,1945.57,127.6,snapshot,0,2026-10-06 20:03:43
Maharashtra,Ahilyanagar,Sangamner,Tomato,Hybrid,FAQ,2026-08-28,1538.67,2062.06,1720.84,495.8,snapshot,0,2026-10-06 20:03:43
Maharashtra,Ahilyanagar,Ahmednagar,Wheat,Lokwan,FAQ,2026-08-28,2569.39,2924.35,2716.81,172.1,snapshot,0,2026-10-06 20:05:18
Maharashtra,Akola,Akola,Wheat,Lokwan,FAQ,2026-08-28,2475.26,2780.12,2606.49,238.5,snapshot,0,2026-10-06 20:05:18
Maharashtra,Pune,Baramati,Wheat,Lokwan,FAQ,2026-08-28,2494.78,2787.21,2581.79,215.0,snapshot,0,2026-10-06 20:05:18
Maharashtra,Jalgaon,Jalgaon,Wheat,Lokwan,FAQ,2026-08-28,2639.32,2892.3,2752.31,123.1,snapshot,0,2026-10-06 20:05:18
Maharashtra,Kolhapur,Kolhapur,Wheat,Lokwan,FAQ,2026-08-28,2658.7,2948.96,2744.83,383.0,snapshot,0,2026-10-06 20:05:18
Maharashtra,Nashik,Lasalgaon,Wheat,Lokwan,FAQ,2026-08-28,2613.26,2983.76,2762.8,251.7,snapshot,0,2026-10-06 20:05:18
Maharashtra,Latur,Latur,Wheat,Lokwan,FAQ,2026-08-28,2676.93,2952.6,2769.8,395.1,snapshot,0,2026-10-06 20:05:18
Maharashtra,Mumbai,Mumbai,Wheat,Lokwan,FAQ,2026-08-28,2602.04,2940.51,2734.68,277.6,snapshot,0,2026-10-06 20:05:18
Maharashtra,Nagpur,Nagpur,Wheat,Lokwan,FAQ,2026-08-28,2642.07,2939.22,2791.98,122.2,snapshot,0,2026-10-06 20:05:18
Maharashtra,Nashik,Nashik,Wheat,Lokwan,FAQ,2026-08-28,2683.55,3017.05,2786.64,440.8,snapshot,0,2026-10-06 20:05:18
Maharashtra,Pune,Pune,Wheat,Lokwan,FAQ,2026-08-28,2505.32,2803.06,2614.64,137.9,snapshot,0,2026-10-06 20:05:18
Maharashtra,Ahilyanagar,Rahata,Wheat,Lokwan,FAQ,2026-08-28,2615.1,2898.43,2745.96,357.2,snapshot,0,2026-10-06 20:05:18
Maharashtra,Solapur,Solapur,Wheat,Lokwan,FAQ,2026-08-28,2665.87,3029.64,2796.52,41.0,snapshot,0,2026-10-06 20:05:18
Maharashtra,Nashik,Yeola,Wheat,Lokwan,FAQ,2026-08-28,2617.88,2873.25,2743.73,173.4,snapshot,0,2026-10-06 20:05:18
Maharashtra,Akola,Akola,Cotton,Medium Staple,FAQ,2026-08-27,7070.81,7767.18,7321.31,285.4,snapshot,0,2026-10-06 20:04:46
Maharashtra,Amravati,Amravati,Cotton,Medium Staple,FAQ,2026-08-27,6969.29,7606.67,7261.19,189.2,snapshot,0,2026-10-06 20:04:46
Maharashtra,Jalgaon,Jalgaon,Cotton,Medium Staple,FAQ,2026-08-27,7204.8,7670.9,7391.59,214.7,snapshot,0,2026-10-06 20:04:46
Maharashtra,Nagpur,Nagpur,Cotton,Medium Staple,FAQ,2026-08-27,6959.1,7700.01,7246.33,386.6,snapshot,0,2026-10-06 20:04:46
Maharashtra,Ahilyanagar,Ahmednagar,Onion,Red/Nasik,FAQ,2026-08-27,1742.3,2470.15,2022.71,89.4,snapshot,0,2026-10-06 20:03:59
Maharashtra,Pune,Baramati,Onion,Red/Nasik,FAQ,2026-08-27,2182.87,2866.58,2432.18,459.8,snapshot,0,2026-10-06 20:03:59
Maharashtra,Jalgaon,Jalgaon,Onion,Red/Nasik,FAQ,2026-08-27,1956.29,2790.46,2278.96,466.8,snapshot,0,2026-10-06 20:03:59
Maharashtra,Pune,Khed(Chakan),Onion,Red/Nasik,FAQ,2026-08-27,2008.84,2741.54,2249.06,80.8,snapshot,0,2026-10-06 20:03:59
Maharashtra,Kolhapur,Kolhapur,Onion,Red/Nasik,FAQ,2026-08-27,1881.57,2551.76,2244.38,77.7,snapshot,0,2026-10-06 20:03:59
Maharashtra,Nashik,Lasalgaon,Onion,Red/Nasik,FAQ,2026-08-27,2160.02,3010.97,2504.39,209.9,snapshot,0,2026-10-06 20:03:59
Maharashtra,Pune,Manchar,Onion,Red/Nasik,FAQ,2026-08-27,2086.56,2803.79,2354.89,279.8,snapshot,0,2026-10-06 20:03:59
Maharashtra,Mumbai,Mumbai,Onion,Red/Nasik,FAQ,2026-08-27,2264.97,2938.2,2484.76,96.6,snapshot,0,2026-10-06 20:03:59
Maharashtra,Pune,Narayangaon,Onion,Red/Nasik,FAQ,2026-08-27,1777.74,2484.42,2021.61,373.2,snapshot,0,2026-10-06 20:03:59
Maharashtra,Nashik,Nashik,Onion,Red/Nasik,FAQ,2026-08-27,1805.9,2587.11,2178.2,487.8,snapshot,0,2026-10-06 20:03:59
Maharashtra,Nashik,Pimpalgaon,Onion,Red/Nasik,FAQ,2026-08-27,2400.31,3124.04,2703.71,368.3,snapshot,0,2026-10-06 20:03:59
Maharashtra,Pune,Pune,Onion,Red/Nasik,FAQ,2026-08-27,1830.45,2564.6,2103.77,432.6,snapshot,0,2026-10-06 20:03:59
Maharashtra,Ahilyanagar,Rahata,Onion,Red/Nasik,FAQ,2026-08-27,1791.71,2518.88,2172.95,337.8,snapshot,0,2026-10-06 20:03:59
Maharashtra,Ahilyanagar,Sangamner,Onion,Red/Nasik,FAQ,2026-08-27,1920.45,2656.2,2148.21,450.5,snapshot,0,2026-10-06 20:03:59
Maharashtra,Solapur,Solapur,Onion,Red/Nasik,FAQ,2026-08-27,1775.8,2491.42,2155.02,387.1,snapshot,0,2026-10-06 20:03:59
Maharashtra,Nashik,Yeola,Onion,Red/Nasik,FAQ,2026-08-27,1773.63,2623.28,2134.37,53.9,snapshot,0,2026-10-06 20:03:59
Maharashtra,Pune,Khed(Chakan),Potato,Jyoti,FAQ,2026-08-27,1730.64,2320.64,1940.67,72.8,snapshot,0,2026-10-06 20:05:02
Maharashtra,Kolhapur,Kolhapur,Potato,Jyoti,FAQ,2026-08-27,1770.98,2205.85,1912.18,318.3,snapshot,0,2026-10-06 20:05:02
Maharashtra,Pune,Manchar,Potato,Jyoti,FAQ,2026-08-27,1804.62,2274.02,1960.36,145.1,snapshot,0,2026-10-06 20:05:02
Maharashtra,Mumbai,Mumbai,Potato,Jyoti,FAQ,2026-08-27,1824.24,2356.39,2004.75,230.9,snapshot,0,2026-10-06 20:05:02
Maharashtra,Pune,Narayangaon,Potato,Jyoti,FAQ,2026-08-27,1606.09,2134.09,1798.67,186.7,snapshot,0,2026-10-06 20:05:02
Maharashtra,Nashik,Nashik,Potato,Jyoti,FAQ,2026-08-27,1844.82,2332.62,2079.48,294.3,snapshot,0,2026-10-06 20:05:02
Maharashtra,Nashik,Pimpalgaon,Potato,Jyoti,FAQ,2026-08-27,1897.43,2332.4,2073.94,169.1,snapshot,0,2026-10-06 20:05:02
Maharashtra,Pune,Pune,Potato,Jyoti,FAQ,2026-08-27,2044.25,2569.6,2217.4,230.9,snapshot,0,2026-10-06 20:05:02
Maharashtra,Ahilyanagar,Ahmednagar,Red gram/Arhar/Tur(whole),White/Desi,FAQ,2026-08-27,10088.09,11026.42,10434.08,60.2,snapshot,0,2026-10-06 20:04:30
Maharashtra,Akola,Akola,Red gram/Arhar/Tur(whole),White/Desi,FAQ,2026-08-27,10073.04,10916.73,10355.37,480.4,snapshot,0,2026-10-06 20:04:30
Maharashtra,Amravati,Amravati,Red gram/Arhar/Tur(whole),White/Desi,FAQ,2026-08-27,9708.24,10582.01,10068.69,276.6,snapshot,0,2026-10-06 20:04:30
Maharashtra,Latur,Latur,Red gram/Arhar/Tur(whole),White/Desi,FAQ,2026-08-27,10172.4,11301.63,10668.62,482.5,snapshot,0,2026-10-06 20:04:30
Maharashtra,Solapur,Solapur,Red gram/Arhar/Tur(whole),White/Desi,FAQ,2026-08-27,10117.82,11237.35,10598.99,211.6,snapshot,0,2026-10-06 20:04:30
Maharashtra,Ahilyanagar,Ahmednagar,Soyabean,Yellow,FAQ,2026-08-27,4750.13,5082.76,4877.62,195.3,snapshot,0,2026-10-06 20:04:14
Maharashtra,Akola,Akola,Soyabean,Yellow,FAQ,2026-08-27,4432.86,4829.33,4595.54,73.4,snapshot,0,2026-10-06 20:04:15
Maharashtra,Amravati,Amravati,Soyabean,Yellow,FAQ,2026-08-27,4608.74,4981.51,4766.15,426.2,snapshot,0,2026-10-06 20:04:15
Maharashtra,Pune,Baramati,Soyabean,Yellow,FAQ,2026-08-27,4272.46,4664.29,4439.06,254.1,snapshot,0,2026-10-06 20:04:15
Maharashtra,Jalgaon,Jalgaon,Soyabean,Yellow,FAQ,2026-08-27,4402.44,4816.61,4562.85,96.1,snapshot,0,2026-10-06 20:04:15
Maharashtra,Latur,Latur,Soyabean,Yellow,FAQ,2026-08-27,4961.18,5235.89,5093.16,491.4,snapshot,0,2026-10-06 20:04:14
Maharashtra,Nagpur,Nagpur,Soyabean,Yellow,FAQ,2026-08-27,4536.85,4928.48,4705.1,325.2,snapshot,0,2026-10-06 20:04:15
Maharashtra,Pune,Pune,Soyabean,Yellow,FAQ,2026-08-27,4713.13,5053.97,4905.85,282.0,snapshot,0,2026-10-06 20:04:14
Maharashtra,Ahilyanagar,Rahata,Soyabean,Yellow,FAQ,2026-08-27,4563.69,4950.03,4693.41,356.9,snapshot,0,2026-10-06 20:04:15
Maharashtra,Ahilyanagar,Sangamner,Soyabean,Yellow,FAQ,2026-08-27,4429.4,4833.07,4601.9,250.7,snapshot,0,2026-10-06 20:04:15
Maharashtra,Solapur,Solapur,Soyabean,Yellow,FAQ,2026-08-27,4481.48,4819.16,4675.04,182.5,snapshot,0,2026-10-06 20:04:15
Maharashtra,Nashik,Yeola,Soyabean,Yellow,FAQ,2026-08-27,4666.22,5027.69,4824.37,434.9,snapshot,0,2026-10-06 20:04:15
Maharashtra,Pune,Baramati,Tomato,Hybrid,FAQ,2026-08-27,1602.96,2155.86,1898.11,296.7,snapshot,0,2026-10-06 20:03:43
Maharashtra,Pune,Khed(Chakan),Tomato,Hybrid,FAQ,2026-08-27,1679.21,2203.38,1867.14,248.6,snapshot,0,2026-10-06 20:03:43
Maharashtra,Kolhapur,Kolhapur,Tomato,Hybrid,FAQ,2026-08-27,1691.74,2272.23,1902.28,257.9,snapshot,0,2026-10-06 20:03:43
Maharashtra,Nashik,Lasalgaon,Tomato,Hybrid,FAQ,2026-08-27,1724.5,2363.57,2001.13,175.7,snapshot,0,2026-10-06 20:03:43
Maharashtra,Pune,Manchar,Tomato,Hybrid,FAQ,2026-08-27,1306.0,1880.65,1574.63,198.8,snapshot,0,2026-10-06 20:03:43
Maharashtra,Mumbai,Mumbai,Tomato,Hybrid,FAQ,2026-08-27,1433.46,2195.26,1756.43,447.0,snapshot,0,2026-10-06 20:03:43
Maharashtra,Nagpur,Nagpur,Tomato,Hybrid,FAQ,2026-08-27,1811.22,2274.52,1996.06,109.1,snapshot,0,2026-10-06 20:03:43
Maharashtra,Pune,Narayangaon,Tomato,Hybrid,FAQ,2026-08-27,1617.15,2261.64,1886.5,426.9,snapshot,0,2026-10-06 20:03:43
Maharashtra,Nashik,Nashik,Tomato,Hybrid,FAQ,2026-08-27,1929.44,2458.5,2157.35,352.9,snapshot,0,2026-10-06 20:03:43
Maharashtra,Nashik,Pimpalgaon,Tomato,Hybrid,FAQ,2026-08-27,1110.5,1658.31,1394.65,332.6,snapshot,0,2026-10-06 20:03:43
Maharashtra,Pune,Pune,Tomato,Hybrid,FAQ,2026-08-27,1597.85,2278.1,1913.18,257.4,snapshot,0,2026-10-06 20:03:43
Maharashtra,Ahilyanagar,Sangamner,Tomato,Hybrid,FAQ,2026-08-27,1466.47,2084.74,1787.51,245.2,snapshot,0,2026-10-06 20:03:43
Maharashtra,Ahilyanagar,Ahmednagar,Wheat,Lokwan,FAQ,2026-08-27,2582.51,2837.57,2701.14,91.7,snapshot,0,2026-10-06 20:05:18
Maharashtra,Akola,Akola,Wheat,Lokwan,FAQ,2026-08-27,2480.88,2793.95,2585.54,157.2,snapshot,0,2026-10-06 20:05:18
Maharashtra,Pune,Baramati,Wheat,Lokwan,FAQ,2026-08-27,2458.21,2727.8,2575.15,226.2,snapshot,0,2026-10-06 20:05:18
Maharashtra,Jalgaon,Jalgaon,Wheat,Lokwan,FAQ,2026-08-27,2606.56,2879.91,2744.27,91.8,snapshot,0,2026-10-06 20:05:18
Maharashtra,Kolhapur,Kolhapur,Wheat,Lokwan,FAQ,2026-08-27,2615.86,2922.71,2740.29,250.8,snapshot,0,2026-10-06 20:05:18
Maharashtra,Nashik,Lasalgaon,Wheat,Lokwan,FAQ,2026-08-27,2641.14,2967.11,2753.89,281.9,snapshot,0,2026-10-06 20:05:18
Maharashtra,Latur,Latur,Wheat,Lokwan,FAQ,2026-08-27,2693.14,2940.92,2781.31,72.6,snapshot,0,2026-10-06 20:05:18
Maharashtra,Mumbai,Mumbai,Wheat,Lokwan,FAQ,2026-08-27,2615.32,2928.35,2745.67,324.2,snapshot,0,2026-10-06 20:05:18
Maharashtra,Nagpur,Nagpur,Wheat,Lokwan,FAQ,2026-08-27,2676.25,3008.57,2785.38,172.3,snapshot,0,2026-10-06 20:05:18
Maharashtra,Nashik,Nashik,Wheat,Lokwan,FAQ,2026-08-27,2637.83,2952.98,2754.59,327.0,snapshot,0,2026-10-06 20:05:18
Maharashtra,Pune,Pune,Wheat,Lokwan,FAQ,2026-08-27,2528.25,2894.76,2664.17,316.2,snapshot,0,2026-10-06 20:05:18
Maharashtra,Ahilyanagar,Rahata,Wheat,Lokwan,FAQ,2026-08-27,2652.97,2961.27,2755.41,357.3,snapshot,0,2026-10-06 20:05:18
Maharashtra,Solapur,Solapur,Wheat,Lokwan,FAQ,2026-08-27,2715.49,3036.91,2806.14,411.7,snapshot,0,2026-10-06 20:05:18
Maharashtra,Nashik,Yeola,Wheat,Lokwan,FAQ,2026-08-27,2594.28,2881.81,2745.04,244.3,snapshot,0,2026-10-06 20:05:18
Maharashtra,Akola,Akola,Cotton,Medium Staple,FAQ,2026-08-26,7237.11,7832.56,7438.64,86.0,snapshot,0,2026-10-06 20:04:46
Maharashtra,Amravati,Amravati,Cotton,Medium Staple,FAQ,2026-08-26,6964.25,7601.82,7265.52,365.4,snapshot,0,2026-10-06 20:04:46
Maharashtra,Jalgaon,Jalgaon,Cotton,Medium Staple,FAQ,2026-08-26,7070.67,7603.34,7315.31,498.2,snapshot,0,2026-10-06 20:04:46
Maharashtra,Nagpur,Nagpur,Cotton,Medium Staple,FAQ,2026-08-26,6958.95,7593.56,7242.37,291.2,snapshot,0,2026-10-06 20:04:46
Maharashtra,Ahilyanagar,Ahmednagar,Onion,Red/Nasik,FAQ,2026-08-26,1825.53,2527.95,2087.74,481.2,snapshot,0,2026-10-06 20:03:59
Maharashtra,Pune,Baramati,Onion,Red/Nasik,FAQ,2026-08-26,2067.27,2709.95,2387.12,266.3,snapshot,0,2026-10-06 20:03:59
Maharashtra,Jalgaon,Jalgaon,Onion,Red/Nasik,FAQ,2026-08-26,2059.19,2803.58,2289.34,482.8,snapshot,0,2026-10-06 20:03:59
Maharashtra,Pune,Khed(Chakan),Onion,Red/Nasik,FAQ,2026-08-26,1852.82,2545.17,2231.42,382.9,snapshot,0,2026-10-06 20:03:59
Maharashtra,Kolhapur,Kolhapur,Onion,Red/Nasik,FAQ,2026-08-26,1986.0,2759.87,2326.7,136.6,snapshot,0,2026-10-06 20:03:59
Maharashtra,Nashik,Lasalgaon,Onion,Red/Nasik,FAQ,2026-08-26,2162.37,2986.37,2499.18,94.3,snapshot,0,2026-10-06 20:03:59
Maharashtra,Pune,Manchar,Onion,Red/Nasik,FAQ,2026-08-26,1942.27,2610.02,2217.3,249.1,snapshot,0,2026-10-06 20:03:59
Maharashtra,Mumbai,Mumbai,Onion,Red/Nasik,FAQ,2026-08-26,2206.0,2908.27,2433.47,359.4,snapshot,0,2026-10-06 20:03:59
Maharashtra,Pune,Narayangaon,Onion,Red/Nasik,FAQ,2026-08-26,1848.1,2436.82,2092.39,349.9,snapshot,0,2026-10-06 20:03:59
Maharashtra,Nashik,Nashik,Onion,Red/Nasik,FAQ,2026-08-26,1841.83,2439.25,2155.89,139.8,snapshot,0,2026-10-06 20:03:59
Maharashtra,Nashik,Pimpalgaon,Onion,Red/Nasik,FAQ,2026-08-26,2485.03,3112.03,2698.58,286.8,snapshot,0,2026-10-06 20:03:59
Maharashtra,Pune,Pune,Onion,Red/Nasik,FAQ,2026-08-26,1766.12,2586.93,2101.31,392.2,snapshot,0,2026-10-06 20:03:59
Maharashtra,Ahilyanagar,Rahata,Onion,Red/Nasik,FAQ,2026-08-26,1823.61,2513.83,2213.56,336.0,snapshot,0,2026-10-06 20:03:59
Maharashtra,Ahilyanagar,Sangamner,Onion,Red/Nasik,FAQ,2026-08-26,1872.74,2499.85,2177.06,210.6,snapshot,0,2026-10-06 20:03:59
Maharashtra,Solapur,Solapur,Onion,Red/Nasik,FAQ,2026-08-26,1876.01,2405.08,2109.75,71.2,snapshot,0,2026-10-06 20:03:59
Maharashtra,Nashik,Yeola,Onion,Red/Nasik,FAQ,2026-08-26,1755.34,2508.22,2139.02,362.6,snapshot,0,2026-10-06 20:03:59
Maharashtra,Pune,Khed(Chakan),Potato,Jyoti,FAQ,2026-08-26,1837.88,2272.08,2009.15,431.6,snapshot,0,2026-10-06 20:05:02
Maharashtra,Kolhapur,Kolhapur,Potato,Jyoti,FAQ,2026-08-26,1704.19,2173.28,1860.46,130.4,snapshot,0,2026-10-06 20:05:02
Maharashtra,Pune,Manchar,Potato,Jyoti,FAQ,2026-08-26,1742.16,2243.27,1966.25,433.0,snapshot,0,2026-10-06 20:05:02
Maharashtra,Mumbai,Mumbai,Potato,Jyoti,FAQ,2026-08-26,1792.48,2250.62,1963.05,42.6,snapshot,0,2026-10-06 20:05:02
Maharashtra,Pune,Narayangaon,Potato,Jyoti,FAQ,2026-08-26,1654.93,2124.32,1832.36,135.2,snapshot,0,2026-10-06 20:05:02
Maharashtra,Nashik,Nashik,Potato,Jyoti,FAQ,2026-08-26,1820.48,2394.65,2033.18,344.6,snapshot,0,2026-10-06 20:05:02
Maharashtra,Nashik,Pimpalgaon,Potato,Jyoti,FAQ,2026-08-26,1962.38,2400.66,2130.15,260.4,snapshot,0,2026-10-06 20:05:02
Maharashtra,Pune,Pune,Potato,Jyoti,FAQ,2026-08-26,1995.69,2557.66,2181.72,273.8,snapshot,0,2026-10-06 20:05:02
Maharashtra,Ahilyanagar,Ahmednagar,Red gram/Arhar/Tur(whole),White/Desi,FAQ,2026-08-26,10083.04,10962.92,10451.57,463.9,snapshot,0,2026-10-06 20:04:30
Maharashtra,Akola,Akola,Red gram/Arhar/Tur(whole),White/Desi,FAQ,2026-08-26,9983.34,10781.32,10351.22,146.1,snapshot,0,2026-10-06 20:04:30
Maharashtra,Amravati,Amravati,Red gram/Arhar/Tur(whole),White/Desi,FAQ,2026-08-26,9505.79,10618.31,9959.24,478.8,snapshot,0,2026-10-06 20:04:30
Maharashtra,Latur,Latur,Red gram/Arhar/Tur(whole),White/Desi,FAQ,2026-08-26,10267.58,11264.4,10587.47,368.3,snapshot,0,2026-10-06 20:04:30
Maharashtra,Solapur,Solapur,Red gram/Arhar/Tur(whole),White/Desi,FAQ,2026-08-26,10265.18,11343.3,10734.68,188.2,snapshot,0,2026-10-06 20:04:30
Maharashtra,Ahilyanagar,Ahmednagar,Soyabean,Yellow,FAQ,2026-08-26,4752.08,5010.77,4868.95,407.8,snapshot,0,2026-10-06 20:04:15
Maharashtra,Akola,Akola,Soyabean,Yellow,FAQ,2026-08-26,4501.98,4870.01,4653.78,94.4,snapshot,0,2026-10-06 20:04:15
Maharashtra,Amravati,Amravati,Soyabean,Yellow,FAQ,2026-08-26,4609.48,5035.46,4791.74,283.2,snapshot,0,2026-10-06 20:04:15
Maharashtra,Pune,Baramati,Soyabean,Yellow,FAQ,2026-08-26,4355.03,4709.43,4471.89,463.1,snapshot,0,2026-10-06 20:04:15
Maharashtra,Jalgaon,Jalgaon,Soyabean,Yellow,FAQ,2026-08-26,4394.39,4820.01,4584.92,56.2,snapshot,0,2026-10-06 20:04:15
Maharashtra,Latur,Latur,Soyabean,Yellow,FAQ,2026-08-26,4933.78,5224.79,5075.86,284.2,snapshot,0,2026-10-06 20:04:14
Maharashtra,Nagpur,Nagpur,Soyabean,Yellow,FAQ,2026-08-26,4496.65,4892.06,4660.04,450.7,snapshot,0,2026-10-06 20:04:15
Maharashtra,Pune,Pune,Soyabean,Yellow,FAQ,2026-08-26,4766.54,5095.74,4926.87,231.6,snapshot,0,2026-10-06 20:04:14
Maharashtra,Ahilyanagar,Rahata,Soyabean,Yellow,FAQ,2026-08-26,4609.46,4873.37,4722.02,374.3,snapshot,0,2026-10-06 20:04:15
Maharashtra,Ahilyanagar,Sangamner,Soyabean,Yellow,FAQ,2026-08-26,4479.18,4782.47,4605.67,246.5,snapshot,0,2026-10-06 20:04:15
Maharashtra,Solapur,Solapur,Soyabean,Yellow,FAQ,2026-08-26,4501.35,4921.43,4670.75,249.2,snapshot,0,2026-10-06 20:04:15
Maharashtra,Nashik,Yeola,Soyabean,Yellow,FAQ,2026-08-26,4683.65,5046.32,4808.1,126.4,snapshot,0,2026-10-06 20:04:15
Maharashtra,Pune,Baramati,Tomato,Hybrid,FAQ,2026-08-26,1565.97,2169.33,1880.5,266.0,snapshot,0,2026-10-06 20:03:43
Maharashtra,Pune,Khed(Chakan),Tomato,Hybrid,FAQ,2026-08-26,1665.5,2242.14,1850.42,375.8,snapshot,0,2026-10-06 20:03:43
Maharashtra,Kolhapur,Kolhapur,Tomato,Hybrid,FAQ,2026-08-26,1682.65,2211.15,1957.51,261.9,snapshot,0,2026-10-06 20:03:43
Maharashtra,Nashik,Lasalgaon,Tomato,Hybrid,FAQ,2026-08-26,1718.54,2369.21,2031.41,178.7,snapshot,0,2026-10-06 20:03:43
Maharashtra,Pune,Manchar,Tomato,Hybrid,FAQ,2026-08-26,1297.65,1996.25,1601.76,470.3,snapshot,0,2026-10-06 20:03:43
Maharashtra,Mumbai,Mumbai,Tomato,Hybrid,FAQ,2026-08-26,1468.87,2156.8,1710.46,231.4,snapshot,0,2026-10-06 20:03:43
Maharashtra,Nagpur,Nagpur,Tomato,Hybrid,FAQ,2026-08-26,1584.93,2195.19,1836.91,278.1,snapshot,0,2026-10-06 20:03:43
Maharashtra,Pune,Narayangaon,Tomato,Hybrid,FAQ,2026-08-26,1644.2,2301.92,1935.62,371.8,snapshot,0,2026-10-06 20:03:43
Maharashtra,Nashik,Nashik,Tomato,Hybrid,FAQ,2026-08-26,1915.5,2623.93,2177.52,136.5,snapshot,0,2026-10-06 20:03:43
Maharashtra,Nashik,Pimpalgaon,Tomato,Hybrid,FAQ,2026-08-26,1242.7,1841.86,1516.47,181.7,snapshot,0,2026-10-06 20:03:43
Maharashtra,Pune,Pune,Tomato,Hybrid,FAQ,2026-08-26,1727.19,2207.8,1912.82,347.7,snapshot,0,2026-10-06 20:03:43
Maharashtra,Ahilyanagar,Sangamner,Tomato,Hybrid,FAQ,2026-08-26,1470.81,2178.55,1755.17,156.6,snapshot,0,2026-10-06 20:03:43
Maharashtra,Ahilyanagar,Ahmednagar,Wheat,Lokwan,FAQ,2026-08-26,2614.4,2897.82,2719.43,406.5,snapshot,0,2026-10-06 20:05:18
Maharashtra,Akola,Akola,Wheat,Lokwan,FAQ,2026-08-26,2504.95,2776.32,2595.01,221.1,snapshot,0,2026-10-06 20:05:18
Maharashtra,Pune,Baramati,Wheat,Lokwan,FAQ,2026-08-26,2442.16,2825.36,2592.91,438.9,snapshot,0,2026-10-06 20:05:18
Maharashtra,Jalgaon,Jalgaon,Wheat,Lokwan,FAQ,2026-08-26,2596.61,2890.14,2713.75,343.7,snapshot,0,2026-10-06 20:05:18
Maharashtra,Kolhapur,Kolhapur,Wheat,Lokwan,FAQ,2026-08-26,2629.71,2858.14,2726.16,236.2,snapshot,0,2026-10-06 20:05:18
Maharashtra,Nashik,Lasalgaon,Wheat,Lokwan,FAQ,2026-08-26,2612.71,2901.77,2746.02,43.4,snapshot,0,2026-10-06 20:05:18
Maharashtra,Latur,Latur,Wheat,Lokwan,FAQ,2026-08-26,2647.39,2925.19,2776.11,209.2,snapshot,0,2026-10-06 20:05:18
Maharashtra,Mumbai,Mumbai,Wheat,Lokwan,FAQ,2026-08-26,2589.8,2931.76,2722.86,242.4,snapshot,0,2026-10-06 20:05:18
Maharashtra,Nagpur,Nagpur,Wheat,Lokwan,FAQ,2026-08-26,2695.45,2959.17,2786.16,103.1,snapshot,0,2026-10-06 20:05:18
Maharashtra,Nashik,Nashik,Wheat,Lokwan,FAQ,2026-08-26,2652.34,2899.63,2764.63,443.3,snapshot,0,2026-10-06 20:05:18
Maharashtra,Pune,Pune,Wheat,Lokwan,FAQ,2026-08-26,2570.44,2827.43,2663.24,346.1,snapshot,0,2026-10-06 20:05:18
Maharashtra,Ahilyanagar,Rahata,Wheat,Lokwan,FAQ,2026-08-26,2628.59,3006.23,2775.42,65.7,snapshot,0,2026-10-06 20:05:18
Maharashtra,Solapur,Solapur,Wheat,Lokwan,FAQ,2026-08-26,2748.33,3050.23,2838.24,43.9,snapshot,0,2026-10-06 20:05:18
Maharashtra,Nashik,Yeola,Wheat,Lokwan,FAQ,2026-08-26,2660.56,2983.89,2791.33,229.2,snapshot,0,2026-10-06 20:05:18
Maharashtra,Akola,Akola,Cotton,Medium Staple,FAQ,2026-08-25,7114.98,7708.9,7381.97,87.7,snapshot,0,2026-10-06 20:04:46
Maharashtra,Amravati,Amravati,Cotton,Medium Staple,FAQ,2026-08-25,7101.72,7715.57,7290.17,346.5,snapshot,0,2026-10-06 20:04:46
Maharashtra,Jalgaon,Jalgaon,Cotton,Medium Staple,FAQ,2026-08-25,6945.01,7523.32,7180.21,466.5,snapshot,0,2026-10-06 20:04:46
Maharashtra,Nagpur,Nagpur,Cotton,Medium Staple,FAQ,2026-08-25,6975.41,7630.89,7262.75,50.8,snapshot,0,2026-10-06 20:04:46
Maharashtra,Ahilyanagar,Ahmednagar,Onion,Red/Nasik,FAQ,2026-08-25,1761.56,2516.26,2105.06,259.0,snapshot,0,2026-10-06 20:03:59
Maharashtra,Pune,Baramati,Onion,Red/Nasik,FAQ,2026-08-25,2117.45,2804.76,2406.75,467.1,snapshot,0,2026-10-06 20:03:59
Maharashtra,Jalgaon,Jalgaon,Onion,Red/Nasik,FAQ,2026-08-25,2003.84,2741.91,2354.25,107.4,snapshot,0,2026-10-06 20:03:59
Maharashtra,Pune,Khed(Chakan),Onion,Red/Nasik,FAQ,2026-08-25,1911.11,2628.28,2295.27,300.2,snapshot,0,2026-10-06 20:03:59
Maharashtra,Kolhapur,Kolhapur,Onion,Red/Nasik,FAQ,2026-08-25,2090.67,2776.7,2371.09,78.2,snapshot,0,2026-10-06 20:03:59
Maharashtra,Nashik,Lasalgaon,Onion,Red/Nasik,FAQ,2026-08-25,2300.96,2984.52,2533.84,99.5,snapshot,0,2026-10-06 20:03:59
Maharashtra,Pune,Manchar,Onion,Red/Nasik,FAQ,2026-08-25,1976.84,2524.18,2194.55,457.6,snapshot,0,2026-10-06 20:03:59
Maharashtra,Mumbai,Mumbai,Onion,Red/Nasik,FAQ,2026-08-25,1971.65,2811.66,2356.0,208.1,snapshot,0,2026-10-06 20:03:59
Maharashtra,Pune,Narayangaon,Onion,Red/Nasik,FAQ,2026-08-25,1813.75,2478.42,2176.23,373.3,snapshot,0,2026-10-06 20:03:59
Maharashtra,Nashik,Nashik,Onion,Red/Nasik,FAQ,2026-08-25,1894.59,2564.98,2148.12,85.6,snapshot,0,2026-10-06 20:03:59
Maharashtra,Nashik,Pimpalgaon,Onion,Red/Nasik,FAQ,2026-08-25,2318.51,2996.02,2671.65,413.9,snapshot,0,2026-10-06 20:03:59
Maharashtra,Pune,Pune,Onion,Red/Nasik,FAQ,2026-08-25,1790.82,2573.61,2076.45,308.7,snapshot,0,2026-10-06 20:03:59
Maharashtra,Ahilyanagar,Rahata,Onion,Red/Nasik,FAQ,2026-08-25,1955.94,2727.56,2244.09,178.3,snapshot,0,2026-10-06 20:03:59
Maharashtra,Ahilyanagar,Sangamner,Onion,Red/Nasik,FAQ,2026-08-25,1816.4,2664.66,2174.97,379.7,snapshot,0,2026-10-06 20:03:59
Maharashtra,Solapur,Solapur,Onion,Red/Nasik,FAQ,2026-08-25,1757.57,2419.97,2126.56,369.9,snapshot,0,2026-10-06 20:03:59
Maharashtra,Nashik,Yeola,Onion,Red/Nasik,FAQ,2026-08-25,1693.93,2401.23,2030.64,52.1,snapshot,0,2026-10-06 20:03:59
Maharashtra,Pune,Khed(Chakan),Potato,Jyoti,FAQ,2026-08-25,1783.72,2312.43,1960.57,192.4,snapshot,0,2026-10-06 20:05:02
Maharashtra,Kolhapur,Kolhapur,Potato,Jyoti,FAQ,2026-08-25,1720.6,2259.76,1888.97,230.5,snapshot,0,2026-10-06 20:05:02
Maharashtra,Pune,Manchar,Potato,Jyoti,FAQ,2026-08-25,1775.16,2258.85,1959.07,136.8,snapshot,0,2026-10-06 20:05:02
Maharashtra,Mumbai,Mumbai,Potato,Jyoti,FAQ,2026-08-25,1797.12,2224.32,1996.34,484.4,snapshot,0,2026-10-06 20:05:02
Maharashtra,Pune,Narayangaon,Potato,Jyoti,FAQ,2026-08-25,1624.83,2158.08,1778.76,105.2,snapshot,0,2026-10-06 20:05:02
Maharashtra,Nashik,Nashik,Potato,Jyoti,FAQ,2026-08-25,1754.16,2206.51,1992.72,484.7,snapshot,0,2026-10-06 20:05:02
Maharashtra,Nashik,Pimpalgaon,Potato,Jyoti,FAQ,2026-08-25,1941.15,2395.19,2130.03,331.3,snapshot,0,2026-10-06 20:05:02
Maharashtra,Pune,Pune,Potato,Jyoti,FAQ,2026-08-25,1870.82,2382.32,2128.45,293.6,snapshot,0,2026-10-06 20:05:02
Maharashtra,Ahilyanagar,Ahmednagar,Red gram/Arhar/Tur(whole),White/Desi,FAQ,2026-08-25,10128.05,10941.14,10409.4,83.3,snapshot,0,2026-10-06 20:04:30
Maharashtra,Akola,Akola,Red gram/Arhar/Tur(whole),White/Desi,FAQ,2026-08-25,9816.59,10994.96,10319.97,311.3,snapshot,0,2026-10-06 20:04:30
Maharashtra,Amravati,Amravati,Red gram/Arhar/Tur(whole),White/Desi,FAQ,2026-08-25,9581.3,10465.4,9898.3,420.3,snapshot,0,2026-10-06 20:04:30
Maharashtra,Latur,Latur,Red gram/Arhar/Tur(whole),White/Desi,FAQ,2026-08-25,10178.42,11134.49,10558.03,361.9,snapshot,0,2026-10-06 20:04:30
Maharashtra,Solapur,Solapur,Red gram/Arhar/Tur(whole),White/Desi,FAQ,2026-08-25,10320.42,11403.08,10665.63,266.1,snapshot,0,2026-10-06 20:04:30
Maharashtra,Ahilyanagar,Ahmednagar,Soyabean,Yellow,FAQ,2026-08-25,4740.44,5109.24,4879.76,465.3,snapshot,0,2026-10-06 20:04:14
Maharashtra,Akola,Akola,Soyabean,Yellow,FAQ,2026-08-25,4545.83,4903.14,4698.35,296.7,snapshot,0,2026-10-06 20:04:15
Maharashtra,Amravati,Amravati,Soyabean,Yellow,FAQ,2026-08-25,4662.76,5006.15,4778.09,252.3,snapshot,0,2026-10-06 20:04:15
Maharashtra,Pune,Baramati,Soyabean,Yellow,FAQ,2026-08-25,4314.01,4737.33,4506.64,254.2,snapshot,0,2026-10-06 20:04:15
Maharashtra,Jalgaon,Jalgaon,Soyabean,Yellow,FAQ,2026-08-25,4331.04,4715.98,4498.78,90.2,snapshot,0,2026-10-06 20:04:15
Maharashtra,Latur,Latur,Soyabean,Yellow,FAQ,2026-08-25,4926.02,5223.54,5065.18,196.4,snapshot,0,2026-10-06 20:04:14
Maharashtra,Nagpur,Nagpur,Soyabean,Yellow,FAQ,2026-08-25,4533.11,4928.38,4670.87,479.3,snapshot,0,2026-10-06 20:04:15
Maharashtra,Pune,Pune,Soyabean,Yellow,FAQ,2026-08-25,4807.87,5091.87,4934.64,237.4,snapshot,0,2026-10-06 20:04:14
Maharashtra,Ahilyanagar,Rahata,Soyabean,Yellow,FAQ,2026-08-25,4636.24,4973.18,4744.54,154.4,snapshot,0,2026-10-06 20:04:15
Maharashtra,Ahilyanagar,Sangamner,Soyabean,Yellow,FAQ,2026-08-25,4461.54,4859.3,4610.6,63.9,snapshot,0,2026-10-06 20:04:15
Maharashtra,Solapur,Solapur,Soyabean,Yellow,FAQ,2026-08-25,4538.76,4842.66,4692.7,373.2,snapshot,0,2026-10-06 20:04:15
Maharashtra,Nashik,Yeola,Soyabean,Yellow,FAQ,2026-08-25,4605.01,4944.7,4797.47,46.0,snapshot,0,2026-10-06 20:04:15
Maharashtra,Pune,Baramati,Tomato,Hybrid,FAQ,2026-08-25,1720.22,2322.42,1950.17,72.6,snapshot,0,2026-10-06 20:03:43
Maharashtra,Pune,Khed(Chakan),Tomato,Hybrid,FAQ,2026-08-25,1598.25,2288.64,1868.39,353.3,snapshot,0,2026-10-06 20:03:43
Maharashtra,Kolhapur,Kolhapur,Tomato,Hybrid,FAQ,2026-08-25,1659.34,2331.29,1965.93,127.4,snapshot,0,2026-10-06 20:03:43
Maharashtra,Nashik,Lasalgaon,Tomato,Hybrid,FAQ,2026-08-25,1724.15,2284.96,2026.3,98.7,snapshot,0,2026-10-06 20:03:43
Maharashtra,Pune,Manchar,Tomato,Hybrid,FAQ,2026-08-25,1237.01,1832.04,1524.27,362.7,snapshot,0,2026-10-06 20:03:43
Maharashtra,Mumbai,Mumbai,Tomato,Hybrid,FAQ,2026-08-25,1494.83,1971.74,1669.84,238.4,snapshot,0,2026-10-06 20:03:43
Maharashtra,Nagpur,Nagpur,Tomato,Hybrid,FAQ,2026-08-25,1561.33,2172.48,1742.71,133.7,snapshot,0,2026-10-06 20:03:43
Maharashtra,Pune,Narayangaon,Tomato,Hybrid,FAQ,2026-08-25,1714.68,2408.95,1960.87,400.1,snapshot,0,2026-10-06 20:03:43
Maharashtra,Nashik,Nashik,Tomato,Hybrid,FAQ,2026-08-25,2012.14,2549.65,2204.17,472.0,snapshot,0,2026-10-06 20:03:43
Maharashtra,Nashik,Pimpalgaon,Tomato,Hybrid,FAQ,2026-08-25,1211.7,1733.1,1424.63,485.1,snapshot,0,2026-10-06 20:03:43
Maharashtra,Pune,Pune,Tomato,Hybrid,FAQ,2026-08-25,1661.8,2306.28,1871.14,435.4,snapshot,0,2026-10-06 20:03:43
Maharashtra,Ahilyanagar,Sangamner,Tomato,Hybrid,FAQ,2026-08-25,1532.77,2160.93,1722.59,408.9,snapshot,0,2026-10-06 20:03:43
Maharashtra,Ahilyanagar,Ahmednagar,Wheat,Lokwan,FAQ,2026-08-25,2618.63,2874.0,2715.59,146.7,snapshot,0,2026-10-06 20:05:18
Maharashtra,Akola,Akola,Wheat,Lokwan,FAQ,2026-08-25,2534.33,2847.57,2645.92,467.7,snapshot,0,2026-10-06 20:05:18
Maharashtra,Pune,Baramati,Wheat,Lokwan,FAQ,2026-08-25,2410.66,2773.65,2565.81,70.4,snapshot,0,2026-10-06 20:05:18
Maharashtra,Jalgaon,Jalgaon,Wheat,Lokwan,FAQ,2026-08-25,2608.4,2901.07,2700.9,362.2,snapshot,0,2026-10-06 20:05:18
Maharashtra,Kolhapur,Kolhapur,Wheat,Lokwan,FAQ,2026-08-25,2677.95,2899.61,2770.19,253.7,snapshot,0,2026-10-06 20:05:18
Maharashtra,Nashik,Lasalgaon,Wheat,Lokwan,FAQ,2026-08-25,2586.43,2927.5,2738.05,271.1,snapshot,0,2026-10-06 20:05:18
Maharashtra,Latur,Latur,Wheat,Lokwan,FAQ,2026-08-25,2639.89,2946.95,2776.07,41.4,snapshot,0,2026-10-06 20:05:18
Maharashtra,Mumbai,Mumbai,Wheat,Lokwan,FAQ,2026-08-25,2673.53,2926.3,2764.74,330.8,snapshot,0,2026-10-06 20:05:18
Maharashtra,Nagpur,Nagpur,Wheat,Lokwan,FAQ,2026-08-25,2637.02,2981.13,2788.47,170.2,snapshot,0,2026-10-06 20:05:18
Maharashtra,Nashik,Nashik,Wheat,Lokwan,FAQ,2026-08-25,2633.52,2910.54,2765.15,123.8,snapshot,0,2026-10-06 20:05:18
Maharashtra,Pune,Pune,Wheat,Lokwan,FAQ,2026-08-25,2567.18,2880.06,2693.41,191.6,snapshot,0,2026-10-06 20:05:18
Maharashtra,Ahilyanagar,Rahata,Wheat,Lokwan,FAQ,2026-08-25,2645.88,2953.47,2769.72,381.0,snapshot,0,2026-10-06 20:05:18
Maharashtra,Solapur,Solapur,Wheat,Lokwan,FAQ,2026-08-25,2721.47,2995.72,2829.02,78.1,snapshot,0,2026-10-06 20:05:18
Maharashtra,Nashik,Yeola,Wheat,Lokwan,FAQ,2026-08-25,2663.99,3032.7,2819.66,87.8,snapshot,0,2026-10-06 20:05:18
Maharashtra,Akola,Akola,Cotton,Medium Staple,FAQ,2026-08-24,7164.8,7862.73,7472.0,258.0,snapshot,0,2026-10-06 20:04:46
Maharashtra,Amravati,Amravati,Cotton,Medium Staple,FAQ,2026-08-24,7105.24,7760.76,7313.58,351.8,snapshot,0,2026-10-06 20:04:46
Maharashtra,Jalgaon,Jalgaon,Cotton,Medium Staple,FAQ,2026-08-24,6816.4,7451.26,7131.11,468.1,snapshot,0,2026-10-06 20:04:46
Maharashtra,Nagpur,Nagpur,Cotton,Medium Staple,FAQ,2026-08-24,7042.35,7609.07,7300.29,489.5,snapshot,0,2026-10-06 20:04:46
Maharashtra,Ahilyanagar,Ahmednagar,Onion,Red/Nasik,FAQ,2026-08-24,1789.55,2438.42,2114.07,416.5,snapshot,0,2026-10-06 20:03:59
Maharashtra,Pune,Baramati,Onion,Red/Nasik,FAQ,2026-08-24,2097.48,2736.22,2376.38,67.6,snapshot,0,2026-10-06 20:03:59
Maharashtra,Jalgaon,Jalgaon,Onion,Red/Nasik,FAQ,2026-08-24,2117.95,2911.35,2451.13,302.9,snapshot,0,2026-10-06 20:03:59
Maharashtra,Pune,Khed(Chakan),Onion,Red/Nasik,FAQ,2026-08-24,1997.26,2897.87,2386.23,54.9,snapshot,0,2026-10-06 20:03:59
Maharashtra,Kolhapur,Kolhapur,Onion,Red/Nasik,FAQ,2026-08-24,1974.18,2656.71,2327.24,268.3,snapshot,0,2026-10-06 20:03:59
Maharashtra,Nashik,Lasalgaon,Onion,Red/Nasik,FAQ,2026-08-24,2153.31,2928.39,2530.9,487.7,snapshot,0,2026-10-06 20:03:59
Maharashtra,Pune,Manchar,Onion,Red/Nasik,FAQ,2026-08-24,1868.82,2475.92,2143.4,264.3,snapshot,0,2026-10-06 20:03:59
Maharashtra,Mumbai,Mumbai,Onion,Red/Nasik,FAQ,2026-08-24,2110.66,2723.15,2364.81,243.5,snapshot,0,2026-10-06 20:03:59
Maharashtra,Pune,Narayangaon,Onion,Red/Nasik,FAQ,2026-08-24,2007.47,2579.9,2241.61,133.5,snapshot,0,2026-10-06 20:03:59
Maharashtra,Nashik,Nashik,Onion,Red/Nasik,FAQ,2026-08-24,1843.82,2588.08,2224.6,113.9,snapshot,0,2026-10-06 20:03:59
Maharashtra,Nashik,Pimpalgaon,Onion,Red/Nasik,FAQ,2026-08-24,2293.84,2999.04,2581.9,85.7,snapshot,0,2026-10-06 20:03:59
Maharashtra,Pune,Pune,Onion,Red/Nasik,FAQ,2026-08-24,1877.74,2477.12,2099.3,289.6,snapshot,0,2026-10-06 20:03:59
Maharashtra,Ahilyanagar,Rahata,Onion,Red/Nasik,FAQ,2026-08-24,1866.26,2634.12,2148.32,203.2,snapshot,0,2026-10-06 20:03:59
Maharashtra,Ahilyanagar,Sangamner,Onion,Red/Nasik,FAQ,2026-08-24,1933.58,2504.79,2152.08,126.6,snapshot,0,2026-10-06 20:03:59
Maharashtra,Solapur,Solapur,Onion,Red/Nasik,FAQ,2026-08-24,1818.94,2467.72,2179.43,170.1,snapshot,0,2026-10-06 20:03:59
Maharashtra,Nashik,Yeola,Onion,Red/Nasik,FAQ,2026-08-24,1678.2,2410.53,1931.85,65.7,snapshot,0,2026-10-06 20:03:59
Maharashtra,Pune,Khed(Chakan),Potato,Jyoti,FAQ,2026-08-24,1773.25,2265.23,1994.82,81.1,snapshot,0,2026-10-06 20:05:02
Maharashtra,Kolhapur,Kolhapur,Potato,Jyoti,FAQ,2026-08-24,1684.1,2173.47,1936.21,56.2,snapshot,0,2026-10-06 20:05:02
Maharashtra,Pune,Manchar,Potato,Jyoti,FAQ,2026-08-24,1839.39,2319.29,2010.55,149.1,snapshot,0,2026-10-06 20:05:02
Maharashtra,Mumbai,Mumbai,Potato,Jyoti,FAQ,2026-08-24,1745.11,2376.78,1996.32,188.3,snapshot,0,2026-10-06 20:05:02
Maharashtra,Pune,Narayangaon,Potato,Jyoti,FAQ,2026-08-24,1669.65,2065.47,1851.05,88.1,snapshot,0,2026-10-06 20:05:02
Maharashtra,Nashik,Nashik,Potato,Jyoti,FAQ,2026-08-24,1776.93,2400.83,2032.53,471.0,snapshot,0,2026-10-06 20:05:02
Maharashtra,Nashik,Pimpalgaon,Potato,Jyoti,FAQ,2026-08-24,1874.83,2413.05,2126.32,323.6,snapshot,0,2026-10-06 20:05:02
Maharashtra,Pune,Pune,Potato,Jyoti,FAQ,2026-08-24,1951.97,2490.77,2151.78,274.1,snapshot,0,2026-10-06 20:05:02
Maharashtra,Ahilyanagar,Ahmednagar,Red gram/Arhar/Tur(whole),White/Desi,FAQ,2026-08-24,10191.43,11203.54,10514.39,44.9,snapshot,0,2026-10-06 20:04:30
Maharashtra,Akola,Akola,Red gram/Arhar/Tur(whole),White/Desi,FAQ,2026-08-24,9967.32,11104.43,10430.92,428.5,snapshot,0,2026-10-06 20:04:30
Maharashtra,Amravati,Amravati,Red gram/Arhar/Tur(whole),White/Desi,FAQ,2026-08-24,9567.66,10580.73,10015.93,240.5,snapshot,0,2026-10-06 20:04:30
Maharashtra,Latur,Latur,Red gram/Arhar/Tur(whole),White/Desi,FAQ,2026-08-24,10055.35,11108.98,10537.65,79.0,snapshot,0,2026-10-06 20:04:30
Maharashtra,Solapur,Solapur,Red gram/Arhar/Tur(whole),White/Desi,FAQ,2026-08-24,10302.72,11318.53,10760.12,322.9,snapshot,0,2026-10-06 20:04:30
Maharashtra,Ahilyanagar,Ahmednagar,Soyabean,Yellow,FAQ,2026-08-24,4766.35,5121.78,4913.07,301.4,snapshot,0,2026-10-06 20:04:14
Maharashtra,Akola,Akola,Soyabean,Yellow,FAQ,2026-08-24,4601.02,4971.71,4757.09,113.3,snapshot,0,2026-10-06 20:04:15
Maharashtra,Amravati,Amravati,Soyabean,Yellow,FAQ,2026-08-24,4616.66,4952.7,4795.73,379.2,snapshot,0,2026-10-06 20:04:15
Maharashtra,Pune,Baramati,Soyabean,Yellow,FAQ,2026-08-24,4389.2,4760.41,4522.32,367.9,snapshot,0,2026-10-06 20:04:15
Maharashtra,Jalgaon,Jalgaon,Soyabean,Yellow,FAQ,2026-08-24,4315.66,4642.8,4497.3,481.5,snapshot,0,2026-10-06 20:04:15
Maharashtra,Latur,Latur,Soyabean,Yellow,FAQ,2026-08-24,4947.44,5233.4,5057.38,483.5,snapshot,0,2026-10-06 20:04:14
Maharashtra,Nagpur,Nagpur,Soyabean,Yellow,FAQ,2026-08-24,4463.72,4829.44,4642.83,42.0,snapshot,0,2026-10-06 20:04:15
Maharashtra,Pune,Pune,Soyabean,Yellow,FAQ,2026-08-24,4782.65,5146.25,4897.63,314.5,snapshot,0,2026-10-06 20:04:14
Maharashtra,Ahilyanagar,Rahata,Soyabean,Yellow,FAQ,2026-08-24,4671.88,4957.42,4778.46,332.6,snapshot,0,2026-10-06 20:04:15
Maharashtra,Ahilyanagar,Sangamner,Soyabean,Yellow,FAQ,2026-08-24,4515.11,4859.76,4696.72,168.9,snapshot,0,2026-10-06 20:04:15
Maharashtra,Solapur,Solapur,Soyabean,Yellow,FAQ,2026-08-24,4542.02,4794.12,4649.48,264.2,snapshot,0,2026-10-06 20:04:15
Maharashtra,Nashik,Yeola,Soyabean,Yellow,FAQ,2026-08-24,4614.4,5017.1,4797.96,378.2,snapshot,0,2026-10-06 20:04:15
Maharashtra,Pune,Baramati,Tomato,Hybrid,FAQ,2026-08-24,1680.82,2364.42,1981.26,281.9,snapshot,0,2026-10-06 20:03:43
Maharashtra,Pune,Khed(Chakan),Tomato,Hybrid,FAQ,2026-08-24,1698.25,2237.62,1949.95,411.7,snapshot,0,2026-10-06 20:03:43
Maharashtra,Kolhapur,Kolhapur,Tomato,Hybrid,FAQ,2026-08-24,1716.48,2269.74,1971.68,279.2,snapshot,0,2026-10-06 20:03:43
Maharashtra,Nashik,Lasalgaon,Tomato,Hybrid,FAQ,2026-08-24,1702.85,2227.65,1964.69,67.9,snapshot,0,2026-10-06 20:03:43
Maharashtra,Pune,Manchar,Tomato,Hybrid,FAQ,2026-08-24,1301.77,1962.44,1622.34,101.4,snapshot,0,2026-10-06 20:03:43
Maharashtra,Mumbai,Mumbai,Tomato,Hybrid,FAQ,2026-08-24,1542.7,2216.01,1761.79,166.5,snapshot,0,2026-10-06 20:03:43
Maharashtra,Nagpur,Nagpur,Tomato,Hybrid,FAQ,2026-08-24,1484.0,1932.59,1676.17,315.6,snapshot,0,2026-10-06 20:03:43
Maharashtra,Pune,Narayangaon,Tomato,Hybrid,FAQ,2026-08-24,1714.2,2389.08,1976.76,373.6,snapshot,0,2026-10-06 20:03:43
Maharashtra,Nashik,Nashik,Tomato,Hybrid,FAQ,2026-08-24,1978.11,2557.12,2163.16,134.2,snapshot,0,2026-10-06 20:03:43
Maharashtra,Nashik,Pimpalgaon,Tomato,Hybrid,FAQ,2026-08-24,1231.82,1895.86,1541.97,126.9,snapshot,0,2026-10-06 20:03:43
Maharashtra,Pune,Pune,Tomato,Hybrid,FAQ,2026-08-24,1508.03,2064.6,1771.28,141.3,snapshot,0,2026-10-06 20:03:43
Maharashtra,Ahilyanagar,Sangamner,Tomato,Hybrid,FAQ,2026-08-24,1242.59,1768.33,1517.95,300.8,snapshot,0,2026-10-06 20:03:43
Maharashtra,Ahilyanagar,Ahmednagar,Wheat,Lokwan,FAQ,2026-08-24,2642.28,2942.72,2753.66,333.3,snapshot,0,2026-10-06 20:05:18
Maharashtra,Akola,Akola,Wheat,Lokwan,FAQ,2026-08-24,2498.45,2867.03,2643.03,251.8,snapshot,0,2026-10-06 20:05:18
Maharashtra,Pune,Baramati,Wheat,Lokwan,FAQ,2026-08-24,2457.78,2724.45,2596.83,164.1,snapshot,0,2026-10-06 20:05:18
Maharashtra,Jalgaon,Jalgaon,Wheat,Lokwan,FAQ,2026-08-24,2597.17,2822.85,2691.62,109.4,snapshot,0,2026-10-06 20:05:18
Maharashtra,Kolhapur,Kolhapur,Wheat,Lokwan,FAQ,2026-08-24,2642.56,2960.09,2796.73,48.2,snapshot,0,2026-10-06 20:05:18
Maharashtra,Nashik,Lasalgaon,Wheat,Lokwan,FAQ,2026-08-24,2671.86,2943.35,2770.67,366.4,snapshot,0,2026-10-06 20:05:18
Maharashtra,Latur,Latur,Wheat,Lokwan,FAQ,2026-08-24,2626.51,2915.61,2761.11,170.5,snapshot,0,2026-10-06 20:05:18
Maharashtra,Mumbai,Mumbai,Wheat,Lokwan,FAQ,2026-08-24,2655.69,3001.67,2792.95,426.3,snapshot,0,2026-10-06 20:05:18
Maharashtra,Nagpur,Nagpur,Wheat,Lokwan,FAQ,2026-08-24,2697.85,3016.32,2796.65,131.2,snapshot,0,2026-10-06 20:05:18
Maharashtra,Nashik,Nashik,Wheat,Lokwan,FAQ,2026-08-24,2676.12,2931.88,2778.36,77.6,snapshot,0,2026-10-06 20:05:18
Maharashtra,Pune,Pune,Wheat,Lokwan,FAQ,2026-08-24,2590.71,2817.85,2681.42,379.8,snapshot,0,2026-10-06 20:05:18
Maharashtra,Ahilyanagar,Rahata,Wheat,Lokwan,FAQ,2026-08-24,2645.21,2946.08,2777.04,85.5,snapshot,0,2026-10-06 20:05:18
Maharashtra,Solapur,Solapur,Wheat,Lokwan,FAQ,2026-08-24,2679.6,2981.7,2824.76,320.9,snapshot,0,2026-10-06 20:05:18
Maharashtra,Nashik,Yeola,Wheat,Lokwan,FAQ,2026-08-24,2664.19,2936.28,2779.69,325.4,snapshot,0,2026-10-06 20:05:18
Maharashtra,Akola,Akola,Cotton,Medium Staple,FAQ,2026-08-22,7113.03,7845.14,7432.52,237.0,snapshot,0,2026-10-06 20:04:46
Maharashtra,Amravati,Amravati,Cotton,Medium Staple,FAQ,2026-08-22,7015.37,7732.04,7287.09,491.0,snapshot,0,2026-10-06 20:04:46
Maharashtra,Jalgaon,Jalgaon,Cotton,Medium Staple,FAQ,2026-08-22,6885.36,7392.17,7128.44,101.0,snapshot,0,2026-10-06 20:04:46
Maharashtra,Nagpur,Nagpur,Cotton,Medium Staple,FAQ,2026-08-22,7042.42,7548.14,7267.09,437.0,snapshot,0,2026-10-06 20:04:46
Maharashtra,Ahilyanagar,Ahmednagar,Onion,Red/Nasik,FAQ,2026-08-22,1812.84,2605.64,2177.52,238.9,snapshot,0,2026-10-06 20:03:59
Maharashtra,Pune,Baramati,Onion,Red/Nasik,FAQ,2026-08-22,2191.09,2728.0,2430.24,397.5,snapshot,0,2026-10-06 20:03:59
Maharashtra,Pune,Khed(Chakan),Onion,Red/Nasik,FAQ,2026-08-22,1945.3,2833.77,2326.08,220.1,snapshot,0,2026-10-06 20:03:59
Maharashtra,Kolhapur,Kolhapur,Onion,Red/Nasik,FAQ,2026-08-22,1819.38,2670.57,2195.96,403.4,snapshot,0,2026-10-06 20:03:59
Maharashtra,Nashik,Lasalgaon,Onion,Red/Nasik,FAQ,2026-08-22,2215.87,2897.28,2515.66,242.4,snapshot,0,2026-10-06 20:03:59
Maharashtra,Pune,Manchar,Onion,Red/Nasik,FAQ,2026-08-22,1776.49,2617.3,2160.68,262.4,snapshot,0,2026-10-06 20:03:59
Maharashtra,Mumbai,Mumbai,Onion,Red/Nasik,FAQ,2026-08-22,2125.99,2700.56,2359.2,74.5,snapshot,0,2026-10-06 20:03:59
Maharashtra,Pune,Narayangaon,Onion,Red/Nasik,FAQ,2026-08-22,2037.0,2860.5,2348.23,296.4,snapshot,0,2026-10-06 20:03:59
Maharashtra,Nashik,Nashik,Onion,Red/Nasik,FAQ,2026-08-22,1948.83,2658.18,2175.17,473.2,snapshot,0,2026-10-06 20:03:59
Maharashtra,Nashik,Pimpalgaon,Onion,Red/Nasik,FAQ,2026-08-22,2444.55,3083.36,2687.15,336.5,snapshot,0,2026-10-06 20:03:59
Maharashtra,Pune,Pune,Onion,Red/Nasik,FAQ,2026-08-22,1847.96,2546.14,2099.59,365.0,snapshot,0,2026-10-06 20:03:59
Maharashtra,Ahilyanagar,Rahata,Onion,Red/Nasik,FAQ,2026-08-22,1824.03,2398.02,2116.28,409.6,snapshot,0,2026-10-06 20:03:59
Maharashtra,Ahilyanagar,Sangamner,Onion,Red/Nasik,FAQ,2026-08-22,1858.06,2640.85,2183.43,285.8,snapshot,0,2026-10-06 20:03:59
Maharashtra,Solapur,Solapur,Onion,Red/Nasik,FAQ,2026-08-22,1869.17,2570.44,2195.51,190.2,snapshot,0,2026-10-06 20:03:59
Maharashtra,Nashik,Yeola,Onion,Red/Nasik,FAQ,2026-08-22,1523.29,2400.13,1886.89,460.0,snapshot,0,2026-10-06 20:03:59
Maharashtra,Pune,Khed(Chakan),Potato,Jyoti,FAQ,2026-08-22,1735.97,2320.3,1972.97,124.2,snapshot,0,2026-10-06 20:05:02
Maharashtra,Kolhapur,Kolhapur,Potato,Jyoti,FAQ,2026-08-22,1741.64,2264.56,1929.56,118.1,snapshot,0,2026-10-06 20:05:02
Maharashtra,Pune,Manchar,Potato,Jyoti,FAQ,2026-08-22,1803.19,2281.49,2012.91,321.9,snapshot,0,2026-10-06 20:05:02
Maharashtra,Mumbai,Mumbai,Potato,Jyoti,FAQ,2026-08-22,1863.51,2312.27,2052.27,269.7,snapshot,0,2026-10-06 20:05:02
Maharashtra,Pune,Narayangaon,Potato,Jyoti,FAQ,2026-08-22,1600.9,2149.53,1833.58,270.2,snapshot,0,2026-10-06 20:05:02
Maharashtra,Nashik,Nashik,Potato,Jyoti,FAQ,2026-08-22,1794.75,2259.01,1972.73,354.1,snapshot,0,2026-10-06 20:05:02
Maharashtra,Nashik,Pimpalgaon,Potato,Jyoti,FAQ,2026-08-22,1996.45,2369.24,2152.33,495.6,snapshot,0,2026-10-06 20:05:02
Maharashtra,Pune,Pune,Potato,Jyoti,FAQ,2026-08-22,1974.67,2401.18,2170.04,422.8,snapshot,0,2026-10-06 20:05:02
Maharashtra,Ahilyanagar,Ahmednagar,Red gram/Arhar/Tur(whole),White/Desi,FAQ,2026-08-22,9878.99,11156.68,10398.49,215.9,snapshot,0,2026-10-06 20:04:30
Maharashtra,Akola,Akola,Red gram/Arhar/Tur(whole),White/Desi,FAQ,2026-08-22,10099.44,11211.35,10447.24,266.5,snapshot,0,2026-10-06 20:04:30
Maharashtra,Amravati,Amravati,Red gram/Arhar/Tur(whole),White/Desi,FAQ,2026-08-22,9742.22,10593.0,10058.61,388.4,snapshot,0,2026-10-06 20:04:30
Maharashtra,Latur,Latur,Red gram/Arhar/Tur(whole),White/Desi,FAQ,2026-08-22,10137.67,10891.45,10458.8,120.5,snapshot,0,2026-10-06 20:04:30
Maharashtra,Solapur,Solapur,Red gram/Arhar/Tur(whole),White/Desi,FAQ,2026-08-22,10431.18,11407.33,10730.86,243.6,snapshot,0,2026-10-06 20:04:30
Maharashtra,Ahilyanagar,Ahmednagar,Soyabean,Yellow,FAQ,2026-08-22,4713.7,5122.74,4879.72,471.5,snapshot,0,2026-10-06 20:04:14
Maharashtra,Akola,Akola,Soyabean,Yellow,FAQ,2026-08-22,4607.04,4895.42,4738.52,285.8,snapshot,0,2026-10-06 20:04:15
Maharashtra,Amravati,Amravati,Soyabean,Yellow,FAQ,2026-08-22,4590.67,4922.33,4709.02,300.6,snapshot,0,2026-10-06 20:04:15
Maharashtra,Pune,Baramati,Soyabean,Yellow,FAQ,2026-08-22,4365.81,4769.99,4546.07,323.5,snapshot,0,2026-10-06 20:04:15
Maharashtra,Jalgaon,Jalgaon,Soyabean,Yellow,FAQ,2026-08-22,4323.17,4643.96,4475.38,236.1,snapshot,0,2026-10-06 20:04:15
Maharashtra,Latur,Latur,Soyabean,Yellow,FAQ,2026-08-22,4858.18,5212.38,5037.17,435.0,snapshot,0,2026-10-06 20:04:14
Maharashtra,Nagpur,Nagpur,Soyabean,Yellow,FAQ,2026-08-22,4439.71,4851.58,4610.93,451.5,snapshot,0,2026-10-06 20:04:15
Maharashtra,Pune,Pune,Soyabean,Yellow,FAQ,2026-08-22,4753.81,5131.86,4896.59,250.3,snapshot,0,2026-10-06 20:04:14
Maharashtra,Ahilyanagar,Rahata,Soyabean,Yellow,FAQ,2026-08-22,4553.07,4868.37,4706.92,204.2,snapshot,0,2026-10-06 20:04:15
Maharashtra,Ahilyanagar,Sangamner,Soyabean,Yellow,FAQ,2026-08-22,4516.44,4891.76,4701.63,117.8,snapshot,0,2026-10-06 20:04:15
Maharashtra,Solapur,Solapur,Soyabean,Yellow,FAQ,2026-08-22,4561.36,4954.51,4697.95,265.5,snapshot,0,2026-10-06 20:04:15
Maharashtra,Nashik,Yeola,Soyabean,Yellow,FAQ,2026-08-22,4638.88,4920.48,4770.54,296.9,snapshot,0,2026-10-06 20:04:15
Maharashtra,Pune,Baramati,Tomato,Hybrid,FAQ,2026-08-22,1787.06,2300.61,2034.87,302.7,snapshot,0,2026-10-06 20:03:43
Maharashtra,Pune,Khed(Chakan),Tomato,Hybrid,FAQ,2026-08-22,1635.04,2205.72,1902.45,182.6,snapshot,0,2026-10-06 20:03:43
Maharashtra,Kolhapur,Kolhapur,Tomato,Hybrid,FAQ,2026-08-22,1683.19,2288.74,1867.37,122.4,snapshot,0,2026-10-06 20:03:43
Maharashtra,Nashik,Lasalgaon,Tomato,Hybrid,FAQ,2026-08-22,1753.9,2427.29,2021.83,327.7,snapshot,0,2026-10-06 20:03:43
Maharashtra,Pune,Manchar,Tomato,Hybrid,FAQ,2026-08-22,1348.75,1940.57,1638.11,483.3,snapshot,0,2026-10-06 20:03:43
Maharashtra,Mumbai,Mumbai,Tomato,Hybrid,FAQ,2026-08-22,1570.92,2059.61,1751.97,124.6,snapshot,0,2026-10-06 20:03:43
Maharashtra,Nagpur,Nagpur,Tomato,Hybrid,FAQ,2026-08-22,1527.74,2145.25,1702.96,396.4,snapshot,0,2026-10-06 20:03:43
Maharashtra,Pune,Narayangaon,Tomato,Hybrid,FAQ,2026-08-22,1608.44,2225.19,1838.69,490.8,snapshot,0,2026-10-06 20:03:43
Maharashtra,Nashik,Nashik,Tomato,Hybrid,FAQ,2026-08-22,1864.43,2376.08,2094.27,297.0,snapshot,0,2026-10-06 20:03:43
Maharashtra,Nashik,Pimpalgaon,Tomato,Hybrid,FAQ,2026-08-22,1332.75,1973.79,1645.28,309.6,snapshot,0,2026-10-06 20:03:43
Maharashtra,Pune,Pune,Tomato,Hybrid,FAQ,2026-08-22,1541.75,2027.09,1734.9,195.5,snapshot,0,2026-10-06 20:03:43
Maharashtra,Ahilyanagar,Sangamner,Tomato,Hybrid,FAQ,2026-08-22,1235.15,1909.02,1532.12,397.7,snapshot,0,2026-10-06 20:03:43
Maharashtra,Ahilyanagar,Ahmednagar,Wheat,Lokwan,FAQ,2026-08-22,2665.0,2932.98,2761.82,161.0,snapshot,0,2026-10-06 20:05:18
Maharashtra,Akola,Akola,Wheat,Lokwan,FAQ,2026-08-22,2517.14,2807.07,2641.26,427.0,snapshot,0,2026-10-06 20:05:18
Maharashtra,Pune,Baramati,Wheat,Lokwan,FAQ,2026-08-22,2523.07,2763.84,2616.97,54.8,snapshot,0,2026-10-06 20:05:18
Maharashtra,Jalgaon,Jalgaon,Wheat,Lokwan,FAQ,2026-08-22,2562.12,2824.89,2688.85,485.0,snapshot,0,2026-10-06 20:05:18
Maharashtra,Kolhapur,Kolhapur,Wheat,Lokwan,FAQ,2026-08-22,2657.13,3002.55,2808.69,401.7,snapshot,0,2026-10-06 20:05:18
Maharashtra,Nashik,Lasalgaon,Wheat,Lokwan,FAQ,2026-08-22,2615.53,2987.8,2768.3,99.8,snapshot,0,2026-10-06 20:05:18
Maharashtra,Latur,Latur,Wheat,Lokwan,FAQ,2026-08-22,2691.22,2959.57,2792.82,257.2,snapshot,0,2026-10-06 20:05:18
Maharashtra,Mumbai,Mumbai,Wheat,Lokwan,FAQ,2026-08-22,2654.04,2982.6,2770.16,243.4,snapshot,0,2026-10-06 20:05:18
Maharashtra,Nagpur,Nagpur,Wheat,Lokwan,FAQ,2026-08-22,2643.87,2993.92,2775.32,349.7,snapshot,0,2026-10-06 20:05:18
Maharashtra,Nashik,Nashik,Wheat,Lokwan,FAQ,2026-08-22,2671.2,2959.37,2762.0,301.5,snapshot,0,2026-10-06 20:05:18
Maharashtra,Pune,Pune,Wheat,Lokwan,FAQ,2026-08-22,2520.29,2803.99,2670.74,422.6,snapshot,0,2026-10-06 20:05:18
Maharashtra,Ahilyanagar,Rahata,Wheat,Lokwan,FAQ,2026-08-22,2696.23,2968.63,2817.97,133.2,snapshot,0,2026-10-06 20:05:18
Maharashtra,Solapur,Solapur,Wheat,Lokwan,FAQ,2026-08-22,2696.26,3038.81,2849.26,226.4,snapshot,0,2026-10-06 20:05:18
Maharashtra,Nashik,Yeola,Wheat,Lokwan,FAQ,2026-08-22,2690.9,3019.64,2802.37,356.7,snapshot,0,2026-10-06 20:05:18
Maharashtra,Akola,Akola,Cotton,Medium Staple,FAQ,2026-08-21,7137.67,7692.62,7413.96,125.9,snapshot,0,2026-10-06 20:04:46
Maharashtra,Amravati,Amravati,Cotton,Medium Staple,FAQ,2026-08-21,7034.95,7532.84,7267.12,266.0,snapshot,0,2026-10-06 20:04:46
Maharashtra,Jalgaon,Jalgaon,Cotton,Medium Staple,FAQ,2026-08-21,6761.06,7463.22,7076.55,160.9,snapshot,0,2026-10-06 20:04:46
Maharashtra,Nagpur,Nagpur,Cotton,Medium Staple,FAQ,2026-08-21,7078.79,7589.52,7318.18,238.0,snapshot,0,2026-10-06 20:04:46
Maharashtra,Ahilyanagar,Ahmednagar,Onion,Red/Nasik,FAQ,2026-08-21,1780.35,2620.01,2138.0,291.5,snapshot,0,2026-10-06 20:03:59
Maharashtra,Pune,Baramati,Onion,Red/Nasik,FAQ,2026-08-21,2175.23,2817.46,2434.98,455.6,snapshot,0,2026-10-06 20:03:59
Maharashtra,Jalgaon,Jalgaon,Onion,Red/Nasik,FAQ,2026-08-21,2063.05,2848.29,2417.63,83.7,snapshot,0,2026-10-06 20:03:59
Maharashtra,Pune,Khed(Chakan),Onion,Red/Nasik,FAQ,2026-08-21,2022.98,2618.18,2264.54,356.7,snapshot,0,2026-10-06 20:03:59
Maharashtra,Kolhapur,Kolhapur,Onion,Red/Nasik,FAQ,2026-08-21,2016.85,2588.2,2229.44,307.1,snapshot,0,2026-10-06 20:03:59
Maharashtra,Nashik,Lasalgaon,Onion,Red/Nasik,FAQ,2026-08-21,2252.68,2978.59,2557.41,278.7,snapshot,0,2026-10-06 20:03:59
Maharashtra,Pune,Manchar,Onion,Red/Nasik,FAQ,2026-08-21,1778.59,2468.22,2081.13,122.4,snapshot,0,2026-10-06 20:03:59
Maharashtra,Mumbai,Mumbai,Onion,Red/Nasik,FAQ,2026-08-21,2150.8,2759.28,2377.7,199.6,snapshot,0,2026-10-06 20:03:59
Maharashtra,Pune,Narayangaon,Onion,Red/Nasik,FAQ,2026-08-21,1947.79,2662.85,2310.67,365.5,snapshot,0,2026-10-06 20:03:59
Maharashtra,Nashik,Nashik,Onion,Red/Nasik,FAQ,2026-08-21,1772.94,2477.86,2148.56,454.5,snapshot,0,2026-10-06 20:03:59
Maharashtra,Nashik,Pimpalgaon,Onion,Red/Nasik,FAQ,2026-08-21,2393.96,3124.53,2707.1,165.9,snapshot,0,2026-10-06 20:03:59
Maharashtra,Pune,Pune,Onion,Red/Nasik,FAQ,2026-08-21,1859.11,2465.75,2120.54,187.1,snapshot,0,2026-10-06 20:03:59
Maharashtra,Ahilyanagar,Rahata,Onion,Red/Nasik,FAQ,2026-08-21,1721.71,2580.99,2109.04,205.5,snapshot,0,2026-10-06 20:03:59
Maharashtra,Ahilyanagar,Sangamner,Onion,Red/Nasik,FAQ,2026-08-21,1744.06,2478.19,2124.48,310.2,snapshot,0,2026-10-06 20:03:59
Maharashtra,Solapur,Solapur,Onion,Red/Nasik,FAQ,2026-08-21,1983.56,2615.61,2259.95,371.4,snapshot,0,2026-10-06 20:03:59
Maharashtra,Nashik,Yeola,Onion,Red/Nasik,FAQ,2026-08-21,1513.14,2363.95,1875.92,416.7,snapshot,0,2026-10-06 20:03:59
Maharashtra,Pune,Khed(Chakan),Potato,Jyoti,FAQ,2026-08-21,1705.54,2193.32,1950.72,84.9,snapshot,0,2026-10-06 20:05:02
Maharashtra,Kolhapur,Kolhapur,Potato,Jyoti,FAQ,2026-08-21,1754.75,2280.3,1946.54,139.0,snapshot,0,2026-10-06 20:05:02
Maharashtra,Pune,Manchar,Potato,Jyoti,FAQ,2026-08-21,1768.21,2284.81,1992.0,357.0,snapshot,0,2026-10-06 20:05:02
Maharashtra,Mumbai,Mumbai,Potato,Jyoti,FAQ,2026-08-21,1909.83,2329.78,2061.7,454.4,snapshot,0,2026-10-06 20:05:02
Maharashtra,Pune,Narayangaon,Potato,Jyoti,FAQ,2026-08-21,1659.78,2176.53,1862.04,304.6,snapshot,0,2026-10-06 20:05:02
Maharashtra,Nashik,Nashik,Potato,Jyoti,FAQ,2026-08-21,1866.26,2352.89,2036.78,265.6,snapshot,0,2026-10-06 20:05:02
Maharashtra,Nashik,Pimpalgaon,Potato,Jyoti,FAQ,2026-08-21,2015.73,2566.13,2177.47,312.0,snapshot,0,2026-10-06 20:05:02
Maharashtra,Pune,Pune,Potato,Jyoti,FAQ,2026-08-21,1897.9,2413.41,2104.0,82.9,snapshot,0,2026-10-06 20:05:02
Maharashtra,Ahilyanagar,Ahmednagar,Red gram/Arhar/Tur(whole),White/Desi,FAQ,2026-08-21,9975.49,11028.56,10367.35,375.1,snapshot,0,2026-10-06 20:04:30
Maharashtra,Akola,Akola,Red gram/Arhar/Tur(whole),White/Desi,FAQ,2026-08-21,10021.27,10979.47,10466.0,331.5,snapshot,0,2026-10-06 20:04:30
Maharashtra,Amravati,Amravati,Red gram/Arhar/Tur(whole),White/Desi,FAQ,2026-08-21,9732.61,10782.39,10029.73,479.3,snapshot,0,2026-10-06 20:04:30
Maharashtra,Latur,Latur,Red gram/Arhar/Tur(whole),White/Desi,FAQ,2026-08-21,10019.9,11071.19,10403.54,423.5,snapshot,0,2026-10-06 20:04:30
Maharashtra,Solapur,Solapur,Red gram/Arhar/Tur(whole),White/Desi,FAQ,2026-08-21,10313.44,11368.45,10732.55,217.9,snapshot,0,2026-10-06 20:04:30
Maharashtra,Ahilyanagar,Ahmednagar,Soyabean,Yellow,FAQ,2026-08-21,4768.28,5086.32,4939.47,90.2,snapshot,0,2026-10-06 20:04:14
Maharashtra,Akola,Akola,Soyabean,Yellow,FAQ,2026-08-21,4683.26,5022.37,4789.61,389.7,snapshot,0,2026-10-06 20:04:15
Maharashtra,Amravati,Amravati,Soyabean,Yellow,FAQ,2026-08-21,4632.55,4914.79,4741.41,239.1,snapshot,0,2026-10-06 20:04:15
Maharashtra,Pune,Baramati,Soyabean,Yellow,FAQ,2026-08-21,4475.63,4776.65,4585.47,122.3,snapshot,0,2026-10-06 20:04:15
Maharashtra,Jalgaon,Jalgaon,Soyabean,Yellow,FAQ,2026-08-21,4407.15,4791.43,4545.1,416.1,snapshot,0,2026-10-06 20:04:15
Maharashtra,Latur,Latur,Soyabean,Yellow,FAQ,2026-08-21,4902.77,5207.92,5064.02,424.2,snapshot,0,2026-10-06 20:04:14
Maharashtra,Nagpur,Nagpur,Soyabean,Yellow,FAQ,2026-08-21,4445.14,4812.79,4582.96,443.6,snapshot,0,2026-10-06 20:04:15
Maharashtra,Pune,Pune,Soyabean,Yellow,FAQ,2026-08-21,4759.65,5065.49,4912.15,172.5,snapshot,0,2026-10-06 20:04:14
Maharashtra,Ahilyanagar,Rahata,Soyabean,Yellow,FAQ,2026-08-21,4561.72,4898.77,4728.49,195.2,snapshot,0,2026-10-06 20:04:15
Maharashtra,Ahilyanagar,Sangamner,Soyabean,Yellow,FAQ,2026-08-21,4506.92,4847.28,4697.31,317.3,snapshot,0,2026-10-06 20:04:15
Maharashtra,Solapur,Solapur,Soyabean,Yellow,FAQ,2026-08-21,4577.19,4921.41,4716.73,85.1,snapshot,0,2026-10-06 20:04:15
Maharashtra,Nashik,Yeola,Soyabean,Yellow,FAQ,2026-08-21,4576.4,4947.9,4769.27,376.2,snapshot,0,2026-10-06 20:04:15
Maharashtra,Pune,Baramati,Tomato,Hybrid,FAQ,2026-08-21,1826.29,2431.68,2011.29,99.7,snapshot,0,2026-10-06 20:03:43
Maharashtra,Pune,Khed(Chakan),Tomato,Hybrid,FAQ,2026-08-21,1563.25,2145.65,1813.41,362.8,snapshot,0,2026-10-06 20:03:43
Maharashtra,Kolhapur,Kolhapur,Tomato,Hybrid,FAQ,2026-08-21,1700.69,2237.94,1896.62,222.5,snapshot,0,2026-10-06 20:03:43
Maharashtra,Nashik,Lasalgaon,Tomato,Hybrid,FAQ,2026-08-21,1711.69,2209.9,1894.85,405.3,snapshot,0,2026-10-06 20:03:43
Maharashtra,Pune,Manchar,Tomato,Hybrid,FAQ,2026-08-21,1137.41,1795.67,1444.81,216.9,snapshot,0,2026-10-06 20:03:43
Maharashtra,Mumbai,Mumbai,Tomato,Hybrid,FAQ,2026-08-21,1540.23,2064.78,1804.87,131.2,snapshot,0,2026-10-06 20:03:43
Maharashtra,Nagpur,Nagpur,Tomato,Hybrid,FAQ,2026-08-21,1408.45,2104.82,1721.6,454.6,snapshot,0,2026-10-06 20:03:43
Maharashtra,Pune,Narayangaon,Tomato,Hybrid,FAQ,2026-08-21,1589.16,2245.19,1888.4,366.0,snapshot,0,2026-10-06 20:03:43
Maharashtra,Nashik,Nashik,Tomato,Hybrid,FAQ,2026-08-21,1910.74,2618.42,2186.94,91.0,snapshot,0,2026-10-06 20:03:43
Maharashtra,Nashik,Pimpalgaon,Tomato,Hybrid,FAQ,2026-08-21,1300.3,2039.79,1618.07,45.7,snapshot,0,2026-10-06 20:03:43
Maharashtra,Pune,Pune,Tomato,Hybrid,FAQ,2026-08-21,1607.48,2283.22,1829.24,338.9,snapshot,0,2026-10-06 20:03:43
Maharashtra,Ahilyanagar,Sangamner,Tomato,Hybrid,FAQ,2026-08-21,1423.16,2140.35,1716.38,303.7,snapshot,0,2026-10-06 20:03:43
Maharashtra,Ahilyanagar,Ahmednagar,Wheat,Lokwan,FAQ,2026-08-21,2642.89,2907.2,2780.85,70.9,snapshot,0,2026-10-06 20:05:18
Maharashtra,Akola,Akola,Wheat,Lokwan,FAQ,2026-08-21,2565.76,2803.18,2664.38,264.0,snapshot,0,2026-10-06 20:05:18
Maharashtra,Pune,Baramati,Wheat,Lokwan,FAQ,2026-08-21,2467.79,2798.23,2595.33,212.0,snapshot,0,2026-10-06 20:05:18
Maharashtra,Jalgaon,Jalgaon,Wheat,Lokwan,FAQ,2026-08-21,2608.95,2833.62,2707.09,231.2,snapshot,0,2026-10-06 20:05:18
Maharashtra,Kolhapur,Kolhapur,Wheat,Lokwan,FAQ,2026-08-21,2694.92,3032.93,2847.35,192.7,snapshot,0,2026-10-06 20:05:18
Maharashtra,Nashik,Lasalgaon,Wheat,Lokwan,FAQ,2026-08-21,2681.69,2914.96,2777.0,286.8,snapshot,0,2026-10-06 20:05:18
Maharashtra,Latur,Latur,Wheat,Lokwan,FAQ,2026-08-21,2700.84,2979.0,2840.9,98.8,snapshot,0,2026-10-06 20:05:18
Maharashtra,Mumbai,Mumbai,Wheat,Lokwan,FAQ,2026-08-21,2619.83,2979.62,2760.2,498.4,snapshot,0,2026-10-06 20:05:18
Maharashtra,Nagpur,Nagpur,Wheat,Lokwan,FAQ,2026-08-21,2637.3,2882.47,2737.74,164.8,snapshot,0,2026-10-06 20:05:18
Maharashtra,Nashik,Nashik,Wheat,Lokwan,FAQ,2026-08-21,2653.08,2874.79,2740.52,60.7,snapshot,0,2026-10-06 20:05:18
Maharashtra,Pune,Pune,Wheat,Lokwan,FAQ,2026-08-21,2590.07,2853.01,2680.92,345.9,snapshot,0,2026-10-06 20:05:18
Maharashtra,Ahilyanagar,Rahata,Wheat,Lokwan,FAQ,2026-08-21,2647.38,3020.97,2797.09,426.4,snapshot,0,2026-10-06 20:05:18
Maharashtra,Solapur,Solapur,Wheat,Lokwan,FAQ,2026-08-21,2680.24,2970.52,2831.75,148.4,snapshot,0,2026-10-06 20:05:18
Maharashtra,Nashik,Yeola,Wheat,Lokwan,FAQ,2026-08-21,2738.34,3007.27,2835.0,121.4,snapshot,0,2026-10-06 20:05:18
Maharashtra,Akola,Akola,Cotton,Medium Staple,FAQ,2026-08-20,7134.34,7599.96,7343.68,359.6,snapshot,0,2026-10-06 20:04:46
Maharashtra,Amravati,Amravati,Cotton,Medium Staple,FAQ,2026-08-20,7042.52,7571.63,7293.37,432.6,snapshot,0,2026-10-06 20:04:46
Maharashtra,Jalgaon,Jalgaon,Cotton,Medium Staple,FAQ,2026-08-20,6936.78,7530.13,7121.8,50.5,snapshot,0,2026-10-06 20:04:46
Maharashtra,Nagpur,Nagpur,Cotton,Medium Staple,FAQ,2026-08-20,7096.44,7728.34,7278.6,299.1,snapshot,0,2026-10-06 20:04:46
Maharashtra,Ahilyanagar,Ahmednagar,Onion,Red/Nasik,FAQ,2026-08-20,1892.97,2501.99,2124.9,492.0,snapshot,0,2026-10-06 20:03:59
Maharashtra,Pune,Baramati,Onion,Red/Nasik,FAQ,2026-08-20,2008.23,2820.05,2386.74,464.4,snapshot,0,2026-10-06 20:03:59
Maharashtra,Jalgaon,Jalgaon,Onion,Red/Nasik,FAQ,2026-08-20,2179.62,2857.81,2418.12,52.6,snapshot,0,2026-10-06 20:03:59
Maharashtra,Pune,Khed(Chakan),Onion,Red/Nasik,FAQ,2026-08-20,2020.81,2706.05,2372.47,310.9,snapshot,0,2026-10-06 20:03:59
Maharashtra,Kolhapur,Kolhapur,Onion,Red/Nasik,FAQ,2026-08-20,1868.68,2630.43,2241.99,77.7,snapshot,0,2026-10-06 20:03:59
Maharashtra,Nashik,Lasalgaon,Onion,Red/Nasik,FAQ,2026-08-20,2231.13,2913.94,2526.86,209.9,snapshot,0,2026-10-06 20:03:59
Maharashtra,Pune,Manchar,Onion,Red/Nasik,FAQ,2026-08-20,1802.65,2585.2,2157.83,116.3,snapshot,0,2026-10-06 20:03:59
Maharashtra,Mumbai,Mumbai,Onion,Red/Nasik,FAQ,2026-08-20,2026.76,2652.67,2351.03,268.6,snapshot,0,2026-10-06 20:03:59
Maharashtra,Pune,Narayangaon,Onion,Red/Nasik,FAQ,2026-08-20,2018.46,2757.28,2296.22,257.8,snapshot,0,2026-10-06 20:03:59
Maharashtra,Nashik,Nashik,Onion,Red/Nasik,FAQ,2026-08-20,1790.41,2581.67,2120.58,399.9,snapshot,0,2026-10-06 20:03:59
Maharashtra,Nashik,Pimpalgaon,Onion,Red/Nasik,FAQ,2026-08-20,2364.72,3097.44,2695.1,50.6,snapshot,0,2026-10-06 20:03:59
Maharashtra,Pune,Pune,Onion,Red/Nasik,FAQ,2026-08-20,1855.54,2524.25,2178.35,75.6,snapshot,0,2026-10-06 20:03:59
Maharashtra,Ahilyanagar,Rahata,Onion,Red/Nasik,FAQ,2026-08-20,1750.72,2451.71,2095.66,127.9,snapshot,0,2026-10-06 20:03:59
Maharashtra,Ahilyanagar,Sangamner,Onion,Red/Nasik,FAQ,2026-08-20,1869.55,2611.96,2205.35,59.2,snapshot,0,2026-10-06 20:03:59
Maharashtra,Solapur,Solapur,Onion,Red/Nasik,FAQ,2026-08-20,1929.92,2650.48,2162.22,294.2,snapshot,0,2026-10-06 20:03:59
Maharashtra,Nashik,Yeola,Onion,Red/Nasik,FAQ,2026-08-20,1527.93,2197.99,1903.69,200.7,snapshot,0,2026-10-06 20:03:59
Maharashtra,Pune,Khed(Chakan),Potato,Jyoti,FAQ,2026-08-20,1776.67,2339.73,1977.55,426.7,snapshot,0,2026-10-06 20:05:02
Maharashtra,Kolhapur,Kolhapur,Potato,Jyoti,FAQ,2026-08-20,1754.15,2144.98,1900.34,216.0,snapshot,0,2026-10-06 20:05:02
Maharashtra,Pune,Manchar,Potato,Jyoti,FAQ,2026-08-20,1773.48,2237.3,1995.84,489.2,snapshot,0,2026-10-06 20:05:02
Maharashtra,Mumbai,Mumbai,Potato,Jyoti,FAQ,2026-08-20,1847.77,2316.98,2037.83,100.9,snapshot,0,2026-10-06 20:05:02
Maharashtra,Pune,Narayangaon,Potato,Jyoti,FAQ,2026-08-20,1724.5,2122.34,1865.77,274.9,snapshot,0,2026-10-06 20:05:02
Maharashtra,Nashik,Nashik,Potato,Jyoti,FAQ,2026-08-20,1870.22,2415.83,2031.24,242.2,snapshot,0,2026-10-06 20:05:02
Maharashtra,Nashik,Pimpalgaon,Potato,Jyoti,FAQ,2026-08-20,1894.41,2467.81,2131.6,271.1,snapshot,0,2026-10-06 20:05:02
Maharashtra,Pune,Pune,Potato,Jyoti,FAQ,2026-08-20,1834.25,2300.38,2047.31,112.9,snapshot,0,2026-10-06 20:05:02
Maharashtra,Ahilyanagar,Ahmednagar,Red gram/Arhar/Tur(whole),White/Desi,FAQ,2026-08-20,10034.44,10827.11,10398.0,208.2,snapshot,0,2026-10-06 20:04:30
Maharashtra,Akola,Akola,Red gram/Arhar/Tur(whole),White/Desi,FAQ,2026-08-20,10036.2,11295.02,10527.04,341.2,snapshot,0,2026-10-06 20:04:30
Maharashtra,Amravati,Amravati,Red gram/Arhar/Tur(whole),White/Desi,FAQ,2026-08-20,9606.29,10583.21,10108.88,171.5,snapshot,0,2026-10-06 20:04:30
Maharashtra,Latur,Latur,Red gram/Arhar/Tur(whole),White/Desi,FAQ,2026-08-20,10023.07,11178.64,10484.65,424.0,snapshot,0,2026-10-06 20:04:30
Maharashtra,Solapur,Solapur,Red gram/Arhar/Tur(whole),White/Desi,FAQ,2026-08-20,10379.22,11190.95,10684.99,181.9,snapshot,0,2026-10-06 20:04:30
Maharashtra,Ahilyanagar,Ahmednagar,Soyabean,Yellow,FAQ,2026-08-20,4740.36,5075.74,4884.43,375.4,snapshot,0,2026-10-06 20:04:14
Maharashtra,Akola,Akola,Soyabean,Yellow,FAQ,2026-08-20,4647.26,5018.11,4821.78,280.5,snapshot,0,2026-10-06 20:04:15
Maharashtra,Amravati,Amravati,Soyabean,Yellow,FAQ,2026-08-20,4551.17,4888.57,4733.49,152.4,snapshot,0,2026-10-06 20:04:15
Maharashtra,Pune,Baramati,Soyabean,Yellow,FAQ,2026-08-20,4425.42,4793.85,4572.79,88.7,snapshot,0,2026-10-06 20:04:15
Maharashtra,Jalgaon,Jalgaon,Soyabean,Yellow,FAQ,2026-08-20,4392.75,4680.12,4527.25,375.3,snapshot,0,2026-10-06 20:04:15
Maharashtra,Latur,Latur,Soyabean,Yellow,FAQ,2026-08-20,4845.7,5267.46,5040.35,196.7,snapshot,0,2026-10-06 20:04:14
Maharashtra,Nagpur,Nagpur,Soyabean,Yellow,FAQ,2026-08-20,4424.79,4793.88,4551.92,460.6,snapshot,0,2026-10-06 20:04:15
Maharashtra,Pune,Pune,Soyabean,Yellow,FAQ,2026-08-20,4728.76,5114.77,4908.91,374.5,snapshot,0,2026-10-06 20:04:14
Maharashtra,Ahilyanagar,Rahata,Soyabean,Yellow,FAQ,2026-08-20,4558.85,4891.97,4707.92,449.0,snapshot,0,2026-10-06 20:04:15
Maharashtra,Ahilyanagar,Sangamner,Soyabean,Yellow,FAQ,2026-08-20,4564.06,4934.08,4755.6,367.2,snapshot,0,2026-10-06 20:04:15
Maharashtra,Solapur,Solapur,Soyabean,Yellow,FAQ,2026-08-20,4599.39,4931.26,4707.18,436.1,snapshot,0,2026-10-06 20:04:15
Maharashtra,Nashik,Yeola,Soyabean,Yellow,FAQ,2026-08-20,4613.38,4975.21,4765.86,344.2,snapshot,0,2026-10-06 20:04:15
Maharashtra,Pune,Baramati,Tomato,Hybrid,FAQ,2026-08-20,1803.42,2342.76,2074.56,280.7,snapshot,0,2026-10-06 20:03:43
Maharashtra,Pune,Khed(Chakan),Tomato,Hybrid,FAQ,2026-08-20,1509.68,2154.46,1803.07,329.1,snapshot,0,2026-10-06 20:03:43
Maharashtra,Kolhapur,Kolhapur,Tomato,Hybrid,FAQ,2026-08-20,1553.03,2305.56,1853.38,115.5,snapshot,0,2026-10-06 20:03:43
Maharashtra,Nashik,Lasalgaon,Tomato,Hybrid,FAQ,2026-08-20,1651.38,2137.62,1842.56,196.8,snapshot,0,2026-10-06 20:03:43
Maharashtra,Pune,Manchar,Tomato,Hybrid,FAQ,2026-08-20,1297.52,1818.14,1491.78,316.3,snapshot,0,2026-10-06 20:03:43
Maharashtra,Mumbai,Mumbai,Tomato,Hybrid,FAQ,2026-08-20,1588.05,2188.7,1813.08,424.5,snapshot,0,2026-10-06 20:03:43
Maharashtra,Nagpur,Nagpur,Tomato,Hybrid,FAQ,2026-08-20,1466.2,2036.82,1738.77,395.3,snapshot,0,2026-10-06 20:03:43
Maharashtra,Pune,Narayangaon,Tomato,Hybrid,FAQ,2026-08-20,1387.75,1981.49,1673.65,194.7,snapshot,0,2026-10-06 20:03:43
Maharashtra,Nashik,Nashik,Tomato,Hybrid,FAQ,2026-08-20,1836.82,2378.69,2122.18,474.8,snapshot,0,2026-10-06 20:03:43
Maharashtra,Nashik,Pimpalgaon,Tomato,Hybrid,FAQ,2026-08-20,1235.56,1811.12,1512.72,317.0,snapshot,0,2026-10-06 20:03:43
Maharashtra,Pune,Pune,Tomato,Hybrid,FAQ,2026-08-20,1551.59,2205.77,1807.48,132.5,snapshot,0,2026-10-06 20:03:43
Maharashtra,Ahilyanagar,Sangamner,Tomato,Hybrid,FAQ,2026-08-20,1528.55,2163.92,1762.61,199.8,snapshot,0,2026-10-06 20:03:43
Maharashtra,Ahilyanagar,Ahmednagar,Wheat,Lokwan,FAQ,2026-08-20,2619.85,2995.6,2766.91,434.3,snapshot,0,2026-10-06 20:05:18
Maharashtra,Akola,Akola,Wheat,Lokwan,FAQ,2026-08-20,2557.25,2840.22,2652.93,408.7,snapshot,0,2026-10-06 20:05:18
Maharashtra,Pune,Baramati,Wheat,Lokwan,FAQ,2026-08-20,2480.26,2791.28,2613.81,271.1,snapshot,0,2026-10-06 20:05:18
Maharashtra,Jalgaon,Jalgaon,Wheat,Lokwan,FAQ,2026-08-20,2566.32,2850.06,2703.23,321.6,snapshot,0,2026-10-06 20:05:18
Maharashtra,Kolhapur,Kolhapur,Wheat,Lokwan,FAQ,2026-08-20,2751.96,2983.67,2847.44,394.9,snapshot,0,2026-10-06 20:05:18
Maharashtra,Nashik,Lasalgaon,Wheat,Lokwan,FAQ,2026-08-20,2668.71,2983.93,2765.08,229.0,snapshot,0,2026-10-06 20:05:18
Maharashtra,Latur,Latur,Wheat,Lokwan,FAQ,2026-08-20,2642.0,2926.98,2797.8,89.1,snapshot,0,2026-10-06 20:05:18
Maharashtra,Mumbai,Mumbai,Wheat,Lokwan,FAQ,2026-08-20,2633.1,2942.57,2750.24,436.6,snapshot,0,2026-10-06 20:05:18
Maharashtra,Nagpur,Nagpur,Wheat,Lokwan,FAQ,2026-08-20,2556.58,2835.33,2708.22,303.3,snapshot,0,2026-10-06 20:05:18
Maharashtra,Nashik,Nashik,Wheat,Lokwan,FAQ,2026-08-20,2554.02,2881.1,2698.61,175.9,snapshot,0,2026-10-06 20:05:18
Maharashtra,Pune,Pune,Wheat,Lokwan,FAQ,2026-08-20,2566.89,2850.27,2675.29,231.4,snapshot,0,2026-10-06 20:05:18
Maharashtra,Ahilyanagar,Rahata,Wheat,Lokwan,FAQ,2026-08-20,2716.07,3011.37,2846.87,251.3,snapshot,0,2026-10-06 20:05:18
Maharashtra,Solapur,Solapur,Wheat,Lokwan,FAQ,2026-08-20,2721.41,2993.6,2816.5,54.1,snapshot,0,2026-10-06 20:05:18
Maharashtra,Nashik,Yeola,Wheat,Lokwan,FAQ,2026-08-20,2694.08,3024.38,2815.75,92.2,snapshot,0,2026-10-06 20:05:18
Maharashtra,Akola,Akola,Cotton,Medium Staple,FAQ,2026-08-19,7107.86,7644.33,7387.95,222.4,snapshot,0,2026-10-06 20:04:46
Maharashtra,Amravati,Amravati,Cotton,Medium Staple,FAQ,2026-08-19,7100.47,7566.66,7282.3,319.3,snapshot,0,2026-10-06 20:04:46
Maharashtra,Jalgaon,Jalgaon,Cotton,Medium Staple,FAQ,2026-08-19,6931.85,7684.12,7245.27,491.7,snapshot,0,2026-10-06 20:04:46
Maharashtra,Nagpur,Nagpur,Cotton,Medium Staple,FAQ,2026-08-19,7131.24,7752.2,7319.29,94.2,snapshot,0,2026-10-06 20:04:46
Maharashtra,Ahilyanagar,Ahmednagar,Onion,Red/Nasik,FAQ,2026-08-19,1887.21,2527.68,2133.98,423.1,snapshot,0,2026-10-06 20:03:59
Maharashtra,Pune,Baramati,Onion,Red/Nasik,FAQ,2026-08-19,2012.14,2891.27,2396.23,360.0,snapshot,0,2026-10-06 20:03:59
Maharashtra,Jalgaon,Jalgaon,Onion,Red/Nasik,FAQ,2026-08-19,2055.46,2822.76,2413.03,118.9,snapshot,0,2026-10-06 20:03:59
Maharashtra,Pune,Khed(Chakan),Onion,Red/Nasik,FAQ,2026-08-19,2087.77,2736.43,2414.62,485.6,snapshot,0,2026-10-06 20:03:59
Maharashtra,Kolhapur,Kolhapur,Onion,Red/Nasik,FAQ,2026-08-19,1948.1,2785.85,2309.05,177.7,snapshot,0,2026-10-06 20:03:59
Maharashtra,Nashik,Lasalgaon,Onion,Red/Nasik,FAQ,2026-08-19,2096.66,2913.59,2434.76,77.7,snapshot,0,2026-10-06 20:03:59
Maharashtra,Pune,Manchar,Onion,Red/Nasik,FAQ,2026-08-19,1902.81,2579.91,2204.68,271.0,snapshot,0,2026-10-06 20:03:59
Maharashtra,Mumbai,Mumbai,Onion,Red/Nasik,FAQ,2026-08-19,2148.24,2753.41,2425.64,42.0,snapshot,0,2026-10-06 20:03:59
Maharashtra,Pune,Narayangaon,Onion,Red/Nasik,FAQ,2026-08-19,1991.06,2790.49,2321.9,186.6,snapshot,0,2026-10-06 20:03:59
Maharashtra,Nashik,Nashik,Onion,Red/Nasik,FAQ,2026-08-19,1808.55,2405.2,2110.98,94.7,snapshot,0,2026-10-06 20:03:59
Maharashtra,Nashik,Pimpalgaon,Onion,Red/Nasik,FAQ,2026-08-19,2332.19,3027.93,2659.77,95.2,snapshot,0,2026-10-06 20:03:59
Maharashtra,Pune,Pune,Onion,Red/Nasik,FAQ,2026-08-19,1912.64,2508.63,2169.29,333.3,snapshot,0,2026-10-06 20:03:59
Maharashtra,Ahilyanagar,Rahata,Onion,Red/Nasik,FAQ,2026-08-19,1926.13,2619.63,2158.04,95.4,snapshot,0,2026-10-06 20:03:59
Maharashtra,Ahilyanagar,Sangamner,Onion,Red/Nasik,FAQ,2026-08-19,1869.41,2542.57,2189.15,496.5,snapshot,0,2026-10-06 20:03:59
Maharashtra,Solapur,Solapur,Onion,Red/Nasik,FAQ,2026-08-19,1726.35,2452.28,2063.48,114.9,snapshot,0,2026-10-06 20:03:59
Maharashtra,Nashik,Yeola,Onion,Red/Nasik,FAQ,2026-08-19,1798.48,2527.54,2009.0,47.9,snapshot,0,2026-10-06 20:03:59
Maharashtra,Pune,Khed(Chakan),Potato,Jyoti,FAQ,2026-08-19,1762.85,2235.76,1929.53,401.1,snapshot,0,2026-10-06 20:05:02
Maharashtra,Kolhapur,Kolhapur,Potato,Jyoti,FAQ,2026-08-19,1623.73,2089.73,1841.21,232.8,snapshot,0,2026-10-06 20:05:02
Maharashtra,Pune,Manchar,Potato,Jyoti,FAQ,2026-08-19,1800.25,2332.26,2036.16,288.8,snapshot,0,2026-10-06 20:05:02
Maharashtra,Mumbai,Mumbai,Potato,Jyoti,FAQ,2026-08-19,1782.29,2201.17,1969.69,426.1,snapshot,0,2026-10-06 20:05:02
Maharashtra,Pune,Narayangaon,Potato,Jyoti,FAQ,2026-08-19,1601.85,2105.08,1823.15,386.2,snapshot,0,2026-10-06 20:05:02
Maharashtra,Nashik,Nashik,Potato,Jyoti,FAQ,2026-08-19,1866.4,2397.9,2053.19,148.5,snapshot,0,2026-10-06 20:05:02
Maharashtra,Nashik,Pimpalgaon,Potato,Jyoti,FAQ,2026-08-19,1860.32,2374.15,2119.63,417.5,snapshot,0,2026-10-06 20:05:02
Maharashtra,Pune,Pune,Potato,Jyoti,FAQ,2026-08-19,1733.17,2273.35,1984.49,361.2,snapshot,0,2026-10-06 20:05:02
Maharashtra,Ahilyanagar,Ahmednagar,Red gram/Arhar/Tur(whole),White/Desi,FAQ,2026-08-19,10091.26,11192.91,10488.88,355.3,snapshot,0,2026-10-06 20:04:30
Maharashtra,Akola,Akola,Red gram/Arhar/Tur(whole),White/Desi,FAQ,2026-08-19,10244.68,11003.59,10543.63,138.7,snapshot,0,2026-10-06 20:04:30
Maharashtra,Amravati,Amravati,Red gram/Arhar/Tur(whole),White/Desi,FAQ,2026-08-19,9860.32,10871.84,10160.41,101.6,snapshot,0,2026-10-06 20:04:30
Maharashtra,Latur,Latur,Red gram/Arhar/Tur(whole),White/Desi,FAQ,2026-08-19,10066.89,10926.71,10495.37,373.8,snapshot,0,2026-10-06 20:04:30
Maharashtra,Solapur,Solapur,Red gram/Arhar/Tur(whole),White/Desi,FAQ,2026-08-19,10330.28,11248.73,10663.31,116.2,snapshot,0,2026-10-06 20:04:30
Maharashtra,Ahilyanagar,Ahmednagar,Soyabean,Yellow,FAQ,2026-08-19,4757.98,5146.82,4935.9,388.3,snapshot,0,2026-10-06 20:04:14
Maharashtra,Akola,Akola,Soyabean,Yellow,FAQ,2026-08-19,4625.72,4931.54,4779.47,322.5,snapshot,0,2026-10-06 20:04:15
Maharashtra,Amravati,Amravati,Soyabean,Yellow,FAQ,2026-08-19,4628.06,5023.91,4789.79,210.5,snapshot,0,2026-10-06 20:04:15
Maharashtra,Pune,Baramati,Soyabean,Yellow,FAQ,2026-08-19,4476.59,4801.59,4588.0,195.8,snapshot,0,2026-10-06 20:04:15
Maharashtra,Jalgaon,Jalgaon,Soyabean,Yellow,FAQ,2026-08-19,4431.17,4732.0,4555.09,189.6,snapshot,0,2026-10-06 20:04:15
Maharashtra,Latur,Latur,Soyabean,Yellow,FAQ,2026-08-19,4861.61,5227.5,5020.13,93.6,snapshot,0,2026-10-06 20:04:14
Maharashtra,Nagpur,Nagpur,Soyabean,Yellow,FAQ,2026-08-19,4426.5,4825.45,4603.58,204.0,snapshot,0,2026-10-06 20:04:15
Maharashtra,Pune,Pune,Soyabean,Yellow,FAQ,2026-08-19,4724.01,5086.34,4892.51,42.4,snapshot,0,2026-10-06 20:04:14
Maharashtra,Ahilyanagar,Rahata,Soyabean,Yellow,FAQ,2026-08-19,4541.04,4906.13,4711.53,62.3,snapshot,0,2026-10-06 20:04:15
Maharashtra,Ahilyanagar,Sangamner,Soyabean,Yellow,FAQ,2026-08-19,4600.05,4898.42,4740.48,496.7,snapshot,0,2026-10-06 20:04:15
Maharashtra,Solapur,Solapur,Soyabean,Yellow,FAQ,2026-08-19,4507.84,4813.19,4668.17,266.0,snapshot,0,2026-10-06 20:04:15
Maharashtra,Nashik,Yeola,Soyabean,Yellow,FAQ,2026-08-19,4604.75,5045.55,4789.65,230.1,snapshot,0,2026-10-06 20:04:15
Maharashtra,Pune,Baramati,Tomato,Hybrid,FAQ,2026-08-19,1895.44,2498.54,2149.05,293.7,snapshot,0,2026-10-06 20:03:43
Maharashtra,Pune,Khed(Chakan),Tomato,Hybrid,FAQ,2026-08-19,1593.23,2029.91,1770.73,160.6,snapshot,0,2026-10-06 20:03:43
Maharashtra,Kolhapur,Kolhapur,Tomato,Hybrid,FAQ,2026-08-19,1606.44,2291.74,1877.44,442.9,snapshot,0,2026-10-06 20:03:43
Maharashtra,Nashik,Lasalgaon,Tomato,Hybrid,FAQ,2026-08-19,1578.79,2244.43,1875.0,328.1,snapshot,0,2026-10-06 20:03:43
Maharashtra,Pune,Manchar,Tomato,Hybrid,FAQ,2026-08-19,1345.45,2035.14,1596.7,121.5,snapshot,0,2026-10-06 20:03:43
Maharashtra,Mumbai,Mumbai,Tomato,Hybrid,FAQ,2026-08-19,1577.4,2131.2,1765.32,345.1,snapshot,0,2026-10-06 20:03:43
Maharashtra,Nagpur,Nagpur,Tomato,Hybrid,FAQ,2026-08-19,1449.48,2130.02,1703.64,389.0,snapshot,0,2026-10-06 20:03:43
Maharashtra,Pune,Narayangaon,Tomato,Hybrid,FAQ,2026-08-19,1280.22,1846.42,1532.55,322.0,snapshot,0,2026-10-06 20:03:43
Maharashtra,Nashik,Nashik,Tomato,Hybrid,FAQ,2026-08-19,1730.53,2398.74,1986.9,402.3,snapshot,0,2026-10-06 20:03:43
Maharashtra,Nashik,Pimpalgaon,Tomato,Hybrid,FAQ,2026-08-19,1224.59,1892.52,1501.05,336.9,snapshot,0,2026-10-06 20:03:43
Maharashtra,Pune,Pune,Tomato,Hybrid,FAQ,2026-08-19,1605.54,2163.67,1863.01,441.3,snapshot,0,2026-10-06 20:03:43
Maharashtra,Ahilyanagar,Sangamner,Tomato,Hybrid,FAQ,2026-08-19,1399.04,2009.39,1688.64,349.4,snapshot,0,2026-10-06 20:03:43
Maharashtra,Ahilyanagar,Ahmednagar,Wheat,Lokwan,FAQ,2026-08-19,2678.04,2986.84,2772.94,377.4,snapshot,0,2026-10-06 20:05:18
Maharashtra,Akola,Akola,Wheat,Lokwan,FAQ,2026-08-19,2483.1,2833.85,2627.73,417.7,snapshot,0,2026-10-06 20:05:18
Maharashtra,Pune,Baramati,Wheat,Lokwan,FAQ,2026-08-19,2495.02,2770.79,2619.85,146.8,snapshot,0,2026-10-06 20:05:18
Maharashtra,Jalgaon,Jalgaon,Wheat,Lokwan,FAQ,2026-08-19,2633.34,2871.01,2742.41,179.3,snapshot,0,2026-10-06 20:05:18
Maharashtra,Kolhapur,Kolhapur,Wheat,Lokwan,FAQ,2026-08-19,2675.61,2978.09,2828.08,498.0,snapshot,0,2026-10-06 20:05:18
Maharashtra,Nashik,Lasalgaon,Wheat,Lokwan,FAQ,2026-08-19,2633.22,2931.23,2734.0,72.2,snapshot,0,2026-10-06 20:05:18
Maharashtra,Latur,Latur,Wheat,Lokwan,FAQ,2026-08-19,2631.53,3000.06,2777.74,44.9,snapshot,0,2026-10-06 20:05:18
Maharashtra,Mumbai,Mumbai,Wheat,Lokwan,FAQ,2026-08-19,2602.05,2849.74,2718.75,368.4,snapshot,0,2026-10-06 20:05:18
Maharashtra,Nagpur,Nagpur,Wheat,Lokwan,FAQ,2026-08-19,2548.07,2922.3,2702.31,219.8,snapshot,0,2026-10-06 20:05:18
Maharashtra,Nashik,Nashik,Wheat,Lokwan,FAQ,2026-08-19,2506.58,2833.48,2655.9,108.4,snapshot,0,2026-10-06 20:05:18
Maharashtra,Pune,Pune,Wheat,Lokwan,FAQ,2026-08-19,2553.76,2896.98,2693.13,138.9,snapshot,0,2026-10-06 20:05:18
Maharashtra,Ahilyanagar,Rahata,Wheat,Lokwan,FAQ,2026-08-19,2739.15,2995.65,2845.42,168.0,snapshot,0,2026-10-06 20:05:18
Maharashtra,Solapur,Solapur,Wheat,Lokwan,FAQ,2026-08-19,2775.14,3023.83,2863.92,449.1,snapshot,0,2026-10-06 20:05:18
Maharashtra,Nashik,Yeola,Wheat,Lokwan,FAQ,2026-08-19,2710.83,3016.8,2841.55,228.8,snapshot,0,2026-10-06 20:05:18
Maharashtra,Akola,Akola,Cotton,Medium Staple,FAQ,2026-08-18,7165.52,7752.37,7468.66,232.6,snapshot,0,2026-10-06 20:04:46
Maharashtra,Amravati,Amravati,Cotton,Medium Staple,FAQ,2026-08-18,7101.91,7545.94,7290.66,489.0,snapshot,0,2026-10-06 20:04:46
Maharashtra,Jalgaon,Jalgaon,Cotton,Medium Staple,FAQ,2026-08-18,6944.42,7647.54,7250.29,420.0,snapshot,0,2026-10-06 20:04:46
Maharashtra,Nagpur,Nagpur,Cotton,Medium Staple,FAQ,2026-08-18,6923.64,7595.92,7247.34,288.8,snapshot,0,2026-10-06 20:04:46
Maharashtra,Ahilyanagar,Ahmednagar,Onion,Red/Nasik,FAQ,2026-08-18,1807.85,2435.58,2126.53,84.6,snapshot,0,2026-10-06 20:03:59
Maharashtra,Pune,Baramati,Onion,Red/Nasik,FAQ,2026-08-18,2098.61,2922.74,2426.76,300.4,snapshot,0,2026-10-06 20:03:59
Maharashtra,Jalgaon,Jalgaon,Onion,Red/Nasik,FAQ,2026-08-18,2213.73,2820.61,2428.47,277.2,snapshot,0,2026-10-06 20:03:59
Maharashtra,Pune,Khed(Chakan),Onion,Red/Nasik,FAQ,2026-08-18,2012.91,2863.71,2393.67,481.9,snapshot,0,2026-10-06 20:03:59
Maharashtra,Kolhapur,Kolhapur,Onion,Red/Nasik,FAQ,2026-08-18,2030.11,2845.1,2349.77,429.0,snapshot,0,2026-10-06 20:03:59
Maharashtra,Nashik,Lasalgaon,Onion,Red/Nasik,FAQ,2026-08-18,2020.24,2745.05,2378.35,85.1,snapshot,0,2026-10-06 20:03:59
Maharashtra,Pune,Manchar,Onion,Red/Nasik,FAQ,2026-08-18,1769.48,2461.3,2111.46,253.8,snapshot,0,2026-10-06 20:03:59
Maharashtra,Mumbai,Mumbai,Onion,Red/Nasik,FAQ,2026-08-18,2119.67,2741.94,2340.99,52.5,snapshot,0,2026-10-06 20:03:59
Maharashtra,Pune,Narayangaon,Onion,Red/Nasik,FAQ,2026-08-18,2063.37,2875.93,2362.58,473.1,snapshot,0,2026-10-06 20:03:59
Maharashtra,Nashik,Nashik,Onion,Red/Nasik,FAQ,2026-08-18,1970.37,2493.9,2188.02,404.8,snapshot,0,2026-10-06 20:03:59
Maharashtra,Nashik,Pimpalgaon,Onion,Red/Nasik,FAQ,2026-08-18,2386.48,3188.23,2752.16,166.6,snapshot,0,2026-10-06 20:03:59
Maharashtra,Pune,Pune,Onion,Red/Nasik,FAQ,2026-08-18,1852.59,2682.57,2224.09,258.4,snapshot,0,2026-10-06 20:03:59
Maharashtra,Ahilyanagar,Rahata,Onion,Red/Nasik,FAQ,2026-08-18,1931.98,2672.69,2173.5,373.3,snapshot,0,2026-10-06 20:03:59
Maharashtra,Ahilyanagar,Sangamner,Onion,Red/Nasik,FAQ,2026-08-18,1960.9,2480.23,2175.19,298.2,snapshot,0,2026-10-06 20:03:59
Maharashtra,Solapur,Solapur,Onion,Red/Nasik,FAQ,2026-08-18,1870.45,2445.49,2099.84,166.9,snapshot,0,2026-10-06 20:03:59
Maharashtra,Nashik,Yeola,Onion,Red/Nasik,FAQ,2026-08-18,1689.67,2483.1,2034.36,148.2,snapshot,0,2026-10-06 20:03:59
Maharashtra,Pune,Khed(Chakan),Potato,Jyoti,FAQ,2026-08-18,1703.39,2156.22,1912.04,374.2,snapshot,0,2026-10-06 20:05:02
Maharashtra,Kolhapur,Kolhapur,Potato,Jyoti,FAQ,2026-08-18,1638.5,2070.95,1813.25,449.4,snapshot,0,2026-10-06 20:05:02
Maharashtra,Pune,Manchar,Potato,Jyoti,FAQ,2026-08-18,1890.14,2370.59,2056.79,64.9,snapshot,0,2026-10-06 20:05:02
Maharashtra,Mumbai,Mumbai,Potato,Jyoti,FAQ,2026-08-18,1750.94,2340.75,1965.45,110.9,snapshot,0,2026-10-06 20:05:02
Maharashtra,Pune,Narayangaon,Potato,Jyoti,FAQ,2026-08-18,1627.68,2063.29,1845.32,492.5,snapshot,0,2026-10-06 20:05:02
Maharashtra,Nashik,Nashik,Potato,Jyoti,FAQ,2026-08-18,1802.53,2308.6,2039.33,308.8,snapshot,0,2026-10-06 20:05:02
Maharashtra,Nashik,Pimpalgaon,Potato,Jyoti,FAQ,2026-08-18,1919.39,2437.34,2089.33,437.5,snapshot,0,2026-10-06 20:05:02
Maharashtra,Pune,Pune,Potato,Jyoti,FAQ,2026-08-18,1810.38,2288.22,2041.58,292.6,snapshot,0,2026-10-06 20:05:02
Maharashtra,Ahilyanagar,Ahmednagar,Red gram/Arhar/Tur(whole),White/Desi,FAQ,2026-08-18,10099.41,11272.49,10550.13,297.8,snapshot,0,2026-10-06 20:04:30
Maharashtra,Akola,Akola,Red gram/Arhar/Tur(whole),White/Desi,FAQ,2026-08-18,10149.08,11241.8,10529.32,462.7,snapshot,0,2026-10-06 20:04:30
Maharashtra,Amravati,Amravati,Red gram/Arhar/Tur(whole),White/Desi,FAQ,2026-08-18,9721.79,10841.1,10102.2,200.7,snapshot,0,2026-10-06 20:04:30
Maharashtra,Latur,Latur,Red gram/Arhar/Tur(whole),White/Desi,FAQ,2026-08-18,10196.77,10989.63,10547.57,246.8,snapshot,0,2026-10-06 20:04:30
Maharashtra,Solapur,Solapur,Red gram/Arhar/Tur(whole),White/Desi,FAQ,2026-08-18,10284.72,11135.87,10681.42,428.9,snapshot,0,2026-10-06 20:04:30
Maharashtra,Ahilyanagar,Ahmednagar,Soyabean,Yellow,FAQ,2026-08-18,4752.49,5188.6,4937.88,457.4,snapshot,0,2026-10-06 20:04:14
Maharashtra,Akola,Akola,Soyabean,Yellow,FAQ,2026-08-18,4771.33,5070.42,4896.56,411.6,snapshot,0,2026-10-06 20:04:14
Maharashtra,Amravati,Amravati,Soyabean,Yellow,FAQ,2026-08-18,4597.98,4986.14,4783.91,128.6,snapshot,0,2026-10-06 20:04:15
Maharashtra,Pune,Baramati,Soyabean,Yellow,FAQ,2026-08-18,4393.63,4736.01,4562.02,152.6,snapshot,0,2026-10-06 20:04:15
Maharashtra,Jalgaon,Jalgaon,Soyabean,Yellow,FAQ,2026-08-18,4472.67,4746.41,4601.89,425.7,snapshot,0,2026-10-06 20:04:15
Maharashtra,Latur,Latur,Soyabean,Yellow,FAQ,2026-08-18,4943.49,5276.3,5126.07,427.8,snapshot,0,2026-10-06 20:04:14
Maharashtra,Nagpur,Nagpur,Soyabean,Yellow,FAQ,2026-08-18,4496.08,4844.41,4624.44,49.2,snapshot,0,2026-10-06 20:04:15
Maharashtra,Pune,Pune,Soyabean,Yellow,FAQ,2026-08-18,4697.67,5100.88,4877.35,103.8,snapshot,0,2026-10-06 20:04:14
Maharashtra,Ahilyanagar,Rahata,Soyabean,Yellow,FAQ,2026-08-18,4469.1,4790.92,4627.21,413.9,snapshot,0,2026-10-06 20:04:15
Maharashtra,Ahilyanagar,Sangamner,Soyabean,Yellow,FAQ,2026-08-18,4636.02,4903.41,4747.22,178.0,snapshot,0,2026-10-06 20:04:15
Maharashtra,Solapur,Solapur,Soyabean,Yellow,FAQ,2026-08-18,4501.1,4855.43,4644.67,260.1,snapshot,0,2026-10-06 20:04:15
Maharashtra,Nashik,Yeola,Soyabean,Yellow,FAQ,2026-08-18,4642.37,5002.17,4758.74,386.4,snapshot,0,2026-10-06 20:04:15
Maharashtra,Pune,Baramati,Tomato,Hybrid,FAQ,2026-08-18,1763.14,2395.06,2036.88,218.2,snapshot,0,2026-10-06 20:03:43
Maharashtra,Pune,Khed(Chakan),Tomato,Hybrid,FAQ,2026-08-18,1380.57,2115.42,1669.98,394.4,snapshot,0,2026-10-06 20:03:43
Maharashtra,Kolhapur,Kolhapur,Tomato,Hybrid,FAQ,2026-08-18,1670.37,2304.17,1892.78,116.7,snapshot,0,2026-10-06 20:03:43
Maharashtra,Nashik,Lasalgaon,Tomato,Hybrid,FAQ,2026-08-18,1545.52,2079.73,1814.42,260.8,snapshot,0,2026-10-06 20:03:43
Maharashtra,Pune,Manchar,Tomato,Hybrid,FAQ,2026-08-18,1276.79,2013.24,1592.09,262.1,snapshot,0,2026-10-06 20:03:43
Maharashtra,Mumbai,Mumbai,Tomato,Hybrid,FAQ,2026-08-18,1463.42,2105.43,1787.01,143.8,snapshot,0,2026-10-06 20:03:43
Maharashtra,Nagpur,Nagpur,Tomato,Hybrid,FAQ,2026-08-18,1512.08,1989.27,1720.35,446.2,snapshot,0,2026-10-06 20:03:43
Maharashtra,Pune,Narayangaon,Tomato,Hybrid,FAQ,2026-08-18,1214.92,1801.95,1460.98,318.9,snapshot,0,2026-10-06 20:03:43
Maharashtra,Nashik,Nashik,Tomato,Hybrid,FAQ,2026-08-18,1738.48,2279.03,1977.37,475.2,snapshot,0,2026-10-06 20:03:43
Maharashtra,Nashik,Pimpalgaon,Tomato,Hybrid,FAQ,2026-08-18,1364.46,1960.4,1544.64,330.2,snapshot,0,2026-10-06 20:03:43
Maharashtra,Pune,Pune,Tomato,Hybrid,FAQ,2026-08-18,1520.14,2081.98,1810.02,258.6,snapshot,0,2026-10-06 20:03:43
Maharashtra,Ahilyanagar,Sangamner,Tomato,Hybrid,FAQ,2026-08-18,1445.63,2129.62,1763.74,94.0,snapshot,0,2026-10-06 20:03:43
Maharashtra,Ahilyanagar,Ahmednagar,Wheat,Lokwan,FAQ,2026-08-18,2604.44,2955.07,2756.35,162.0,snapshot,0,2026-10-06 20:05:18
Maharashtra,Akola,Akola,Wheat,Lokwan,FAQ,2026-08-18,2564.77,2868.16,2657.36,161.3,snapshot,0,2026-10-06 20:05:18
Maharashtra,Pune,Baramati,Wheat,Lokwan,FAQ,2026-08-18,2467.33,2798.32,2606.23,162.8,snapshot,0,2026-10-06 20:05:18
Maharashtra,Jalgaon,Jalgaon,Wheat,Lokwan,FAQ,2026-08-18,2577.76,2922.67,2717.86,310.0,snapshot,0,2026-10-06 20:05:18
Maharashtra,Kolhapur,Kolhapur,Wheat,Lokwan,FAQ,2026-08-18,2642.14,2918.83,2772.02,183.3,snapshot,0,2026-10-06 20:05:18
Maharashtra,Nashik,Lasalgaon,Wheat,Lokwan,FAQ,2026-08-18,2640.84,2959.84,2729.84,170.6,snapshot,0,2026-10-06 20:05:18
Maharashtra,Latur,Latur,Wheat,Lokwan,FAQ,2026-08-18,2637.23,2927.26,2757.28,294.2,snapshot,0,2026-10-06 20:05:18
Maharashtra,Mumbai,Mumbai,Wheat,Lokwan,FAQ,2026-08-18,2607.19,2949.79,2752.36,319.4,snapshot,0,2026-10-06 20:05:18
Maharashtra,Nagpur,Nagpur,Wheat,Lokwan,FAQ,2026-08-18,2529.55,2883.17,2667.43,65.3,snapshot,0,2026-10-06 20:05:18
Maharashtra,Nashik,Nashik,Wheat,Lokwan,FAQ,2026-08-18,2527.55,2806.73,2649.33,241.2,snapshot,0,2026-10-06 20:05:18
Maharashtra,Pune,Pune,Wheat,Lokwan,FAQ,2026-08-18,2566.69,2919.32,2701.22,339.4,snapshot,0,2026-10-06 20:05:18
Maharashtra,Ahilyanagar,Rahata,Wheat,Lokwan,FAQ,2026-08-18,2716.93,3030.22,2801.95,197.5,snapshot,0,2026-10-06 20:05:18
Maharashtra,Solapur,Solapur,Wheat,Lokwan,FAQ,2026-08-18,2764.24,3037.91,2859.94,467.1,snapshot,0,2026-10-06 20:05:18
Maharashtra,Nashik,Yeola,Wheat,Lokwan,FAQ,2026-08-18,2723.16,3063.03,2843.31,361.7,snapshot,0,2026-10-06 20:05:18
Maharashtra,Akola,Akola,Cotton,Medium Staple,FAQ,2026-08-17,7093.86,7720.02,7397.42,407.5,snapshot,0,2026-10-06 20:04:46
Maharashtra,Amravati,Amravati,Cotton,Medium Staple,FAQ,2026-08-17,7007.99,7551.62,7216.99,273.3,snapshot,0,2026-10-06 20:04:46
Maharashtra,Jalgaon,Jalgaon,Cotton,Medium Staple,FAQ,2026-08-17,6996.48,7642.42,7272.19,198.5,snapshot,0,2026-10-06 20:04:46
Maharashtra,Nagpur,Nagpur,Cotton,Medium Staple,FAQ,2026-08-17,6893.71,7464.53,7173.54,318.2,snapshot,0,2026-10-06 20:04:46
Maharashtra,Ahilyanagar,Ahmednagar,Onion,Red/Nasik,FAQ,2026-08-17,1907.48,2515.03,2118.64,356.4,snapshot,0,2026-10-06 20:03:59
Maharashtra,Pune,Baramati,Onion,Red/Nasik,FAQ,2026-08-17,2095.05,2869.84,2419.9,95.2,snapshot,0,2026-10-06 20:03:59
Maharashtra,Jalgaon,Jalgaon,Onion,Red/Nasik,FAQ,2026-08-17,1987.8,2681.42,2361.79,238.2,snapshot,0,2026-10-06 20:03:59
Maharashtra,Pune,Khed(Chakan),Onion,Red/Nasik,FAQ,2026-08-17,2093.54,2679.0,2374.75,178.8,snapshot,0,2026-10-06 20:03:59
Maharashtra,Kolhapur,Kolhapur,Onion,Red/Nasik,FAQ,2026-08-17,2204.27,2737.94,2423.51,242.9,snapshot,0,2026-10-06 20:03:59
Maharashtra,Nashik,Lasalgaon,Onion,Red/Nasik,FAQ,2026-08-17,2074.47,2817.77,2413.05,153.9,snapshot,0,2026-10-06 20:03:59
Maharashtra,Pune,Manchar,Onion,Red/Nasik,FAQ,2026-08-17,1792.5,2553.53,2087.48,208.3,snapshot,0,2026-10-06 20:03:59
Maharashtra,Mumbai,Mumbai,Onion,Red/Nasik,FAQ,2026-08-17,2024.15,2811.2,2310.04,47.4,snapshot,0,2026-10-06 20:03:59
Maharashtra,Pune,Narayangaon,Onion,Red/Nasik,FAQ,2026-08-17,2024.19,2896.05,2404.92,459.3,snapshot,0,2026-10-06 20:03:59
Maharashtra,Nashik,Nashik,Onion,Red/Nasik,FAQ,2026-08-17,1833.56,2636.08,2167.91,75.8,snapshot,0,2026-10-06 20:03:59
Maharashtra,Nashik,Pimpalgaon,Onion,Red/Nasik,FAQ,2026-08-17,2544.85,3268.45,2822.42,405.8,snapshot,0,2026-10-06 20:03:59
Maharashtra,Pune,Pune,Onion,Red/Nasik,FAQ,2026-08-17,1871.34,2644.25,2191.62,272.2,snapshot,0,2026-10-06 20:03:59
Maharashtra,Ahilyanagar,Rahata,Onion,Red/Nasik,FAQ,2026-08-17,1877.41,2488.61,2159.26,215.0,snapshot,0,2026-10-06 20:03:59
Maharashtra,Ahilyanagar,Sangamner,Onion,Red/Nasik,FAQ,2026-08-17,1943.54,2695.81,2189.19,236.1,snapshot,0,2026-10-06 20:03:59
Maharashtra,Solapur,Solapur,Onion,Red/Nasik,FAQ,2026-08-17,1925.95,2592.73,2162.52,295.4,snapshot,0,2026-10-06 20:03:59
Maharashtra,Nashik,Yeola,Onion,Red/Nasik,FAQ,2026-08-17,1815.22,2513.88,2094.45,234.0,snapshot,0,2026-10-06 20:03:59
Maharashtra,Pune,Khed(Chakan),Potato,Jyoti,FAQ,2026-08-17,1678.83,2135.3,1849.96,218.6,snapshot,0,2026-10-06 20:05:02
Maharashtra,Kolhapur,Kolhapur,Potato,Jyoti,FAQ,2026-08-17,1648.3,2033.65,1809.59,268.2,snapshot,0,2026-10-06 20:05:02
Maharashtra,Pune,Manchar,Potato,Jyoti,FAQ,2026-08-17,1793.4,2335.99,2037.65,492.8,snapshot,0,2026-10-06 20:05:02
Maharashtra,Mumbai,Mumbai,Potato,Jyoti,FAQ,2026-08-17,1728.38,2208.69,1963.99,352.0,snapshot,0,2026-10-06 20:05:02
Maharashtra,Pune,Narayangaon,Potato,Jyoti,FAQ,2026-08-17,1642.15,2084.03,1858.73,393.7,snapshot,0,2026-10-06 20:05:02
Maharashtra,Nashik,Nashik,Potato,Jyoti,FAQ,2026-08-17,1790.31,2297.43,2042.1,446.9,snapshot,0,2026-10-06 20:05:02
Maharashtra,Nashik,Pimpalgaon,Potato,Jyoti,FAQ,2026-08-17,1869.85,2415.12,2068.16,154.0,snapshot,0,2026-10-06 20:05:02
Maharashtra,Pune,Pune,Potato,Jyoti,FAQ,2026-08-17,1858.4,2291.75,2047.99,206.4,snapshot,0,2026-10-06 20:05:02
Maharashtra,Ahilyanagar,Ahmednagar,Red gram/Arhar/Tur(whole),White/Desi,FAQ,2026-08-17,9893.36,11108.54,10385.35,479.5,snapshot,0,2026-10-06 20:04:30
Maharashtra,Akola,Akola,Red gram/Arhar/Tur(whole),White/Desi,FAQ,2026-08-17,10012.31,11106.56,10482.84,441.1,snapshot,0,2026-10-06 20:04:30
Maharashtra,Amravati,Amravati,Red gram/Arhar/Tur(whole),White/Desi,FAQ,2026-08-17,9724.1,10824.02,10117.9,113.6,snapshot,0,2026-10-06 20:04:30
Maharashtra,Latur,Latur,Red gram/Arhar/Tur(whole),White/Desi,FAQ,2026-08-17,10181.36,10953.84,10517.57,122.5,snapshot,0,2026-10-06 20:04:30
Maharashtra,Solapur,Solapur,Red gram/Arhar/Tur(whole),White/Desi,FAQ,2026-08-17,10106.93,11068.82,10616.0,380.6,snapshot,0,2026-10-06 20:04:30
Maharashtra,Ahilyanagar,Ahmednagar,Soyabean,Yellow,FAQ,2026-08-17,4759.97,5097.42,4892.43,200.0,snapshot,0,2026-10-06 20:04:14
Maharashtra,Akola,Akola,Soyabean,Yellow,FAQ,2026-08-17,4704.34,4986.65,4836.26,81.5,snapshot,0,2026-10-06 20:04:15
Maharashtra,Amravati,Amravati,Soyabean,Yellow,FAQ,2026-08-17,4584.51,4905.54,4751.72,260.2,snapshot,0,2026-10-06 20:04:15
Maharashtra,Pune,Baramati,Soyabean,Yellow,FAQ,2026-08-17,4414.25,4730.31,4565.52,201.1,snapshot,0,2026-10-06 20:04:15
Maharashtra,Jalgaon,Jalgaon,Soyabean,Yellow,FAQ,2026-08-17,4464.82,4759.03,4613.4,279.9,snapshot,0,2026-10-06 20:04:15
Maharashtra,Latur,Latur,Soyabean,Yellow,FAQ,2026-08-17,4895.5,5302.4,5084.55,231.1,snapshot,0,2026-10-06 20:04:14
Maharashtra,Nagpur,Nagpur,Soyabean,Yellow,FAQ,2026-08-17,4503.41,4910.11,4697.81,391.2,snapshot,0,2026-10-06 20:04:15
Maharashtra,Pune,Pune,Soyabean,Yellow,FAQ,2026-08-17,4684.74,5083.27,4865.27,404.0,snapshot,0,2026-10-06 20:04:15
Maharashtra,Ahilyanagar,Rahata,Soyabean,Yellow,FAQ,2026-08-17,4533.93,4894.41,4673.44,109.2,snapshot,0,2026-10-06 20:04:15
Maharashtra,Ahilyanagar,Sangamner,Soyabean,Yellow,FAQ,2026-08-17,4469.83,4868.03,4660.02,447.4,snapshot,0,2026-10-06 20:04:15
Maharashtra,Solapur,Solapur,Soyabean,Yellow,FAQ,2026-08-17,4519.25,4884.26,4660.52,178.1,snapshot,0,2026-10-06 20:04:15
Maharashtra,Nashik,Yeola,Soyabean,Yellow,FAQ,2026-08-17,4553.38,4903.89,4731.5,118.4,snapshot,0,2026-10-06 20:04:15
Maharashtra,Pune,Baramati,Tomato,Hybrid,FAQ,2026-08-17,1865.75,2468.49,2043.56,397.0,snapshot,0,2026-10-06 20:03:43
Maharashtra,Pune,Khed(Chakan),Tomato,Hybrid,FAQ,2026-08-17,1549.31,2169.88,1744.11,301.5,snapshot,0,2026-10-06 20:03:43
Maharashtra,Kolhapur,Kolhapur,Tomato,Hybrid,FAQ,2026-08-17,1768.65,2284.64,1959.67,397.1,snapshot,0,2026-10-06 20:03:43
Maharashtra,Nashik,Lasalgaon,Tomato,Hybrid,FAQ,2026-08-17,1537.31,2036.51,1775.88,155.0,snapshot,0,2026-10-06 20:03:43
Maharashtra,Pune,Manchar,Tomato,Hybrid,FAQ,2026-08-17,1289.86,1881.56,1608.29,269.5,snapshot,0,2026-10-06 20:03:43
Maharashtra,Mumbai,Mumbai,Tomato,Hybrid,FAQ,2026-08-17,1627.87,2153.98,1804.78,268.1,snapshot,0,2026-10-06 20:03:43
Maharashtra,Nagpur,Nagpur,Tomato,Hybrid,FAQ,2026-08-17,1350.62,1900.79,1654.62,331.6,snapshot,0,2026-10-06 20:03:43
Maharashtra,Pune,Narayangaon,Tomato,Hybrid,FAQ,2026-08-17,1142.38,1743.77,1393.75,60.8,snapshot,0,2026-10-06 20:03:43
Maharashtra,Nashik,Nashik,Tomato,Hybrid,FAQ,2026-08-17,1692.93,2256.84,1996.99,451.0,snapshot,0,2026-10-06 20:03:43
Maharashtra,Nashik,Pimpalgaon,Tomato,Hybrid,FAQ,2026-08-17,1254.22,1915.38,1533.69,466.2,snapshot,0,2026-10-06 20:03:43
Maharashtra,Pune,Pune,Tomato,Hybrid,FAQ,2026-08-17,1368.05,1948.08,1685.09,263.6,snapshot,0,2026-10-06 20:03:43
Maharashtra,Ahilyanagar,Sangamner,Tomato,Hybrid,FAQ,2026-08-17,1574.71,2213.84,1888.5,316.8,snapshot,0,2026-10-06 20:03:43
Maharashtra,Ahilyanagar,Ahmednagar,Wheat,Lokwan,FAQ,2026-08-17,2655.01,2936.11,2741.58,43.7,snapshot,0,2026-10-06 20:05:18
Maharashtra,Akola,Akola,Wheat,Lokwan,FAQ,2026-08-17,2528.58,2875.3,2656.36,113.2,snapshot,0,2026-10-06 20:05:18
Maharashtra,Pune,Baramati,Wheat,Lokwan,FAQ,2026-08-17,2437.98,2744.74,2589.17,398.4,snapshot,0,2026-10-06 20:05:18
Maharashtra,Jalgaon,Jalgaon,Wheat,Lokwan,FAQ,2026-08-17,2550.73,2919.12,2699.42,50.5,snapshot,0,2026-10-06 20:05:18
Maharashtra,Kolhapur,Kolhapur,Wheat,Lokwan,FAQ,2026-08-17,2659.45,2923.39,2762.32,102.5,snapshot,0,2026-10-06 20:05:18
Maharashtra,Nashik,Lasalgaon,Wheat,Lokwan,FAQ,2026-08-17,2619.74,2873.01,2743.55,357.0,snapshot,0,2026-10-06 20:05:18
Maharashtra,Latur,Latur,Wheat,Lokwan,FAQ,2026-08-17,2656.65,2984.91,2777.0,190.6,snapshot,0,2026-10-06 20:05:18
Maharashtra,Mumbai,Mumbai,Wheat,Lokwan,FAQ,2026-08-17,2633.19,2911.81,2760.87,166.5,snapshot,0,2026-10-06 20:05:18
Maharashtra,Nagpur,Nagpur,Wheat,Lokwan,FAQ,2026-08-17,2595.06,2844.07,2714.04,224.0,snapshot,0,2026-10-06 20:05:18
Maharashtra,Nashik,Nashik,Wheat,Lokwan,FAQ,2026-08-17,2580.44,2880.69,2680.58,111.3,snapshot,0,2026-10-06 20:05:18
Maharashtra,Pune,Pune,Wheat,Lokwan,FAQ,2026-08-17,2556.21,2895.12,2711.82,248.7,snapshot,0,2026-10-06 20:05:18
Maharashtra,Ahilyanagar,Rahata,Wheat,Lokwan,FAQ,2026-08-17,2661.96,2925.17,2780.9,281.6,snapshot,0,2026-10-06 20:05:18
Maharashtra,Solapur,Solapur,Wheat,Lokwan,FAQ,2026-08-17,2760.35,3076.68,2870.49,232.9,snapshot,0,2026-10-06 20:05:18
Maharashtra,Nashik,Yeola,Wheat,Lokwan,FAQ,2026-08-17,2669.54,2922.62,2795.07,414.3,snapshot,0,2026-10-06 20:05:18
Maharashtra,Akola,Akola,Cotton,Medium Staple,FAQ,2026-08-15,6996.92,7543.78,7292.71,100.2,snapshot,0,2026-10-06 20:04:46
Maharashtra,Amravati,Amravati,Cotton,Medium Staple,FAQ,2026-08-15,7035.29,7744.22,7335.03,143.7,snapshot,0,2026-10-06 20:04:46
Maharashtra,Jalgaon,Jalgaon,Cotton,Medium Staple,FAQ,2026-08-15,7140.42,7666.06,7336.38,437.0,snapshot,0,2026-10-06 20:04:46
Maharashtra,Nagpur,Nagpur,Cotton,Medium Staple,FAQ,2026-08-15,6956.75,7675.85,7223.66,189.5,snapshot,0,2026-10-06 20:04:46
Maharashtra,Ahilyanagar,Ahmednagar,Onion,Red/Nasik,FAQ,2026-08-15,1938.42,2557.19,2202.58,495.0,snapshot,0,2026-10-06 20:03:59
Maharashtra,Pune,Baramati,Onion,Red/Nasik,FAQ,2026-08-15,2033.83,2842.53,2362.02,477.2,snapshot,0,2026-10-06 20:03:59
Maharashtra,Jalgaon,Jalgaon,Onion,Red/Nasik,FAQ,2026-08-15,2169.66,2743.47,2459.95,367.3,snapshot,0,2026-10-06 20:03:59
Maharashtra,Pune,Khed(Chakan),Onion,Red/Nasik,FAQ,2026-08-15,2077.98,2830.54,2460.88,473.3,snapshot,0,2026-10-06 20:03:59
Maharashtra,Kolhapur,Kolhapur,Onion,Red/Nasik,FAQ,2026-08-15,1995.27,2833.51,2375.45,427.6,snapshot,0,2026-10-06 20:03:59
Maharashtra,Nashik,Lasalgaon,Onion,Red/Nasik,FAQ,2026-08-15,2030.84,2833.67,2382.1,349.3,snapshot,0,2026-10-06 20:03:59
Maharashtra,Pune,Manchar,Onion,Red/Nasik,FAQ,2026-08-15,1829.45,2549.17,2138.74,499.4,snapshot,0,2026-10-06 20:03:59
Maharashtra,Mumbai,Mumbai,Onion,Red/Nasik,FAQ,2026-08-15,2018.47,2769.1,2281.81,111.0,snapshot,0,2026-10-06 20:03:59
Maharashtra,Pune,Narayangaon,Onion,Red/Nasik,FAQ,2026-08-15,2100.07,2701.98,2349.86,68.0,snapshot,0,2026-10-06 20:03:59
Maharashtra,Nashik,Nashik,Onion,Red/Nasik,FAQ,2026-08-15,1898.45,2442.26,2131.01,76.2,snapshot,0,2026-10-06 20:03:59
Maharashtra,Nashik,Pimpalgaon,Onion,Red/Nasik,FAQ,2026-08-15,2452.06,3294.99,2785.9,340.3,snapshot,0,2026-10-06 20:03:59
Maharashtra,Pune,Pune,Onion,Red/Nasik,FAQ,2026-08-15,2008.29,2833.48,2325.47,450.1,snapshot,0,2026-10-06 20:03:59
Maharashtra,Ahilyanagar,Rahata,Onion,Red/Nasik,FAQ,2026-08-15,1780.29,2494.77,2123.47,245.5,snapshot,0,2026-10-06 20:03:59
Maharashtra,Ahilyanagar,Sangamner,Onion,Red/Nasik,FAQ,2026-08-15,1896.89,2499.94,2143.06,246.0,snapshot,0,2026-10-06 20:03:59
Maharashtra,Solapur,Solapur,Onion,Red/Nasik,FAQ,2026-08-15,2003.31,2619.07,2227.48,458.5,snapshot,0,2026-10-06 20:03:59
Maharashtra,Nashik,Yeola,Onion,Red/Nasik,FAQ,2026-08-15,1750.0,2463.87,2056.08,417.8,snapshot,0,2026-10-06 20:03:59
Maharashtra,Pune,Khed(Chakan),Potato,Jyoti,FAQ,2026-08-15,1661.57,2216.09,1888.12,498.8,snapshot,0,2026-10-06 20:05:02
Maharashtra,Kolhapur,Kolhapur,Potato,Jyoti,FAQ,2026-08-15,1660.78,2218.03,1904.65,134.2,snapshot,0,2026-10-06 20:05:02
Maharashtra,Pune,Manchar,Potato,Jyoti,FAQ,2026-08-15,1838.54,2424.99,2037.62,452.6,snapshot,0,2026-10-06 20:05:02
Maharashtra,Mumbai,Mumbai,Potato,Jyoti,FAQ,2026-08-15,1780.28,2324.92,2002.68,301.0,snapshot,0,2026-10-06 20:05:02
Maharashtra,Pune,Narayangaon,Potato,Jyoti,FAQ,2026-08-15,1688.43,2242.76,1871.57,287.0,snapshot,0,2026-10-06 20:05:02
Maharashtra,Nashik,Nashik,Potato,Jyoti,FAQ,2026-08-15,1929.03,2490.88,2131.66,476.9,snapshot,0,2026-10-06 20:05:02
Maharashtra,Nashik,Pimpalgaon,Potato,Jyoti,FAQ,2026-08-15,1758.3,2274.97,1986.79,173.2,snapshot,0,2026-10-06 20:05:02
Maharashtra,Pune,Pune,Potato,Jyoti,FAQ,2026-08-15,1773.17,2360.12,2031.74,289.6,snapshot,0,2026-10-06 20:05:02
Maharashtra,Ahilyanagar,Ahmednagar,Red gram/Arhar/Tur(whole),White/Desi,FAQ,2026-08-15,9955.28,10918.01,10310.1,284.1,snapshot,0,2026-10-06 20:04:30
Maharashtra,Akola,Akola,Red gram/Arhar/Tur(whole),White/Desi,FAQ,2026-08-15,10173.0,11063.05,10485.46,184.3,snapshot,0,2026-10-06 20:04:30
Maharashtra,Amravati,Amravati,Red gram/Arhar/Tur(whole),White/Desi,FAQ,2026-08-15,9811.56,10634.12,10147.52,463.8,snapshot,0,2026-10-06 20:04:30
Maharashtra,Latur,Latur,Red gram/Arhar/Tur(whole),White/Desi,FAQ,2026-08-15,10090.11,11019.58,10530.26,418.3,snapshot,0,2026-10-06 20:04:30
Maharashtra,Solapur,Solapur,Red gram/Arhar/Tur(whole),White/Desi,FAQ,2026-08-15,9975.12,10946.28,10453.15,323.5,snapshot,0,2026-10-06 20:04:30
Maharashtra,Ahilyanagar,Ahmednagar,Soyabean,Yellow,FAQ,2026-08-15,4772.03,5085.36,4893.63,64.0,snapshot,0,2026-10-06 20:04:14
Maharashtra,Akola,Akola,Soyabean,Yellow,FAQ,2026-08-15,4729.61,5053.46,4835.78,461.4,snapshot,0,2026-10-06 20:04:15
Maharashtra,Amravati,Amravati,Soyabean,Yellow,FAQ,2026-08-15,4565.21,4959.21,4750.69,99.4,snapshot,0,2026-10-06 20:04:15
Maharashtra,Pune,Baramati,Soyabean,Yellow,FAQ,2026-08-15,4413.73,4685.19,4543.36,326.6,snapshot,0,2026-10-06 20:04:15
Maharashtra,Jalgaon,Jalgaon,Soyabean,Yellow,FAQ,2026-08-15,4425.79,4767.74,4614.16,261.4,snapshot,0,2026-10-06 20:04:15
Maharashtra,Latur,Latur,Soyabean,Yellow,FAQ,2026-08-15,4981.62,5269.6,5086.95,494.3,snapshot,0,2026-10-06 20:04:14
Maharashtra,Nagpur,Nagpur,Soyabean,Yellow,FAQ,2026-08-15,4524.13,4890.19,4703.31,57.5,snapshot,0,2026-10-06 20:04:15
Maharashtra,Pune,Pune,Soyabean,Yellow,FAQ,2026-08-15,4600.94,4883.06,4739.68,468.2,snapshot,0,2026-10-06 20:04:15
Maharashtra,Ahilyanagar,Rahata,Soyabean,Yellow,FAQ,2026-08-15,4504.06,4937.44,4679.75,284.6,snapshot,0,2026-10-06 20:04:15
Maharashtra,Ahilyanagar,Sangamner,Soyabean,Yellow,FAQ,2026-08-15,4557.91,4926.56,4679.28,486.3,snapshot,0,2026-10-06 20:04:15
Maharashtra,Solapur,Solapur,Soyabean,Yellow,FAQ,2026-08-15,4450.74,4831.96,4641.33,204.5,snapshot,0,2026-10-06 20:04:15
Maharashtra,Nashik,Yeola,Soyabean,Yellow,FAQ,2026-08-15,4555.93,4847.2,4667.68,321.9,snapshot,0,2026-10-06 20:04:15
Maharashtra,Pune,Baramati,Tomato,Hybrid,FAQ,2026-08-15,1786.99,2382.29,2057.69,125.3,snapshot,0,2026-10-06 20:03:43
Maharashtra,Pune,Khed(Chakan),Tomato,Hybrid,FAQ,2026-08-15,1473.28,2247.18,1794.93,469.6,snapshot,0,2026-10-06 20:03:43
Maharashtra,Kolhapur,Kolhapur,Tomato,Hybrid,FAQ,2026-08-15,1757.39,2359.31,1992.19,411.9,snapshot,0,2026-10-06 20:03:43
Maharashtra,Nashik,Lasalgaon,Tomato,Hybrid,FAQ,2026-08-15,1539.77,2118.44,1718.58,489.9,snapshot,0,2026-10-06 20:03:43
Maharashtra,Pune,Manchar,Tomato,Hybrid,FAQ,2026-08-15,1404.17,2034.6,1694.99,342.9,snapshot,0,2026-10-06 20:03:43
Maharashtra,Mumbai,Mumbai,Tomato,Hybrid,FAQ,2026-08-15,1504.5,2089.88,1778.57,226.2,snapshot,0,2026-10-06 20:03:43
Maharashtra,Nagpur,Nagpur,Tomato,Hybrid,FAQ,2026-08-15,1395.88,1948.03,1679.58,256.9,snapshot,0,2026-10-06 20:03:43
Maharashtra,Pune,Narayangaon,Tomato,Hybrid,FAQ,2026-08-15,1130.14,1849.52,1445.98,131.6,snapshot,0,2026-10-06 20:03:43
Maharashtra,Nashik,Nashik,Tomato,Hybrid,FAQ,2026-08-15,1692.94,2266.0,1923.5,331.4,snapshot,0,2026-10-06 20:03:43
Maharashtra,Nashik,Pimpalgaon,Tomato,Hybrid,FAQ,2026-08-15,1335.08,1934.13,1586.52,356.7,snapshot,0,2026-10-06 20:03:43
Maharashtra,Pune,Pune,Tomato,Hybrid,FAQ,2026-08-15,1571.35,2049.64,1792.48,443.9,snapshot,0,2026-10-06 20:03:43
Maharashtra,Ahilyanagar,Sangamner,Tomato,Hybrid,FAQ,2026-08-15,1697.43,2321.96,1998.04,278.7,snapshot,0,2026-10-06 20:03:43
Maharashtra,Ahilyanagar,Ahmednagar,Wheat,Lokwan,FAQ,2026-08-15,2620.26,2962.24,2764.84,443.7,snapshot,0,2026-10-06 20:05:18
Maharashtra,Akola,Akola,Wheat,Lokwan,FAQ,2026-08-15,2544.44,2858.62,2681.89,213.9,snapshot,0,2026-10-06 20:05:18
Maharashtra,Pune,Baramati,Wheat,Lokwan,FAQ,2026-08-15,2454.56,2797.31,2570.46,451.3,snapshot,0,2026-10-06 20:05:18
Maharashtra,Jalgaon,Jalgaon,Wheat,Lokwan,FAQ,2026-08-15,2584.45,2828.88,2680.19,374.9,snapshot,0,2026-10-06 20:05:18
Maharashtra,Kolhapur,Kolhapur,Wheat,Lokwan,FAQ,2026-08-15,2647.31,2949.62,2769.53,72.2,snapshot,0,2026-10-06 20:05:18
Maharashtra,Nashik,Lasalgaon,Wheat,Lokwan,FAQ,2026-08-15,2604.89,2889.38,2753.31,88.0,snapshot,0,2026-10-06 20:05:18
Maharashtra,Latur,Latur,Wheat,Lokwan,FAQ,2026-08-15,2655.78,3033.79,2808.63,321.5,snapshot,0,2026-10-06 20:05:18
Maharashtra,Mumbai,Mumbai,Wheat,Lokwan,FAQ,2026-08-15,2642.55,2923.03,2737.11,218.3,snapshot,0,2026-10-06 20:05:18
Maharashtra,Nagpur,Nagpur,Wheat,Lokwan,FAQ,2026-08-15,2560.99,2941.11,2714.48,106.0,snapshot,0,2026-10-06 20:05:18
Maharashtra,Nashik,Nashik,Wheat,Lokwan,FAQ,2026-08-15,2578.33,2828.15,2665.24,253.2,snapshot,0,2026-10-06 20:05:18
Maharashtra,Pune,Pune,Wheat,Lokwan,FAQ,2026-08-15,2575.45,2890.25,2705.03,189.6,snapshot,0,2026-10-06 20:05:18
Maharashtra,Ahilyanagar,Rahata,Wheat,Lokwan,FAQ,2026-08-15,2634.72,2907.78,2741.35,438.1,snapshot,0,2026-10-06 20:05:18
Maharashtra,Solapur,Solapur,Wheat,Lokwan,FAQ,2026-08-15,2789.27,3020.95,2884.3,289.4,snapshot,0,2026-10-06 20:05:18
Maharashtra,Nashik,Yeola,Wheat,Lokwan,FAQ,2026-08-15,2668.87,3006.79,2777.93,487.0,snapshot,0,2026-10-06 20:05:18
Maharashtra,Akola,Akola,Cotton,Medium Staple,FAQ,2026-08-14,6978.23,7580.4,7270.61,186.7,snapshot,0,2026-10-06 20:04:46
Maharashtra,Amravati,Amravati,Cotton,Medium Staple,FAQ,2026-08-14,7205.06,7701.62,7380.27,257.9,snapshot,0,2026-10-06 20:04:46
Maharashtra,Jalgaon,Jalgaon,Cotton,Medium Staple,FAQ,2026-08-14,7110.65,7656.17,7352.05,114.7,snapshot,0,2026-10-06 20:04:46
Maharashtra,Nagpur,Nagpur,Cotton,Medium Staple,FAQ,2026-08-14,6864.53,7466.23,7152.96,68.0,snapshot,0,2026-10-06 20:04:46
Maharashtra,Ahilyanagar,Ahmednagar,Onion,Red/Nasik,FAQ,2026-08-14,1902.09,2644.24,2245.37,142.8,snapshot,0,2026-10-06 20:03:59
Maharashtra,Pune,Baramati,Onion,Red/Nasik,FAQ,2026-08-14,2003.85,2591.18,2264.84,50.9,snapshot,0,2026-10-06 20:03:59
Maharashtra,Jalgaon,Jalgaon,Onion,Red/Nasik,FAQ,2026-08-14,1993.75,2747.13,2324.3,308.1,snapshot,0,2026-10-06 20:03:59
Maharashtra,Pune,Khed(Chakan),Onion,Red/Nasik,FAQ,2026-08-14,2090.54,2906.26,2406.13,396.2,snapshot,0,2026-10-06 20:03:59
Maharashtra,Kolhapur,Kolhapur,Onion,Red/Nasik,FAQ,2026-08-14,2043.62,2772.65,2413.79,366.6,snapshot,0,2026-10-06 20:03:59
Maharashtra,Nashik,Lasalgaon,Onion,Red/Nasik,FAQ,2026-08-14,2086.72,2817.7,2409.71,314.0,snapshot,0,2026-10-06 20:03:59
Maharashtra,Pune,Manchar,Onion,Red/Nasik,FAQ,2026-08-14,2012.38,2647.64,2227.99,226.4,snapshot,0,2026-10-06 20:03:59
Maharashtra,Mumbai,Mumbai,Onion,Red/Nasik,FAQ,2026-08-14,1973.57,2811.21,2329.52,182.4,snapshot,0,2026-10-06 20:03:59
Maharashtra,Pune,Narayangaon,Onion,Red/Nasik,FAQ,2026-08-14,1973.36,2661.38,2304.42,178.8,snapshot,0,2026-10-06 20:03:59
Maharashtra,Nashik,Nashik,Onion,Red/Nasik,FAQ,2026-08-14,1741.35,2431.34,2097.97,434.1,snapshot,0,2026-10-06 20:03:59
Maharashtra,Nashik,Pimpalgaon,Onion,Red/Nasik,FAQ,2026-08-14,2481.96,3181.78,2804.82,55.6,snapshot,0,2026-10-06 20:03:59
Maharashtra,Pune,Pune,Onion,Red/Nasik,FAQ,2026-08-14,2045.21,2797.46,2407.91,408.7,snapshot,0,2026-10-06 20:03:59
Maharashtra,Ahilyanagar,Rahata,Onion,Red/Nasik,FAQ,2026-08-14,1908.16,2677.5,2197.3,212.6,snapshot,0,2026-10-06 20:03:59
Maharashtra,Ahilyanagar,Sangamner,Onion,Red/Nasik,FAQ,2026-08-14,1882.49,2605.43,2187.41,284.7,snapshot,0,2026-10-06 20:03:59
Maharashtra,Solapur,Solapur,Onion,Red/Nasik,FAQ,2026-08-14,2017.86,2589.41,2274.84,51.6,snapshot,0,2026-10-06 20:03:59
Maharashtra,Nashik,Yeola,Onion,Red/Nasik,FAQ,2026-08-14,1745.31,2536.65,2099.7,153.1,snapshot,0,2026-10-06 20:03:59
Maharashtra,Pune,Khed(Chakan),Potato,Jyoti,FAQ,2026-08-14,1674.2,2265.28,1910.85,316.0,snapshot,0,2026-10-06 20:05:02
Maharashtra,Kolhapur,Kolhapur,Potato,Jyoti,FAQ,2026-08-14,1692.83,2245.69,1903.32,258.3,snapshot,0,2026-10-06 20:05:02
Maharashtra,Pune,Manchar,Potato,Jyoti,FAQ,2026-08-14,1862.55,2401.73,2094.26,59.4,snapshot,0,2026-10-06 20:05:02
Maharashtra,Mumbai,Mumbai,Potato,Jyoti,FAQ,2026-08-14,1777.99,2281.15,2022.37,51.3,snapshot,0,2026-10-06 20:05:02
Maharashtra,Pune,Narayangaon,Potato,Jyoti,FAQ,2026-08-14,1729.38,2305.84,1930.17,358.2,snapshot,0,2026-10-06 20:05:02
Maharashtra,Nashik,Nashik,Potato,Jyoti,FAQ,2026-08-14,1922.12,2384.33,2149.03,91.5,snapshot,0,2026-10-06 20:05:02
Maharashtra,Nashik,Pimpalgaon,Potato,Jyoti,FAQ,2026-08-14,1808.67,2293.33,2040.76,352.0,snapshot,0,2026-10-06 20:05:02
Maharashtra,Pune,Pune,Potato,Jyoti,FAQ,2026-08-14,1898.49,2344.42,2076.23,486.3,snapshot,0,2026-10-06 20:05:02
Maharashtra,Ahilyanagar,Ahmednagar,Red gram/Arhar/Tur(whole),White/Desi,FAQ,2026-08-14,10074.38,11004.18,10382.53,213.6,snapshot,0,2026-10-06 20:04:30
Maharashtra,Akola,Akola,Red gram/Arhar/Tur(whole),White/Desi,FAQ,2026-08-14,10001.35,10898.96,10449.02,121.5,snapshot,0,2026-10-06 20:04:30
Maharashtra,Amravati,Amravati,Red gram/Arhar/Tur(whole),White/Desi,FAQ,2026-08-14,9766.31,10693.94,10198.63,475.9,snapshot,0,2026-10-06 20:04:30
Maharashtra,Latur,Latur,Red gram/Arhar/Tur(whole),White/Desi,FAQ,2026-08-14,9992.72,10885.38,10406.23,379.9,snapshot,0,2026-10-06 20:04:30
Maharashtra,Solapur,Solapur,Red gram/Arhar/Tur(whole),White/Desi,FAQ,2026-08-14,10101.48,11037.23,10417.89,185.7,snapshot,0,2026-10-06 20:04:30
Maharashtra,Ahilyanagar,Ahmednagar,Soyabean,Yellow,FAQ,2026-08-14,4725.72,5118.83,4875.3,216.9,snapshot,0,2026-10-06 20:04:14
Maharashtra,Akola,Akola,Soyabean,Yellow,FAQ,2026-08-14,4716.08,5117.0,4860.31,347.5,snapshot,0,2026-10-06 20:04:15
Maharashtra,Amravati,Amravati,Soyabean,Yellow,FAQ,2026-08-14,4566.36,4920.94,4748.59,154.6,snapshot,0,2026-10-06 20:04:15
Maharashtra,Pune,Baramati,Soyabean,Yellow,FAQ,2026-08-14,4388.57,4696.77,4518.47,242.9,snapshot,0,2026-10-06 20:04:15
Maharashtra,Jalgaon,Jalgaon,Soyabean,Yellow,FAQ,2026-08-14,4504.23,4820.16,4665.76,350.7,snapshot,0,2026-10-06 20:04:15
Maharashtra,Latur,Latur,Soyabean,Yellow,FAQ,2026-08-14,4917.03,5273.98,5056.88,131.6,snapshot,0,2026-10-06 20:04:14
Maharashtra,Nagpur,Nagpur,Soyabean,Yellow,FAQ,2026-08-14,4502.21,4835.26,4679.07,443.1,snapshot,0,2026-10-06 20:04:15
Maharashtra,Pune,Pune,Soyabean,Yellow,FAQ,2026-08-14,4623.29,4877.08,4730.69,270.9,snapshot,0,2026-10-06 20:04:15
Maharashtra,Ahilyanagar,Rahata,Soyabean,Yellow,FAQ,2026-08-14,4578.23,4913.61,4716.78,194.1,snapshot,0,2026-10-06 20:04:15
Maharashtra,Ahilyanagar,Sangamner,Soyabean,Yellow,FAQ,2026-08-14,4518.62,4847.99,4625.42,416.3,snapshot,0,2026-10-06 20:04:15
Maharashtra,Solapur,Solapur,Soyabean,Yellow,FAQ,2026-08-14,4490.17,4768.36,4606.07,397.0,snapshot,0,2026-10-06 20:04:15
Maharashtra,Nashik,Yeola,Soyabean,Yellow,FAQ,2026-08-14,4404.52,4758.8,4587.64,401.1,snapshot,0,2026-10-06 20:04:15
Maharashtra,Pune,Baramati,Tomato,Hybrid,FAQ,2026-08-14,1878.83,2384.17,2077.08,161.1,snapshot,0,2026-10-06 20:03:43
Maharashtra,Pune,Khed(Chakan),Tomato,Hybrid,FAQ,2026-08-14,1627.52,2145.43,1876.75,269.8,snapshot,0,2026-10-06 20:03:43
Maharashtra,Kolhapur,Kolhapur,Tomato,Hybrid,FAQ,2026-08-14,1682.9,2232.89,1927.21,250.8,snapshot,0,2026-10-06 20:03:43
Maharashtra,Nashik,Lasalgaon,Tomato,Hybrid,FAQ,2026-08-14,1374.35,1862.76,1616.68,129.5,snapshot,0,2026-10-06 20:03:43
Maharashtra,Pune,Manchar,Tomato,Hybrid,FAQ,2026-08-14,1440.72,1963.92,1631.88,466.2,snapshot,0,2026-10-06 20:03:43
Maharashtra,Mumbai,Mumbai,Tomato,Hybrid,FAQ,2026-08-14,1532.57,2004.96,1725.65,143.7,snapshot,0,2026-10-06 20:03:43
Maharashtra,Nagpur,Nagpur,Tomato,Hybrid,FAQ,2026-08-14,1381.69,2070.69,1661.3,359.1,snapshot,0,2026-10-06 20:03:43
Maharashtra,Pune,Narayangaon,Tomato,Hybrid,FAQ,2026-08-14,1213.19,1855.78,1406.01,221.2,snapshot,0,2026-10-06 20:03:43
Maharashtra,Nashik,Nashik,Tomato,Hybrid,FAQ,2026-08-14,1809.46,2459.78,2052.69,442.1,snapshot,0,2026-10-06 20:03:43
Maharashtra,Nashik,Pimpalgaon,Tomato,Hybrid,FAQ,2026-08-14,1252.81,1793.56,1456.94,157.4,snapshot,0,2026-10-06 20:03:43
Maharashtra,Pune,Pune,Tomato,Hybrid,FAQ,2026-08-14,1457.14,1929.85,1680.76,467.4,snapshot,0,2026-10-06 20:03:43
Maharashtra,Ahilyanagar,Sangamner,Tomato,Hybrid,FAQ,2026-08-14,1761.98,2303.65,2036.82,399.2,snapshot,0,2026-10-06 20:03:43
Maharashtra,Ahilyanagar,Ahmednagar,Wheat,Lokwan,FAQ,2026-08-14,2610.31,2933.69,2760.89,468.9,snapshot,0,2026-10-06 20:05:18
Maharashtra,Akola,Akola,Wheat,Lokwan,FAQ,2026-08-14,2556.55,2842.82,2652.21,231.2,snapshot,0,2026-10-06 20:05:18
Maharashtra,Pune,Baramati,Wheat,Lokwan,FAQ,2026-08-14,2451.58,2796.6,2587.93,444.9,snapshot,0,2026-10-06 20:05:18
Maharashtra,Jalgaon,Jalgaon,Wheat,Lokwan,FAQ,2026-08-14,2488.95,2822.5,2634.52,90.4,snapshot,0,2026-10-06 20:05:18
Maharashtra,Kolhapur,Kolhapur,Wheat,Lokwan,FAQ,2026-08-14,2617.49,2987.28,2756.72,108.7,snapshot,0,2026-10-06 20:05:18
Maharashtra,Nashik,Lasalgaon,Wheat,Lokwan,FAQ,2026-08-14,2655.03,2923.85,2777.51,90.0,snapshot,0,2026-10-06 20:05:18
Maharashtra,Latur,Latur,Wheat,Lokwan,FAQ,2026-08-14,2675.48,2933.12,2782.74,445.9,snapshot,0,2026-10-06 20:05:18
Maharashtra,Mumbai,Mumbai,Wheat,Lokwan,FAQ,2026-08-14,2627.32,2852.75,2713.96,249.2,snapshot,0,2026-10-06 20:05:18
Maharashtra,Nagpur,Nagpur,Wheat,Lokwan,FAQ,2026-08-14,2616.85,2897.02,2707.1,215.9,snapshot,0,2026-10-06 20:05:18
Maharashtra,Nashik,Nashik,Wheat,Lokwan,FAQ,2026-08-14,2547.17,2899.23,2685.64,322.4,snapshot,0,2026-10-06 20:05:18
Maharashtra,Pune,Pune,Wheat,Lokwan,FAQ,2026-08-14,2597.72,2821.74,2687.01,319.8,snapshot,0,2026-10-06 20:05:18
Maharashtra,Ahilyanagar,Rahata,Wheat,Lokwan,FAQ,2026-08-14,2585.23,2858.16,2713.76,198.3,snapshot,0,2026-10-06 20:05:18
Maharashtra,Solapur,Solapur,Wheat,Lokwan,FAQ,2026-08-14,2738.58,3079.74,2862.54,140.7,snapshot,0,2026-10-06 20:05:18
Maharashtra,Nashik,Yeola,Wheat,Lokwan,FAQ,2026-08-14,2614.65,2940.52,2769.14,291.2,snapshot,0,2026-10-06 20:05:18
Maharashtra,Akola,Akola,Cotton,Medium Staple,FAQ,2026-08-13,6961.53,7619.94,7187.52,302.8,snapshot,0,2026-10-06 20:04:46
Maharashtra,Amravati,Amravati,Cotton,Medium Staple,FAQ,2026-08-13,7143.32,7701.5,7346.84,319.6,snapshot,0,2026-10-06 20:04:46
Maharashtra,Jalgaon,Jalgaon,Cotton,Medium Staple,FAQ,2026-08-13,7180.47,7645.97,7397.44,267.8,snapshot,0,2026-10-06 20:04:46
Maharashtra,Nagpur,Nagpur,Cotton,Medium Staple,FAQ,2026-08-13,6937.54,7509.07,7145.88,381.1,snapshot,0,2026-10-06 20:04:46
Maharashtra,Ahilyanagar,Ahmednagar,Onion,Red/Nasik,FAQ,2026-08-13,2101.29,2650.05,2320.83,106.3,snapshot,0,2026-10-06 20:03:59
Maharashtra,Pune,Baramati,Onion,Red/Nasik,FAQ,2026-08-13,2036.18,2651.91,2264.88,140.9,snapshot,0,2026-10-06 20:03:59
Maharashtra,Jalgaon,Jalgaon,Onion,Red/Nasik,FAQ,2026-08-13,2045.06,2744.87,2288.0,484.8,snapshot,0,2026-10-06 20:03:59
Maharashtra,Pune,Khed(Chakan),Onion,Red/Nasik,FAQ,2026-08-13,2161.46,2881.09,2523.43,50.1,snapshot,0,2026-10-06 20:03:59
Maharashtra,Kolhapur,Kolhapur,Onion,Red/Nasik,FAQ,2026-08-13,2134.26,2935.69,2445.25,419.0,snapshot,0,2026-10-06 20:03:59
Maharashtra,Nashik,Lasalgaon,Onion,Red/Nasik,FAQ,2026-08-13,2035.54,2839.3,2423.56,451.4,snapshot,0,2026-10-06 20:03:59
Maharashtra,Pune,Manchar,Onion,Red/Nasik,FAQ,2026-08-13,2015.43,2523.47,2239.0,273.3,snapshot,0,2026-10-06 20:03:59
Maharashtra,Mumbai,Mumbai,Onion,Red/Nasik,FAQ,2026-08-13,2067.37,2792.22,2279.54,227.9,snapshot,0,2026-10-06 20:03:59
Maharashtra,Pune,Narayangaon,Onion,Red/Nasik,FAQ,2026-08-13,1869.1,2567.31,2210.77,315.0,snapshot,0,2026-10-06 20:03:59
Maharashtra,Nashik,Nashik,Onion,Red/Nasik,FAQ,2026-08-13,1866.71,2588.65,2138.28,53.2,snapshot,0,2026-10-06 20:03:59
Maharashtra,Nashik,Pimpalgaon,Onion,Red/Nasik,FAQ,2026-08-13,2453.46,3202.89,2780.48,486.1,snapshot,0,2026-10-06 20:03:59
Maharashtra,Pune,Pune,Onion,Red/Nasik,FAQ,2026-08-13,1995.65,2590.93,2298.88,154.6,snapshot,0,2026-10-06 20:03:59
Maharashtra,Ahilyanagar,Rahata,Onion,Red/Nasik,FAQ,2026-08-13,1933.87,2520.78,2207.83,453.5,snapshot,0,2026-10-06 20:03:59
Maharashtra,Ahilyanagar,Sangamner,Onion,Red/Nasik,FAQ,2026-08-13,1898.78,2641.59,2202.35,187.5,snapshot,0,2026-10-06 20:03:59
Maharashtra,Solapur,Solapur,Onion,Red/Nasik,FAQ,2026-08-13,1895.69,2658.29,2181.83,45.0,snapshot,0,2026-10-06 20:03:59
Maharashtra,Nashik,Yeola,Onion,Red/Nasik,FAQ,2026-08-13,1770.01,2524.96,2054.52,193.4,snapshot,0,2026-10-06 20:03:59
Maharashtra,Pune,Khed(Chakan),Potato,Jyoti,FAQ,2026-08-13,1766.54,2272.32,1924.53,453.9,snapshot,0,2026-10-06 20:05:02
Maharashtra,Kolhapur,Kolhapur,Potato,Jyoti,FAQ,2026-08-13,1683.53,2221.53,1913.61,254.2,snapshot,0,2026-10-06 20:05:02
Maharashtra,Pune,Manchar,Potato,Jyoti,FAQ,2026-08-13,1830.34,2380.86,2051.44,322.4,snapshot,0,2026-10-06 20:05:02
Maharashtra,Mumbai,Mumbai,Potato,Jyoti,FAQ,2026-08-13,1771.42,2314.62,2001.13,286.8,snapshot,0,2026-10-06 20:05:02
Maharashtra,Pune,Narayangaon,Potato,Jyoti,FAQ,2026-08-13,1684.26,2239.4,1943.14,224.4,snapshot,0,2026-10-06 20:05:02
Maharashtra,Nashik,Nashik,Potato,Jyoti,FAQ,2026-08-13,1920.77,2365.92,2139.66,473.9,snapshot,0,2026-10-06 20:05:02
Maharashtra,Nashik,Pimpalgaon,Potato,Jyoti,FAQ,2026-08-13,1888.64,2269.18,2031.18,270.0,snapshot,0,2026-10-06 20:05:02
Maharashtra,Pune,Pune,Potato,Jyoti,FAQ,2026-08-13,1762.69,2309.34,2000.32,249.2,snapshot,0,2026-10-06 20:05:02
Maharashtra,Ahilyanagar,Ahmednagar,Red gram/Arhar/Tur(whole),White/Desi,FAQ,2026-08-13,9945.86,10923.17,10385.42,270.2,snapshot,0,2026-10-06 20:04:30
Maharashtra,Akola,Akola,Red gram/Arhar/Tur(whole),White/Desi,FAQ,2026-08-13,10203.19,11253.63,10539.3,468.8,snapshot,0,2026-10-06 20:04:30
Maharashtra,Amravati,Amravati,Red gram/Arhar/Tur(whole),White/Desi,FAQ,2026-08-13,9856.15,11031.25,10285.89,222.7,snapshot,0,2026-10-06 20:04:30
Maharashtra,Latur,Latur,Red gram/Arhar/Tur(whole),White/Desi,FAQ,2026-08-13,9951.6,11155.21,10398.73,386.5,snapshot,0,2026-10-06 20:04:30
Maharashtra,Solapur,Solapur,Red gram/Arhar/Tur(whole),White/Desi,FAQ,2026-08-13,10152.39,11115.35,10496.41,426.8,snapshot,0,2026-10-06 20:04:30
Maharashtra,Ahilyanagar,Ahmednagar,Soyabean,Yellow,FAQ,2026-08-13,4718.39,5004.48,4830.99,320.5,snapshot,0,2026-10-06 20:04:15
Maharashtra,Akola,Akola,Soyabean,Yellow,FAQ,2026-08-13,4781.89,5035.95,4893.6,357.0,snapshot,0,2026-10-06 20:04:14
Maharashtra,Amravati,Amravati,Soyabean,Yellow,FAQ,2026-08-13,4602.22,4987.67,4755.21,280.3,snapshot,0,2026-10-06 20:04:15
Maharashtra,Pune,Baramati,Soyabean,Yellow,FAQ,2026-08-13,4341.73,4705.53,4527.02,128.6,snapshot,0,2026-10-06 20:04:15
Maharashtra,Jalgaon,Jalgaon,Soyabean,Yellow,FAQ,2026-08-13,4480.89,4827.03,4660.13,129.3,snapshot,0,2026-10-06 20:04:15
Maharashtra,Latur,Latur,Soyabean,Yellow,FAQ,2026-08-13,4821.77,5208.26,5008.93,394.6,snapshot,0,2026-10-06 20:04:14
Maharashtra,Nagpur,Nagpur,Soyabean,Yellow,FAQ,2026-08-13,4514.37,4898.29,4677.99,174.9,snapshot,0,2026-10-06 20:04:15
Maharashtra,Pune,Pune,Soyabean,Yellow,FAQ,2026-08-13,4569.38,4888.5,4694.36,200.8,snapshot,0,2026-10-06 20:04:15
Maharashtra,Ahilyanagar,Rahata,Soyabean,Yellow,FAQ,2026-08-13,4497.66,4893.28,4656.99,247.1,snapshot,0,2026-10-06 20:04:15
Maharashtra,Ahilyanagar,Sangamner,Soyabean,Yellow,FAQ,2026-08-13,4502.82,4827.63,4642.11,118.4,snapshot,0,2026-10-06 20:04:15
Maharashtra,Solapur,Solapur,Soyabean,Yellow,FAQ,2026-08-13,4424.61,4745.73,4602.91,54.3,snapshot,0,2026-10-06 20:04:15
Maharashtra,Nashik,Yeola,Soyabean,Yellow,FAQ,2026-08-13,4418.74,4863.75,4605.0,469.7,snapshot,0,2026-10-06 20:04:15
Maharashtra,Pune,Baramati,Tomato,Hybrid,FAQ,2026-08-13,1626.3,2299.92,1938.47,71.7,snapshot,0,2026-10-06 20:03:43
Maharashtra,Pune,Khed(Chakan),Tomato,Hybrid,FAQ,2026-08-13,1764.4,2381.15,1947.59,479.1,snapshot,0,2026-10-06 20:03:43
Maharashtra,Kolhapur,Kolhapur,Tomato,Hybrid,FAQ,2026-08-13,1644.6,2362.77,1939.9,91.8,snapshot,0,2026-10-06 20:03:43
Maharashtra,Nashik,Lasalgaon,Tomato,Hybrid,FAQ,2026-08-13,1570.69,2082.74,1779.37,233.2,snapshot,0,2026-10-06 20:03:43
Maharashtra,Pune,Manchar,Tomato,Hybrid,FAQ,2026-08-13,1416.24,2068.9,1659.8,369.7,snapshot,0,2026-10-06 20:03:43
Maharashtra,Mumbai,Mumbai,Tomato,Hybrid,FAQ,2026-08-13,1515.37,2169.83,1727.56,265.7,snapshot,0,2026-10-06 20:03:43
Maharashtra,Nagpur,Nagpur,Tomato,Hybrid,FAQ,2026-08-13,1512.45,2139.27,1729.14,413.4,snapshot,0,2026-10-06 20:03:43
Maharashtra,Pune,Narayangaon,Tomato,Hybrid,FAQ,2026-08-13,1172.14,1841.81,1389.1,353.0,snapshot,0,2026-10-06 20:03:43
Maharashtra,Nashik,Nashik,Tomato,Hybrid,FAQ,2026-08-13,1638.21,2343.83,1941.9,51.2,snapshot,0,2026-10-06 20:03:43
Maharashtra,Nashik,Pimpalgaon,Tomato,Hybrid,FAQ,2026-08-13,1109.64,1748.69,1422.88,300.2,snapshot,0,2026-10-06 20:03:43
Maharashtra,Pune,Pune,Tomato,Hybrid,FAQ,2026-08-13,1490.91,2139.07,1782.7,40.3,snapshot,0,2026-10-06 20:03:43
Maharashtra,Ahilyanagar,Sangamner,Tomato,Hybrid,FAQ,2026-08-13,1747.89,2308.24,1959.3,311.9,snapshot,0,2026-10-06 20:03:43
Maharashtra,Ahilyanagar,Ahmednagar,Wheat,Lokwan,FAQ,2026-08-13,2646.18,2988.47,2786.13,184.8,snapshot,0,2026-10-06 20:05:18
Maharashtra,Akola,Akola,Wheat,Lokwan,FAQ,2026-08-13,2538.71,2765.89,2632.22,50.5,snapshot,0,2026-10-06 20:05:18
Maharashtra,Pune,Baramati,Wheat,Lokwan,FAQ,2026-08-13,2513.17,2765.99,2605.69,444.6,snapshot,0,2026-10-06 20:05:18
Maharashtra,Jalgaon,Jalgaon,Wheat,Lokwan,FAQ,2026-08-13,2459.73,2805.85,2610.15,414.7,snapshot,0,2026-10-06 20:05:18
Maharashtra,Kolhapur,Kolhapur,Wheat,Lokwan,FAQ,2026-08-13,2626.06,2938.49,2757.05,314.4,snapshot,0,2026-10-06 20:05:18
Maharashtra,Nashik,Lasalgaon,Wheat,Lokwan,FAQ,2026-08-13,2655.42,2958.04,2809.99,219.7,snapshot,0,2026-10-06 20:05:18
Maharashtra,Latur,Latur,Wheat,Lokwan,FAQ,2026-08-13,2703.6,2951.27,2801.86,226.3,snapshot,0,2026-10-06 20:05:18
Maharashtra,Mumbai,Mumbai,Wheat,Lokwan,FAQ,2026-08-13,2593.78,2913.85,2705.72,484.2,snapshot,0,2026-10-06 20:05:18
Maharashtra,Nagpur,Nagpur,Wheat,Lokwan,FAQ,2026-08-13,2578.96,2830.81,2672.64,253.3,snapshot,0,2026-10-06 20:05:18
Maharashtra,Nashik,Nashik,Wheat,Lokwan,FAQ,2026-08-13,2559.86,2864.97,2678.16,234.6,snapshot,0,2026-10-06 20:05:18
Maharashtra,Pune,Pune,Wheat,Lokwan,FAQ,2026-08-13,2550.47,2862.82,2683.87,458.5,snapshot,0,2026-10-06 20:05:18
Maharashtra,Ahilyanagar,Rahata,Wheat,Lokwan,FAQ,2026-08-13,2533.78,2905.03,2671.45,226.7,snapshot,0,2026-10-06 20:05:18
Maharashtra,Solapur,Solapur,Wheat,Lokwan,FAQ,2026-08-13,2715.06,3010.61,2856.78,419.1,snapshot,0,2026-10-06 20:05:18
Maharashtra,Nashik,Yeola,Wheat,Lokwan,FAQ,2026-08-13,2598.56,2888.88,2752.36,140.6,snapshot,0,2026-10-06 20:05:18
Maharashtra,Akola,Akola,Cotton,Medium Staple,FAQ,2026-08-12,6956.21,7560.05,7249.79,234.9,snapshot,0,2026-10-06 20:04:46
Maharashtra,Amravati,Amravati,Cotton,Medium Staple,FAQ,2026-08-12,7237.43,7817.17,7437.78,394.6,snapshot,0,2026-10-06 20:04:46
Maharashtra,Jalgaon,Jalgaon,Cotton,Medium Staple,FAQ,2026-08-12,7165.08,7737.92,7406.58,106.1,snapshot,0,2026-10-06 20:04:46
Maharashtra,Nagpur,Nagpur,Cotton,Medium Staple,FAQ,2026-08-12,6912.7,7467.66,7129.5,490.3,snapshot,0,2026-10-06 20:04:46
Maharashtra,Ahilyanagar,Ahmednagar,Onion,Red/Nasik,FAQ,2026-08-12,2093.33,2657.58,2362.97,380.6,snapshot,0,2026-10-06 20:03:59
Maharashtra,Pune,Baramati,Onion,Red/Nasik,FAQ,2026-08-12,1934.35,2684.39,2242.92,422.6,snapshot,0,2026-10-06 20:03:59
Maharashtra,Jalgaon,Jalgaon,Onion,Red/Nasik,FAQ,2026-08-12,1973.39,2613.65,2269.77,147.3,snapshot,0,2026-10-06 20:03:59
Maharashtra,Pune,Khed(Chakan),Onion,Red/Nasik,FAQ,2026-08-12,2180.61,2884.18,2555.83,100.0,snapshot,0,2026-10-06 20:03:59
Maharashtra,Kolhapur,Kolhapur,Onion,Red/Nasik,FAQ,2026-08-12,2127.12,2940.09,2499.29,373.1,snapshot,0,2026-10-06 20:03:59
Maharashtra,Nashik,Lasalgaon,Onion,Red/Nasik,FAQ,2026-08-12,2069.65,2790.13,2333.28,248.4,snapshot,0,2026-10-06 20:03:59
Maharashtra,Pune,Manchar,Onion,Red/Nasik,FAQ,2026-08-12,1985.78,2630.25,2220.98,161.1,snapshot,0,2026-10-06 20:03:59
Maharashtra,Mumbai,Mumbai,Onion,Red/Nasik,FAQ,2026-08-12,2060.82,2696.11,2297.71,267.7,snapshot,0,2026-10-06 20:03:59
Maharashtra,Pune,Narayangaon,Onion,Red/Nasik,FAQ,2026-08-12,1864.24,2523.26,2229.71,271.8,snapshot,0,2026-10-06 20:03:59
Maharashtra,Nashik,Nashik,Onion,Red/Nasik,FAQ,2026-08-12,1927.07,2678.42,2202.33,449.3,snapshot,0,2026-10-06 20:03:59
Maharashtra,Nashik,Pimpalgaon,Onion,Red/Nasik,FAQ,2026-08-12,2435.78,3176.87,2663.07,122.6,snapshot,0,2026-10-06 20:03:59
Maharashtra,Pune,Pune,Onion,Red/Nasik,FAQ,2026-08-12,1894.4,2548.59,2243.01,235.6,snapshot,0,2026-10-06 20:03:59
Maharashtra,Ahilyanagar,Rahata,Onion,Red/Nasik,FAQ,2026-08-12,1906.1,2552.46,2170.63,164.7,snapshot,0,2026-10-06 20:03:59
Maharashtra,Ahilyanagar,Sangamner,Onion,Red/Nasik,FAQ,2026-08-12,1829.03,2683.31,2184.99,365.5,snapshot,0,2026-10-06 20:03:59
Maharashtra,Solapur,Solapur,Onion,Red/Nasik,FAQ,2026-08-12,1851.55,2520.73,2193.94,407.5,snapshot,0,2026-10-06 20:03:59
Maharashtra,Nashik,Yeola,Onion,Red/Nasik,FAQ,2026-08-12,1873.33,2488.47,2116.07,186.9,snapshot,0,2026-10-06 20:03:59
Maharashtra,Pune,Khed(Chakan),Potato,Jyoti,FAQ,2026-08-12,1651.92,2152.31,1895.3,367.1,snapshot,0,2026-10-06 20:05:02
Maharashtra,Kolhapur,Kolhapur,Potato,Jyoti,FAQ,2026-08-12,1724.81,2243.64,1922.74,85.4,snapshot,0,2026-10-06 20:05:02
Maharashtra,Pune,Manchar,Potato,Jyoti,FAQ,2026-08-12,1822.96,2314.27,1992.92,111.8,snapshot,0,2026-10-06 20:05:02
Maharashtra,Mumbai,Mumbai,Potato,Jyoti,FAQ,2026-08-12,1859.29,2363.48,2023.28,304.7,snapshot,0,2026-10-06 20:05:02
Maharashtra,Pune,Narayangaon,Potato,Jyoti,FAQ,2026-08-12,1770.23,2267.83,1939.27,369.0,snapshot,0,2026-10-06 20:05:02
Maharashtra,Nashik,Nashik,Potato,Jyoti,FAQ,2026-08-12,1966.13,2544.41,2178.32,454.3,snapshot,0,2026-10-06 20:05:02
Maharashtra,Nashik,Pimpalgaon,Potato,Jyoti,FAQ,2026-08-12,1767.88,2380.46,2018.71,218.9,snapshot,0,2026-10-06 20:05:02
Maharashtra,Pune,Pune,Potato,Jyoti,FAQ,2026-08-12,1784.84,2297.13,2027.77,359.1,snapshot,0,2026-10-06 20:05:02
Maharashtra,Ahilyanagar,Ahmednagar,Red gram/Arhar/Tur(whole),White/Desi,FAQ,2026-08-12,10125.06,11225.2,10482.66,64.0,snapshot,0,2026-10-06 20:04:30
Maharashtra,Akola,Akola,Red gram/Arhar/Tur(whole),White/Desi,FAQ,2026-08-12,10115.13,11044.33,10563.78,50.9,snapshot,0,2026-10-06 20:04:30
Maharashtra,Amravati,Amravati,Red gram/Arhar/Tur(whole),White/Desi,FAQ,2026-08-12,9895.92,11057.8,10322.82,127.2,snapshot,0,2026-10-06 20:04:30
Maharashtra,Latur,Latur,Red gram/Arhar/Tur(whole),White/Desi,FAQ,2026-08-12,10087.37,10992.72,10391.39,145.5,snapshot,0,2026-10-06 20:04:30
Maharashtra,Solapur,Solapur,Red gram/Arhar/Tur(whole),White/Desi,FAQ,2026-08-12,10239.86,11161.11,10586.38,146.0,snapshot,0,2026-10-06 20:04:30
Maharashtra,Ahilyanagar,Ahmednagar,Soyabean,Yellow,FAQ,2026-08-12,4745.84,5039.79,4895.74,167.9,snapshot,0,2026-10-06 20:04:14
Maharashtra,Akola,Akola,Soyabean,Yellow,FAQ,2026-08-12,4764.83,5196.45,4943.23,478.1,snapshot,0,2026-10-06 20:04:14
Maharashtra,Amravati,Amravati,Soyabean,Yellow,FAQ,2026-08-12,4535.66,4892.39,4695.15,470.2,snapshot,0,2026-10-06 20:04:15
Maharashtra,Pune,Baramati,Soyabean,Yellow,FAQ,2026-08-12,4399.3,4770.23,4551.15,183.7,snapshot,0,2026-10-06 20:04:15
Maharashtra,Jalgaon,Jalgaon,Soyabean,Yellow,FAQ,2026-08-12,4567.19,4864.35,4722.47,187.4,snapshot,0,2026-10-06 20:04:15
Maharashtra,Latur,Latur,Soyabean,Yellow,FAQ,2026-08-12,4838.13,5158.46,5010.43,496.8,snapshot,0,2026-10-06 20:04:14
Maharashtra,Nagpur,Nagpur,Soyabean,Yellow,FAQ,2026-08-12,4546.12,4866.32,4684.09,438.9,snapshot,0,2026-10-06 20:04:15
Maharashtra,Pune,Pune,Soyabean,Yellow,FAQ,2026-08-12,4659.67,5037.86,4789.22,107.8,snapshot,0,2026-10-06 20:04:15
Maharashtra,Ahilyanagar,Rahata,Soyabean,Yellow,FAQ,2026-08-12,4515.77,4889.48,4656.92,179.4,snapshot,0,2026-10-06 20:04:15
Maharashtra,Ahilyanagar,Sangamner,Soyabean,Yellow,FAQ,2026-08-12,4471.4,4793.75,4636.15,244.7,snapshot,0,2026-10-06 20:04:15
Maharashtra,Solapur,Solapur,Soyabean,Yellow,FAQ,2026-08-12,4486.19,4801.69,4612.96,419.6,snapshot,0,2026-10-06 20:04:15
Maharashtra,Nashik,Yeola,Soyabean,Yellow,FAQ,2026-08-12,4422.77,4727.4,4566.98,127.9,snapshot,0,2026-10-06 20:04:15
Maharashtra,Pune,Baramati,Tomato,Hybrid,FAQ,2026-08-12,1771.63,2292.63,1974.62,376.9,snapshot,0,2026-10-06 20:03:43
Maharashtra,Pune,Khed(Chakan),Tomato,Hybrid,FAQ,2026-08-12,1732.38,2306.36,1952.63,274.4,snapshot,0,2026-10-06 20:03:43
Maharashtra,Kolhapur,Kolhapur,Tomato,Hybrid,FAQ,2026-08-12,1835.46,2426.29,2096.11,74.6,snapshot,0,2026-10-06 20:03:43
Maharashtra,Nashik,Lasalgaon,Tomato,Hybrid,FAQ,2026-08-12,1489.25,2109.26,1766.28,206.3,snapshot,0,2026-10-06 20:03:43
Maharashtra,Pune,Manchar,Tomato,Hybrid,FAQ,2026-08-12,1386.26,1950.58,1577.3,126.3,snapshot,0,2026-10-06 20:03:43
Maharashtra,Mumbai,Mumbai,Tomato,Hybrid,FAQ,2026-08-12,1403.61,2095.72,1715.91,394.8,snapshot,0,2026-10-06 20:03:43
Maharashtra,Nagpur,Nagpur,Tomato,Hybrid,FAQ,2026-08-12,1410.42,2064.64,1609.78,146.7,snapshot,0,2026-10-06 20:03:43
Maharashtra,Pune,Narayangaon,Tomato,Hybrid,FAQ,2026-08-12,1306.41,1871.79,1510.61,73.8,snapshot,0,2026-10-06 20:03:43
Maharashtra,Nashik,Nashik,Tomato,Hybrid,FAQ,2026-08-12,1721.03,2257.23,1993.18,260.7,snapshot,0,2026-10-06 20:03:43
Maharashtra,Nashik,Pimpalgaon,Tomato,Hybrid,FAQ,2026-08-12,1171.36,1799.41,1419.79,310.6,snapshot,0,2026-10-06 20:03:43
Maharashtra,Pune,Pune,Tomato,Hybrid,FAQ,2026-08-12,1506.4,2150.12,1777.24,110.3,snapshot,0,2026-10-06 20:03:43
Maharashtra,Ahilyanagar,Sangamner,Tomato,Hybrid,FAQ,2026-08-12,1545.03,2296.92,1845.47,78.2,snapshot,0,2026-10-06 20:03:43
Maharashtra,Ahilyanagar,Ahmednagar,Wheat,Lokwan,FAQ,2026-08-12,2703.58,2991.89,2811.13,167.0,snapshot,0,2026-10-06 20:05:18
Maharashtra,Akola,Akola,Wheat,Lokwan,FAQ,2026-08-12,2485.9,2767.23,2602.8,455.4,snapshot,0,2026-10-06 20:05:18
Maharashtra,Pune,Baramati,Wheat,Lokwan,FAQ,2026-08-12,2510.6,2886.83,2661.78,186.0,snapshot,0,2026-10-06 20:05:18
Maharashtra,Jalgaon,Jalgaon,Wheat,Lokwan,FAQ,2026-08-12,2454.58,2819.41,2610.4,132.9,snapshot,0,2026-10-06 20:05:18
Maharashtra,Kolhapur,Kolhapur,Wheat,Lokwan,FAQ,2026-08-12,2679.11,2998.19,2813.97,82.1,snapshot,0,2026-10-06 20:05:18
Maharashtra,Nashik,Lasalgaon,Wheat,Lokwan,FAQ,2026-08-12,2744.44,3046.24,2852.22,317.4,snapshot,0,2026-10-06 20:05:18
Maharashtra,Latur,Latur,Wheat,Lokwan,FAQ,2026-08-12,2709.18,3023.88,2832.38,131.4,snapshot,0,2026-10-06 20:05:18
Maharashtra,Mumbai,Mumbai,Wheat,Lokwan,FAQ,2026-08-12,2665.99,2972.93,2759.62,338.5,snapshot,0,2026-10-06 20:05:18
Maharashtra,Nagpur,Nagpur,Wheat,Lokwan,FAQ,2026-08-12,2569.99,2809.79,2660.07,210.5,snapshot,0,2026-10-06 20:05:18
Maharashtra,Nashik,Nashik,Wheat,Lokwan,FAQ,2026-08-12,2596.59,2944.37,2728.51,275.8,snapshot,0,2026-10-06 20:05:18
Maharashtra,Pune,Pune,Wheat,Lokwan,FAQ,2026-08-12,2593.53,2940.62,2710.51,68.0,snapshot,0,2026-10-06 20:05:18
Maharashtra,Ahilyanagar,Rahata,Wheat,Lokwan,FAQ,2026-08-12,2572.14,2830.1,2671.38,308.7,snapshot,0,2026-10-06 20:05:18
Maharashtra,Solapur,Solapur,Wheat,Lokwan,FAQ,2026-08-12,2722.82,3059.52,2828.46,496.0,snapshot,0,2026-10-06 20:05:18
Maharashtra,Nashik,Yeola,Wheat,Lokwan,FAQ,2026-08-12,2650.62,2909.54,2734.88,423.0,snapshot,0,2026-10-06 20:05:18
Maharashtra,Akola,Akola,Cotton,Medium Staple,FAQ,2026-08-11,6951.87,7545.3,7245.25,46.6,snapshot,0,2026-10-06 20:04:46
Maharashtra,Amravati,Amravati,Cotton,Medium Staple,FAQ,2026-08-11,7061.02,7624.68,7334.91,147.9,snapshot,0,2026-10-06 20:04:46
Maharashtra,Jalgaon,Jalgaon,Cotton,Medium Staple,FAQ,2026-08-11,7119.58,7675.15,7389.01,307.9,snapshot,0,2026-10-06 20:04:46
Maharashtra,Nagpur,Nagpur,Cotton,Medium Staple,FAQ,2026-08-11,6894.48,7501.2,7086.45,113.6,snapshot,0,2026-10-06 20:04:46
Maharashtra,Ahilyanagar,Ahmednagar,Onion,Red/Nasik,FAQ,2026-08-11,2178.67,2755.94,2406.2,261.5,snapshot,0,2026-10-06 20:03:59
Maharashtra,Pune,Baramati,Onion,Red/Nasik,FAQ,2026-08-11,1991.21,2707.61,2261.94,122.8,snapshot,0,2026-10-06 20:03:59
Maharashtra,Jalgaon,Jalgaon,Onion,Red/Nasik,FAQ,2026-08-11,2006.65,2604.38,2255.58,62.6,snapshot,0,2026-10-06 20:03:59
Maharashtra,Pune,Khed(Chakan),Onion,Red/Nasik,FAQ,2026-08-11,2295.65,2951.39,2545.04,40.3,snapshot,0,2026-10-06 20:03:59
Maharashtra,Kolhapur,Kolhapur,Onion,Red/Nasik,FAQ,2026-08-11,2035.08,2736.26,2384.85,385.5,snapshot,0,2026-10-06 20:03:59
Maharashtra,Nashik,Lasalgaon,Onion,Red/Nasik,FAQ,2026-08-11,2149.59,2804.41,2368.18,97.4,snapshot,0,2026-10-06 20:03:59
Maharashtra,Pune,Manchar,Onion,Red/Nasik,FAQ,2026-08-11,1909.12,2710.34,2228.31,435.0,snapshot,0,2026-10-06 20:03:59
Maharashtra,Mumbai,Mumbai,Onion,Red/Nasik,FAQ,2026-08-11,1897.35,2686.71,2263.4,355.5,snapshot,0,2026-10-06 20:03:59
Maharashtra,Pune,Narayangaon,Onion,Red/Nasik,FAQ,2026-08-11,1917.57,2536.22,2199.98,139.9,snapshot,0,2026-10-06 20:03:59
Maharashtra,Nashik,Nashik,Onion,Red/Nasik,FAQ,2026-08-11,1775.52,2546.81,2151.73,183.3,snapshot,0,2026-10-06 20:03:59
Maharashtra,Nashik,Pimpalgaon,Onion,Red/Nasik,FAQ,2026-08-11,2288.93,3057.81,2575.81,466.0,snapshot,0,2026-10-06 20:03:59
Maharashtra,Pune,Pune,Onion,Red/Nasik,FAQ,2026-08-11,1914.21,2523.63,2242.3,385.4,snapshot,0,2026-10-06 20:03:59
Maharashtra,Ahilyanagar,Rahata,Onion,Red/Nasik,FAQ,2026-08-11,1911.81,2513.79,2178.57,136.1,snapshot,0,2026-10-06 20:03:59
Maharashtra,Ahilyanagar,Sangamner,Onion,Red/Nasik,FAQ,2026-08-11,1855.36,2629.85,2129.86,463.7,snapshot,0,2026-10-06 20:03:59
Maharashtra,Solapur,Solapur,Onion,Red/Nasik,FAQ,2026-08-11,1975.3,2601.76,2292.87,377.4,snapshot,0,2026-10-06 20:03:59
Maharashtra,Nashik,Yeola,Onion,Red/Nasik,FAQ,2026-08-11,1911.53,2473.37,2171.66,497.6,snapshot,0,2026-10-06 20:03:59
Maharashtra,Pune,Khed(Chakan),Potato,Jyoti,FAQ,2026-08-11,1724.26,2259.82,1871.92,334.7,snapshot,0,2026-10-06 20:05:02
Maharashtra,Kolhapur,Kolhapur,Potato,Jyoti,FAQ,2026-08-11,1631.4,2198.0,1872.22,67.4,snapshot,0,2026-10-06 20:05:02
Maharashtra,Pune,Manchar,Potato,Jyoti,FAQ,2026-08-11,1694.4,2186.35,1939.13,133.3,snapshot,0,2026-10-06 20:05:02
Maharashtra,Mumbai,Mumbai,Potato,Jyoti,FAQ,2026-08-11,1843.74,2325.24,1989.68,494.2,snapshot,0,2026-10-06 20:05:02
Maharashtra,Pune,Narayangaon,Potato,Jyoti,FAQ,2026-08-11,1809.19,2298.16,1998.29,331.3,snapshot,0,2026-10-06 20:05:02
Maharashtra,Nashik,Nashik,Potato,Jyoti,FAQ,2026-08-11,2057.01,2564.13,2199.4,78.6,snapshot,0,2026-10-06 20:05:02
Maharashtra,Nashik,Pimpalgaon,Potato,Jyoti,FAQ,2026-08-11,1819.28,2419.73,2051.01,270.9,snapshot,0,2026-10-06 20:05:02
Maharashtra,Pune,Pune,Potato,Jyoti,FAQ,2026-08-11,1852.95,2304.71,2034.71,348.3,snapshot,0,2026-10-06 20:05:02
Maharashtra,Ahilyanagar,Ahmednagar,Red gram/Arhar/Tur(whole),White/Desi,FAQ,2026-08-11,10075.4,10869.89,10390.56,442.3,snapshot,0,2026-10-06 20:04:30
Maharashtra,Akola,Akola,Red gram/Arhar/Tur(whole),White/Desi,FAQ,2026-08-11,9994.89,11166.58,10501.07,64.8,snapshot,0,2026-10-06 20:04:30
Maharashtra,Amravati,Amravati,Red gram/Arhar/Tur(whole),White/Desi,FAQ,2026-08-11,10045.59,11018.9,10416.2,200.7,snapshot,0,2026-10-06 20:04:30
Maharashtra,Latur,Latur,Red gram/Arhar/Tur(whole),White/Desi,FAQ,2026-08-11,9913.5,11138.1,10431.64,448.2,snapshot,0,2026-10-06 20:04:30
Maharashtra,Solapur,Solapur,Red gram/Arhar/Tur(whole),White/Desi,FAQ,2026-08-11,10385.33,11209.24,10667.7,327.2,snapshot,0,2026-10-06 20:04:30
Maharashtra,Ahilyanagar,Ahmednagar,Soyabean,Yellow,FAQ,2026-08-11,4750.52,5108.46,4914.01,92.5,snapshot,0,2026-10-06 20:04:14
Maharashtra,Akola,Akola,Soyabean,Yellow,FAQ,2026-08-11,4807.23,5110.5,4948.61,210.2,snapshot,0,2026-10-06 20:04:14
Maharashtra,Amravati,Amravati,Soyabean,Yellow,FAQ,2026-08-11,4593.97,4882.65,4703.27,233.3,snapshot,0,2026-10-06 20:04:15
Maharashtra,Pune,Baramati,Soyabean,Yellow,FAQ,2026-08-11,4483.72,4792.59,4596.56,61.2,snapshot,0,2026-10-06 20:04:15
Maharashtra,Jalgaon,Jalgaon,Soyabean,Yellow,FAQ,2026-08-11,4563.27,4969.72,4714.97,476.8,snapshot,0,2026-10-06 20:04:15
Maharashtra,Latur,Latur,Soyabean,Yellow,FAQ,2026-08-11,4925.8,5264.41,5047.91,395.8,snapshot,0,2026-10-06 20:04:14
Maharashtra,Nagpur,Nagpur,Soyabean,Yellow,FAQ,2026-08-11,4525.72,4900.8,4679.95,369.5,snapshot,0,2026-10-06 20:04:15
Maharashtra,Pune,Pune,Soyabean,Yellow,FAQ,2026-08-11,4564.44,4920.25,4746.04,391.0,snapshot,0,2026-10-06 20:04:15
Maharashtra,Ahilyanagar,Rahata,Soyabean,Yellow,FAQ,2026-08-11,4526.42,4870.68,4672.34,481.6,snapshot,0,2026-10-06 20:04:15
Maharashtra,Ahilyanagar,Sangamner,Soyabean,Yellow,FAQ,2026-08-11,4440.69,4856.23,4607.79,489.0,snapshot,0,2026-10-06 20:04:15
Maharashtra,Solapur,Solapur,Soyabean,Yellow,FAQ,2026-08-11,4487.8,4754.45,4605.79,477.1,snapshot,0,2026-10-06 20:04:15
Maharashtra,Nashik,Yeola,Soyabean,Yellow,FAQ,2026-08-11,4443.72,4736.92,4558.18,356.3,snapshot,0,2026-10-06 20:04:15
Maharashtra,Pune,Baramati,Tomato,Hybrid,FAQ,2026-08-11,1759.95,2370.54,1979.16,127.3,snapshot,0,2026-10-06 20:03:43
Maharashtra,Pune,Khed(Chakan),Tomato,Hybrid,FAQ,2026-08-11,1769.96,2471.59,2048.53,342.9,snapshot,0,2026-10-06 20:03:43
Maharashtra,Kolhapur,Kolhapur,Tomato,Hybrid,FAQ,2026-08-11,1776.81,2308.96,1990.05,324.2,snapshot,0,2026-10-06 20:03:43
Maharashtra,Nashik,Lasalgaon,Tomato,Hybrid,FAQ,2026-08-11,1458.81,2152.66,1698.69,166.1,snapshot,0,2026-10-06 20:03:43
Maharashtra,Pune,Manchar,Tomato,Hybrid,FAQ,2026-08-11,1356.26,1947.87,1552.33,371.9,snapshot,0,2026-10-06 20:03:43
Maharashtra,Mumbai,Mumbai,Tomato,Hybrid,FAQ,2026-08-11,1405.62,2004.47,1727.35,391.7,snapshot,0,2026-10-06 20:03:43
Maharashtra,Nagpur,Nagpur,Tomato,Hybrid,FAQ,2026-08-11,1509.16,1983.74,1684.46,319.3,snapshot,0,2026-10-06 20:03:43
Maharashtra,Pune,Narayangaon,Tomato,Hybrid,FAQ,2026-08-11,1407.14,1966.15,1637.03,302.3,snapshot,0,2026-10-06 20:03:43
Maharashtra,Nashik,Nashik,Tomato,Hybrid,FAQ,2026-08-11,1674.68,2265.04,1992.17,176.1,snapshot,0,2026-10-06 20:03:43
Maharashtra,Nashik,Pimpalgaon,Tomato,Hybrid,FAQ,2026-08-11,1070.28,1835.12,1386.32,211.6,snapshot,0,2026-10-06 20:03:43
Maharashtra,Pune,Pune,Tomato,Hybrid,FAQ,2026-08-11,1468.03,2207.73,1779.92,177.3,snapshot,0,2026-10-06 20:03:43
Maharashtra,Ahilyanagar,Sangamner,Tomato,Hybrid,FAQ,2026-08-11,1702.4,2266.79,1915.15,233.0,snapshot,0,2026-10-06 20:03:43
Maharashtra,Ahilyanagar,Ahmednagar,Wheat,Lokwan,FAQ,2026-08-11,2709.81,3011.18,2799.5,374.6,snapshot,0,2026-10-06 20:05:18
Maharashtra,Akola,Akola,Wheat,Lokwan,FAQ,2026-08-11,2479.19,2771.22,2620.29,421.0,snapshot,0,2026-10-06 20:05:18
Maharashtra,Pune,Baramati,Wheat,Lokwan,FAQ,2026-08-11,2507.24,2894.31,2662.93,106.8,snapshot,0,2026-10-06 20:05:18
Maharashtra,Jalgaon,Jalgaon,Wheat,Lokwan,FAQ,2026-08-11,2538.39,2843.26,2626.77,385.3,snapshot,0,2026-10-06 20:05:18
Maharashtra,Kolhapur,Kolhapur,Wheat,Lokwan,FAQ,2026-08-11,2662.1,3013.42,2809.55,412.7,snapshot,0,2026-10-06 20:05:18
Maharashtra,Nashik,Lasalgaon,Wheat,Lokwan,FAQ,2026-08-11,2698.39,2991.38,2848.78,478.2,snapshot,0,2026-10-06 20:05:18
Maharashtra,Latur,Latur,Wheat,Lokwan,FAQ,2026-08-11,2691.73,3017.52,2813.62,402.2,snapshot,0,2026-10-06 20:05:18
Maharashtra,Mumbai,Mumbai,Wheat,Lokwan,FAQ,2026-08-11,2630.56,2970.11,2761.77,274.9,snapshot,0,2026-10-06 20:05:18
Maharashtra,Nagpur,Nagpur,Wheat,Lokwan,FAQ,2026-08-11,2561.37,2796.14,2662.05,379.2,snapshot,0,2026-10-06 20:05:18
Maharashtra,Nashik,Nashik,Wheat,Lokwan,FAQ,2026-08-11,2600.86,2907.17,2707.19,100.4,snapshot,0,2026-10-06 20:05:18
Maharashtra,Pune,Pune,Wheat,Lokwan,FAQ,2026-08-11,2574.36,2934.38,2714.75,279.9,snapshot,0,2026-10-06 20:05:18
Maharashtra,Ahilyanagar,Rahata,Wheat,Lokwan,FAQ,2026-08-11,2539.74,2846.17,2651.4,52.9,snapshot,0,2026-10-06 20:05:18
Maharashtra,Solapur,Solapur,Wheat,Lokwan,FAQ,2026-08-11,2668.51,2939.15,2783.75,472.4,snapshot,0,2026-10-06 20:05:18
Maharashtra,Nashik,Yeola,Wheat,Lokwan,FAQ,2026-08-11,2592.61,2916.34,2746.45,279.5,snapshot,0,2026-10-06 20:05:18
Maharashtra,Akola,Akola,Cotton,Medium Staple,FAQ,2026-08-10,6974.94,7622.94,7261.02,240.1,snapshot,0,2026-10-06 20:04:46
Maharashtra,Amravati,Amravati,Cotton,Medium Staple,FAQ,2026-08-10,7187.04,7809.66,7413.64,484.5,snapshot,0,2026-10-06 20:04:46
Maharashtra,Jalgaon,Jalgaon,Cotton,Medium Staple,FAQ,2026-08-10,7239.15,7825.04,7425.12,65.0,snapshot,0,2026-10-06 20:04:46
Maharashtra,Nagpur,Nagpur,Cotton,Medium Staple,FAQ,2026-08-10,6804.45,7388.26,7104.72,461.7,snapshot,0,2026-10-06 20:04:46
Maharashtra,Ahilyanagar,Ahmednagar,Onion,Red/Nasik,FAQ,2026-08-10,2221.48,2734.39,2441.26,421.8,snapshot,0,2026-10-06 20:03:59
Maharashtra,Pune,Baramati,Onion,Red/Nasik,FAQ,2026-08-10,1943.86,2752.81,2293.03,377.8,snapshot,0,2026-10-06 20:03:59
Maharashtra,Jalgaon,Jalgaon,Onion,Red/Nasik,FAQ,2026-08-10,1964.53,2624.94,2274.71,229.0,snapshot,0,2026-10-06 20:03:59
Maharashtra,Pune,Khed(Chakan),Onion,Red/Nasik,FAQ,2026-08-10,2223.35,2876.12,2521.95,265.6,snapshot,0,2026-10-06 20:03:59
Maharashtra,Kolhapur,Kolhapur,Onion,Red/Nasik,FAQ,2026-08-10,2034.75,2728.43,2407.58,175.6,snapshot,0,2026-10-06 20:03:59
Maharashtra,Nashik,Lasalgaon,Onion,Red/Nasik,FAQ,2026-08-10,2174.16,2698.43,2404.04,211.6,snapshot,0,2026-10-06 20:03:59
Maharashtra,Pune,Manchar,Onion,Red/Nasik,FAQ,2026-08-10,1963.3,2622.71,2256.61,180.5,snapshot,0,2026-10-06 20:03:59
Maharashtra,Mumbai,Mumbai,Onion,Red/Nasik,FAQ,2026-08-10,1932.93,2785.33,2302.47,390.6,snapshot,0,2026-10-06 20:03:59
Maharashtra,Pune,Narayangaon,Onion,Red/Nasik,FAQ,2026-08-10,1896.23,2535.74,2112.27,363.5,snapshot,0,2026-10-06 20:03:59
Maharashtra,Nashik,Nashik,Onion,Red/Nasik,FAQ,2026-08-10,1710.97,2364.46,2057.11,251.8,snapshot,0,2026-10-06 20:03:59
Maharashtra,Nashik,Pimpalgaon,Onion,Red/Nasik,FAQ,2026-08-10,2196.16,2952.58,2509.78,494.7,snapshot,0,2026-10-06 20:03:59
Maharashtra,Pune,Pune,Onion,Red/Nasik,FAQ,2026-08-10,1958.93,2608.95,2282.29,360.3,snapshot,0,2026-10-06 20:03:59
Maharashtra,Ahilyanagar,Rahata,Onion,Red/Nasik,FAQ,2026-08-10,1766.72,2595.84,2128.77,288.4,snapshot,0,2026-10-06 20:03:59
Maharashtra,Ahilyanagar,Sangamner,Onion,Red/Nasik,FAQ,2026-08-10,1825.37,2438.66,2101.19,416.1,snapshot,0,2026-10-06 20:03:59
Maharashtra,Solapur,Solapur,Onion,Red/Nasik,FAQ,2026-08-10,2053.7,2781.27,2372.56,419.1,snapshot,0,2026-10-06 20:03:59
Maharashtra,Nashik,Yeola,Onion,Red/Nasik,FAQ,2026-08-10,1933.83,2680.05,2285.23,71.0,snapshot,0,2026-10-06 20:03:59
Maharashtra,Pune,Khed(Chakan),Potato,Jyoti,FAQ,2026-08-10,1684.5,2195.93,1869.41,320.2,snapshot,0,2026-10-06 20:05:02
Maharashtra,Kolhapur,Kolhapur,Potato,Jyoti,FAQ,2026-08-10,1737.15,2221.5,1909.8,113.4,snapshot,0,2026-10-06 20:05:02
Maharashtra,Pune,Manchar,Potato,Jyoti,FAQ,2026-08-10,1698.95,2294.71,1920.92,269.5,snapshot,0,2026-10-06 20:05:02
Maharashtra,Mumbai,Mumbai,Potato,Jyoti,FAQ,2026-08-10,1851.83,2327.08,1998.77,487.4,snapshot,0,2026-10-06 20:05:02
Maharashtra,Pune,Narayangaon,Potato,Jyoti,FAQ,2026-08-10,1780.65,2235.7,1973.26,358.7,snapshot,0,2026-10-06 20:05:02
Maharashtra,Nashik,Nashik,Potato,Jyoti,FAQ,2026-08-10,1951.56,2412.28,2170.6,432.2,snapshot,0,2026-10-06 20:05:02
Maharashtra,Nashik,Pimpalgaon,Potato,Jyoti,FAQ,2026-08-10,1869.9,2369.45,2060.43,407.9,snapshot,0,2026-10-06 20:05:02
Maharashtra,Pune,Pune,Potato,Jyoti,FAQ,2026-08-10,1897.17,2374.31,2058.95,332.0,snapshot,0,2026-10-06 20:05:02
Maharashtra,Ahilyanagar,Ahmednagar,Red gram/Arhar/Tur(whole),White/Desi,FAQ,2026-08-10,9922.55,10944.9,10242.89,495.0,snapshot,0,2026-10-06 20:04:30
Maharashtra,Akola,Akola,Red gram/Arhar/Tur(whole),White/Desi,FAQ,2026-08-10,10239.58,11317.38,10542.32,48.8,snapshot,0,2026-10-06 20:04:30
Maharashtra,Amravati,Amravati,Red gram/Arhar/Tur(whole),White/Desi,FAQ,2026-08-10,9985.44,10757.96,10330.47,116.5,snapshot,0,2026-10-06 20:04:30
Maharashtra,Latur,Latur,Red gram/Arhar/Tur(whole),White/Desi,FAQ,2026-08-10,10006.52,11019.25,10326.61,375.2,snapshot,0,2026-10-06 20:04:30
Maharashtra,Solapur,Solapur,Red gram/Arhar/Tur(whole),White/Desi,FAQ,2026-08-10,10078.79,11248.19,10580.97,134.3,snapshot,0,2026-10-06 20:04:30
Maharashtra,Ahilyanagar,Ahmednagar,Soyabean,Yellow,FAQ,2026-08-10,4721.14,5097.63,4859.66,105.3,snapshot,0,2026-10-06 20:04:15
Maharashtra,Akola,Akola,Soyabean,Yellow,FAQ,2026-08-10,4775.09,5047.06,4883.23,395.6,snapshot,0,2026-10-06 20:04:14
Maharashtra,Amravati,Amravati,Soyabean,Yellow,FAQ,2026-08-10,4572.52,4945.96,4724.84,342.4,snapshot,0,2026-10-06 20:04:15
Maharashtra,Pune,Baramati,Soyabean,Yellow,FAQ,2026-08-10,4461.95,4754.45,4613.96,468.9,snapshot,0,2026-10-06 20:04:15
Maharashtra,Jalgaon,Jalgaon,Soyabean,Yellow,FAQ,2026-08-10,4542.37,4882.2,4656.93,209.8,snapshot,0,2026-10-06 20:04:15
Maharashtra,Latur,Latur,Soyabean,Yellow,FAQ,2026-08-10,4876.3,5201.84,5049.41,275.7,snapshot,0,2026-10-06 20:04:14
Maharashtra,Nagpur,Nagpur,Soyabean,Yellow,FAQ,2026-08-10,4460.9,4847.22,4603.63,453.8,snapshot,0,2026-10-06 20:04:15
Maharashtra,Pune,Pune,Soyabean,Yellow,FAQ,2026-08-10,4521.72,4929.32,4684.43,295.1,snapshot,0,2026-10-06 20:04:15
Maharashtra,Ahilyanagar,Rahata,Soyabean,Yellow,FAQ,2026-08-10,4529.48,4848.27,4706.8,186.8,snapshot,0,2026-10-06 20:04:15
Maharashtra,Ahilyanagar,Sangamner,Soyabean,Yellow,FAQ,2026-08-10,4558.45,4878.09,4719.1,294.1,snapshot,0,2026-10-06 20:04:15
Maharashtra,Solapur,Solapur,Soyabean,Yellow,FAQ,2026-08-10,4495.83,4757.85,4617.78,405.1,snapshot,0,2026-10-06 20:04:15
Maharashtra,Nashik,Yeola,Soyabean,Yellow,FAQ,2026-08-10,4406.25,4759.06,4544.9,53.5,snapshot,0,2026-10-06 20:04:15
Maharashtra,Pune,Baramati,Tomato,Hybrid,FAQ,2026-08-10,1853.49,2355.51,2082.22,453.4,snapshot,0,2026-10-06 20:03:43
Maharashtra,Pune,Khed(Chakan),Tomato,Hybrid,FAQ,2026-08-10,1984.42,2533.27,2172.06,316.0,snapshot,0,2026-10-06 20:03:43
Maharashtra,Kolhapur,Kolhapur,Tomato,Hybrid,FAQ,2026-08-10,1782.59,2403.14,2041.96,313.8,snapshot,0,2026-10-06 20:03:43
Maharashtra,Nashik,Lasalgaon,Tomato,Hybrid,FAQ,2026-08-10,1187.02,1882.3,1502.7,473.8,snapshot,0,2026-10-06 20:03:43
Maharashtra,Pune,Manchar,Tomato,Hybrid,FAQ,2026-08-10,1273.19,1846.61,1491.99,363.0,snapshot,0,2026-10-06 20:03:43
Maharashtra,Mumbai,Mumbai,Tomato,Hybrid,FAQ,2026-08-10,1587.34,2160.41,1829.63,86.2,snapshot,0,2026-10-06 20:03:43
Maharashtra,Nagpur,Nagpur,Tomato,Hybrid,FAQ,2026-08-10,1410.63,1925.41,1642.69,323.8,snapshot,0,2026-10-06 20:03:43
Maharashtra,Pune,Narayangaon,Tomato,Hybrid,FAQ,2026-08-10,1346.52,1984.09,1648.6,445.9,snapshot,0,2026-10-06 20:03:43
Maharashtra,Nashik,Nashik,Tomato,Hybrid,FAQ,2026-08-10,1622.69,2161.07,1865.56,296.9,snapshot,0,2026-10-06 20:03:43
Maharashtra,Nashik,Pimpalgaon,Tomato,Hybrid,FAQ,2026-08-10,1376.19,1903.27,1553.12,373.7,snapshot,0,2026-10-06 20:03:43
Maharashtra,Pune,Pune,Tomato,Hybrid,FAQ,2026-08-10,1517.31,2264.31,1835.38,161.2,snapshot,0,2026-10-06 20:03:43
Maharashtra,Ahilyanagar,Sangamner,Tomato,Hybrid,FAQ,2026-08-10,1662.01,2359.41,1932.72,168.9,snapshot,0,2026-10-06 20:03:43
Maharashtra,Ahilyanagar,Ahmednagar,Wheat,Lokwan,FAQ,2026-08-10,2639.15,3018.64,2785.39,376.6,snapshot,0,2026-10-06 20:05:18
Maharashtra,Akola,Akola,Wheat,Lokwan,FAQ,2026-08-10,2503.93,2753.46,2606.18,353.8,snapshot,0,2026-10-06 20:05:18
Maharashtra,Pune,Baramati,Wheat,Lokwan,FAQ,2026-08-10,2529.95,2835.43,2676.06,364.4,snapshot,0,2026-10-06 20:05:18
Maharashtra,Jalgaon,Jalgaon,Wheat,Lokwan,FAQ,2026-08-10,2530.29,2822.64,2641.09,124.9,snapshot,0,2026-10-06 20:05:18
Maharashtra,Kolhapur,Kolhapur,Wheat,Lokwan,FAQ,2026-08-10,2681.57,2938.68,2796.67,64.7,snapshot,0,2026-10-06 20:05:18
Maharashtra,Nashik,Lasalgaon,Wheat,Lokwan,FAQ,2026-08-10,2666.14,2990.26,2806.2,190.0,snapshot,0,2026-10-06 20:05:18
Maharashtra,Latur,Latur,Wheat,Lokwan,FAQ,2026-08-10,2684.32,2925.57,2784.3,87.0,snapshot,0,2026-10-06 20:05:18
Maharashtra,Mumbai,Mumbai,Wheat,Lokwan,FAQ,2026-08-10,2690.91,2973.29,2786.05,403.0,snapshot,0,2026-10-06 20:05:18
Maharashtra,Nagpur,Nagpur,Wheat,Lokwan,FAQ,2026-08-10,2565.16,2796.35,2663.14,424.5,snapshot,0,2026-10-06 20:05:18
Maharashtra,Nashik,Nashik,Wheat,Lokwan,FAQ,2026-08-10,2616.76,2886.88,2747.85,265.8,snapshot,0,2026-10-06 20:05:18
Maharashtra,Pune,Pune,Wheat,Lokwan,FAQ,2026-08-10,2588.25,2846.98,2709.2,271.8,snapshot,0,2026-10-06 20:05:18
Maharashtra,Ahilyanagar,Rahata,Wheat,Lokwan,FAQ,2026-08-10,2529.31,2840.86,2634.54,359.7,snapshot,0,2026-10-06 20:05:18
Maharashtra,Solapur,Solapur,Wheat,Lokwan,FAQ,2026-08-10,2650.42,2996.64,2783.57,398.0,snapshot,0,2026-10-06 20:05:18
Maharashtra,Nashik,Yeola,Wheat,Lokwan,FAQ,2026-08-10,2645.55,2915.93,2740.39,107.8,snapshot,0,2026-10-06 20:05:18
Maharashtra,Akola,Akola,Cotton,Medium Staple,FAQ,2026-08-08,6967.02,7624.97,7198.28,401.3,snapshot,0,2026-10-06 20:04:46
Maharashtra,Amravati,Amravati,Cotton,Medium Staple,FAQ,2026-08-08,7156.57,7865.26,7440.51,400.7,snapshot,0,2026-10-06 20:04:46
Maharashtra,Jalgaon,Jalgaon,Cotton,Medium Staple,FAQ,2026-08-08,7142.75,7676.81,7414.99,329.7,snapshot,0,2026-10-06 20:04:46
Maharashtra,Nagpur,Nagpur,Cotton,Medium Staple,FAQ,2026-08-08,7011.28,7516.6,7229.96,125.0,snapshot,0,2026-10-06 20:04:46
Maharashtra,Ahilyanagar,Ahmednagar,Onion,Red/Nasik,FAQ,2026-08-08,2091.63,2936.96,2446.98,251.7,snapshot,0,2026-10-06 20:03:59
Maharashtra,Pune,Baramati,Onion,Red/Nasik,FAQ,2026-08-08,2032.94,2697.67,2260.63,219.9,snapshot,0,2026-10-06 20:03:59
Maharashtra,Jalgaon,Jalgaon,Onion,Red/Nasik,FAQ,2026-08-08,1877.05,2685.66,2210.38,215.8,snapshot,0,2026-10-06 20:03:59
Maharashtra,Pune,Khed(Chakan),Onion,Red/Nasik,FAQ,2026-08-08,2312.42,3073.42,2556.3,445.5,snapshot,0,2026-10-06 20:03:59
Maharashtra,Kolhapur,Kolhapur,Onion,Red/Nasik,FAQ,2026-08-08,2032.98,2718.53,2340.23,280.2,snapshot,0,2026-10-06 20:03:59
Maharashtra,Nashik,Lasalgaon,Onion,Red/Nasik,FAQ,2026-08-08,2079.54,2883.25,2428.89,494.0,snapshot,0,2026-10-06 20:03:59
Maharashtra,Pune,Manchar,Onion,Red/Nasik,FAQ,2026-08-08,1981.83,2671.92,2216.01,443.8,snapshot,0,2026-10-06 20:03:59
Maharashtra,Mumbai,Mumbai,Onion,Red/Nasik,FAQ,2026-08-08,2097.28,2733.98,2369.89,137.2,snapshot,0,2026-10-06 20:03:59
Maharashtra,Pune,Narayangaon,Onion,Red/Nasik,FAQ,2026-08-08,1998.21,2540.49,2211.03,86.4,snapshot,0,2026-10-06 20:03:59
Maharashtra,Nashik,Nashik,Onion,Red/Nasik,FAQ,2026-08-08,1804.12,2516.44,2108.74,293.5,snapshot,0,2026-10-06 20:03:59
Maharashtra,Nashik,Pimpalgaon,Onion,Red/Nasik,FAQ,2026-08-08,2089.62,2714.17,2431.98,373.9,snapshot,0,2026-10-06 20:03:59
Maharashtra,Pune,Pune,Onion,Red/Nasik,FAQ,2026-08-08,1862.36,2522.79,2225.31,230.6,snapshot,0,2026-10-06 20:03:59
Maharashtra,Ahilyanagar,Rahata,Onion,Red/Nasik,FAQ,2026-08-08,1914.04,2443.02,2156.73,316.9,snapshot,0,2026-10-06 20:03:59
Maharashtra,Ahilyanagar,Sangamner,Onion,Red/Nasik,FAQ,2026-08-08,1823.41,2467.43,2054.36,195.6,snapshot,0,2026-10-06 20:03:59
Maharashtra,Solapur,Solapur,Onion,Red/Nasik,FAQ,2026-08-08,2113.52,2729.43,2372.62,493.2,snapshot,0,2026-10-06 20:03:59
Maharashtra,Nashik,Yeola,Onion,Red/Nasik,FAQ,2026-08-08,1957.63,2599.02,2225.28,371.8,snapshot,0,2026-10-06 20:03:59
Maharashtra,Pune,Khed(Chakan),Potato,Jyoti,FAQ,2026-08-08,1649.8,2180.4,1851.18,427.9,snapshot,0,2026-10-06 20:05:02
Maharashtra,Kolhapur,Kolhapur,Potato,Jyoti,FAQ,2026-08-08,1677.15,2234.07,1899.97,425.9,snapshot,0,2026-10-06 20:05:02
Maharashtra,Pune,Manchar,Potato,Jyoti,FAQ,2026-08-08,1668.07,2173.82,1915.39,475.7,snapshot,0,2026-10-06 20:05:02
Maharashtra,Mumbai,Mumbai,Potato,Jyoti,FAQ,2026-08-08,1815.67,2335.43,2009.7,338.5,snapshot,0,2026-10-06 20:05:02
Maharashtra,Pune,Narayangaon,Potato,Jyoti,FAQ,2026-08-08,1762.47,2309.92,2016.83,365.8,snapshot,0,2026-10-06 20:05:02
Maharashtra,Nashik,Nashik,Potato,Jyoti,FAQ,2026-08-08,2020.31,2433.19,2176.68,409.6,snapshot,0,2026-10-06 20:05:02
Maharashtra,Nashik,Pimpalgaon,Potato,Jyoti,FAQ,2026-08-08,1844.82,2372.08,2042.34,162.3,snapshot,0,2026-10-06 20:05:02
Maharashtra,Pune,Pune,Potato,Jyoti,FAQ,2026-08-08,1856.43,2380.16,2052.89,461.4,snapshot,0,2026-10-06 20:05:02
Maharashtra,Ahilyanagar,Ahmednagar,Red gram/Arhar/Tur(whole),White/Desi,FAQ,2026-08-08,9572.41,10722.19,10061.53,257.8,snapshot,0,2026-10-06 20:04:30
Maharashtra,Akola,Akola,Red gram/Arhar/Tur(whole),White/Desi,FAQ,2026-08-08,10221.03,11225.47,10525.06,473.0,snapshot,0,2026-10-06 20:04:30
Maharashtra,Amravati,Amravati,Red gram/Arhar/Tur(whole),White/Desi,FAQ,2026-08-08,9923.18,10954.08,10325.24,192.1,snapshot,0,2026-10-06 20:04:30
Maharashtra,Latur,Latur,Red gram/Arhar/Tur(whole),White/Desi,FAQ,2026-08-08,10199.97,11129.22,10537.86,167.5,snapshot,0,2026-10-06 20:04:30
Maharashtra,Solapur,Solapur,Red gram/Arhar/Tur(whole),White/Desi,FAQ,2026-08-08,10235.63,11163.9,10647.27,400.6,snapshot,0,2026-10-06 20:04:30
Maharashtra,Ahilyanagar,Ahmednagar,Soyabean,Yellow,FAQ,2026-08-08,4654.02,5008.8,4779.77,137.0,snapshot,0,2026-10-06 20:04:15
Maharashtra,Akola,Akola,Soyabean,Yellow,FAQ,2026-08-08,4657.27,5055.1,4815.25,403.4,snapshot,0,2026-10-06 20:04:15
Maharashtra,Amravati,Amravati,Soyabean,Yellow,FAQ,2026-08-08,4532.18,4961.71,4716.46,161.3,snapshot,0,2026-10-06 20:04:15
Maharashtra,Pune,Baramati,Soyabean,Yellow,FAQ,2026-08-08,4460.4,4825.73,4630.61,368.3,snapshot,0,2026-10-06 20:04:15
Maharashtra,Jalgaon,Jalgaon,Soyabean,Yellow,FAQ,2026-08-08,4581.75,4939.2,4695.95,472.2,snapshot,0,2026-10-06 20:04:15
Maharashtra,Latur,Latur,Soyabean,Yellow,FAQ,2026-08-08,4929.35,5246.79,5065.97,219.1,snapshot,0,2026-10-06 20:04:14
Maharashtra,Nagpur,Nagpur,Soyabean,Yellow,FAQ,2026-08-08,4443.83,4746.53,4579.33,245.8,snapshot,0,2026-10-06 20:04:15
Maharashtra,Pune,Pune,Soyabean,Yellow,FAQ,2026-08-08,4523.87,4857.59,4700.98,155.0,snapshot,0,2026-10-06 20:04:15
Maharashtra,Ahilyanagar,Rahata,Soyabean,Yellow,FAQ,2026-08-08,4535.53,4854.45,4702.28,436.7,snapshot,0,2026-10-06 20:04:15
Maharashtra,Ahilyanagar,Sangamner,Soyabean,Yellow,FAQ,2026-08-08,4633.64,4942.14,4752.32,284.9,snapshot,0,2026-10-06 20:04:15
Maharashtra,Solapur,Solapur,Soyabean,Yellow,FAQ,2026-08-08,4427.13,4813.08,4572.96,451.8,snapshot,0,2026-10-06 20:04:15
Maharashtra,Nashik,Yeola,Soyabean,Yellow,FAQ,2026-08-08,4399.12,4836.56,4580.5,95.8,snapshot,0,2026-10-06 20:04:15
Maharashtra,Pune,Baramati,Tomato,Hybrid,FAQ,2026-08-08,2012.21,2538.54,2253.02,357.1,snapshot,0,2026-10-06 20:03:43
Maharashtra,Pune,Khed(Chakan),Tomato,Hybrid,FAQ,2026-08-08,1821.65,2318.19,2043.83,167.4,snapshot,0,2026-10-06 20:03:43
Maharashtra,Kolhapur,Kolhapur,Tomato,Hybrid,FAQ,2026-08-08,1811.95,2427.56,2052.63,262.8,snapshot,0,2026-10-06 20:03:43
Maharashtra,Nashik,Lasalgaon,Tomato,Hybrid,FAQ,2026-08-08,1369.32,1944.88,1582.26,248.8,snapshot,0,2026-10-06 20:03:43
Maharashtra,Pune,Manchar,Tomato,Hybrid,FAQ,2026-08-08,1310.16,1955.64,1536.36,483.6,snapshot,0,2026-10-06 20:03:43
Maharashtra,Mumbai,Mumbai,Tomato,Hybrid,FAQ,2026-08-08,1579.68,2150.17,1853.51,470.2,snapshot,0,2026-10-06 20:03:43
Maharashtra,Nagpur,Nagpur,Tomato,Hybrid,FAQ,2026-08-08,1227.98,1827.44,1494.55,52.3,snapshot,0,2026-10-06 20:03:43
Maharashtra,Pune,Narayangaon,Tomato,Hybrid,FAQ,2026-08-08,1361.9,1978.86,1635.04,286.9,snapshot,0,2026-10-06 20:03:43
Maharashtra,Nashik,Nashik,Tomato,Hybrid,FAQ,2026-08-08,1599.86,2259.33,1846.75,417.8,snapshot,0,2026-10-06 20:03:43
Maharashtra,Nashik,Pimpalgaon,Tomato,Hybrid,FAQ,2026-08-08,1271.64,1794.52,1517.03,127.2,snapshot,0,2026-10-06 20:03:43
Maharashtra,Pune,Pune,Tomato,Hybrid,FAQ,2026-08-08,1529.34,2057.37,1721.07,248.7,snapshot,0,2026-10-06 20:03:43
Maharashtra,Ahilyanagar,Sangamner,Tomato,Hybrid,FAQ,2026-08-08,1730.84,2478.63,2031.35,234.0,snapshot,0,2026-10-06 20:03:43
Maharashtra,Ahilyanagar,Ahmednagar,Wheat,Lokwan,FAQ,2026-08-08,2721.72,3010.4,2837.72,161.0,snapshot,0,2026-10-06 20:05:18
Maharashtra,Akola,Akola,Wheat,Lokwan,FAQ,2026-08-08,2525.29,2778.25,2616.02,61.6,snapshot,0,2026-10-06 20:05:18
Maharashtra,Pune,Baramati,Wheat,Lokwan,FAQ,2026-08-08,2586.57,2865.02,2680.55,408.0,snapshot,0,2026-10-06 20:05:18
Maharashtra,Jalgaon,Jalgaon,Wheat,Lokwan,FAQ,2026-08-08,2550.12,2855.2,2649.28,364.3,snapshot,0,2026-10-06 20:05:18
Maharashtra,Kolhapur,Kolhapur,Wheat,Lokwan,FAQ,2026-08-08,2683.06,3011.0,2808.96,437.1,snapshot,0,2026-10-06 20:05:18
Maharashtra,Nashik,Lasalgaon,Wheat,Lokwan,FAQ,2026-08-08,2713.57,3027.81,2827.75,225.5,snapshot,0,2026-10-06 20:05:18
Maharashtra,Latur,Latur,Wheat,Lokwan,FAQ,2026-08-08,2694.15,3003.4,2800.84,221.6,snapshot,0,2026-10-06 20:05:18
Maharashtra,Mumbai,Mumbai,Wheat,Lokwan,FAQ,2026-08-08,2712.99,3024.22,2803.34,291.5,snapshot,0,2026-10-06 20:05:18
Maharashtra,Nagpur,Nagpur,Wheat,Lokwan,FAQ,2026-08-08,2537.83,2912.24,2682.25,206.2,snapshot,0,2026-10-06 20:05:18
Maharashtra,Nashik,Nashik,Wheat,Lokwan,FAQ,2026-08-08,2619.65,2916.54,2759.77,386.2,snapshot,0,2026-10-06 20:05:18
Maharashtra,Pune,Pune,Wheat,Lokwan,FAQ,2026-08-08,2605.16,2920.28,2742.85,397.9,snapshot,0,2026-10-06 20:05:18
Maharashtra,Ahilyanagar,Rahata,Wheat,Lokwan,FAQ,2026-08-08,2505.65,2812.62,2635.29,242.3,snapshot,0,2026-10-06 20:05:18
Maharashtra,Solapur,Solapur,Wheat,Lokwan,FAQ,2026-08-08,2680.43,3028.73,2812.51,311.3,snapshot,0,2026-10-06 20:05:18
Maharashtra,Nashik,Yeola,Wheat,Lokwan,FAQ,2026-08-08,2610.36,2953.41,2747.84,185.6,snapshot,0,2026-10-06 20:05:18
Maharashtra,Akola,Akola,Cotton,Medium Staple,FAQ,2026-08-07,6953.3,7574.73,7207.85,122.3,snapshot,0,2026-10-06 20:04:46
Maharashtra,Amravati,Amravati,Cotton,Medium Staple,FAQ,2026-08-07,7186.11,7759.4,7477.44,371.6,snapshot,0,2026-10-06 20:04:46
Maharashtra,Jalgaon,Jalgaon,Cotton,Medium Staple,FAQ,2026-08-07,7136.14,7684.99,7434.64,474.9,snapshot,0,2026-10-06 20:04:46
Maharashtra,Nagpur,Nagpur,Cotton,Medium Staple,FAQ,2026-08-07,7041.32,7691.66,7283.17,448.6,snapshot,0,2026-10-06 20:04:46
Maharashtra,Ahilyanagar,Ahmednagar,Onion,Red/Nasik,FAQ,2026-08-07,2198.21,2922.29,2461.01,220.6,snapshot,0,2026-10-06 20:03:59
Maharashtra,Pune,Baramati,Onion,Red/Nasik,FAQ,2026-08-07,1995.64,2783.69,2283.36,434.8,snapshot,0,2026-10-06 20:03:59
Maharashtra,Jalgaon,Jalgaon,Onion,Red/Nasik,FAQ,2026-08-07,1798.91,2620.39,2187.06,338.1,snapshot,0,2026-10-06 20:03:59
Maharashtra,Pune,Khed(Chakan),Onion,Red/Nasik,FAQ,2026-08-07,2413.42,3076.63,2628.5,475.9,snapshot,0,2026-10-06 20:03:59
Maharashtra,Kolhapur,Kolhapur,Onion,Red/Nasik,FAQ,2026-08-07,2045.22,2800.8,2297.33,366.1,snapshot,0,2026-10-06 20:03:59
Maharashtra,Nashik,Lasalgaon,Onion,Red/Nasik,FAQ,2026-08-07,2227.46,2752.95,2466.26,406.4,snapshot,0,2026-10-06 20:03:59
Maharashtra,Pune,Manchar,Onion,Red/Nasik,FAQ,2026-08-07,2051.1,2638.58,2305.41,380.3,snapshot,0,2026-10-06 20:03:59
Maharashtra,Mumbai,Mumbai,Onion,Red/Nasik,FAQ,2026-08-07,2153.06,2669.35,2385.44,298.1,snapshot,0,2026-10-06 20:03:59
Maharashtra,Pune,Narayangaon,Onion,Red/Nasik,FAQ,2026-08-07,1965.04,2669.62,2195.35,232.9,snapshot,0,2026-10-06 20:03:59
Maharashtra,Nashik,Nashik,Onion,Red/Nasik,FAQ,2026-08-07,1923.49,2498.51,2173.29,452.6,snapshot,0,2026-10-06 20:03:59
Maharashtra,Nashik,Pimpalgaon,Onion,Red/Nasik,FAQ,2026-08-07,2083.11,2768.24,2418.38,106.6,snapshot,0,2026-10-06 20:03:59
Maharashtra,Pune,Pune,Onion,Red/Nasik,FAQ,2026-08-07,1972.69,2550.92,2223.13,51.2,snapshot,0,2026-10-06 20:03:59
Maharashtra,Ahilyanagar,Rahata,Onion,Red/Nasik,FAQ,2026-08-07,1777.16,2633.76,2145.62,110.2,snapshot,0,2026-10-06 20:03:59
Maharashtra,Ahilyanagar,Sangamner,Onion,Red/Nasik,FAQ,2026-08-07,1707.09,2588.77,2085.9,292.1,snapshot,0,2026-10-06 20:03:59
Maharashtra,Solapur,Solapur,Onion,Red/Nasik,FAQ,2026-08-07,2081.37,2763.85,2405.32,419.4,snapshot,0,2026-10-06 20:03:59
Maharashtra,Nashik,Yeola,Onion,Red/Nasik,FAQ,2026-08-07,1954.51,2458.78,2178.26,469.2,snapshot,0,2026-10-06 20:03:59
Maharashtra,Pune,Khed(Chakan),Potato,Jyoti,FAQ,2026-08-07,1659.96,2187.86,1855.96,419.2,snapshot,0,2026-10-06 20:05:02
Maharashtra,Kolhapur,Kolhapur,Potato,Jyoti,FAQ,2026-08-07,1687.78,2094.52,1883.2,388.7,snapshot,0,2026-10-06 20:05:02
Maharashtra,Pune,Manchar,Potato,Jyoti,FAQ,2026-08-07,1710.13,2172.35,1948.66,468.4,snapshot,0,2026-10-06 20:05:02
Maharashtra,Mumbai,Mumbai,Potato,Jyoti,FAQ,2026-08-07,1752.8,2343.85,1994.47,282.1,snapshot,0,2026-10-06 20:05:02
Maharashtra,Pune,Narayangaon,Potato,Jyoti,FAQ,2026-08-07,1832.06,2356.32,2039.72,291.0,snapshot,0,2026-10-06 20:05:02
Maharashtra,Nashik,Nashik,Potato,Jyoti,FAQ,2026-08-07,1959.78,2455.46,2166.96,337.6,snapshot,0,2026-10-06 20:05:02
Maharashtra,Nashik,Pimpalgaon,Potato,Jyoti,FAQ,2026-08-07,1843.58,2374.84,2030.93,454.5,snapshot,0,2026-10-06 20:05:02
Maharashtra,Pune,Pune,Potato,Jyoti,FAQ,2026-08-07,1742.1,2333.06,2002.05,164.0,snapshot,0,2026-10-06 20:05:02
Maharashtra,Ahilyanagar,Ahmednagar,Red gram/Arhar/Tur(whole),White/Desi,FAQ,2026-08-07,9710.07,10767.22,10069.31,312.4,snapshot,0,2026-10-06 20:04:30
Maharashtra,Akola,Akola,Red gram/Arhar/Tur(whole),White/Desi,FAQ,2026-08-07,10058.19,11134.08,10498.05,449.2,snapshot,0,2026-10-06 20:04:30
Maharashtra,Amravati,Amravati,Red gram/Arhar/Tur(whole),White/Desi,FAQ,2026-08-07,10046.4,11178.42,10432.68,48.5,snapshot,0,2026-10-06 20:04:30
Maharashtra,Latur,Latur,Red gram/Arhar/Tur(whole),White/Desi,FAQ,2026-08-07,10239.29,11051.84,10541.73,315.2,snapshot,0,2026-10-06 20:04:30
Maharashtra,Solapur,Solapur,Red gram/Arhar/Tur(whole),White/Desi,FAQ,2026-08-07,10244.0,11319.19,10610.72,65.1,snapshot,0,2026-10-06 20:04:30
Maharashtra,Ahilyanagar,Ahmednagar,Soyabean,Yellow,FAQ,2026-08-07,4547.08,4881.62,4708.05,133.6,snapshot,0,2026-10-06 20:04:15
Maharashtra,Akola,Akola,Soyabean,Yellow,FAQ,2026-08-07,4671.07,5070.11,4853.13,129.7,snapshot,0,2026-10-06 20:04:15
Maharashtra,Amravati,Amravati,Soyabean,Yellow,FAQ,2026-08-07,4577.04,4988.48,4745.55,166.9,snapshot,0,2026-10-06 20:04:15
Maharashtra,Pune,Baramati,Soyabean,Yellow,FAQ,2026-08-07,4454.54,4876.66,4638.0,471.5,snapshot,0,2026-10-06 20:04:15
Maharashtra,Jalgaon,Jalgaon,Soyabean,Yellow,FAQ,2026-08-07,4621.78,4970.08,4746.73,197.9,snapshot,0,2026-10-06 20:04:15
Maharashtra,Latur,Latur,Soyabean,Yellow,FAQ,2026-08-07,4856.71,5231.44,5008.7,129.3,snapshot,0,2026-10-06 20:04:14
Maharashtra,Nagpur,Nagpur,Soyabean,Yellow,FAQ,2026-08-07,4358.76,4722.83,4552.67,265.6,snapshot,0,2026-10-06 20:04:15
Maharashtra,Pune,Pune,Soyabean,Yellow,FAQ,2026-08-07,4495.88,4812.06,4626.24,282.6,snapshot,0,2026-10-06 20:04:15
Maharashtra,Ahilyanagar,Rahata,Soyabean,Yellow,FAQ,2026-08-07,4598.69,4940.29,4718.41,423.7,snapshot,0,2026-10-06 20:04:15
Maharashtra,Ahilyanagar,Sangamner,Soyabean,Yellow,FAQ,2026-08-07,4668.41,5011.5,4836.73,86.7,snapshot,0,2026-10-06 20:04:15
Maharashtra,Solapur,Solapur,Soyabean,Yellow,FAQ,2026-08-07,4379.26,4704.82,4515.86,385.7,snapshot,0,2026-10-06 20:04:15
Maharashtra,Nashik,Yeola,Soyabean,Yellow,FAQ,2026-08-07,4456.33,4803.0,4589.52,220.9,snapshot,0,2026-10-06 20:04:15
Maharashtra,Pune,Baramati,Tomato,Hybrid,FAQ,2026-08-07,2064.24,2725.29,2274.14,402.7,snapshot,0,2026-10-06 20:03:43
Maharashtra,Pune,Khed(Chakan),Tomato,Hybrid,FAQ,2026-08-07,2024.4,2617.48,2214.47,311.2,snapshot,0,2026-10-06 20:03:43
Maharashtra,Kolhapur,Kolhapur,Tomato,Hybrid,FAQ,2026-08-07,1743.22,2364.46,2032.94,311.5,snapshot,0,2026-10-06 20:03:43
Maharashtra,Nashik,Lasalgaon,Tomato,Hybrid,FAQ,2026-08-07,1401.35,1992.51,1605.13,496.3,snapshot,0,2026-10-06 20:03:43
Maharashtra,Pune,Manchar,Tomato,Hybrid,FAQ,2026-08-07,1246.47,1915.39,1520.05,92.5,snapshot,0,2026-10-06 20:03:43
Maharashtra,Mumbai,Mumbai,Tomato,Hybrid,FAQ,2026-08-07,1505.26,2151.12,1828.42,285.6,snapshot,0,2026-10-06 20:03:43
Maharashtra,Nagpur,Nagpur,Tomato,Hybrid,FAQ,2026-08-07,1186.97,1881.73,1510.41,48.9,snapshot,0,2026-10-06 20:03:43
Maharashtra,Pune,Narayangaon,Tomato,Hybrid,FAQ,2026-08-07,1593.21,2119.59,1800.48,63.2,snapshot,0,2026-10-06 20:03:43
Maharashtra,Nashik,Nashik,Tomato,Hybrid,FAQ,2026-08-07,1566.33,2091.18,1747.34,393.6,snapshot,0,2026-10-06 20:03:43
Maharashtra,Nashik,Pimpalgaon,Tomato,Hybrid,FAQ,2026-08-07,1214.87,1781.69,1457.91,318.8,snapshot,0,2026-10-06 20:03:43
Maharashtra,Pune,Pune,Tomato,Hybrid,FAQ,2026-08-07,1450.21,2121.48,1733.32,287.0,snapshot,0,2026-10-06 20:03:43
Maharashtra,Ahilyanagar,Sangamner,Tomato,Hybrid,FAQ,2026-08-07,1693.67,2329.97,1959.17,206.8,snapshot,0,2026-10-06 20:03:43
Maharashtra,Ahilyanagar,Ahmednagar,Wheat,Lokwan,FAQ,2026-08-07,2713.85,3015.53,2857.68,90.4,snapshot,0,2026-10-06 20:05:18
Maharashtra,Akola,Akola,Wheat,Lokwan,FAQ,2026-08-07,2508.77,2813.85,2610.32,59.1,snapshot,0,2026-10-06 20:05:18
Maharashtra,Pune,Baramati,Wheat,Lokwan,FAQ,2026-08-07,2543.98,2922.11,2697.86,191.5,snapshot,0,2026-10-06 20:05:18
Maharashtra,Jalgaon,Jalgaon,Wheat,Lokwan,FAQ,2026-08-07,2522.1,2851.82,2669.81,272.7,snapshot,0,2026-10-06 20:05:18
Maharashtra,Kolhapur,Kolhapur,Wheat,Lokwan,FAQ,2026-08-07,2738.89,2985.79,2825.05,474.0,snapshot,0,2026-10-06 20:05:18
Maharashtra,Nashik,Lasalgaon,Wheat,Lokwan,FAQ,2026-08-07,2665.7,2944.67,2817.62,412.8,snapshot,0,2026-10-06 20:05:18
Maharashtra,Latur,Latur,Wheat,Lokwan,FAQ,2026-08-07,2691.7,2999.37,2790.74,203.3,snapshot,0,2026-10-06 20:05:18
Maharashtra,Mumbai,Mumbai,Wheat,Lokwan,FAQ,2026-08-07,2668.68,3030.98,2820.05,317.2,snapshot,0,2026-10-06 20:05:18
Maharashtra,Nagpur,Nagpur,Wheat,Lokwan,FAQ,2026-08-07,2575.88,2838.6,2669.56,160.6,snapshot,0,2026-10-06 20:05:18
Maharashtra,Nashik,Nashik,Wheat,Lokwan,FAQ,2026-08-07,2596.87,2969.83,2750.35,81.0,snapshot,0,2026-10-06 20:05:18
Maharashtra,Pune,Pune,Wheat,Lokwan,FAQ,2026-08-07,2640.52,2892.65,2747.83,64.1,snapshot,0,2026-10-06 20:05:18
Maharashtra,Ahilyanagar,Rahata,Wheat,Lokwan,FAQ,2026-08-07,2505.6,2781.47,2616.3,174.0,snapshot,0,2026-10-06 20:05:18
Maharashtra,Solapur,Solapur,Wheat,Lokwan,FAQ,2026-08-07,2683.65,3045.62,2831.67,192.1,snapshot,0,2026-10-06 20:05:18
Maharashtra,Nashik,Yeola,Wheat,Lokwan,FAQ,2026-08-07,2556.26,2880.93,2688.35,188.9,snapshot,0,2026-10-06 20:05:18
Maharashtra,Akola,Akola,Cotton,Medium Staple,FAQ,2026-08-06,6902.94,7483.88,7175.64,102.5,snapshot,0,2026-10-06 20:04:46
Maharashtra,Amravati,Amravati,Cotton,Medium Staple,FAQ,2026-08-06,7175.46,7762.55,7443.83,110.9,snapshot,0,2026-10-06 20:04:46
Maharashtra,Jalgaon,Jalgaon,Cotton,Medium Staple,FAQ,2026-08-06,7211.32,7788.82,7415.32,418.8,snapshot,0,2026-10-06 20:04:46
Maharashtra,Nagpur,Nagpur,Cotton,Medium Staple,FAQ,2026-08-06,7125.98,7683.79,7421.91,465.0,snapshot,0,2026-10-06 20:04:46
Maharashtra,Ahilyanagar,Ahmednagar,Onion,Red/Nasik,FAQ,2026-08-06,2175.16,2818.45,2408.07,300.2,snapshot,0,2026-10-06 20:03:59
Maharashtra,Pune,Baramati,Onion,Red/Nasik,FAQ,2026-08-06,1924.88,2733.05,2300.07,479.8,snapshot,0,2026-10-06 20:03:59
Maharashtra,Jalgaon,Jalgaon,Onion,Red/Nasik,FAQ,2026-08-06,1893.14,2645.21,2270.41,318.8,snapshot,0,2026-10-06 20:03:59
Maharashtra,Pune,Khed(Chakan),Onion,Red/Nasik,FAQ,2026-08-06,2223.93,3026.48,2579.05,460.4,snapshot,0,2026-10-06 20:03:59
Maharashtra,Kolhapur,Kolhapur,Onion,Red/Nasik,FAQ,2026-08-06,2011.69,2726.62,2308.03,284.4,snapshot,0,2026-10-06 20:03:59
Maharashtra,Nashik,Lasalgaon,Onion,Red/Nasik,FAQ,2026-08-06,2140.88,2855.32,2450.2,388.2,snapshot,0,2026-10-06 20:03:59
Maharashtra,Pune,Manchar,Onion,Red/Nasik,FAQ,2026-08-06,2059.87,2709.6,2326.81,42.2,snapshot,0,2026-10-06 20:03:59
Maharashtra,Mumbai,Mumbai,Onion,Red/Nasik,FAQ,2026-08-06,2136.42,2756.83,2397.78,276.3,snapshot,0,2026-10-06 20:03:59
Maharashtra,Pune,Narayangaon,Onion,Red/Nasik,FAQ,2026-08-06,1881.71,2646.31,2141.33,373.5,snapshot,0,2026-10-06 20:03:59
Maharashtra,Nashik,Nashik,Onion,Red/Nasik,FAQ,2026-08-06,1787.61,2466.13,2161.55,111.1,snapshot,0,2026-10-06 20:03:59
Maharashtra,Nashik,Pimpalgaon,Onion,Red/Nasik,FAQ,2026-08-06,2196.11,2807.76,2488.47,103.3,snapshot,0,2026-10-06 20:03:59
Maharashtra,Pune,Pune,Onion,Red/Nasik,FAQ,2026-08-06,1900.71,2718.3,2258.03,349.5,snapshot,0,2026-10-06 20:03:59
Maharashtra,Ahilyanagar,Rahata,Onion,Red/Nasik,FAQ,2026-08-06,1770.05,2536.51,2118.64,203.1,snapshot,0,2026-10-06 20:03:59
Maharashtra,Ahilyanagar,Sangamner,Onion,Red/Nasik,FAQ,2026-08-06,1792.76,2630.75,2111.39,463.2,snapshot,0,2026-10-06 20:03:59
Maharashtra,Solapur,Solapur,Onion,Red/Nasik,FAQ,2026-08-06,2018.88,2675.65,2381.48,153.4,snapshot,0,2026-10-06 20:03:59
Maharashtra,Nashik,Yeola,Onion,Red/Nasik,FAQ,2026-08-06,1835.49,2687.98,2213.41,367.2,snapshot,0,2026-10-06 20:03:59
Maharashtra,Pune,Khed(Chakan),Potato,Jyoti,FAQ,2026-08-06,1692.38,2150.33,1877.56,155.9,snapshot,0,2026-10-06 20:05:02
Maharashtra,Kolhapur,Kolhapur,Potato,Jyoti,FAQ,2026-08-06,1720.69,2274.39,1934.04,203.8,snapshot,0,2026-10-06 20:05:02
Maharashtra,Pune,Manchar,Potato,Jyoti,FAQ,2026-08-06,1775.6,2172.13,1945.39,349.9,snapshot,0,2026-10-06 20:05:02
Maharashtra,Mumbai,Mumbai,Potato,Jyoti,FAQ,2026-08-06,1767.85,2263.9,1963.18,266.2,snapshot,0,2026-10-06 20:05:02
Maharashtra,Pune,Narayangaon,Potato,Jyoti,FAQ,2026-08-06,1770.72,2289.43,2008.7,92.4,snapshot,0,2026-10-06 20:05:02
Maharashtra,Nashik,Nashik,Potato,Jyoti,FAQ,2026-08-06,1992.64,2521.01,2162.11,253.5,snapshot,0,2026-10-06 20:05:02
Maharashtra,Nashik,Pimpalgaon,Potato,Jyoti,FAQ,2026-08-06,1810.59,2218.53,1974.41,58.5,snapshot,0,2026-10-06 20:05:02
Maharashtra,Pune,Pune,Potato,Jyoti,FAQ,2026-08-06,1717.02,2270.88,1957.34,477.4,snapshot,0,2026-10-06 20:05:02
Maharashtra,Ahilyanagar,Ahmednagar,Red gram/Arhar/Tur(whole),White/Desi,FAQ,2026-08-06,9533.1,10635.78,10004.35,392.4,snapshot,0,2026-10-06 20:04:30
Maharashtra,Akola,Akola,Red gram/Arhar/Tur(whole),White/Desi,FAQ,2026-08-06,10148.11,11218.46,10546.52,376.1,snapshot,0,2026-10-06 20:04:30
Maharashtra,Amravati,Amravati,Red gram/Arhar/Tur(whole),White/Desi,FAQ,2026-08-06,10103.2,11201.54,10430.12,175.4,snapshot,0,2026-10-06 20:04:30
Maharashtra,Latur,Latur,Red gram/Arhar/Tur(whole),White/Desi,FAQ,2026-08-06,10366.22,11421.14,10668.66,321.4,snapshot,0,2026-10-06 20:04:30
Maharashtra,Solapur,Solapur,Red gram/Arhar/Tur(whole),White/Desi,FAQ,2026-08-06,10303.9,11139.75,10676.75,123.3,snapshot,0,2026-10-06 20:04:30
Maharashtra,Ahilyanagar,Ahmednagar,Soyabean,Yellow,FAQ,2026-08-06,4644.72,5002.63,4754.58,364.5,snapshot,0,2026-10-06 20:04:15
Maharashtra,Akola,Akola,Soyabean,Yellow,FAQ,2026-08-06,4714.66,5053.63,4863.09,385.5,snapshot,0,2026-10-06 20:04:15
Maharashtra,Amravati,Amravati,Soyabean,Yellow,FAQ,2026-08-06,4530.45,4918.83,4688.47,151.5,snapshot,0,2026-10-06 20:04:15
Maharashtra,Pune,Baramati,Soyabean,Yellow,FAQ,2026-08-06,4515.22,4900.41,4667.35,105.9,snapshot,0,2026-10-06 20:04:15
Maharashtra,Jalgaon,Jalgaon,Soyabean,Yellow,FAQ,2026-08-06,4572.22,4925.02,4764.4,475.2,snapshot,0,2026-10-06 20:04:15
Maharashtra,Latur,Latur,Soyabean,Yellow,FAQ,2026-08-06,4838.58,5192.35,5032.87,197.4,snapshot,0,2026-10-06 20:04:14
Maharashtra,Nagpur,Nagpur,Soyabean,Yellow,FAQ,2026-08-06,4305.37,4716.78,4471.29,310.5,snapshot,0,2026-10-06 20:04:15
Maharashtra,Pune,Pune,Soyabean,Yellow,FAQ,2026-08-06,4467.87,4916.24,4658.11,252.4,snapshot,0,2026-10-06 20:04:15
Maharashtra,Ahilyanagar,Rahata,Soyabean,Yellow,FAQ,2026-08-06,4559.2,4922.35,4667.33,234.0,snapshot,0,2026-10-06 20:04:15
Maharashtra,Ahilyanagar,Sangamner,Soyabean,Yellow,FAQ,2026-08-06,4614.34,5011.24,4771.85,258.5,snapshot,0,2026-10-06 20:04:15
Maharashtra,Nashik,Yeola,Soyabean,Yellow,FAQ,2026-08-06,4444.14,4805.01,4616.97,296.0,snapshot,0,2026-10-06 20:04:15
Maharashtra,Pune,Baramati,Tomato,Hybrid,FAQ,2026-08-06,1978.15,2669.56,2258.35,97.9,snapshot,0,2026-10-06 20:03:43
Maharashtra,Pune,Khed(Chakan),Tomato,Hybrid,FAQ,2026-08-06,1884.01,2587.58,2161.99,79.9,snapshot,0,2026-10-06 20:03:43
Maharashtra,Kolhapur,Kolhapur,Tomato,Hybrid,FAQ,2026-08-06,1737.52,2217.19,1915.89,258.6,snapshot,0,2026-10-06 20:03:43
Maharashtra,Nashik,Lasalgaon,Tomato,Hybrid,FAQ,2026-08-06,1274.39,1838.43,1483.58,399.8,snapshot,0,2026-10-06 20:03:43
Maharashtra,Pune,Manchar,Tomato,Hybrid,FAQ,2026-08-06,1155.98,1790.15,1415.0,257.6,snapshot,0,2026-10-06 20:03:43
Maharashtra,Mumbai,Mumbai,Tomato,Hybrid,FAQ,2026-08-06,1535.85,2299.62,1849.03,55.6,snapshot,0,2026-10-06 20:03:43
Maharashtra,Nagpur,Nagpur,Tomato,Hybrid,FAQ,2026-08-06,1213.33,1950.09,1503.99,179.1,snapshot,0,2026-10-06 20:03:43
Maharashtra,Pune,Narayangaon,Tomato,Hybrid,FAQ,2026-08-06,1466.71,2134.63,1783.49,484.7,snapshot,0,2026-10-06 20:03:43
Maharashtra,Nashik,Nashik,Tomato,Hybrid,FAQ,2026-08-06,1509.06,2016.19,1770.12,490.9,snapshot,0,2026-10-06 20:03:43
Maharashtra,Nashik,Pimpalgaon,Tomato,Hybrid,FAQ,2026-08-06,1180.05,1763.08,1464.05,253.3,snapshot,0,2026-10-06 20:03:43
Maharashtra,Pune,Pune,Tomato,Hybrid,FAQ,2026-08-06,1415.35,2161.77,1736.01,45.3,snapshot,0,2026-10-06 20:03:43
Maharashtra,Ahilyanagar,Sangamner,Tomato,Hybrid,FAQ,2026-08-06,1895.82,2371.16,2104.52,498.9,snapshot,0,2026-10-06 20:03:43
Maharashtra,Ahilyanagar,Ahmednagar,Wheat,Lokwan,FAQ,2026-08-06,2679.75,3009.94,2804.87,279.6,snapshot,0,2026-10-06 20:05:18
Maharashtra,Akola,Akola,Wheat,Lokwan,FAQ,2026-08-06,2491.64,2776.62,2636.88,442.9,snapshot,0,2026-10-06 20:05:18
Maharashtra,Pune,Baramati,Wheat,Lokwan,FAQ,2026-08-06,2622.37,2874.7,2722.74,110.3,snapshot,0,2026-10-06 20:05:18
Maharashtra,Jalgaon,Jalgaon,Wheat,Lokwan,FAQ,2026-08-06,2559.2,2874.61,2683.1,472.3,snapshot,0,2026-10-06 20:05:18
Maharashtra,Kolhapur,Kolhapur,Wheat,Lokwan,FAQ,2026-08-06,2717.16,2976.31,2824.48,229.9,snapshot,0,2026-10-06 20:05:18
Maharashtra,Nashik,Lasalgaon,Wheat,Lokwan,FAQ,2026-08-06,2697.69,2997.04,2808.67,99.0,snapshot,0,2026-10-06 20:05:18
Maharashtra,Latur,Latur,Wheat,Lokwan,FAQ,2026-08-06,2652.67,2949.87,2798.08,461.6,snapshot,0,2026-10-06 20:05:18
Maharashtra,Mumbai,Mumbai,Wheat,Lokwan,FAQ,2026-08-06,2685.94,3012.26,2812.68,123.0,snapshot,0,2026-10-06 20:05:18
Maharashtra,Nagpur,Nagpur,Wheat,Lokwan,FAQ,2026-08-06,2579.18,2907.38,2691.58,244.0,snapshot,0,2026-10-06 20:05:18
Maharashtra,Nashik,Nashik,Wheat,Lokwan,FAQ,2026-08-06,2610.51,2891.05,2721.97,121.9,snapshot,0,2026-10-06 20:05:18
Maharashtra,Pune,Pune,Wheat,Lokwan,FAQ,2026-08-06,2671.43,2967.82,2756.5,149.4,snapshot,0,2026-10-06 20:05:18
Maharashtra,Ahilyanagar,Rahata,Wheat,Lokwan,FAQ,2026-08-06,2541.09,2792.9,2635.75,141.7,snapshot,0,2026-10-06 20:05:18
Maharashtra,Solapur,Solapur,Wheat,Lokwan,FAQ,2026-08-06,2689.24,2995.92,2842.05,296.9,snapshot,0,2026-10-06 20:05:18
Maharashtra,Nashik,Yeola,Wheat,Lokwan,FAQ,2026-08-06,2544.97,2875.84,2685.35,75.8,snapshot,0,2026-10-06 20:05:18
Maharashtra,Akola,Akola,Cotton,Medium Staple,FAQ,2026-08-05,6855.85,7343.43,7086.71,263.3,snapshot,0,2026-10-06 20:04:46
Maharashtra,Amravati,Amravati,Cotton,Medium Staple,FAQ,2026-08-05,7246.86,7888.52,7434.89,457.9,snapshot,0,2026-10-06 20:04:46
Maharashtra,Jalgaon,Jalgaon,Cotton,Medium Staple,FAQ,2026-08-05,7219.58,7862.83,7412.1,218.1,snapshot,0,2026-10-06 20:04:46
Maharashtra,Nagpur,Nagpur,Cotton,Medium Staple,FAQ,2026-08-05,7111.97,7756.84,7417.22,446.4,snapshot,0,2026-10-06 20:04:46
Maharashtra,Ahilyanagar,Ahmednagar,Onion,Red/Nasik,FAQ,2026-08-05,2066.37,2840.07,2412.42,179.1,snapshot,0,2026-10-06 20:03:59
Maharashtra,Pune,Baramati,Onion,Red/Nasik,FAQ,2026-08-05,2019.2,2752.83,2309.99,482.4,snapshot,0,2026-10-06 20:03:59
Maharashtra,Jalgaon,Jalgaon,Onion,Red/Nasik,FAQ,2026-08-05,1925.05,2699.26,2225.38,176.9,snapshot,0,2026-10-06 20:03:59
Maharashtra,Pune,Khed(Chakan),Onion,Red/Nasik,FAQ,2026-08-05,2284.61,3039.88,2558.47,428.8,snapshot,0,2026-10-06 20:03:59
Maharashtra,Kolhapur,Kolhapur,Onion,Red/Nasik,FAQ,2026-08-05,2019.09,2816.82,2371.34,91.6,snapshot,0,2026-10-06 20:03:59
Maharashtra,Nashik,Lasalgaon,Onion,Red/Nasik,FAQ,2026-08-05,2117.7,2771.15,2460.91,496.3,snapshot,0,2026-10-06 20:03:59
Maharashtra,Pune,Manchar,Onion,Red/Nasik,FAQ,2026-08-05,2054.26,2728.56,2375.2,308.7,snapshot,0,2026-10-06 20:03:59
Maharashtra,Mumbai,Mumbai,Onion,Red/Nasik,FAQ,2026-08-05,2124.53,2715.77,2359.2,383.7,snapshot,0,2026-10-06 20:03:59
Maharashtra,Pune,Narayangaon,Onion,Red/Nasik,FAQ,2026-08-05,1824.22,2539.88,2132.22,418.7,snapshot,0,2026-10-06 20:03:59
Maharashtra,Nashik,Nashik,Onion,Red/Nasik,FAQ,2026-08-05,1989.21,2605.89,2201.53,211.6,snapshot,0,2026-10-06 20:03:59
Maharashtra,Nashik,Pimpalgaon,Onion,Red/Nasik,FAQ,2026-08-05,2101.25,2865.95,2446.66,410.3,snapshot,0,2026-10-06 20:03:59
Maharashtra,Pune,Pune,Onion,Red/Nasik,FAQ,2026-08-05,2050.87,2591.76,2291.41,277.1,snapshot,0,2026-10-06 20:03:59
Maharashtra,Ahilyanagar,Rahata,Onion,Red/Nasik,FAQ,2026-08-05,1935.71,2627.72,2185.83,190.2,snapshot,0,2026-10-06 20:03:59
Maharashtra,Ahilyanagar,Sangamner,Onion,Red/Nasik,FAQ,2026-08-05,1779.14,2375.27,2051.97,278.5,snapshot,0,2026-10-06 20:03:59
Maharashtra,Solapur,Solapur,Onion,Red/Nasik,FAQ,2026-08-05,2099.13,2856.62,2390.04,404.0,snapshot,0,2026-10-06 20:03:59
Maharashtra,Nashik,Yeola,Onion,Red/Nasik,FAQ,2026-08-05,1787.32,2508.09,2144.48,87.8,snapshot,0,2026-10-06 20:03:59
Maharashtra,Pune,Khed(Chakan),Potato,Jyoti,FAQ,2026-08-05,1657.6,2159.19,1894.21,484.8,snapshot,0,2026-10-06 20:05:02
Maharashtra,Kolhapur,Kolhapur,Potato,Jyoti,FAQ,2026-08-05,1705.69,2205.07,1877.13,118.4,snapshot,0,2026-10-06 20:05:02
Maharashtra,Pune,Manchar,Potato,Jyoti,FAQ,2026-08-05,1698.83,2258.7,1876.72,277.6,snapshot,0,2026-10-06 20:05:02
Maharashtra,Mumbai,Mumbai,Potato,Jyoti,FAQ,2026-08-05,1766.19,2301.02,1942.21,467.4,snapshot,0,2026-10-06 20:05:02
Maharashtra,Pune,Narayangaon,Potato,Jyoti,FAQ,2026-08-05,1786.7,2308.47,2010.09,304.9,snapshot,0,2026-10-06 20:05:02
Maharashtra,Nashik,Nashik,Potato,Jyoti,FAQ,2026-08-05,1983.79,2472.78,2154.56,226.7,snapshot,0,2026-10-06 20:05:02
Maharashtra,Nashik,Pimpalgaon,Potato,Jyoti,FAQ,2026-08-05,1860.32,2293.41,2019.74,239.6,snapshot,0,2026-10-06 20:05:02
Maharashtra,Pune,Pune,Potato,Jyoti,FAQ,2026-08-05,1690.47,2150.33,1882.31,155.2,snapshot,0,2026-10-06 20:05:02
Maharashtra,Ahilyanagar,Ahmednagar,Red gram/Arhar/Tur(whole),White/Desi,FAQ,2026-08-05,9666.84,10666.46,9983.42,168.8,snapshot,0,2026-10-06 20:04:30
Maharashtra,Akola,Akola,Red gram/Arhar/Tur(whole),White/Desi,FAQ,2026-08-05,10125.64,11162.92,10548.22,193.3,snapshot,0,2026-10-06 20:04:30
Maharashtra,Amravati,Amravati,Red gram/Arhar/Tur(whole),White/Desi,FAQ,2026-08-05,9800.61,11057.72,10310.56,380.4,snapshot,0,2026-10-06 20:04:30
Maharashtra,Latur,Latur,Red gram/Arhar/Tur(whole),White/Desi,FAQ,2026-08-05,10141.99,11297.05,10520.18,335.8,snapshot,0,2026-10-06 20:04:30
Maharashtra,Solapur,Solapur,Red gram/Arhar/Tur(whole),White/Desi,FAQ,2026-08-05,10482.31,11348.52,10774.55,491.6,snapshot,0,2026-10-06 20:04:30
Maharashtra,Ahilyanagar,Ahmednagar,Soyabean,Yellow,FAQ,2026-08-05,4608.63,4975.68,4772.46,163.1,snapshot,0,2026-10-06 20:04:15
Maharashtra,Akola,Akola,Soyabean,Yellow,FAQ,2026-08-05,4722.33,5102.76,4885.82,79.1,snapshot,0,2026-10-06 20:04:14
Maharashtra,Amravati,Amravati,Soyabean,Yellow,FAQ,2026-08-05,4652.28,5011.45,4763.85,321.5,snapshot,0,2026-10-06 20:04:15
Maharashtra,Pune,Baramati,Soyabean,Yellow,FAQ,2026-08-05,4457.59,4806.04,4606.03,127.5,snapshot,0,2026-10-06 20:04:15
Maharashtra,Jalgaon,Jalgaon,Soyabean,Yellow,FAQ,2026-08-05,4559.49,4981.37,4729.51,121.8,snapshot,0,2026-10-06 20:04:15
Maharashtra,Latur,Latur,Soyabean,Yellow,FAQ,2026-08-05,4803.83,5223.42,4974.11,325.4,snapshot,0,2026-10-06 20:04:14
Maharashtra,Pune,Pune,Soyabean,Yellow,FAQ,2026-08-05,4503.56,4873.44,4636.41,255.7,snapshot,0,2026-10-06 20:04:15
Maharashtra,Ahilyanagar,Rahata,Soyabean,Yellow,FAQ,2026-08-05,4559.89,4914.84,4723.75,171.1,snapshot,0,2026-10-06 20:04:15
Maharashtra,Ahilyanagar,Sangamner,Soyabean,Yellow,FAQ,2026-08-05,4715.08,4999.19,4833.63,426.7,snapshot,0,2026-10-06 20:04:15
Maharashtra,Solapur,Solapur,Soyabean,Yellow,FAQ,2026-08-05,4335.25,4663.34,4484.28,424.8,snapshot,0,2026-10-06 20:04:15
Maharashtra,Nashik,Yeola,Soyabean,Yellow,FAQ,2026-08-05,4506.99,4769.65,4618.24,409.2,snapshot,0,2026-10-06 20:04:15
Maharashtra,Pune,Baramati,Tomato,Hybrid,FAQ,2026-08-05,1858.85,2627.84,2173.48,327.6,snapshot,0,2026-10-06 20:03:43
Maharashtra,Pune,Khed(Chakan),Tomato,Hybrid,FAQ,2026-08-05,1885.97,2523.69,2126.98,328.9,snapshot,0,2026-10-06 20:03:43
Maharashtra,Kolhapur,Kolhapur,Tomato,Hybrid,FAQ,2026-08-05,1633.44,2148.1,1809.79,177.0,snapshot,0,2026-10-06 20:03:43
Maharashtra,Nashik,Lasalgaon,Tomato,Hybrid,FAQ,2026-08-05,1286.63,1743.36,1471.43,69.9,snapshot,0,2026-10-06 20:03:43
Maharashtra,Pune,Manchar,Tomato,Hybrid,FAQ,2026-08-05,1062.54,1701.39,1380.09,65.0,snapshot,0,2026-10-06 20:03:43
Maharashtra,Mumbai,Mumbai,Tomato,Hybrid,FAQ,2026-08-05,1470.12,2142.45,1705.22,301.5,snapshot,0,2026-10-06 20:03:43
Maharashtra,Nagpur,Nagpur,Tomato,Hybrid,FAQ,2026-08-05,1191.93,1844.89,1455.63,345.8,snapshot,0,2026-10-06 20:03:43
Maharashtra,Pune,Narayangaon,Tomato,Hybrid,FAQ,2026-08-05,1539.44,2142.27,1789.18,269.4,snapshot,0,2026-10-06 20:03:43
Maharashtra,Nashik,Nashik,Tomato,Hybrid,FAQ,2026-08-05,1584.03,2174.81,1808.12,450.2,snapshot,0,2026-10-06 20:03:43
Maharashtra,Nashik,Pimpalgaon,Tomato,Hybrid,FAQ,2026-08-05,1180.18,1887.65,1483.29,463.9,snapshot,0,2026-10-06 20:03:43
Maharashtra,Pune,Pune,Tomato,Hybrid,FAQ,2026-08-05,1394.69,1891.35,1633.01,215.5,snapshot,0,2026-10-06 20:03:43
Maharashtra,Ahilyanagar,Sangamner,Tomato,Hybrid,FAQ,2026-08-05,1819.19,2510.95,2081.94,358.1,snapshot,0,2026-10-06 20:03:43
Maharashtra,Ahilyanagar,Ahmednagar,Wheat,Lokwan,FAQ,2026-08-05,2706.64,3007.03,2791.12,51.9,snapshot,0,2026-10-06 20:05:18
Maharashtra,Akola,Akola,Wheat,Lokwan,FAQ,2026-08-05,2506.88,2790.63,2640.98,100.4,snapshot,0,2026-10-06 20:05:18
Maharashtra,Pune,Baramati,Wheat,Lokwan,FAQ,2026-08-05,2662.72,2920.32,2753.04,481.9,snapshot,0,2026-10-06 20:05:18
Maharashtra,Jalgaon,Jalgaon,Wheat,Lokwan,FAQ,2026-08-05,2521.77,2853.08,2667.9,119.7,snapshot,0,2026-10-06 20:05:18
Maharashtra,Kolhapur,Kolhapur,Wheat,Lokwan,FAQ,2026-08-05,2703.23,2954.91,2800.85,430.0,snapshot,0,2026-10-06 20:05:18
Maharashtra,Nashik,Lasalgaon,Wheat,Lokwan,FAQ,2026-08-05,2702.2,3043.03,2841.65,136.4,snapshot,0,2026-10-06 20:05:18
Maharashtra,Latur,Latur,Wheat,Lokwan,FAQ,2026-08-05,2712.52,3001.28,2800.95,57.3,snapshot,0,2026-10-06 20:05:18
Maharashtra,Mumbai,Mumbai,Wheat,Lokwan,FAQ,2026-08-05,2679.96,3055.59,2825.97,355.2,snapshot,0,2026-10-06 20:05:18
Maharashtra,Nagpur,Nagpur,Wheat,Lokwan,FAQ,2026-08-05,2596.13,2911.56,2721.41,402.5,snapshot,0,2026-10-06 20:05:18
Maharashtra,Nashik,Nashik,Wheat,Lokwan,FAQ,2026-08-05,2531.09,2822.33,2661.43,65.5,snapshot,0,2026-10-06 20:05:18
Maharashtra,Pune,Pune,Wheat,Lokwan,FAQ,2026-08-05,2670.35,2916.78,2763.71,120.3,snapshot,0,2026-10-06 20:05:18
Maharashtra,Ahilyanagar,Rahata,Wheat,Lokwan,FAQ,2026-08-05,2527.56,2869.8,2668.25,301.4,snapshot,0,2026-10-06 20:05:18
Maharashtra,Solapur,Solapur,Wheat,Lokwan,FAQ,2026-08-05,2678.39,3018.62,2795.48,323.7,snapshot,0,2026-10-06 20:05:18
Maharashtra,Nashik,Yeola,Wheat,Lokwan,FAQ,2026-08-05,2553.27,2851.74,2687.43,358.7,snapshot,0,2026-10-06 20:05:18
Maharashtra,Akola,Akola,Cotton,Medium Staple,FAQ,2026-08-04,6827.26,7374.2,7021.12,159.6,snapshot,0,2026-10-06 20:04:46
Maharashtra,Amravati,Amravati,Cotton,Medium Staple,FAQ,2026-08-04,7050.37,7695.94,7339.83,328.7,snapshot,0,2026-10-06 20:04:46
Maharashtra,Jalgaon,Jalgaon,Cotton,Medium Staple,FAQ,2026-08-04,7112.78,7750.63,7423.88,499.3,snapshot,0,2026-10-06 20:04:46
Maharashtra,Nagpur,Nagpur,Cotton,Medium Staple,FAQ,2026-08-04,7166.45,7723.49,7465.77,291.3,snapshot,0,2026-10-06 20:04:46
Maharashtra,Ahilyanagar,Ahmednagar,Onion,Red/Nasik,FAQ,2026-08-04,2102.65,2923.05,2413.25,233.6,snapshot,0,2026-10-06 20:03:59
Maharashtra,Pune,Baramati,Onion,Red/Nasik,FAQ,2026-08-04,1942.86,2592.36,2309.51,466.5,snapshot,0,2026-10-06 20:03:59
Maharashtra,Jalgaon,Jalgaon,Onion,Red/Nasik,FAQ,2026-08-04,1874.24,2515.59,2225.44,320.9,snapshot,0,2026-10-06 20:03:59
Maharashtra,Pune,Khed(Chakan),Onion,Red/Nasik,FAQ,2026-08-04,2258.16,2990.81,2507.65,406.8,snapshot,0,2026-10-06 20:03:59
Maharashtra,Kolhapur,Kolhapur,Onion,Red/Nasik,FAQ,2026-08-04,2041.19,2738.95,2312.65,304.6,snapshot,0,2026-10-06 20:03:59
Maharashtra,Nashik,Lasalgaon,Onion,Red/Nasik,FAQ,2026-08-04,2208.46,2785.39,2425.11,373.5,snapshot,0,2026-10-06 20:03:59
Maharashtra,Pune,Manchar,Onion,Red/Nasik,FAQ,2026-08-04,1965.17,2693.46,2337.19,247.3,snapshot,0,2026-10-06 20:03:59
Maharashtra,Mumbai,Mumbai,Onion,Red/Nasik,FAQ,2026-08-04,1959.66,2831.26,2315.7,311.6,snapshot,0,2026-10-06 20:03:59
Maharashtra,Pune,Narayangaon,Onion,Red/Nasik,FAQ,2026-08-04,1904.97,2470.67,2119.06,349.8,snapshot,0,2026-10-06 20:03:59
Maharashtra,Nashik,Nashik,Onion,Red/Nasik,FAQ,2026-08-04,2042.42,2688.88,2269.67,418.7,snapshot,0,2026-10-06 20:03:59
Maharashtra,Nashik,Pimpalgaon,Onion,Red/Nasik,FAQ,2026-08-04,2119.82,2858.46,2483.95,100.2,snapshot,0,2026-10-06 20:03:59
Maharashtra,Pune,Pune,Onion,Red/Nasik,FAQ,2026-08-04,1986.5,2777.95,2281.67,406.2,snapshot,0,2026-10-06 20:03:59
Maharashtra,Ahilyanagar,Rahata,Onion,Red/Nasik,FAQ,2026-08-04,1939.92,2572.98,2190.46,159.1,snapshot,0,2026-10-06 20:03:59
Maharashtra,Ahilyanagar,Sangamner,Onion,Red/Nasik,FAQ,2026-08-04,1716.75,2426.85,2072.05,174.1,snapshot,0,2026-10-06 20:03:59
Maharashtra,Solapur,Solapur,Onion,Red/Nasik,FAQ,2026-08-04,2019.83,2900.18,2390.19,162.4,snapshot,0,2026-10-06 20:03:59
Maharashtra,Nashik,Yeola,Onion,Red/Nasik,FAQ,2026-08-04,1948.39,2625.58,2185.43,178.7,snapshot,0,2026-10-06 20:03:59
Maharashtra,Pune,Khed(Chakan),Potato,Jyoti,FAQ,2026-08-04,1703.52,2127.18,1915.66,156.1,snapshot,0,2026-10-06 20:05:02
Maharashtra,Kolhapur,Kolhapur,Potato,Jyoti,FAQ,2026-08-04,1684.76,2096.53,1856.5,58.2,snapshot,0,2026-10-06 20:05:02
Maharashtra,Pune,Manchar,Potato,Jyoti,FAQ,2026-08-04,1593.11,2184.25,1852.41,145.8,snapshot,0,2026-10-06 20:05:02
Maharashtra,Mumbai,Mumbai,Potato,Jyoti,FAQ,2026-08-04,1689.78,2268.29,1893.51,472.0,snapshot,0,2026-10-06 20:05:02
Maharashtra,Pune,Narayangaon,Potato,Jyoti,FAQ,2026-08-04,1727.02,2367.14,1982.77,174.1,snapshot,0,2026-10-06 20:05:02
Maharashtra,Nashik,Nashik,Potato,Jyoti,FAQ,2026-08-04,1965.52,2513.28,2155.01,337.2,snapshot,0,2026-10-06 20:05:02
Maharashtra,Nashik,Pimpalgaon,Potato,Jyoti,FAQ,2026-08-04,1805.92,2247.9,1958.96,426.1,snapshot,0,2026-10-06 20:05:02
Maharashtra,Pune,Pune,Potato,Jyoti,FAQ,2026-08-04,1698.47,2122.21,1897.73,58.3,snapshot,0,2026-10-06 20:05:02
Maharashtra,Ahilyanagar,Ahmednagar,Red gram/Arhar/Tur(whole),White/Desi,FAQ,2026-08-04,9506.48,10573.69,9916.32,75.6,snapshot,0,2026-10-06 20:04:30
Maharashtra,Akola,Akola,Red gram/Arhar/Tur(whole),White/Desi,FAQ,2026-08-04,10153.21,10968.45,10482.65,419.3,snapshot,0,2026-10-06 20:04:30
Maharashtra,Amravati,Amravati,Red gram/Arhar/Tur(whole),White/Desi,FAQ,2026-08-04,10090.11,11169.14,10432.67,216.0,snapshot,0,2026-10-06 20:04:30
Maharashtra,Latur,Latur,Red gram/Arhar/Tur(whole),White/Desi,FAQ,2026-08-04,10281.17,11096.74,10584.42,462.4,snapshot,0,2026-10-06 20:04:30
Maharashtra,Solapur,Solapur,Red gram/Arhar/Tur(whole),White/Desi,FAQ,2026-08-04,10449.18,11419.96,10795.68,131.6,snapshot,0,2026-10-06 20:04:30
Maharashtra,Ahilyanagar,Ahmednagar,Soyabean,Yellow,FAQ,2026-08-04,4520.11,4943.47,4709.84,174.6,snapshot,0,2026-10-06 20:04:15
Maharashtra,Akola,Akola,Soyabean,Yellow,FAQ,2026-08-04,4679.25,5011.78,4805.42,467.1,snapshot,0,2026-10-06 20:04:15
Maharashtra,Amravati,Amravati,Soyabean,Yellow,FAQ,2026-08-04,4650.15,4999.12,4822.23,158.4,snapshot,0,2026-10-06 20:04:15
Maharashtra,Pune,Baramati,Soyabean,Yellow,FAQ,2026-08-04,4486.21,4866.66,4673.41,51.5,snapshot,0,2026-10-06 20:04:15
Maharashtra,Jalgaon,Jalgaon,Soyabean,Yellow,FAQ,2026-08-04,4480.87,4830.7,4668.31,390.3,snapshot,0,2026-10-06 20:04:15
Maharashtra,Latur,Latur,Soyabean,Yellow,FAQ,2026-08-04,4880.97,5183.6,5020.88,474.7,snapshot,0,2026-10-06 20:04:14
Maharashtra,Pune,Pune,Soyabean,Yellow,FAQ,2026-08-04,4449.9,4816.14,4622.27,285.6,snapshot,0,2026-10-06 20:04:15
Maharashtra,Ahilyanagar,Rahata,Soyabean,Yellow,FAQ,2026-08-04,4579.21,4895.47,4703.22,196.2,snapshot,0,2026-10-06 20:04:15
Maharashtra,Ahilyanagar,Sangamner,Soyabean,Yellow,FAQ,2026-08-04,4678.55,5059.97,4811.75,133.4,snapshot,0,2026-10-06 20:04:15
Maharashtra,Solapur,Solapur,Soyabean,Yellow,FAQ,2026-08-04,4329.54,4723.19,4501.11,402.4,snapshot,0,2026-10-06 20:04:15
Maharashtra,Nashik,Yeola,Soyabean,Yellow,FAQ,2026-08-04,4374.97,4707.28,4562.59,336.6,snapshot,0,2026-10-06 20:04:15
Maharashtra,Pune,Baramati,Tomato,Hybrid,FAQ,2026-08-04,1971.81,2434.65,2170.46,324.6,snapshot,0,2026-10-06 20:03:43
Maharashtra,Pune,Khed(Chakan),Tomato,Hybrid,FAQ,2026-08-04,1888.0,2389.36,2142.58,339.0,snapshot,0,2026-10-06 20:03:43
Maharashtra,Kolhapur,Kolhapur,Tomato,Hybrid,FAQ,2026-08-04,1478.52,2129.81,1743.87,329.0,snapshot,0,2026-10-06 20:03:43
Maharashtra,Nashik,Lasalgaon,Tomato,Hybrid,FAQ,2026-08-04,1231.7,1879.86,1491.56,300.0,snapshot,0,2026-10-06 20:03:43
Maharashtra,Pune,Manchar,Tomato,Hybrid,FAQ,2026-08-04,1156.62,1696.31,1407.87,348.9,snapshot,0,2026-10-06 20:03:43
Maharashtra,Mumbai,Mumbai,Tomato,Hybrid,FAQ,2026-08-04,1525.13,2093.3,1793.49,456.6,snapshot,0,2026-10-06 20:03:43
Maharashtra,Nagpur,Nagpur,Tomato,Hybrid,FAQ,2026-08-04,1135.76,1605.89,1354.55,370.3,snapshot,0,2026-10-06 20:03:43
Maharashtra,Pune,Narayangaon,Tomato,Hybrid,FAQ,2026-08-04,1463.71,2036.03,1725.36,391.0,snapshot,0,2026-10-06 20:03:43
Maharashtra,Nashik,Nashik,Tomato,Hybrid,FAQ,2026-08-04,1581.73,2265.83,1866.23,153.5,snapshot,0,2026-10-06 20:03:43
Maharashtra,Nashik,Pimpalgaon,Tomato,Hybrid,FAQ,2026-08-04,1324.96,1868.15,1618.99,215.5,snapshot,0,2026-10-06 20:03:43
Maharashtra,Pune,Pune,Tomato,Hybrid,FAQ,2026-08-04,1422.31,1990.52,1613.76,404.4,snapshot,0,2026-10-06 20:03:43
Maharashtra,Ahilyanagar,Sangamner,Tomato,Hybrid,FAQ,2026-08-04,1794.87,2372.24,2103.54,254.6,snapshot,0,2026-10-06 20:03:43
Maharashtra,Ahilyanagar,Ahmednagar,Wheat,Lokwan,FAQ,2026-08-04,2632.04,2969.45,2785.15,407.5,snapshot,0,2026-10-06 20:05:18
Maharashtra,Akola,Akola,Wheat,Lokwan,FAQ,2026-08-04,2539.37,2769.82,2638.34,471.1,snapshot,0,2026-10-06 20:05:18
Maharashtra,Pune,Baramati,Wheat,Lokwan,FAQ,2026-08-04,2669.19,2987.0,2764.11,342.2,snapshot,0,2026-10-06 20:05:18
Maharashtra,Jalgaon,Jalgaon,Wheat,Lokwan,FAQ,2026-08-04,2538.14,2848.14,2679.25,403.7,snapshot,0,2026-10-06 20:05:18
Maharashtra,Kolhapur,Kolhapur,Wheat,Lokwan,FAQ,2026-08-04,2647.91,2960.62,2801.24,487.5,snapshot,0,2026-10-06 20:05:18
Maharashtra,Nashik,Lasalgaon,Wheat,Lokwan,FAQ,2026-08-04,2732.19,3033.02,2873.21,126.4,snapshot,0,2026-10-06 20:05:18
Maharashtra,Latur,Latur,Wheat,Lokwan,FAQ,2026-08-04,2649.07,2979.38,2803.09,422.6,snapshot,0,2026-10-06 20:05:18
Maharashtra,Mumbai,Mumbai,Wheat,Lokwan,FAQ,2026-08-04,2687.08,2978.31,2807.92,281.6,snapshot,0,2026-10-06 20:05:18
Maharashtra,Nagpur,Nagpur,Wheat,Lokwan,FAQ,2026-08-04,2636.46,2893.69,2738.15,172.2,snapshot,0,2026-10-06 20:05:18
Maharashtra,Nashik,Nashik,Wheat,Lokwan,FAQ,2026-08-04,2597.06,2870.87,2722.04,62.4,snapshot,0,2026-10-06 20:05:18
Maharashtra,Pune,Pune,Wheat,Lokwan,FAQ,2026-08-04,2638.69,2941.6,2722.89,106.6,snapshot,0,2026-10-06 20:05:18
Maharashtra,Ahilyanagar,Rahata,Wheat,Lokwan,FAQ,2026-08-04,2561.76,2822.37,2664.48,244.5,snapshot,0,2026-10-06 20:05:18
Maharashtra,Solapur,Solapur,Wheat,Lokwan,FAQ,2026-08-04,2632.08,2961.97,2782.67,76.8,snapshot,0,2026-10-06 20:05:18
Maharashtra,Nashik,Yeola,Wheat,Lokwan,FAQ,2026-08-04,2546.27,2864.9,2664.51,113.9,snapshot,0,2026-10-06 20:05:18
Maharashtra,Akola,Akola,Cotton,Medium Staple,FAQ,2026-08-03,6792.83,7377.46,7088.96,184.6,snapshot,0,2026-10-06 20:04:46
Maharashtra,Amravati,Amravati,Cotton,Medium Staple,FAQ,2026-08-03,7017.61,7685.99,7237.78,358.5,snapshot,0,2026-10-06 20:04:46
Maharashtra,Jalgaon,Jalgaon,Cotton,Medium Staple,FAQ,2026-08-03,7226.19,7759.25,7514.04,347.1,snapshot,0,2026-10-06 20:04:46
Maharashtra,Nagpur,Nagpur,Cotton,Medium Staple,FAQ,2026-08-03,7304.18,7944.18,7493.53,162.4,snapshot,0,2026-10-06 20:04:46
Maharashtra,Ahilyanagar,Ahmednagar,Onion,Red/Nasik,FAQ,2026-08-03,2137.02,2813.97,2431.33,233.4,snapshot,0,2026-10-06 20:03:59
Maharashtra,Pune,Baramati,Onion,Red/Nasik,FAQ,2026-08-03,2036.95,2713.95,2342.8,364.6,snapshot,0,2026-10-06 20:03:59
Maharashtra,Jalgaon,Jalgaon,Onion,Red/Nasik,FAQ,2026-08-03,1947.27,2486.52,2205.79,154.7,snapshot,0,2026-10-06 20:03:59
Maharashtra,Pune,Khed(Chakan),Onion,Red/Nasik,FAQ,2026-08-03,2091.18,2825.06,2349.15,461.9,snapshot,0,2026-10-06 20:03:59
Maharashtra,Kolhapur,Kolhapur,Onion,Red/Nasik,FAQ,2026-08-03,2124.22,2931.11,2437.83,329.4,snapshot,0,2026-10-06 20:03:59
Maharashtra,Nashik,Lasalgaon,Onion,Red/Nasik,FAQ,2026-08-03,2045.31,2882.67,2415.09,226.1,snapshot,0,2026-10-06 20:03:59
Maharashtra,Pune,Manchar,Onion,Red/Nasik,FAQ,2026-08-03,2011.47,2591.79,2281.02,341.5,snapshot,0,2026-10-06 20:03:59
Maharashtra,Mumbai,Mumbai,Onion,Red/Nasik,FAQ,2026-08-03,2054.65,2802.97,2327.44,266.8,snapshot,0,2026-10-06 20:03:59
Maharashtra,Pune,Narayangaon,Onion,Red/Nasik,FAQ,2026-08-03,1802.08,2515.71,2108.79,374.8,snapshot,0,2026-10-06 20:03:59
Maharashtra,Nashik,Nashik,Onion,Red/Nasik,FAQ,2026-08-03,1940.43,2743.65,2299.26,178.5,snapshot,0,2026-10-06 20:03:59
Maharashtra,Nashik,Pimpalgaon,Onion,Red/Nasik,FAQ,2026-08-03,2221.55,2908.62,2501.94,170.2,snapshot,0,2026-10-06 20:03:59
Maharashtra,Pune,Pune,Onion,Red/Nasik,FAQ,2026-08-03,2004.1,2755.63,2318.5,253.9,snapshot,0,2026-10-06 20:03:59
Maharashtra,Ahilyanagar,Rahata,Onion,Red/Nasik,FAQ,2026-08-03,1967.55,2599.36,2181.42,42.9,snapshot,0,2026-10-06 20:03:59
Maharashtra,Ahilyanagar,Sangamner,Onion,Red/Nasik,FAQ,2026-08-03,1724.33,2229.1,1939.79,287.3,snapshot,0,2026-10-06 20:03:59
Maharashtra,Solapur,Solapur,Onion,Red/Nasik,FAQ,2026-08-03,2120.77,2895.47,2465.8,77.4,snapshot,0,2026-10-06 20:03:59
Maharashtra,Nashik,Yeola,Onion,Red/Nasik,FAQ,2026-08-03,1927.56,2569.11,2246.37,284.0,snapshot,0,2026-10-06 20:03:59
Maharashtra,Pune,Khed(Chakan),Potato,Jyoti,FAQ,2026-08-03,1631.35,2213.15,1864.99,44.1,snapshot,0,2026-10-06 20:05:02
Maharashtra,Kolhapur,Kolhapur,Potato,Jyoti,FAQ,2026-08-03,1590.46,2219.74,1835.26,125.7,snapshot,0,2026-10-06 20:05:02
Maharashtra,Pune,Manchar,Potato,Jyoti,FAQ,2026-08-03,1590.33,2015.67,1800.75,93.5,snapshot,0,2026-10-06 20:05:02
Maharashtra,Mumbai,Mumbai,Potato,Jyoti,FAQ,2026-08-03,1612.65,2238.8,1871.18,103.2,snapshot,0,2026-10-06 20:05:02
Maharashtra,Pune,Narayangaon,Potato,Jyoti,FAQ,2026-08-03,1818.44,2242.49,1974.77,475.7,snapshot,0,2026-10-06 20:05:02
Maharashtra,Nashik,Nashik,Potato,Jyoti,FAQ,2026-08-03,1950.18,2409.79,2142.43,421.9,snapshot,0,2026-10-06 20:05:02
Maharashtra,Nashik,Pimpalgaon,Potato,Jyoti,FAQ,2026-08-03,1741.01,2192.32,1928.45,237.0,snapshot,0,2026-10-06 20:05:02
Maharashtra,Pune,Pune,Potato,Jyoti,FAQ,2026-08-03,1703.12,2192.0,1858.04,361.9,snapshot,0,2026-10-06 20:05:02
Maharashtra,Ahilyanagar,Ahmednagar,Red gram/Arhar/Tur(whole),White/Desi,FAQ,2026-08-03,9526.55,10476.89,9946.82,327.3,snapshot,0,2026-10-06 20:04:30
Maharashtra,Akola,Akola,Red gram/Arhar/Tur(whole),White/Desi,FAQ,2026-08-03,10181.66,11191.24,10548.09,202.1,snapshot,0,2026-10-06 20:04:30
Maharashtra,Amravati,Amravati,Red gram/Arhar/Tur(whole),White/Desi,FAQ,2026-08-03,10177.35,10953.95,10493.27,121.0,snapshot,0,2026-10-06 20:04:30
Maharashtra,Latur,Latur,Red gram/Arhar/Tur(whole),White/Desi,FAQ,2026-08-03,10076.49,11169.57,10590.71,102.4,snapshot,0,2026-10-06 20:04:30
Maharashtra,Solapur,Solapur,Red gram/Arhar/Tur(whole),White/Desi,FAQ,2026-08-03,10181.33,11439.53,10685.52,249.2,snapshot,0,2026-10-06 20:04:30
Maharashtra,Ahilyanagar,Ahmednagar,Soyabean,Yellow,FAQ,2026-08-03,4525.78,4879.78,4696.95,460.9,snapshot,0,2026-10-06 20:04:15
Maharashtra,Akola,Akola,Soyabean,Yellow,FAQ,2026-08-03,4703.1,5019.41,4834.69,406.6,snapshot,0,2026-10-06 20:04:15
Maharashtra,Amravati,Amravati,Soyabean,Yellow,FAQ,2026-08-03,4618.67,4930.19,4750.54,160.4,snapshot,0,2026-10-06 20:04:15
Maharashtra,Pune,Baramati,Soyabean,Yellow,FAQ,2026-08-03,4532.71,4833.44,4657.16,91.6,snapshot,0,2026-10-06 20:04:15
Maharashtra,Jalgaon,Jalgaon,Soyabean,Yellow,FAQ,2026-08-03,4515.47,4824.37,4672.0,226.3,snapshot,0,2026-10-06 20:04:15
Maharashtra,Latur,Latur,Soyabean,Yellow,FAQ,2026-08-03,4857.32,5195.84,5022.44,78.3,snapshot,0,2026-10-06 20:04:14
Maharashtra,Pune,Pune,Soyabean,Yellow,FAQ,2026-08-03,4509.64,4872.78,4651.62,149.3,snapshot,0,2026-10-06 20:04:15
Maharashtra,Ahilyanagar,Rahata,Soyabean,Yellow,FAQ,2026-08-03,4512.12,4934.52,4684.77,337.0,snapshot,0,2026-10-06 20:04:15
Maharashtra,Ahilyanagar,Sangamner,Soyabean,Yellow,FAQ,2026-08-03,4624.9,4878.66,4737.62,436.6,snapshot,0,2026-10-06 20:04:15
Maharashtra,Solapur,Solapur,Soyabean,Yellow,FAQ,2026-08-03,4431.28,4792.1,4583.04,157.2,snapshot,0,2026-10-06 20:04:15
Maharashtra,Nashik,Yeola,Soyabean,Yellow,FAQ,2026-08-03,4441.67,4802.84,4628.72,427.2,snapshot,0,2026-10-06 20:04:15
Maharashtra,Pune,Baramati,Tomato,Hybrid,FAQ,2026-08-03,1926.32,2563.65,2218.84,314.3,snapshot,0,2026-10-06 20:03:43
Maharashtra,Pune,Khed(Chakan),Tomato,Hybrid,FAQ,2026-08-03,1819.2,2513.38,2110.22,101.2,snapshot,0,2026-10-06 20:03:43
Maharashtra,Kolhapur,Kolhapur,Tomato,Hybrid,FAQ,2026-08-03,1431.68,2068.76,1699.19,449.9,snapshot,0,2026-10-06 20:03:43
Maharashtra,Nashik,Lasalgaon,Tomato,Hybrid,FAQ,2026-08-03,1284.91,1954.91,1590.4,267.2,snapshot,0,2026-10-06 20:03:43
Maharashtra,Pune,Manchar,Tomato,Hybrid,FAQ,2026-08-03,1265.87,1704.99,1440.9,317.9,snapshot,0,2026-10-06 20:03:43
Maharashtra,Mumbai,Mumbai,Tomato,Hybrid,FAQ,2026-08-03,1647.82,2255.09,1908.35,236.2,snapshot,0,2026-10-06 20:03:43
Maharashtra,Nagpur,Nagpur,Tomato,Hybrid,FAQ,2026-08-03,1085.35,1758.13,1340.43,181.7,snapshot,0,2026-10-06 20:03:43
Maharashtra,Pune,Narayangaon,Tomato,Hybrid,FAQ,2026-08-03,1413.81,1978.26,1681.12,438.0,snapshot,0,2026-10-06 20:03:43
Maharashtra,Nashik,Nashik,Tomato,Hybrid,FAQ,2026-08-03,1585.39,2287.86,1833.77,312.1,snapshot,0,2026-10-06 20:03:43
Maharashtra,Nashik,Pimpalgaon,Tomato,Hybrid,FAQ,2026-08-03,1354.99,1947.31,1596.2,378.1,snapshot,0,2026-10-06 20:03:43
Maharashtra,Pune,Pune,Tomato,Hybrid,FAQ,2026-08-03,1377.73,2040.11,1585.63,274.4,snapshot,0,2026-10-06 20:03:43
Maharashtra,Ahilyanagar,Sangamner,Tomato,Hybrid,FAQ,2026-08-03,1726.15,2354.42,2037.73,165.2,snapshot,0,2026-10-06 20:03:43
Maharashtra,Ahilyanagar,Ahmednagar,Wheat,Lokwan,FAQ,2026-08-03,2633.74,2949.22,2732.63,387.2,snapshot,0,2026-10-06 20:05:18
Maharashtra,Akola,Akola,Wheat,Lokwan,FAQ,2026-08-03,2544.3,2768.7,2629.03,328.6,snapshot,0,2026-10-06 20:05:18
Maharashtra,Pune,Baramati,Wheat,Lokwan,FAQ,2026-08-03,2640.51,3002.62,2788.62,53.6,snapshot,0,2026-10-06 20:05:18
Maharashtra,Jalgaon,Jalgaon,Wheat,Lokwan,FAQ,2026-08-03,2577.5,2821.12,2679.0,413.7,snapshot,0,2026-10-06 20:05:18
Maharashtra,Kolhapur,Kolhapur,Wheat,Lokwan,FAQ,2026-08-03,2721.73,3011.6,2845.71,159.2,snapshot,0,2026-10-06 20:05:18
Maharashtra,Nashik,Lasalgaon,Wheat,Lokwan,FAQ,2026-08-03,2761.48,3093.51,2882.62,388.5,snapshot,0,2026-10-06 20:05:18
Maharashtra,Latur,Latur,Wheat,Lokwan,FAQ,2026-08-03,2655.21,2959.35,2779.25,122.1,snapshot,0,2026-10-06 20:05:18
Maharashtra,Mumbai,Mumbai,Wheat,Lokwan,FAQ,2026-08-03,2674.6,2947.87,2803.76,420.3,snapshot,0,2026-10-06 20:05:18
Maharashtra,Nagpur,Nagpur,Wheat,Lokwan,FAQ,2026-08-03,2548.72,2891.92,2696.14,81.7,snapshot,0,2026-10-06 20:05:18
Maharashtra,Nashik,Nashik,Wheat,Lokwan,FAQ,2026-08-03,2574.09,2887.64,2726.55,376.5,snapshot,0,2026-10-06 20:05:18
Maharashtra,Pune,Pune,Wheat,Lokwan,FAQ,2026-08-03,2591.67,2911.15,2691.22,191.1,snapshot,0,2026-10-06 20:05:18
Maharashtra,Ahilyanagar,Rahata,Wheat,Lokwan,FAQ,2026-08-03,2551.02,2815.25,2681.25,453.6,snapshot,0,2026-10-06 20:05:18
Maharashtra,Solapur,Solapur,Wheat,Lokwan,FAQ,2026-08-03,2753.47,3034.72,2856.59,70.4,snapshot,0,2026-10-06 20:05:18
Maharashtra,Nashik,Yeola,Wheat,Lokwan,FAQ,2026-08-03,2570.03,2886.0,2678.66,115.7,snapshot,0,2026-10-06 20:05:18
Maharashtra,Akola,Akola,Cotton,Medium Staple,FAQ,2026-08-01,6796.98,7454.8,7096.86,394.8,snapshot,0,2026-10-06 20:04:46
Maharashtra,Amravati,Amravati,Cotton,Medium Staple,FAQ,2026-08-01,6830.26,7417.24,7147.06,52.2,snapshot,0,2026-10-06 20:04:46
Maharashtra,Jalgaon,Jalgaon,Cotton,Medium Staple,FAQ,2026-08-01,7086.57,7809.6,7389.77,115.6,snapshot,0,2026-10-06 20:04:46
Maharashtra,Nagpur,Nagpur,Cotton,Medium Staple,FAQ,2026-08-01,7122.88,7806.45,7442.04,292.8,snapshot,0,2026-10-06 20:04:46
Maharashtra,Ahilyanagar,Ahmednagar,Onion,Red/Nasik,FAQ,2026-08-01,2129.95,2900.71,2396.34,367.8,snapshot,0,2026-10-06 20:03:59
Maharashtra,Pune,Baramati,Onion,Red/Nasik,FAQ,2026-08-01,2038.36,2761.69,2302.61,386.1,snapshot,0,2026-10-06 20:03:59
Maharashtra,Jalgaon,Jalgaon,Onion,Red/Nasik,FAQ,2026-08-01,1823.68,2655.89,2169.99,330.3,snapshot,0,2026-10-06 20:03:59
Maharashtra,Pune,Khed(Chakan),Onion,Red/Nasik,FAQ,2026-08-01,2169.96,2859.31,2555.28,342.2,snapshot,0,2026-10-06 20:03:59
Maharashtra,Kolhapur,Kolhapur,Onion,Red/Nasik,FAQ,2026-08-01,2176.57,2799.4,2424.35,310.3,snapshot,0,2026-10-06 20:03:59
Maharashtra,Nashik,Lasalgaon,Onion,Red/Nasik,FAQ,2026-08-01,2003.75,2792.14,2355.65,360.8,snapshot,0,2026-10-06 20:03:59
Maharashtra,Pune,Manchar,Onion,Red/Nasik,FAQ,2026-08-01,2034.38,2716.2,2262.06,264.1,snapshot,0,2026-10-06 20:03:59
Maharashtra,Mumbai,Mumbai,Onion,Red/Nasik,FAQ,2026-08-01,2013.71,2613.11,2301.18,484.8,snapshot,0,2026-10-06 20:03:59
Maharashtra,Pune,Narayangaon,Onion,Red/Nasik,FAQ,2026-08-01,1826.8,2517.9,2154.44,122.1,snapshot,0,2026-10-06 20:03:59
Maharashtra,Nashik,Nashik,Onion,Red/Nasik,FAQ,2026-08-01,1931.8,2687.76,2277.27,441.3,snapshot,0,2026-10-06 20:03:59
Maharashtra,Nashik,Pimpalgaon,Onion,Red/Nasik,FAQ,2026-08-01,2191.56,3041.26,2523.58,388.5,snapshot,0,2026-10-06 20:03:59
Maharashtra,Pune,Pune,Onion,Red/Nasik,FAQ,2026-08-01,2050.14,2609.07,2260.21,237.7,snapshot,0,2026-10-06 20:03:59
Maharashtra,Ahilyanagar,Rahata,Onion,Red/Nasik,FAQ,2026-08-01,1787.61,2599.13,2122.28,238.9,snapshot,0,2026-10-06 20:03:59
Maharashtra,Ahilyanagar,Sangamner,Onion,Red/Nasik,FAQ,2026-08-01,1783.68,2341.35,2025.63,416.7,snapshot,0,2026-10-06 20:03:59
Maharashtra,Solapur,Solapur,Onion,Red/Nasik,FAQ,2026-08-01,2256.26,2872.38,2469.75,84.0,snapshot,0,2026-10-06 20:03:59
Maharashtra,Nashik,Yeola,Onion,Red/Nasik,FAQ,2026-08-01,1887.53,2764.5,2263.73,452.0,snapshot,0,2026-10-06 20:03:59
Maharashtra,Pune,Khed(Chakan),Potato,Jyoti,FAQ,2026-08-01,1728.85,2184.85,1901.14,49.2,snapshot,0,2026-10-06 20:05:02
Maharashtra,Kolhapur,Kolhapur,Potato,Jyoti,FAQ,2026-08-01,1584.96,2083.88,1839.14,419.9,snapshot,0,2026-10-06 20:05:02
Maharashtra,Pune,Manchar,Potato,Jyoti,FAQ,2026-08-01,1600.12,2148.06,1855.47,251.9,snapshot,0,2026-10-06 20:05:02
Maharashtra,Mumbai,Mumbai,Potato,Jyoti,FAQ,2026-08-01,1697.2,2150.17,1859.09,381.0,snapshot,0,2026-10-06 20:05:02
Maharashtra,Pune,Narayangaon,Potato,Jyoti,FAQ,2026-08-01,1709.02,2311.59,1946.88,488.1,snapshot,0,2026-10-06 20:05:02
Maharashtra,Nashik,Nashik,Potato,Jyoti,FAQ,2026-08-01,1978.28,2469.7,2136.34,178.1,snapshot,0,2026-10-06 20:05:02
Maharashtra,Nashik,Pimpalgaon,Potato,Jyoti,FAQ,2026-08-01,1735.58,2222.45,1894.26,144.0,snapshot,0,2026-10-06 20:05:02
Maharashtra,Pune,Pune,Potato,Jyoti,FAQ,2026-08-01,1599.73,2142.06,1829.6,172.8,snapshot,0,2026-10-06 20:05:02
Maharashtra,Ahilyanagar,Ahmednagar,Red gram/Arhar/Tur(whole),White/Desi,FAQ,2026-08-01,9730.65,10792.02,10076.55,439.3,snapshot,0,2026-10-06 20:04:30
Maharashtra,Akola,Akola,Red gram/Arhar/Tur(whole),White/Desi,FAQ,2026-08-01,10078.78,10985.03,10465.42,63.1,snapshot,0,2026-10-06 20:04:30
Maharashtra,Amravati,Amravati,Red gram/Arhar/Tur(whole),White/Desi,FAQ,2026-08-01,10050.41,10801.77,10374.04,434.3,snapshot,0,2026-10-06 20:04:30
Maharashtra,Latur,Latur,Red gram/Arhar/Tur(whole),White/Desi,FAQ,2026-08-01,9979.49,10944.66,10498.52,353.2,snapshot,0,2026-10-06 20:04:30
Maharashtra,Solapur,Solapur,Red gram/Arhar/Tur(whole),White/Desi,FAQ,2026-08-01,10214.87,11152.18,10731.0,126.9,snapshot,0,2026-10-06 20:04:30
Maharashtra,Ahilyanagar,Ahmednagar,Soyabean,Yellow,FAQ,2026-08-01,4556.51,4889.27,4684.03,267.7,snapshot,0,2026-10-06 20:04:15
Maharashtra,Akola,Akola,Soyabean,Yellow,FAQ,2026-08-01,4748.73,5029.83,4888.49,78.5,snapshot,0,2026-10-06 20:04:14
Maharashtra,Amravati,Amravati,Soyabean,Yellow,FAQ,2026-08-01,4528.46,4906.16,4716.49,239.9,snapshot,0,2026-10-06 20:04:15
Maharashtra,Pune,Baramati,Soyabean,Yellow,FAQ,2026-08-01,4504.14,4824.76,4630.53,477.3,snapshot,0,2026-10-06 20:04:15
Maharashtra,Jalgaon,Jalgaon,Soyabean,Yellow,FAQ,2026-08-01,4508.06,4903.25,4697.71,454.7,snapshot,0,2026-10-06 20:04:15
Maharashtra,Latur,Latur,Soyabean,Yellow,FAQ,2026-08-01,4808.86,5179.86,4984.02,96.2,snapshot,0,2026-10-06 20:04:14
Maharashtra,Nagpur,Nagpur,Soyabean,Yellow,FAQ,2026-08-01,4362.47,4654.92,4514.5,103.3,snapshot,0,2026-10-06 20:04:15
Maharashtra,Pune,Pune,Soyabean,Yellow,FAQ,2026-08-01,4535.38,4873.05,4713.19,241.3,snapshot,0,2026-10-06 20:04:15
Maharashtra,Ahilyanagar,Rahata,Soyabean,Yellow,FAQ,2026-08-01,4587.49,4961.87,4723.08,320.9,snapshot,0,2026-10-06 20:04:15
Maharashtra,Ahilyanagar,Sangamner,Soyabean,Yellow,FAQ,2026-08-01,4598.19,5003.16,4782.02,402.0,snapshot,0,2026-10-06 20:04:15
Maharashtra,Solapur,Solapur,Soyabean,Yellow,FAQ,2026-08-01,4341.92,4785.05,4526.19,290.2,snapshot,0,2026-10-06 20:04:15
Maharashtra,Nashik,Yeola,Soyabean,Yellow,FAQ,2026-08-01,4477.97,4883.63,4640.9,494.5,snapshot,0,2026-10-06 20:04:15
Maharashtra,Pune,Baramati,Tomato,Hybrid,FAQ,2026-08-01,1909.26,2449.51,2202.63,59.3,snapshot,0,2026-10-06 20:03:43
Maharashtra,Pune,Khed(Chakan),Tomato,Hybrid,FAQ,2026-08-01,1939.73,2591.74,2161.73,103.1,snapshot,0,2026-10-06 20:03:43
Maharashtra,Kolhapur,Kolhapur,Tomato,Hybrid,FAQ,2026-08-01,1582.46,2084.56,1771.59,133.9,snapshot,0,2026-10-06 20:03:43
Maharashtra,Nashik,Lasalgaon,Tomato,Hybrid,FAQ,2026-08-01,1428.44,2050.29,1632.85,222.2,snapshot,0,2026-10-06 20:03:43
Maharashtra,Pune,Manchar,Tomato,Hybrid,FAQ,2026-08-01,1230.63,1752.62,1421.03,296.3,snapshot,0,2026-10-06 20:03:43
Maharashtra,Mumbai,Mumbai,Tomato,Hybrid,FAQ,2026-08-01,1732.48,2250.62,1934.88,146.8,snapshot,0,2026-10-06 20:03:43
Maharashtra,Nagpur,Nagpur,Tomato,Hybrid,FAQ,2026-08-01,1191.08,1779.53,1379.65,464.1,snapshot,0,2026-10-06 20:03:43
Maharashtra,Pune,Narayangaon,Tomato,Hybrid,FAQ,2026-08-01,1422.16,1917.62,1611.68,216.7,snapshot,0,2026-10-06 20:03:43
Maharashtra,Nashik,Nashik,Tomato,Hybrid,FAQ,2026-08-01,1336.26,1902.67,1639.51,434.2,snapshot,0,2026-10-06 20:03:43
Maharashtra,Nashik,Pimpalgaon,Tomato,Hybrid,FAQ,2026-08-01,1295.17,1944.68,1616.05,117.2,snapshot,0,2026-10-06 20:03:43
Maharashtra,Pune,Pune,Tomato,Hybrid,FAQ,2026-08-01,1340.07,2036.3,1602.76,223.7,snapshot,0,2026-10-06 20:03:43
Maharashtra,Ahilyanagar,Sangamner,Tomato,Hybrid,FAQ,2026-08-01,1709.55,2212.49,1952.71,490.3,snapshot,0,2026-10-06 20:03:43
Maharashtra,Ahilyanagar,Ahmednagar,Wheat,Lokwan,FAQ,2026-08-01,2585.82,2934.36,2736.39,104.9,snapshot,0,2026-10-06 20:05:18
Maharashtra,Akola,Akola,Wheat,Lokwan,FAQ,2026-08-01,2485.56,2786.53,2595.47,130.3,snapshot,0,2026-10-06 20:05:18
Maharashtra,Pune,Baramati,Wheat,Lokwan,FAQ,2026-08-01,2656.11,2992.16,2798.57,444.2,snapshot,0,2026-10-06 20:05:18
Maharashtra,Jalgaon,Jalgaon,Wheat,Lokwan,FAQ,2026-08-01,2567.52,2879.55,2693.25,460.9,snapshot,0,2026-10-06 20:05:18
Maharashtra,Kolhapur,Kolhapur,Wheat,Lokwan,FAQ,2026-08-01,2694.73,3002.64,2842.26,344.6,snapshot,0,2026-10-06 20:05:18
Maharashtra,Nashik,Lasalgaon,Wheat,Lokwan,FAQ,2026-08-01,2765.79,3073.04,2866.13,258.2,snapshot,0,2026-10-06 20:05:18
Maharashtra,Latur,Latur,Wheat,Lokwan,FAQ,2026-08-01,2639.97,2984.48,2779.56,209.5,snapshot,0,2026-10-06 20:05:18
Maharashtra,Mumbai,Mumbai,Wheat,Lokwan,FAQ,2026-08-01,2681.49,3024.76,2792.1,390.6,snapshot,0,2026-10-06 20:05:18
Maharashtra,Nagpur,Nagpur,Wheat,Lokwan,FAQ,2026-08-01,2574.16,2844.32,2697.94,389.8,snapshot,0,2026-10-06 20:05:18
Maharashtra,Nashik,Nashik,Wheat,Lokwan,FAQ,2026-08-01,2650.19,2965.35,2734.61,341.8,snapshot,0,2026-10-06 20:05:18
Maharashtra,Pune,Pune,Wheat,Lokwan,FAQ,2026-08-01,2578.74,2876.32,2667.68,135.3,snapshot,0,2026-10-06 20:05:18
Maharashtra,Ahilyanagar,Rahata,Wheat,Lokwan,FAQ,2026-08-01,2488.8,2778.77,2630.08,84.7,snapshot,0,2026-10-06 20:05:18
Maharashtra,Solapur,Solapur,Wheat,Lokwan,FAQ,2026-08-01,2719.08,2936.27,2803.12,435.1,snapshot,0,2026-10-06 20:05:18
Maharashtra,Nashik,Yeola,Wheat,Lokwan,FAQ,2026-08-01,2551.59,2831.37,2695.39,454.8,snapshot,0,2026-10-06 20:05:18
Maharashtra,Akola,Akola,Cotton,Medium Staple,FAQ,2026-07-31,6866.15,7353.62,7093.84,76.2,snapshot,0,2026-10-06 20:04:46
Maharashtra,Amravati,Amravati,Cotton,Medium Staple,FAQ,2026-07-31,6973.65,7447.26,7175.38,182.2,snapshot,0,2026-10-06 20:04:46
Maharashtra,Jalgaon,Jalgaon,Cotton,Medium Staple,FAQ,2026-07-31,7148.33,7818.83,7411.47,430.9,snapshot,0,2026-10-06 20:04:46
Maharashtra,Nagpur,Nagpur,Cotton,Medium Staple,FAQ,2026-07-31,7115.72,7701.82,7419.19,53.6,snapshot,0,2026-10-06 20:04:46
Maharashtra,Ahilyanagar,Ahmednagar,Onion,Red/Nasik,FAQ,2026-07-31,2088.71,2856.6,2366.38,241.0,snapshot,0,2026-10-06 20:03:59
Maharashtra,Pune,Baramati,Onion,Red/Nasik,FAQ,2026-07-31,1954.55,2741.48,2280.16,93.4,snapshot,0,2026-10-06 20:03:59
Maharashtra,Jalgaon,Jalgaon,Onion,Red/Nasik,FAQ,2026-07-31,1775.53,2501.46,2090.93,473.1,snapshot,0,2026-10-06 20:03:59
Maharashtra,Pune,Khed(Chakan),Onion,Red/Nasik,FAQ,2026-07-31,2322.47,3060.99,2543.02,283.5,snapshot,0,2026-10-06 20:03:59
Maharashtra,Kolhapur,Kolhapur,Onion,Red/Nasik,FAQ,2026-07-31,2147.38,2860.83,2386.65,310.9,snapshot,0,2026-10-06 20:03:59
Maharashtra,Nashik,Lasalgaon,Onion,Red/Nasik,FAQ,2026-07-31,1962.43,2786.18,2338.11,245.2,snapshot,0,2026-10-06 20:03:59
Maharashtra,Pune,Manchar,Onion,Red/Nasik,FAQ,2026-07-31,1877.1,2656.78,2266.08,292.8,snapshot,0,2026-10-06 20:03:59
Maharashtra,Mumbai,Mumbai,Onion,Red/Nasik,FAQ,2026-07-31,1892.7,2544.37,2219.57,220.5,snapshot,0,2026-10-06 20:03:59
Maharashtra,Pune,Narayangaon,Onion,Red/Nasik,FAQ,2026-07-31,1808.04,2551.41,2181.26,354.1,snapshot,0,2026-10-06 20:03:59
Maharashtra,Nashik,Nashik,Onion,Red/Nasik,FAQ,2026-07-31,1887.46,2669.33,2266.0,392.6,snapshot,0,2026-10-06 20:03:59
Maharashtra,Nashik,Pimpalgaon,Onion,Red/Nasik,FAQ,2026-07-31,2249.12,3061.43,2577.79,495.9,snapshot,0,2026-10-06 20:03:59
Maharashtra,Pune,Pune,Onion,Red/Nasik,FAQ,2026-07-31,1950.75,2779.34,2282.67,323.1,snapshot,0,2026-10-06 20:03:59
Maharashtra,Ahilyanagar,Rahata,Onion,Red/Nasik,FAQ,2026-07-31,1821.9,2446.51,2148.98,338.0,snapshot,0,2026-10-06 20:03:59
Maharashtra,Ahilyanagar,Sangamner,Onion,Red/Nasik,FAQ,2026-07-31,1723.09,2458.8,2041.04,450.1,snapshot,0,2026-10-06 20:03:59
Maharashtra,Solapur,Solapur,Onion,Red/Nasik,FAQ,2026-07-31,2220.58,2874.17,2537.29,417.0,snapshot,0,2026-10-06 20:03:59
Maharashtra,Nashik,Yeola,Onion,Red/Nasik,FAQ,2026-07-31,2055.88,2793.59,2284.19,204.4,snapshot,0,2026-10-06 20:03:59
Maharashtra,Pune,Khed(Chakan),Potato,Jyoti,FAQ,2026-07-31,1719.54,2311.9,1928.21,434.3,snapshot,0,2026-10-06 20:05:02
Maharashtra,Kolhapur,Kolhapur,Potato,Jyoti,FAQ,2026-07-31,1692.28,2182.74,1843.6,318.3,snapshot,0,2026-10-06 20:05:02
Maharashtra,Pune,Manchar,Potato,Jyoti,FAQ,2026-07-31,1620.49,2227.68,1843.79,299.1,snapshot,0,2026-10-06 20:05:02
Maharashtra,Mumbai,Mumbai,Potato,Jyoti,FAQ,2026-07-31,1620.74,2173.24,1795.34,144.9,snapshot,0,2026-10-06 20:05:02
Maharashtra,Pune,Narayangaon,Potato,Jyoti,FAQ,2026-07-31,1782.79,2284.29,1962.66,409.9,snapshot,0,2026-10-06 20:05:02
Maharashtra,Nashik,Nashik,Potato,Jyoti,FAQ,2026-07-31,1951.4,2482.15,2159.33,280.2,snapshot,0,2026-10-06 20:05:02
Maharashtra,Nashik,Pimpalgaon,Potato,Jyoti,FAQ,2026-07-31,1707.66,2160.41,1857.83,110.7,snapshot,0,2026-10-06 20:05:02
Maharashtra,Pune,Pune,Potato,Jyoti,FAQ,2026-07-31,1562.01,2169.81,1811.02,72.8,snapshot,0,2026-10-06 20:05:02
Maharashtra,Ahilyanagar,Ahmednagar,Red gram/Arhar/Tur(whole),White/Desi,FAQ,2026-07-31,9841.62,10827.03,10205.73,144.0,snapshot,0,2026-10-06 20:04:30
Maharashtra,Akola,Akola,Red gram/Arhar/Tur(whole),White/Desi,FAQ,2026-07-31,10141.69,10988.74,10519.1,61.8,snapshot,0,2026-10-06 20:04:30
Maharashtra,Amravati,Amravati,Red gram/Arhar/Tur(whole),White/Desi,FAQ,2026-07-31,9872.06,11129.66,10369.34,384.3,snapshot,0,2026-10-06 20:04:30
Maharashtra,Latur,Latur,Red gram/Arhar/Tur(whole),White/Desi,FAQ,2026-07-31,9972.99,10971.28,10468.01,438.6,snapshot,0,2026-10-06 20:04:30
Maharashtra,Solapur,Solapur,Red gram/Arhar/Tur(whole),White/Desi,FAQ,2026-07-31,10257.82,11211.09,10572.94,156.2,snapshot,0,2026-10-06 20:04:30
Maharashtra,Ahilyanagar,Ahmednagar,Soyabean,Yellow,FAQ,2026-07-31,4538.72,4882.77,4670.04,260.2,snapshot,0,2026-10-06 20:04:15
Maharashtra,Akola,Akola,Soyabean,Yellow,FAQ,2026-07-31,4722.16,5104.56,4883.98,296.7,snapshot,0,2026-10-06 20:04:14
Maharashtra,Amravati,Amravati,Soyabean,Yellow,FAQ,2026-07-31,4577.49,4945.51,4738.36,302.2,snapshot,0,2026-10-06 20:04:15
Maharashtra,Pune,Baramati,Soyabean,Yellow,FAQ,2026-07-31,4501.77,4847.98,4670.24,54.5,snapshot,0,2026-10-06 20:04:15
Maharashtra,Jalgaon,Jalgaon,Soyabean,Yellow,FAQ,2026-07-31,4512.67,4925.82,4684.21,403.2,snapshot,0,2026-10-06 20:04:15
Maharashtra,Latur,Latur,Soyabean,Yellow,FAQ,2026-07-31,4749.45,5094.91,4941.31,247.6,snapshot,0,2026-10-06 20:04:14
Maharashtra,Nagpur,Nagpur,Soyabean,Yellow,FAQ,2026-07-31,4433.67,4791.42,4540.71,296.7,snapshot,0,2026-10-06 20:04:15
Maharashtra,Pune,Pune,Soyabean,Yellow,FAQ,2026-07-31,4562.78,4864.78,4679.57,114.6,snapshot,0,2026-10-06 20:04:15
Maharashtra,Ahilyanagar,Rahata,Soyabean,Yellow,FAQ,2026-07-31,4560.94,4885.32,4718.72,319.9,snapshot,0,2026-10-06 20:04:15
Maharashtra,Ahilyanagar,Sangamner,Soyabean,Yellow,FAQ,2026-07-31,4647.67,5014.43,4836.48,469.2,snapshot,0,2026-10-06 20:04:15
Maharashtra,Solapur,Solapur,Soyabean,Yellow,FAQ,2026-07-31,4383.3,4811.32,4576.25,419.4,snapshot,0,2026-10-06 20:04:15
Maharashtra,Nashik,Yeola,Soyabean,Yellow,FAQ,2026-07-31,4547.98,4847.6,4668.38,216.1,snapshot,0,2026-10-06 20:04:15
Maharashtra,Pune,Baramati,Tomato,Hybrid,FAQ,2026-07-31,1964.51,2547.6,2234.45,117.0,snapshot,0,2026-10-06 20:03:43
Maharashtra,Pune,Khed(Chakan),Tomato,Hybrid,FAQ,2026-07-31,1986.97,2441.67,2181.8,216.2,snapshot,0,2026-10-06 20:03:43
Maharashtra,Kolhapur,Kolhapur,Tomato,Hybrid,FAQ,2026-07-31,1457.25,2017.88,1692.14,118.6,snapshot,0,2026-10-06 20:03:43
Maharashtra,Nashik,Lasalgaon,Tomato,Hybrid,FAQ,2026-07-31,1407.9,1941.31,1637.35,456.1,snapshot,0,2026-10-06 20:03:43
Maharashtra,Pune,Manchar,Tomato,Hybrid,FAQ,2026-07-31,1221.21,1863.58,1524.7,94.6,snapshot,0,2026-10-06 20:03:43
Maharashtra,Mumbai,Mumbai,Tomato,Hybrid,FAQ,2026-07-31,1645.48,2270.97,1956.77,486.0,snapshot,0,2026-10-06 20:03:43
Maharashtra,Nagpur,Nagpur,Tomato,Hybrid,FAQ,2026-07-31,1071.1,1799.27,1351.46,394.0,snapshot,0,2026-10-06 20:03:43
Maharashtra,Pune,Narayangaon,Tomato,Hybrid,FAQ,2026-07-31,1349.48,1920.74,1608.73,254.6,snapshot,0,2026-10-06 20:03:43
Maharashtra,Nashik,Nashik,Tomato,Hybrid,FAQ,2026-07-31,1229.52,1901.93,1522.95,321.3,snapshot,0,2026-10-06 20:03:43
Maharashtra,Nashik,Pimpalgaon,Tomato,Hybrid,FAQ,2026-07-31,1354.25,1974.97,1596.49,165.1,snapshot,0,2026-10-06 20:03:43
Maharashtra,Pune,Pune,Tomato,Hybrid,FAQ,2026-07-31,1413.16,1957.61,1656.99,153.4,snapshot,0,2026-10-06 20:03:43
Maharashtra,Ahilyanagar,Sangamner,Tomato,Hybrid,FAQ,2026-07-31,1617.37,2246.73,1863.04,177.5,snapshot,0,2026-10-06 20:03:43
Maharashtra,Ahilyanagar,Ahmednagar,Wheat,Lokwan,FAQ,2026-07-31,2545.57,2850.48,2693.32,462.1,snapshot,0,2026-10-06 20:05:18
Maharashtra,Akola,Akola,Wheat,Lokwan,FAQ,2026-07-31,2510.48,2831.12,2648.43,90.5,snapshot,0,2026-10-06 20:05:18
Maharashtra,Pune,Baramati,Wheat,Lokwan,FAQ,2026-07-31,2664.72,2967.58,2774.06,148.7,snapshot,0,2026-10-06 20:05:18
Maharashtra,Jalgaon,Jalgaon,Wheat,Lokwan,FAQ,2026-07-31,2555.58,2813.56,2675.41,265.6,snapshot,0,2026-10-06 20:05:18
Maharashtra,Kolhapur,Kolhapur,Wheat,Lokwan,FAQ,2026-07-31,2743.24,3050.39,2834.21,478.4,snapshot,0,2026-10-06 20:05:18
Maharashtra,Nashik,Lasalgaon,Wheat,Lokwan,FAQ,2026-07-31,2736.49,3035.84,2854.47,390.1,snapshot,0,2026-10-06 20:05:18
Maharashtra,Latur,Latur,Wheat,Lokwan,FAQ,2026-07-31,2731.87,3024.97,2836.79,414.8,snapshot,0,2026-10-06 20:05:18
Maharashtra,Mumbai,Mumbai,Wheat,Lokwan,FAQ,2026-07-31,2650.38,2892.78,2759.78,267.3,snapshot,0,2026-10-06 20:05:18
Maharashtra,Nagpur,Nagpur,Wheat,Lokwan,FAQ,2026-07-31,2518.01,2839.07,2669.25,388.2,snapshot,0,2026-10-06 20:05:18
Maharashtra,Nashik,Nashik,Wheat,Lokwan,FAQ,2026-07-31,2555.51,2896.55,2699.32,248.9,snapshot,0,2026-10-06 20:05:18
Maharashtra,Pune,Pune,Wheat,Lokwan,FAQ,2026-07-31,2557.64,2854.15,2643.18,152.0,snapshot,0,2026-10-06 20:05:18
Maharashtra,Ahilyanagar,Rahata,Wheat,Lokwan,FAQ,2026-07-31,2564.41,2800.71,2656.46,229.9,snapshot,0,2026-10-06 20:05:18
Maharashtra,Solapur,Solapur,Wheat,Lokwan,FAQ,2026-07-31,2663.81,2949.66,2807.28,291.6,snapshot,0,2026-10-06 20:05:18
Maharashtra,Nashik,Yeola,Wheat,Lokwan,FAQ,2026-07-31,2569.73,2925.11,2705.01,281.4,snapshot,0,2026-10-06 20:05:18
Maharashtra,Akola,Akola,Cotton,Medium Staple,FAQ,2026-07-30,6793.53,7398.19,7073.08,359.6,snapshot,0,2026-10-06 20:04:46
Maharashtra,Amravati,Amravati,Cotton,Medium Staple,FAQ,2026-07-30,7003.05,7458.77,7181.85,433.9,snapshot,0,2026-10-06 20:04:46
Maharashtra,Jalgaon,Jalgaon,Cotton,Medium Staple,FAQ,2026-07-30,7040.83,7661.13,7332.41,108.5,snapshot,0,2026-10-06 20:04:46
Maharashtra,Nagpur,Nagpur,Cotton,Medium Staple,FAQ,2026-07-30,7157.74,7762.96,7396.46,135.4,snapshot,0,2026-10-06 20:04:46
Maharashtra,Ahilyanagar,Ahmednagar,Onion,Red/Nasik,FAQ,2026-07-30,2038.32,2781.12,2350.32,291.1,snapshot,0,2026-10-06 20:03:59
Maharashtra,Pune,Baramati,Onion,Red/Nasik,FAQ,2026-07-30,2007.33,2711.53,2255.28,198.7,snapshot,0,2026-10-06 20:03:59
Maharashtra,Jalgaon,Jalgaon,Onion,Red/Nasik,FAQ,2026-07-30,1851.67,2391.81,2107.09,341.3,snapshot,0,2026-10-06 20:03:59
Maharashtra,Pune,Khed(Chakan),Onion,Red/Nasik,FAQ,2026-07-30,2260.99,3005.39,2510.41,398.1,snapshot,0,2026-10-06 20:03:59
Maharashtra,Kolhapur,Kolhapur,Onion,Red/Nasik,FAQ,2026-07-30,2091.36,2819.95,2433.7,214.3,snapshot,0,2026-10-06 20:03:59
Maharashtra,Nashik,Lasalgaon,Onion,Red/Nasik,FAQ,2026-07-30,2241.77,2800.34,2453.19,282.8,snapshot,0,2026-10-06 20:03:59
Maharashtra,Pune,Manchar,Onion,Red/Nasik,FAQ,2026-07-30,1816.2,2663.94,2179.61,468.9,snapshot,0,2026-10-06 20:03:59
Maharashtra,Mumbai,Mumbai,Onion,Red/Nasik,FAQ,2026-07-30,1852.88,2505.92,2170.42,91.6,snapshot,0,2026-10-06 20:03:59
Maharashtra,Pune,Narayangaon,Onion,Red/Nasik,FAQ,2026-07-30,1829.92,2590.43,2218.63,440.0,snapshot,0,2026-10-06 20:03:59
Maharashtra,Nashik,Nashik,Onion,Red/Nasik,FAQ,2026-07-30,1933.38,2557.03,2207.46,283.6,snapshot,0,2026-10-06 20:03:59
Maharashtra,Nashik,Pimpalgaon,Onion,Red/Nasik,FAQ,2026-07-30,2316.24,2988.02,2613.99,492.8,snapshot,0,2026-10-06 20:03:59
Maharashtra,Pune,Pune,Onion,Red/Nasik,FAQ,2026-07-30,2027.17,2640.99,2260.08,472.6,snapshot,0,2026-10-06 20:03:59
Maharashtra,Ahilyanagar,Rahata,Onion,Red/Nasik,FAQ,2026-07-30,1833.56,2616.12,2124.79,379.9,snapshot,0,2026-10-06 20:03:59
Maharashtra,Ahilyanagar,Sangamner,Onion,Red/Nasik,FAQ,2026-07-30,1722.19,2483.63,1994.33,459.8,snapshot,0,2026-10-06 20:03:59
Maharashtra,Solapur,Solapur,Onion,Red/Nasik,FAQ,2026-07-30,2192.14,3029.09,2516.02,145.3,snapshot,0,2026-10-06 20:03:59
Maharashtra,Nashik,Yeola,Onion,Red/Nasik,FAQ,2026-07-30,2120.87,2671.79,2351.1,90.7,snapshot,0,2026-10-06 20:03:59
Maharashtra,Pune,Khed(Chakan),Potato,Jyoti,FAQ,2026-07-30,1805.46,2259.25,1979.67,114.9,snapshot,0,2026-10-06 20:05:02
Maharashtra,Kolhapur,Kolhapur,Potato,Jyoti,FAQ,2026-07-30,1566.71,2088.94,1798.03,421.5,snapshot,0,2026-10-06 20:05:02
Maharashtra,Pune,Manchar,Potato,Jyoti,FAQ,2026-07-30,1681.39,2282.89,1926.52,304.5,snapshot,0,2026-10-06 20:05:02
Maharashtra,Mumbai,Mumbai,Potato,Jyoti,FAQ,2026-07-30,1577.06,2170.16,1796.32,191.6,snapshot,0,2026-10-06 20:05:02
Maharashtra,Pune,Narayangaon,Potato,Jyoti,FAQ,2026-07-30,1824.0,2241.68,1976.84,476.5,snapshot,0,2026-10-06 20:05:02
Maharashtra,Nashik,Nashik,Potato,Jyoti,FAQ,2026-07-30,1973.57,2535.74,2187.3,239.5,snapshot,0,2026-10-06 20:05:02
Maharashtra,Nashik,Pimpalgaon,Potato,Jyoti,FAQ,2026-07-30,1682.33,2093.11,1864.87,266.3,snapshot,0,2026-10-06 20:05:02
Maharashtra,Pune,Pune,Potato,Jyoti,FAQ,2026-07-30,1689.17,2188.21,1880.19,337.9,snapshot,0,2026-10-06 20:05:02
Maharashtra,Ahilyanagar,Ahmednagar,Red gram/Arhar/Tur(whole),White/Desi,FAQ,2026-07-30,9917.1,10800.5,10211.77,112.0,snapshot,0,2026-10-06 20:04:30
Maharashtra,Akola,Akola,Red gram/Arhar/Tur(whole),White/Desi,FAQ,2026-07-30,9840.86,10959.35,10312.33,430.9,snapshot,0,2026-10-06 20:04:30
Maharashtra,Amravati,Amravati,Red gram/Arhar/Tur(whole),White/Desi,FAQ,2026-07-30,10259.61,11022.59,10565.86,120.7,snapshot,0,2026-10-06 20:04:30
Maharashtra,Latur,Latur,Red gram/Arhar/Tur(whole),White/Desi,FAQ,2026-07-30,10043.86,11127.14,10458.84,87.5,snapshot,0,2026-10-06 20:04:30
Maharashtra,Solapur,Solapur,Red gram/Arhar/Tur(whole),White/Desi,FAQ,2026-07-30,10122.28,11091.81,10467.26,287.2,snapshot,0,2026-10-06 20:04:30
Maharashtra,Ahilyanagar,Ahmednagar,Soyabean,Yellow,FAQ,2026-07-30,4519.53,4874.63,4656.0,152.4,snapshot,0,2026-10-06 20:04:15
Maharashtra,Akola,Akola,Soyabean,Yellow,FAQ,2026-07-30,4749.89,5114.41,4865.21,273.6,snapshot,0,2026-10-06 20:04:15
Maharashtra,Amravati,Amravati,Soyabean,Yellow,FAQ,2026-07-30,4439.49,4834.98,4621.29,461.4,snapshot,0,2026-10-06 20:04:15
Maharashtra,Pune,Baramati,Soyabean,Yellow,FAQ,2026-07-30,4529.2,4931.52,4687.77,385.7,snapshot,0,2026-10-06 20:04:15
Maharashtra,Jalgaon,Jalgaon,Soyabean,Yellow,FAQ,2026-07-30,4574.62,4956.02,4701.82,354.4,snapshot,0,2026-10-06 20:04:15
Maharashtra,Latur,Latur,Soyabean,Yellow,FAQ,2026-07-30,4772.49,5182.9,4947.57,474.4,snapshot,0,2026-10-06 20:04:14
Maharashtra,Nagpur,Nagpur,Soyabean,Yellow,FAQ,2026-07-30,4363.76,4692.48,4488.87,364.8,snapshot,0,2026-10-06 20:04:15
Maharashtra,Pune,Pune,Soyabean,Yellow,FAQ,2026-07-30,4646.29,4935.1,4754.69,392.5,snapshot,0,2026-10-06 20:04:15
Maharashtra,Ahilyanagar,Rahata,Soyabean,Yellow,FAQ,2026-07-30,4587.98,4898.03,4699.43,380.6,snapshot,0,2026-10-06 20:04:15
Maharashtra,Ahilyanagar,Sangamner,Soyabean,Yellow,FAQ,2026-07-30,4653.35,5044.68,4800.52,100.1,snapshot,0,2026-10-06 20:04:15
Maharashtra,Solapur,Solapur,Soyabean,Yellow,FAQ,2026-07-30,4344.57,4758.73,4516.6,303.9,snapshot,0,2026-10-06 20:04:15
Maharashtra,Nashik,Yeola,Soyabean,Yellow,FAQ,2026-07-30,4519.38,4904.05,4713.5,97.1,snapshot,0,2026-10-06 20:04:15
Maharashtra,Pune,Baramati,Tomato,Hybrid,FAQ,2026-07-30,1789.47,2384.76,2094.02,91.9,snapshot,0,2026-10-06 20:03:43
Maharashtra,Pune,Khed(Chakan),Tomato,Hybrid,FAQ,2026-07-30,1893.07,2643.15,2190.64,234.3,snapshot,0,2026-10-06 20:03:43
Maharashtra,Kolhapur,Kolhapur,Tomato,Hybrid,FAQ,2026-07-30,1493.51,2049.54,1727.13,478.5,snapshot,0,2026-10-06 20:03:43
Maharashtra,Nashik,Lasalgaon,Tomato,Hybrid,FAQ,2026-07-30,1390.82,1967.68,1673.49,267.2,snapshot,0,2026-10-06 20:03:43
Maharashtra,Pune,Manchar,Tomato,Hybrid,FAQ,2026-07-30,1232.21,1889.33,1476.07,246.1,snapshot,0,2026-10-06 20:03:43
Maharashtra,Mumbai,Mumbai,Tomato,Hybrid,FAQ,2026-07-30,1636.87,2372.12,1929.76,102.3,snapshot,0,2026-10-06 20:03:43
Maharashtra,Nagpur,Nagpur,Tomato,Hybrid,FAQ,2026-07-30,1173.99,1643.15,1372.95,110.8,snapshot,0,2026-10-06 20:03:43
Maharashtra,Pune,Narayangaon,Tomato,Hybrid,FAQ,2026-07-30,1443.75,2037.52,1765.06,210.4,snapshot,0,2026-10-06 20:03:43
Maharashtra,Nashik,Nashik,Tomato,Hybrid,FAQ,2026-07-30,1268.02,1925.71,1494.56,317.7,snapshot,0,2026-10-06 20:03:43
Maharashtra,Nashik,Pimpalgaon,Tomato,Hybrid,FAQ,2026-07-30,1443.28,1942.03,1644.75,171.3,snapshot,0,2026-10-06 20:03:43
Maharashtra,Pune,Pune,Tomato,Hybrid,FAQ,2026-07-30,1431.15,2032.55,1704.47,460.7,snapshot,0,2026-10-06 20:03:43
Maharashtra,Ahilyanagar,Sangamner,Tomato,Hybrid,FAQ,2026-07-30,1642.37,2130.59,1864.04,329.1,snapshot,0,2026-10-06 20:03:43
Maharashtra,Ahilyanagar,Ahmednagar,Wheat,Lokwan,FAQ,2026-07-30,2586.77,2834.89,2679.31,241.9,snapshot,0,2026-10-06 20:05:18
Maharashtra,Akola,Akola,Wheat,Lokwan,FAQ,2026-07-30,2512.73,2765.63,2616.8,100.6,snapshot,0,2026-10-06 20:05:18
Maharashtra,Pune,Baramati,Wheat,Lokwan,FAQ,2026-07-30,2671.05,2926.33,2783.37,199.5,snapshot,0,2026-10-06 20:05:18
Maharashtra,Jalgaon,Jalgaon,Wheat,Lokwan,FAQ,2026-07-30,2519.53,2845.01,2668.41,282.4,snapshot,0,2026-10-06 20:05:18
Maharashtra,Kolhapur,Kolhapur,Wheat,Lokwan,FAQ,2026-07-30,2708.2,2994.37,2841.47,94.6,snapshot,0,2026-10-06 20:05:18
Maharashtra,Nashik,Lasalgaon,Wheat,Lokwan,FAQ,2026-07-30,2770.84,3072.69,2884.05,341.4,snapshot,0,2026-10-06 20:05:18
Maharashtra,Latur,Latur,Wheat,Lokwan,FAQ,2026-07-30,2725.43,3007.0,2836.59,168.7,snapshot,0,2026-10-06 20:05:18
Maharashtra,Mumbai,Mumbai,Wheat,Lokwan,FAQ,2026-07-30,2646.89,2912.16,2763.47,276.5,snapshot,0,2026-10-06 20:05:18
Maharashtra,Nagpur,Nagpur,Wheat,Lokwan,FAQ,2026-07-30,2509.58,2796.07,2631.98,406.1,snapshot,0,2026-10-06 20:05:18
Maharashtra,Nashik,Nashik,Wheat,Lokwan,FAQ,2026-07-30,2586.64,2873.51,2730.9,77.3,snapshot,0,2026-10-06 20:05:18
Maharashtra,Pune,Pune,Wheat,Lokwan,FAQ,2026-07-30,2533.18,2860.2,2664.9,314.7,snapshot,0,2026-10-06 20:05:18
Maharashtra,Ahilyanagar,Rahata,Wheat,Lokwan,FAQ,2026-07-30,2539.82,2857.84,2642.72,386.6,snapshot,0,2026-10-06 20:05:18
Maharashtra,Solapur,Solapur,Wheat,Lokwan,FAQ,2026-07-30,2650.14,2935.62,2748.14,232.1,snapshot,0,2026-10-06 20:05:18
Maharashtra,Nashik,Yeola,Wheat,Lokwan,FAQ,2026-07-30,2624.56,2883.3,2713.55,177.2,snapshot,0,2026-10-06 20:05:18
Maharashtra,Akola,Akola,Cotton,Medium Staple,FAQ,2026-07-29,6841.85,7376.08,7118.78,356.2,snapshot,0,2026-10-06 20:04:46
Maharashtra,Amravati,Amravati,Cotton,Medium Staple,FAQ,2026-07-29,6868.85,7505.16,7182.99,338.6,snapshot,0,2026-10-06 20:04:46
Maharashtra,Jalgaon,Jalgaon,Cotton,Medium Staple,FAQ,2026-07-29,7021.94,7559.73,7243.99,465.0,snapshot,0,2026-10-06 20:04:46
Maharashtra,Nagpur,Nagpur,Cotton,Medium Staple,FAQ,2026-07-29,7150.0,7746.85,7385.62,54.9,snapshot,0,2026-10-06 20:04:46
Maharashtra,Ahilyanagar,Ahmednagar,Onion,Red/Nasik,FAQ,2026-07-29,2115.66,2674.14,2361.57,295.0,snapshot,0,2026-10-06 20:03:59
Maharashtra,Pune,Baramati,Onion,Red/Nasik,FAQ,2026-07-29,1937.51,2791.25,2326.36,149.5,snapshot,0,2026-10-06 20:03:59
Maharashtra,Jalgaon,Jalgaon,Onion,Red/Nasik,FAQ,2026-07-29,1761.08,2406.34,2114.2,310.7,snapshot,0,2026-10-06 20:03:59
Maharashtra,Pune,Khed(Chakan),Onion,Red/Nasik,FAQ,2026-07-29,2123.83,2898.68,2498.11,218.7,snapshot,0,2026-10-06 20:03:59
Maharashtra,Kolhapur,Kolhapur,Onion,Red/Nasik,FAQ,2026-07-29,2109.61,2790.89,2396.08,174.6,snapshot,0,2026-10-06 20:03:59
Maharashtra,Nashik,Lasalgaon,Onion,Red/Nasik,FAQ,2026-07-29,2131.88,2877.31,2464.44,180.0,snapshot,0,2026-10-06 20:03:59
Maharashtra,Pune,Manchar,Onion,Red/Nasik,FAQ,2026-07-29,1885.13,2615.21,2134.87,129.4,snapshot,0,2026-10-06 20:03:59
Maharashtra,Mumbai,Mumbai,Onion,Red/Nasik,FAQ,2026-07-29,1868.28,2666.39,2202.22,251.6,snapshot,0,2026-10-06 20:03:59
Maharashtra,Pune,Narayangaon,Onion,Red/Nasik,FAQ,2026-07-29,1899.39,2711.6,2247.8,490.0,snapshot,0,2026-10-06 20:03:59
Maharashtra,Nashik,Nashik,Onion,Red/Nasik,FAQ,2026-07-29,2069.21,2622.79,2303.6,165.4,snapshot,0,2026-10-06 20:03:59
Maharashtra,Nashik,Pimpalgaon,Onion,Red/Nasik,FAQ,2026-07-29,2249.55,3053.53,2605.43,64.2,snapshot,0,2026-10-06 20:03:59
Maharashtra,Pune,Pune,Onion,Red/Nasik,FAQ,2026-07-29,2033.64,2651.93,2297.7,227.9,snapshot,0,2026-10-06 20:03:59
Maharashtra,Ahilyanagar,Rahata,Onion,Red/Nasik,FAQ,2026-07-29,1766.87,2616.06,2155.6,392.9,snapshot,0,2026-10-06 20:03:59
Maharashtra,Ahilyanagar,Sangamner,Onion,Red/Nasik,FAQ,2026-07-29,1581.38,2288.65,1963.41,325.6,snapshot,0,2026-10-06 20:03:59
Maharashtra,Solapur,Solapur,Onion,Red/Nasik,FAQ,2026-07-29,2180.61,2853.96,2494.51,129.4,snapshot,0,2026-10-06 20:03:59
Maharashtra,Nashik,Yeola,Onion,Red/Nasik,FAQ,2026-07-29,2032.63,2774.25,2283.29,217.0,snapshot,0,2026-10-06 20:03:59
Maharashtra,Pune,Khed(Chakan),Potato,Jyoti,FAQ,2026-07-29,1795.94,2217.34,1977.91,451.5,snapshot,0,2026-10-06 20:05:02
Maharashtra,Kolhapur,Kolhapur,Potato,Jyoti,FAQ,2026-07-29,1553.95,2166.76,1783.64,142.3,snapshot,0,2026-10-06 20:05:02
Maharashtra,Pune,Manchar,Potato,Jyoti,FAQ,2026-07-29,1747.5,2159.16,1896.19,475.6,snapshot,0,2026-10-06 20:05:02
Maharashtra,Mumbai,Mumbai,Potato,Jyoti,FAQ,2026-07-29,1612.16,2153.82,1838.39,469.9,snapshot,0,2026-10-06 20:05:02
Maharashtra,Pune,Narayangaon,Potato,Jyoti,FAQ,2026-07-29,1828.26,2252.85,1998.46,327.5,snapshot,0,2026-10-06 20:05:02
Maharashtra,Nashik,Nashik,Potato,Jyoti,FAQ,2026-07-29,1901.86,2500.91,2157.31,255.0,snapshot,0,2026-10-06 20:05:02
Maharashtra,Nashik,Pimpalgaon,Potato,Jyoti,FAQ,2026-07-29,1659.56,2112.69,1838.99,42.4,snapshot,0,2026-10-06 20:05:02
Maharashtra,Pune,Pune,Potato,Jyoti,FAQ,2026-07-29,1674.77,2277.45,1925.64,327.5,snapshot,0,2026-10-06 20:05:02
Maharashtra,Ahilyanagar,Ahmednagar,Red gram/Arhar/Tur(whole),White/Desi,FAQ,2026-07-29,9925.91,10768.31,10280.75,359.3,snapshot,0,2026-10-06 20:04:30
Maharashtra,Akola,Akola,Red gram/Arhar/Tur(whole),White/Desi,FAQ,2026-07-29,9865.2,11044.88,10276.52,186.2,snapshot,0,2026-10-06 20:04:30
Maharashtra,Amravati,Amravati,Red gram/Arhar/Tur(whole),White/Desi,FAQ,2026-07-29,10249.74,11137.97,10590.18,315.2,snapshot,0,2026-10-06 20:04:30
Maharashtra,Latur,Latur,Red gram/Arhar/Tur(whole),White/Desi,FAQ,2026-07-29,10188.35,11247.21,10554.0,284.9,snapshot,0,2026-10-06 20:04:30
Maharashtra,Solapur,Solapur,Red gram/Arhar/Tur(whole),White/Desi,FAQ,2026-07-29,10138.08,11115.11,10462.02,268.6,snapshot,0,2026-10-06 20:04:30
Maharashtra,Ahilyanagar,Ahmednagar,Soyabean,Yellow,FAQ,2026-07-29,4469.17,4796.5,4647.31,98.3,snapshot,0,2026-10-06 20:04:15
Maharashtra,Akola,Akola,Soyabean,Yellow,FAQ,2026-07-29,4723.82,5050.78,4908.83,358.2,snapshot,0,2026-10-06 20:04:14
Maharashtra,Amravati,Amravati,Soyabean,Yellow,FAQ,2026-07-29,4535.41,4844.53,4654.91,134.9,snapshot,0,2026-10-06 20:04:15
Maharashtra,Pune,Baramati,Soyabean,Yellow,FAQ,2026-07-29,4532.39,4941.1,4725.92,427.5,snapshot,0,2026-10-06 20:04:15
Maharashtra,Jalgaon,Jalgaon,Soyabean,Yellow,FAQ,2026-07-29,4583.14,4880.45,4723.61,420.2,snapshot,0,2026-10-06 20:04:15
Maharashtra,Latur,Latur,Soyabean,Yellow,FAQ,2026-07-29,4730.21,5168.45,4923.66,432.4,snapshot,0,2026-10-06 20:04:14
Maharashtra,Nagpur,Nagpur,Soyabean,Yellow,FAQ,2026-07-29,4327.62,4606.57,4465.44,95.4,snapshot,0,2026-10-06 20:04:15
Maharashtra,Pune,Pune,Soyabean,Yellow,FAQ,2026-07-29,4533.1,4866.24,4714.1,394.6,snapshot,0,2026-10-06 20:04:15
Maharashtra,Ahilyanagar,Rahata,Soyabean,Yellow,FAQ,2026-07-29,4550.02,4974.21,4735.84,376.0,snapshot,0,2026-10-06 20:04:15
Maharashtra,Ahilyanagar,Sangamner,Soyabean,Yellow,FAQ,2026-07-29,4670.72,4977.98,4789.75,399.7,snapshot,0,2026-10-06 20:04:15
Maharashtra,Solapur,Solapur,Soyabean,Yellow,FAQ,2026-07-29,4348.59,4794.17,4536.24,106.7,snapshot,0,2026-10-06 20:04:15
Maharashtra,Nashik,Yeola,Soyabean,Yellow,FAQ,2026-07-29,4564.52,4876.53,4698.12,130.7,snapshot,0,2026-10-06 20:04:15
Maharashtra,Pune,Baramati,Tomato,Hybrid,FAQ,2026-07-29,1804.3,2355.64,2057.44,333.7,snapshot,0,2026-10-06 20:03:43
Maharashtra,Pune,Khed(Chakan),Tomato,Hybrid,FAQ,2026-07-29,1882.96,2370.36,2077.86,352.8,snapshot,0,2026-10-06 20:03:43
Maharashtra,Kolhapur,Kolhapur,Tomato,Hybrid,FAQ,2026-07-29,1497.92,2086.52,1699.65,495.7,snapshot,0,2026-10-06 20:03:43
Maharashtra,Nashik,Lasalgaon,Tomato,Hybrid,FAQ,2026-07-29,1405.67,2039.02,1718.88,81.4,snapshot,0,2026-10-06 20:03:43
Maharashtra,Pune,Manchar,Tomato,Hybrid,FAQ,2026-07-29,1328.13,1802.45,1510.68,335.9,snapshot,0,2026-10-06 20:03:43
Maharashtra,Mumbai,Mumbai,Tomato,Hybrid,FAQ,2026-07-29,1715.48,2351.83,1971.5,423.1,snapshot,0,2026-10-06 20:03:43
Maharashtra,Nagpur,Nagpur,Tomato,Hybrid,FAQ,2026-07-29,1197.16,1822.81,1448.51,349.5,snapshot,0,2026-10-06 20:03:43
Maharashtra,Pune,Narayangaon,Tomato,Hybrid,FAQ,2026-07-29,1513.79,2090.43,1779.79,370.4,snapshot,0,2026-10-06 20:03:43
Maharashtra,Nashik,Nashik,Tomato,Hybrid,FAQ,2026-07-29,1343.88,1801.5,1527.83,431.8,snapshot,0,2026-10-06 20:03:43
Maharashtra,Nashik,Pimpalgaon,Tomato,Hybrid,FAQ,2026-07-29,1457.88,2041.85,1644.6,183.3,snapshot,0,2026-10-06 20:03:43
Maharashtra,Pune,Pune,Tomato,Hybrid,FAQ,2026-07-29,1435.76,1940.23,1650.92,473.7,snapshot,0,2026-10-06 20:03:43
Maharashtra,Ahilyanagar,Sangamner,Tomato,Hybrid,FAQ,2026-07-29,1584.46,2212.14,1825.97,389.9,snapshot,0,2026-10-06 20:03:43
Maharashtra,Ahilyanagar,Ahmednagar,Wheat,Lokwan,FAQ,2026-07-29,2538.31,2847.8,2659.69,323.1,snapshot,0,2026-10-06 20:05:18
Maharashtra,Akola,Akola,Wheat,Lokwan,FAQ,2026-07-29,2486.99,2761.48,2618.69,155.9,snapshot,0,2026-10-06 20:05:18
Maharashtra,Pune,Baramati,Wheat,Lokwan,FAQ,2026-07-29,2661.42,2940.44,2812.12,153.8,snapshot,0,2026-10-06 20:05:18
Maharashtra,Jalgaon,Jalgaon,Wheat,Lokwan,FAQ,2026-07-29,2551.74,2794.02,2649.19,72.1,snapshot,0,2026-10-06 20:05:18
Maharashtra,Kolhapur,Kolhapur,Wheat,Lokwan,FAQ,2026-07-29,2724.82,3037.98,2812.47,415.3,snapshot,0,2026-10-06 20:05:18
Maharashtra,Nashik,Lasalgaon,Wheat,Lokwan,FAQ,2026-07-29,2798.86,3041.81,2883.47,418.3,snapshot,0,2026-10-06 20:05:18
Maharashtra,Latur,Latur,Wheat,Lokwan,FAQ,2026-07-29,2721.88,3056.64,2827.04,459.3,snapshot,0,2026-10-06 20:05:18
Maharashtra,Mumbai,Mumbai,Wheat,Lokwan,FAQ,2026-07-29,2612.2,2988.28,2767.4,290.5,snapshot,0,2026-10-06 20:05:18
Maharashtra,Nagpur,Nagpur,Wheat,Lokwan,FAQ,2026-07-29,2558.27,2797.59,2654.42,124.4,snapshot,0,2026-10-06 20:05:18
Maharashtra,Nashik,Nashik,Wheat,Lokwan,FAQ,2026-07-29,2650.86,2983.42,2783.91,221.3,snapshot,0,2026-10-06 20:05:18
Maharashtra,Pune,Pune,Wheat,Lokwan,FAQ,2026-07-29,2534.69,2793.86,2647.36,96.2,snapshot,0,2026-10-06 20:05:18
Maharashtra,Ahilyanagar,Rahata,Wheat,Lokwan,FAQ,2026-07-29,2507.31,2824.3,2628.14,237.2,snapshot,0,2026-10-06 20:05:18
Maharashtra,Solapur,Solapur,Wheat,Lokwan,FAQ,2026-07-29,2657.16,2937.4,2768.8,59.3,snapshot,0,2026-10-06 20:05:18
Maharashtra,Nashik,Yeola,Wheat,Lokwan,FAQ,2026-07-29,2568.91,2921.34,2721.5,164.1,snapshot,0,2026-10-06 20:05:18
Maharashtra,Akola,Akola,Cotton,Medium Staple,FAQ,2026-07-28,6830.6,7396.08,7022.2,372.3,snapshot,0,2026-10-06 20:04:46
Maharashtra,Amravati,Amravati,Cotton,Medium Staple,FAQ,2026-07-28,6987.08,7724.94,7284.13,68.9,snapshot,0,2026-10-06 20:04:46
Maharashtra,Jalgaon,Jalgaon,Cotton,Medium Staple,FAQ,2026-07-28,6863.23,7576.53,7170.57,411.3,snapshot,0,2026-10-06 20:04:46
Maharashtra,Nagpur,Nagpur,Cotton,Medium Staple,FAQ,2026-07-28,7047.29,7583.76,7278.08,425.1,snapshot,0,2026-10-06 20:04:46
Maharashtra,Ahilyanagar,Ahmednagar,Onion,Red/Nasik,FAQ,2026-07-28,2129.35,2816.16,2397.4,354.3,snapshot,0,2026-10-06 20:03:59
Maharashtra,Pune,Baramati,Onion,Red/Nasik,FAQ,2026-07-28,1938.42,2633.53,2316.53,268.1,snapshot,0,2026-10-06 20:03:59
Maharashtra,Jalgaon,Jalgaon,Onion,Red/Nasik,FAQ,2026-07-28,1818.18,2509.08,2087.64,387.3,snapshot,0,2026-10-06 20:03:59
Maharashtra,Pune,Khed(Chakan),Onion,Red/Nasik,FAQ,2026-07-28,2236.32,2921.64,2510.96,263.0,snapshot,0,2026-10-06 20:03:59
Maharashtra,Kolhapur,Kolhapur,Onion,Red/Nasik,FAQ,2026-07-28,2229.44,2873.2,2457.71,89.4,snapshot,0,2026-10-06 20:03:59
Maharashtra,Nashik,Lasalgaon,Onion,Red/Nasik,FAQ,2026-07-28,2242.74,2897.27,2546.3,224.9,snapshot,0,2026-10-06 20:03:59
Maharashtra,Pune,Manchar,Onion,Red/Nasik,FAQ,2026-07-28,1755.83,2485.11,2082.1,114.0,snapshot,0,2026-10-06 20:03:59
Maharashtra,Mumbai,Mumbai,Onion,Red/Nasik,FAQ,2026-07-28,1983.06,2643.4,2217.41,195.9,snapshot,0,2026-10-06 20:03:59
Maharashtra,Pune,Narayangaon,Onion,Red/Nasik,FAQ,2026-07-28,1874.93,2540.63,2253.01,228.1,snapshot,0,2026-10-06 20:03:59
Maharashtra,Nashik,Nashik,Onion,Red/Nasik,FAQ,2026-07-28,2108.66,2685.91,2329.19,444.0,snapshot,0,2026-10-06 20:03:59
Maharashtra,Nashik,Pimpalgaon,Onion,Red/Nasik,FAQ,2026-07-28,2264.93,2954.5,2623.95,377.0,snapshot,0,2026-10-06 20:03:59
Maharashtra,Pune,Pune,Onion,Red/Nasik,FAQ,2026-07-28,2075.21,2825.23,2341.71,371.1,snapshot,0,2026-10-06 20:03:59
Maharashtra,Ahilyanagar,Rahata,Onion,Red/Nasik,FAQ,2026-07-28,2020.94,2748.13,2246.73,320.6,snapshot,0,2026-10-06 20:03:59
Maharashtra,Ahilyanagar,Sangamner,Onion,Red/Nasik,FAQ,2026-07-28,1565.03,2353.17,1937.96,435.3,snapshot,0,2026-10-06 20:03:59
Maharashtra,Solapur,Solapur,Onion,Red/Nasik,FAQ,2026-07-28,2011.01,2864.9,2396.07,295.3,snapshot,0,2026-10-06 20:03:59
Maharashtra,Nashik,Yeola,Onion,Red/Nasik,FAQ,2026-07-28,2004.24,2606.49,2291.12,341.5,snapshot,0,2026-10-06 20:03:59
Maharashtra,Pune,Khed(Chakan),Potato,Jyoti,FAQ,2026-07-28,1778.85,2306.85,1940.16,310.0,snapshot,0,2026-10-06 20:05:02
Maharashtra,Kolhapur,Kolhapur,Potato,Jyoti,FAQ,2026-07-28,1574.96,2082.88,1774.17,243.9,snapshot,0,2026-10-06 20:05:02
Maharashtra,Pune,Manchar,Potato,Jyoti,FAQ,2026-07-28,1743.68,2198.29,1915.01,89.0,snapshot,0,2026-10-06 20:05:02
Maharashtra,Mumbai,Mumbai,Potato,Jyoti,FAQ,2026-07-28,1534.74,2010.18,1781.92,86.4,snapshot,0,2026-10-06 20:05:02
Maharashtra,Pune,Narayangaon,Potato,Jyoti,FAQ,2026-07-28,1795.25,2282.94,1985.78,75.4,snapshot,0,2026-10-06 20:05:02
Maharashtra,Nashik,Nashik,Potato,Jyoti,FAQ,2026-07-28,1917.47,2474.83,2161.0,138.0,snapshot,0,2026-10-06 20:05:02
Maharashtra,Nashik,Pimpalgaon,Potato,Jyoti,FAQ,2026-07-28,1619.65,2092.27,1818.24,323.1,snapshot,0,2026-10-06 20:05:02
Maharashtra,Pune,Pune,Potato,Jyoti,FAQ,2026-07-28,1646.35,2162.44,1870.71,356.2,snapshot,0,2026-10-06 20:05:02
Maharashtra,Ahilyanagar,Ahmednagar,Red gram/Arhar/Tur(whole),White/Desi,FAQ,2026-07-28,9948.65,10708.87,10264.73,489.4,snapshot,0,2026-10-06 20:04:30
Maharashtra,Akola,Akola,Red gram/Arhar/Tur(whole),White/Desi,FAQ,2026-07-28,9795.13,11044.11,10288.97,271.6,snapshot,0,2026-10-06 20:04:30
Maharashtra,Amravati,Amravati,Red gram/Arhar/Tur(whole),White/Desi,FAQ,2026-07-28,10285.05,11281.25,10649.66,324.9,snapshot,0,2026-10-06 20:04:30
Maharashtra,Latur,Latur,Red gram/Arhar/Tur(whole),White/Desi,FAQ,2026-07-28,9969.19,10999.75,10462.85,434.6,snapshot,0,2026-10-06 20:04:30
Maharashtra,Solapur,Solapur,Red gram/Arhar/Tur(whole),White/Desi,FAQ,2026-07-28,10225.0,11258.76,10554.38,422.0,snapshot,0,2026-10-06 20:04:30
Maharashtra,Ahilyanagar,Ahmednagar,Soyabean,Yellow,FAQ,2026-07-28,4501.86,4837.83,4696.04,371.1,snapshot,0,2026-10-06 20:04:15
Maharashtra,Akola,Akola,Soyabean,Yellow,FAQ,2026-07-28,4723.81,5044.06,4902.27,145.8,snapshot,0,2026-10-06 20:04:14
Maharashtra,Amravati,Amravati,Soyabean,Yellow,FAQ,2026-07-28,4568.09,4871.19,4689.22,114.3,snapshot,0,2026-10-06 20:04:15
Maharashtra,Pune,Baramati,Soyabean,Yellow,FAQ,2026-07-28,4561.51,4927.44,4753.78,54.3,snapshot,0,2026-10-06 20:04:15
Maharashtra,Jalgaon,Jalgaon,Soyabean,Yellow,FAQ,2026-07-28,4631.09,4955.35,4752.52,251.9,snapshot,0,2026-10-06 20:04:15
Maharashtra,Latur,Latur,Soyabean,Yellow,FAQ,2026-07-28,4790.9,5150.55,4944.71,71.6,snapshot,0,2026-10-06 20:04:14
Maharashtra,Nagpur,Nagpur,Soyabean,Yellow,FAQ,2026-07-28,4356.06,4756.89,4518.31,191.2,snapshot,0,2026-10-06 20:04:15
Maharashtra,Pune,Pune,Soyabean,Yellow,FAQ,2026-07-28,4606.2,4888.1,4731.59,75.5,snapshot,0,2026-10-06 20:04:15
Maharashtra,Ahilyanagar,Rahata,Soyabean,Yellow,FAQ,2026-07-28,4550.5,4880.19,4724.17,395.7,snapshot,0,2026-10-06 20:04:15
Maharashtra,Ahilyanagar,Sangamner,Soyabean,Yellow,FAQ,2026-07-28,4621.76,4980.88,4751.36,299.1,snapshot,0,2026-10-06 20:04:15
Maharashtra,Solapur,Solapur,Soyabean,Yellow,FAQ,2026-07-28,4342.28,4755.28,4508.51,198.0,snapshot,0,2026-10-06 20:04:15
Maharashtra,Nashik,Yeola,Soyabean,Yellow,FAQ,2026-07-28,4525.48,4901.43,4710.82,387.9,snapshot,0,2026-10-06 20:04:15
Maharashtra,Pune,Baramati,Tomato,Hybrid,FAQ,2026-07-28,1736.51,2259.74,2005.88,471.2,snapshot,0,2026-10-06 20:03:43
Maharashtra,Pune,Khed(Chakan),Tomato,Hybrid,FAQ,2026-07-28,1685.92,2211.7,1966.47,259.3,snapshot,0,2026-10-06 20:03:43
Maharashtra,Kolhapur,Kolhapur,Tomato,Hybrid,FAQ,2026-07-28,1531.94,2095.86,1788.09,343.9,snapshot,0,2026-10-06 20:03:43
Maharashtra,Nashik,Lasalgaon,Tomato,Hybrid,FAQ,2026-07-28,1539.89,1997.27,1748.12,169.3,snapshot,0,2026-10-06 20:03:43
Maharashtra,Pune,Manchar,Tomato,Hybrid,FAQ,2026-07-28,1272.06,1816.4,1520.81,486.3,snapshot,0,2026-10-06 20:03:43
Maharashtra,Mumbai,Mumbai,Tomato,Hybrid,FAQ,2026-07-28,1624.08,2153.41,1880.61,312.1,snapshot,0,2026-10-06 20:03:43
Maharashtra,Nagpur,Nagpur,Tomato,Hybrid,FAQ,2026-07-28,1131.09,1794.61,1427.53,392.7,snapshot,0,2026-10-06 20:03:43
Maharashtra,Pune,Narayangaon,Tomato,Hybrid,FAQ,2026-07-28,1524.68,2112.31,1765.62,133.9,snapshot,0,2026-10-06 20:03:43
Maharashtra,Nashik,Nashik,Tomato,Hybrid,FAQ,2026-07-28,1476.88,1953.92,1682.21,358.4,snapshot,0,2026-10-06 20:03:43
Maharashtra,Nashik,Pimpalgaon,Tomato,Hybrid,FAQ,2026-07-28,1272.06,2012.42,1571.74,148.7,snapshot,0,2026-10-06 20:03:43
Maharashtra,Pune,Pune,Tomato,Hybrid,FAQ,2026-07-28,1558.97,2020.07,1768.33,185.1,snapshot,0,2026-10-06 20:03:43
Maharashtra,Ahilyanagar,Sangamner,Tomato,Hybrid,FAQ,2026-07-28,1568.92,2298.18,1854.87,109.8,snapshot,0,2026-10-06 20:03:43
Maharashtra,Ahilyanagar,Ahmednagar,Wheat,Lokwan,FAQ,2026-07-28,2481.83,2851.55,2618.72,136.9,snapshot,0,2026-10-06 20:05:18
Maharashtra,Akola,Akola,Wheat,Lokwan,FAQ,2026-07-28,2508.04,2853.64,2637.06,145.2,snapshot,0,2026-10-06 20:05:18
Maharashtra,Pune,Baramati,Wheat,Lokwan,FAQ,2026-07-28,2745.72,3023.21,2843.14,250.7,snapshot,0,2026-10-06 20:05:18
Maharashtra,Jalgaon,Jalgaon,Wheat,Lokwan,FAQ,2026-07-28,2478.23,2840.57,2621.62,241.8,snapshot,0,2026-10-06 20:05:18
Maharashtra,Kolhapur,Kolhapur,Wheat,Lokwan,FAQ,2026-07-28,2719.21,2991.64,2837.77,152.7,snapshot,0,2026-10-06 20:05:18
Maharashtra,Nashik,Lasalgaon,Wheat,Lokwan,FAQ,2026-07-28,2751.41,3095.48,2889.58,459.7,snapshot,0,2026-10-06 20:05:18
Maharashtra,Latur,Latur,Wheat,Lokwan,FAQ,2026-07-28,2684.45,2979.81,2817.1,354.3,snapshot,0,2026-10-06 20:05:18
Maharashtra,Mumbai,Mumbai,Wheat,Lokwan,FAQ,2026-07-28,2686.19,2940.67,2792.8,281.4,snapshot,0,2026-10-06 20:05:18
Maharashtra,Nagpur,Nagpur,Wheat,Lokwan,FAQ,2026-07-28,2567.65,2839.38,2704.72,309.4,snapshot,0,2026-10-06 20:05:18
Maharashtra,Nashik,Nashik,Wheat,Lokwan,FAQ,2026-07-28,2631.54,2986.12,2764.28,51.9,snapshot,0,2026-10-06 20:05:18
Maharashtra,Pune,Pune,Wheat,Lokwan,FAQ,2026-07-28,2499.04,2853.85,2622.24,205.0,snapshot,0,2026-10-06 20:05:18
Maharashtra,Ahilyanagar,Rahata,Wheat,Lokwan,FAQ,2026-07-28,2454.8,2759.39,2594.15,369.6,snapshot,0,2026-10-06 20:05:18
Maharashtra,Solapur,Solapur,Wheat,Lokwan,FAQ,2026-07-28,2695.46,3014.52,2789.7,82.9,snapshot,0,2026-10-06 20:05:18
Maharashtra,Nashik,Yeola,Wheat,Lokwan,FAQ,2026-07-28,2583.21,2833.14,2701.3,439.3,snapshot,0,2026-10-06 20:05:18
Maharashtra,Akola,Akola,Cotton,Medium Staple,FAQ,2026-07-27,6853.53,7358.53,7042.07,160.2,snapshot,0,2026-10-06 20:04:46
Maharashtra,Amravati,Amravati,Cotton,Medium Staple,FAQ,2026-07-27,7043.96,7570.61,7315.82,391.1,snapshot,0,2026-10-06 20:04:46
Maharashtra,Jalgaon,Jalgaon,Cotton,Medium Staple,FAQ,2026-07-27,6857.64,7428.11,7065.13,412.0,snapshot,0,2026-10-06 20:04:46
Maharashtra,Nagpur,Nagpur,Cotton,Medium Staple,FAQ,2026-07-27,7011.55,7482.06,7202.54,398.5,snapshot,0,2026-10-06 20:04:46
Maharashtra,Ahilyanagar,Ahmednagar,Onion,Red/Nasik,FAQ,2026-07-27,2220.1,2829.62,2477.13,182.9,snapshot,0,2026-10-06 20:03:59
Maharashtra,Pune,Baramati,Onion,Red/Nasik,FAQ,2026-07-27,1941.77,2782.54,2295.66,197.7,snapshot,0,2026-10-06 20:03:59
Maharashtra,Jalgaon,Jalgaon,Onion,Red/Nasik,FAQ,2026-07-27,1904.89,2635.83,2120.67,225.4,snapshot,0,2026-10-06 20:03:59
Maharashtra,Pune,Khed(Chakan),Onion,Red/Nasik,FAQ,2026-07-27,2103.19,2899.25,2426.73,405.6,snapshot,0,2026-10-06 20:03:59
Maharashtra,Kolhapur,Kolhapur,Onion,Red/Nasik,FAQ,2026-07-27,2064.96,2896.69,2441.74,262.0,snapshot,0,2026-10-06 20:03:59
Maharashtra,Nashik,Lasalgaon,Onion,Red/Nasik,FAQ,2026-07-27,2202.35,2868.67,2574.8,330.5,snapshot,0,2026-10-06 20:03:59
Maharashtra,Pune,Manchar,Onion,Red/Nasik,FAQ,2026-07-27,1837.04,2561.47,2101.88,455.6,snapshot,0,2026-10-06 20:03:59
Maharashtra,Mumbai,Mumbai,Onion,Red/Nasik,FAQ,2026-07-27,1841.81,2523.82,2229.73,380.8,snapshot,0,2026-10-06 20:03:59
Maharashtra,Pune,Narayangaon,Onion,Red/Nasik,FAQ,2026-07-27,1960.27,2527.59,2232.29,497.3,snapshot,0,2026-10-06 20:03:59
Maharashtra,Nashik,Nashik,Onion,Red/Nasik,FAQ,2026-07-27,2080.99,2715.53,2312.52,304.6,snapshot,0,2026-10-06 20:03:59
Maharashtra,Nashik,Pimpalgaon,Onion,Red/Nasik,FAQ,2026-07-27,2291.7,3039.79,2590.8,213.3,snapshot,0,2026-10-06 20:03:59
Maharashtra,Pune,Pune,Onion,Red/Nasik,FAQ,2026-07-27,2041.06,2739.18,2371.77,72.2,snapshot,0,2026-10-06 20:03:59
Maharashtra,Ahilyanagar,Rahata,Onion,Red/Nasik,FAQ,2026-07-27,1829.53,2682.23,2214.89,284.6,snapshot,0,2026-10-06 20:03:59
Maharashtra,Ahilyanagar,Sangamner,Onion,Red/Nasik,FAQ,2026-07-27,1545.32,2335.76,1928.77,42.1,snapshot,0,2026-10-06 20:03:59
Maharashtra,Solapur,Solapur,Onion,Red/Nasik,FAQ,2026-07-27,2176.71,2781.46,2445.43,441.1,snapshot,0,2026-10-06 20:03:59
Maharashtra,Nashik,Yeola,Onion,Red/Nasik,FAQ,2026-07-27,1981.32,2764.16,2283.4,105.2,snapshot,0,2026-10-06 20:03:59
Maharashtra,Pune,Khed(Chakan),Potato,Jyoti,FAQ,2026-07-27,1754.13,2202.68,1970.38,54.1,snapshot,0,2026-10-06 20:05:02
Maharashtra,Kolhapur,Kolhapur,Potato,Jyoti,FAQ,2026-07-27,1599.05,2023.15,1775.66,271.8,snapshot,0,2026-10-06 20:05:02
Maharashtra,Pune,Manchar,Potato,Jyoti,FAQ,2026-07-27,1697.47,2189.8,1870.65,129.5,snapshot,0,2026-10-06 20:05:02
Maharashtra,Mumbai,Mumbai,Potato,Jyoti,FAQ,2026-07-27,1570.1,2011.45,1762.48,100.6,snapshot,0,2026-10-06 20:05:02
Maharashtra,Pune,Narayangaon,Potato,Jyoti,FAQ,2026-07-27,1794.72,2215.58,1951.38,266.8,snapshot,0,2026-10-06 20:05:02
Maharashtra,Nashik,Nashik,Potato,Jyoti,FAQ,2026-07-27,1920.15,2461.96,2114.54,123.1,snapshot,0,2026-10-06 20:05:02
Maharashtra,Nashik,Pimpalgaon,Potato,Jyoti,FAQ,2026-07-27,1640.71,2216.5,1857.87,56.3,snapshot,0,2026-10-06 20:05:02
Maharashtra,Pune,Pune,Potato,Jyoti,FAQ,2026-07-27,1669.46,2180.41,1863.52,174.0,snapshot,0,2026-10-06 20:05:02
Maharashtra,Ahilyanagar,Ahmednagar,Red gram/Arhar/Tur(whole),White/Desi,FAQ,2026-07-27,9843.33,10764.59,10155.81,421.5,snapshot,0,2026-10-06 20:04:30
Maharashtra,Akola,Akola,Red gram/Arhar/Tur(whole),White/Desi,FAQ,2026-07-27,9580.94,10453.71,9963.96,292.1,snapshot,0,2026-10-06 20:04:30
Maharashtra,Amravati,Amravati,Red gram/Arhar/Tur(whole),White/Desi,FAQ,2026-07-27,10146.68,11212.71,10543.02,407.1,snapshot,0,2026-10-06 20:04:30
Maharashtra,Latur,Latur,Red gram/Arhar/Tur(whole),White/Desi,FAQ,2026-07-27,10043.81,11177.85,10554.37,204.2,snapshot,0,2026-10-06 20:04:30
Maharashtra,Solapur,Solapur,Red gram/Arhar/Tur(whole),White/Desi,FAQ,2026-07-27,10040.84,10942.89,10460.46,373.3,snapshot,0,2026-10-06 20:04:30
Maharashtra,Ahilyanagar,Ahmednagar,Soyabean,Yellow,FAQ,2026-07-27,4554.72,4909.86,4680.16,448.6,snapshot,0,2026-10-06 20:04:15
Maharashtra,Akola,Akola,Soyabean,Yellow,FAQ,2026-07-27,4793.96,5112.77,4903.4,465.1,snapshot,0,2026-10-06 20:04:14
Maharashtra,Amravati,Amravati,Soyabean,Yellow,FAQ,2026-07-27,4618.9,4908.66,4743.95,359.6,snapshot,0,2026-10-06 20:04:15
Maharashtra,Pune,Baramati,Soyabean,Yellow,FAQ,2026-07-27,4603.93,4949.93,4727.67,407.8,snapshot,0,2026-10-06 20:04:15
Maharashtra,Jalgaon,Jalgaon,Soyabean,Yellow,FAQ,2026-07-27,4550.38,4897.47,4736.36,383.4,snapshot,0,2026-10-06 20:04:15
Maharashtra,Latur,Latur,Soyabean,Yellow,FAQ,2026-07-27,4795.48,5078.52,4918.85,84.9,snapshot,0,2026-10-06 20:04:14
Maharashtra,Nagpur,Nagpur,Soyabean,Yellow,FAQ,2026-07-27,4447.81,4758.27,4557.39,85.3,snapshot,0,2026-10-06 20:04:15
Maharashtra,Pune,Pune,Soyabean,Yellow,FAQ,2026-07-27,4550.68,4849.94,4688.31,138.5,snapshot,0,2026-10-06 20:04:15
Maharashtra,Ahilyanagar,Rahata,Soyabean,Yellow,FAQ,2026-07-27,4526.37,4930.94,4706.19,391.0,snapshot,0,2026-10-06 20:04:15
Maharashtra,Ahilyanagar,Sangamner,Soyabean,Yellow,FAQ,2026-07-27,4677.82,4992.21,4799.05,359.2,snapshot,0,2026-10-06 20:04:15
Maharashtra,Solapur,Solapur,Soyabean,Yellow,FAQ,2026-07-27,4427.81,4796.17,4545.2,336.9,snapshot,0,2026-10-06 20:04:15
Maharashtra,Nashik,Yeola,Soyabean,Yellow,FAQ,2026-07-27,4570.79,4913.76,4700.81,446.3,snapshot,0,2026-10-06 20:04:15
Maharashtra,Pune,Baramati,Tomato,Hybrid,FAQ,2026-07-27,1726.38,2392.99,2048.7,353.5,snapshot,0,2026-10-06 20:03:43
Maharashtra,Pune,Khed(Chakan),Tomato,Hybrid,FAQ,2026-07-27,1724.87,2268.48,1959.32,361.7,snapshot,0,2026-10-06 20:03:43
Maharashtra,Kolhapur,Kolhapur,Tomato,Hybrid,FAQ,2026-07-27,1520.19,2160.48,1711.79,232.7,snapshot,0,2026-10-06 20:03:43
Maharashtra,Nashik,Lasalgaon,Tomato,Hybrid,FAQ,2026-07-27,1379.64,1905.96,1659.19,252.8,snapshot,0,2026-10-06 20:03:43
Maharashtra,Pune,Manchar,Tomato,Hybrid,FAQ,2026-07-27,1285.98,1907.78,1484.52,431.9,snapshot,0,2026-10-06 20:03:43
Maharashtra,Mumbai,Mumbai,Tomato,Hybrid,FAQ,2026-07-27,1608.21,2229.25,1813.83,268.0,snapshot,0,2026-10-06 20:03:43
Maharashtra,Nagpur,Nagpur,Tomato,Hybrid,FAQ,2026-07-27,1094.18,1802.91,1355.86,452.3,snapshot,0,2026-10-06 20:03:43
Maharashtra,Pune,Narayangaon,Tomato,Hybrid,FAQ,2026-07-27,1441.57,2126.12,1737.27,176.8,snapshot,0,2026-10-06 20:03:43
Maharashtra,Nashik,Nashik,Tomato,Hybrid,FAQ,2026-07-27,1597.3,2104.04,1830.4,371.1,snapshot,0,2026-10-06 20:03:43
Maharashtra,Nashik,Pimpalgaon,Tomato,Hybrid,FAQ,2026-07-27,1191.79,1736.67,1461.95,133.9,snapshot,0,2026-10-06 20:03:43
Maharashtra,Pune,Pune,Tomato,Hybrid,FAQ,2026-07-27,1419.1,2052.06,1690.1,354.9,snapshot,0,2026-10-06 20:03:43
Maharashtra,Ahilyanagar,Sangamner,Tomato,Hybrid,FAQ,2026-07-27,1638.94,2271.83,1824.52,167.1,snapshot,0,2026-10-06 20:03:43
Maharashtra,Ahilyanagar,Ahmednagar,Wheat,Lokwan,FAQ,2026-07-27,2476.14,2743.79,2583.38,122.1,snapshot,0,2026-10-06 20:05:18
Maharashtra,Akola,Akola,Wheat,Lokwan,FAQ,2026-07-27,2563.58,2791.11,2659.28,293.6,snapshot,0,2026-10-06 20:05:18
Maharashtra,Pune,Baramati,Wheat,Lokwan,FAQ,2026-07-27,2675.7,2966.78,2830.02,185.1,snapshot,0,2026-10-06 20:05:18
Maharashtra,Jalgaon,Jalgaon,Wheat,Lokwan,FAQ,2026-07-27,2466.63,2798.44,2606.43,373.5,snapshot,0,2026-10-06 20:05:18
Maharashtra,Kolhapur,Kolhapur,Wheat,Lokwan,FAQ,2026-07-27,2662.38,3046.29,2817.59,473.7,snapshot,0,2026-10-06 20:05:18
Maharashtra,Nashik,Lasalgaon,Wheat,Lokwan,FAQ,2026-07-27,2667.17,2956.02,2800.38,364.6,snapshot,0,2026-10-06 20:05:18
Maharashtra,Latur,Latur,Wheat,Lokwan,FAQ,2026-07-27,2694.51,3052.62,2833.06,59.5,snapshot,0,2026-10-06 20:05:18
Maharashtra,Mumbai,Mumbai,Wheat,Lokwan,FAQ,2026-07-27,2660.1,2987.88,2785.93,72.5,snapshot,0,2026-10-06 20:05:18
Maharashtra,Nagpur,Nagpur,Wheat,Lokwan,FAQ,2026-07-27,2598.75,2853.83,2694.87,139.7,snapshot,0,2026-10-06 20:05:18
Maharashtra,Nashik,Nashik,Wheat,Lokwan,FAQ,2026-07-27,2602.78,2912.3,2724.65,231.6,snapshot,0,2026-10-06 20:05:18
Maharashtra,Pune,Pune,Wheat,Lokwan,FAQ,2026-07-27,2470.79,2815.37,2586.71,433.5,snapshot,0,2026-10-06 20:05:18
Maharashtra,Ahilyanagar,Rahata,Wheat,Lokwan,FAQ,2026-07-27,2508.19,2831.22,2626.81,174.8,snapshot,0,2026-10-06 20:05:18
Maharashtra,Solapur,Solapur,Wheat,Lokwan,FAQ,2026-07-27,2683.61,2992.17,2794.82,242.3,snapshot,0,2026-10-06 20:05:18
Maharashtra,Nashik,Yeola,Wheat,Lokwan,FAQ,2026-07-27,2592.08,2886.43,2719.36,470.8,snapshot,0,2026-10-06 20:05:18
Maharashtra,Akola,Akola,Cotton,Medium Staple,FAQ,2026-07-25,6741.38,7284.14,6973.55,450.6,snapshot,0,2026-10-06 20:04:46
Maharashtra,Amravati,Amravati,Cotton,Medium Staple,FAQ,2026-07-25,7031.82,7545.43,7277.02,459.1,snapshot,0,2026-10-06 20:04:46
Maharashtra,Jalgaon,Jalgaon,Cotton,Medium Staple,FAQ,2026-07-25,6850.24,7454.32,7076.95,464.8,snapshot,0,2026-10-06 20:04:46
Maharashtra,Nagpur,Nagpur,Cotton,Medium Staple,FAQ,2026-07-25,7026.57,7647.5,7275.08,485.6,snapshot,0,2026-10-06 20:04:46
Maharashtra,Ahilyanagar,Ahmednagar,Onion,Red/Nasik,FAQ,2026-07-25,2271.34,3069.46,2557.4,85.1,snapshot,0,2026-10-06 20:03:59
Maharashtra,Pune,Baramati,Onion,Red/Nasik,FAQ,2026-07-25,2010.64,2715.86,2267.67,263.1,snapshot,0,2026-10-06 20:03:59
Maharashtra,Jalgaon,Jalgaon,Onion,Red/Nasik,FAQ,2026-07-25,1788.12,2595.51,2147.64,258.5,snapshot,0,2026-10-06 20:03:59
Maharashtra,Pune,Khed(Chakan),Onion,Red/Nasik,FAQ,2026-07-25,2155.72,2893.94,2401.62,281.9,snapshot,0,2026-10-06 20:03:59
Maharashtra,Kolhapur,Kolhapur,Onion,Red/Nasik,FAQ,2026-07-25,2129.61,2753.05,2394.64,344.0,snapshot,0,2026-10-06 20:03:59
Maharashtra,Nashik,Lasalgaon,Onion,Red/Nasik,FAQ,2026-07-25,2224.41,3009.5,2571.06,335.1,snapshot,0,2026-10-06 20:03:59
Maharashtra,Pune,Manchar,Onion,Red/Nasik,FAQ,2026-07-25,1771.41,2497.73,2088.81,475.6,snapshot,0,2026-10-06 20:03:59
Maharashtra,Mumbai,Mumbai,Onion,Red/Nasik,FAQ,2026-07-25,1866.66,2652.17,2231.38,312.5,snapshot,0,2026-10-06 20:03:59
Maharashtra,Pune,Narayangaon,Onion,Red/Nasik,FAQ,2026-07-25,1825.55,2588.58,2169.79,60.8,snapshot,0,2026-10-06 20:03:59
Maharashtra,Nashik,Nashik,Onion,Red/Nasik,FAQ,2026-07-25,2032.06,2749.35,2355.1,359.4,snapshot,0,2026-10-06 20:03:59
Maharashtra,Nashik,Pimpalgaon,Onion,Red/Nasik,FAQ,2026-07-25,2140.69,2872.65,2477.86,421.2,snapshot,0,2026-10-06 20:03:59
Maharashtra,Pune,Pune,Onion,Red/Nasik,FAQ,2026-07-25,2071.04,2830.62,2377.96,381.3,snapshot,0,2026-10-06 20:03:59
Maharashtra,Ahilyanagar,Rahata,Onion,Red/Nasik,FAQ,2026-07-25,1884.35,2664.8,2208.54,300.0,snapshot,0,2026-10-06 20:03:59
Maharashtra,Ahilyanagar,Sangamner,Onion,Red/Nasik,FAQ,2026-07-25,1781.41,2371.62,2002.06,117.5,snapshot,0,2026-10-06 20:03:59
Maharashtra,Solapur,Solapur,Onion,Red/Nasik,FAQ,2026-07-25,2165.6,2836.15,2456.07,136.3,snapshot,0,2026-10-06 20:03:59
Maharashtra,Nashik,Yeola,Onion,Red/Nasik,FAQ,2026-07-25,1946.04,2609.21,2304.53,176.5,snapshot,0,2026-10-06 20:03:59
Maharashtra,Pune,Khed(Chakan),Potato,Jyoti,FAQ,2026-07-25,1823.23,2354.34,1996.11,272.4,snapshot,0,2026-10-06 20:05:02
Maharashtra,Kolhapur,Kolhapur,Potato,Jyoti,FAQ,2026-07-25,1588.65,2169.55,1821.73,56.2,snapshot,0,2026-10-06 20:05:02
Maharashtra,Pune,Manchar,Potato,Jyoti,FAQ,2026-07-25,1550.02,2072.48,1799.82,483.1,snapshot,0,2026-10-06 20:05:02
Maharashtra,Mumbai,Mumbai,Potato,Jyoti,FAQ,2026-07-25,1623.54,2146.68,1788.44,396.5,snapshot,0,2026-10-06 20:05:02
Maharashtra,Pune,Narayangaon,Potato,Jyoti,FAQ,2026-07-25,1799.98,2249.14,2008.62,215.1,snapshot,0,2026-10-06 20:05:02
Maharashtra,Nashik,Nashik,Potato,Jyoti,FAQ,2026-07-25,1939.88,2386.3,2103.89,327.5,snapshot,0,2026-10-06 20:05:02
Maharashtra,Nashik,Pimpalgaon,Potato,Jyoti,FAQ,2026-07-25,1731.42,2162.39,1897.52,469.2,snapshot,0,2026-10-06 20:05:02
Maharashtra,Pune,Pune,Potato,Jyoti,FAQ,2026-07-25,1720.01,2104.38,1880.87,41.2,snapshot,0,2026-10-06 20:05:02
Maharashtra,Ahilyanagar,Ahmednagar,Red gram/Arhar/Tur(whole),White/Desi,FAQ,2026-07-25,9585.4,10767.15,10087.9,432.1,snapshot,0,2026-10-06 20:04:30
Maharashtra,Akola,Akola,Red gram/Arhar/Tur(whole),White/Desi,FAQ,2026-07-25,9611.98,10573.94,9957.5,57.9,snapshot,0,2026-10-06 20:04:30
Maharashtra,Amravati,Amravati,Red gram/Arhar/Tur(whole),White/Desi,FAQ,2026-07-25,10379.49,11405.05,10677.23,437.0,snapshot,0,2026-10-06 20:04:30
Maharashtra,Latur,Latur,Red gram/Arhar/Tur(whole),White/Desi,FAQ,2026-07-25,9962.2,11029.27,10382.89,348.1,snapshot,0,2026-10-06 20:04:30
Maharashtra,Solapur,Solapur,Red gram/Arhar/Tur(whole),White/Desi,FAQ,2026-07-25,10130.4,11076.28,10540.67,407.1,snapshot,0,2026-10-06 20:04:30
Maharashtra,Ahilyanagar,Ahmednagar,Soyabean,Yellow,FAQ,2026-07-25,4525.55,4803.6,4635.76,310.8,snapshot,0,2026-10-06 20:04:15
Maharashtra,Akola,Akola,Soyabean,Yellow,FAQ,2026-07-25,4740.51,5136.07,4934.02,276.8,snapshot,0,2026-10-06 20:04:14
Maharashtra,Amravati,Amravati,Soyabean,Yellow,FAQ,2026-07-25,4544.15,4864.14,4707.66,360.1,snapshot,0,2026-10-06 20:04:15
Maharashtra,Pune,Baramati,Soyabean,Yellow,FAQ,2026-07-25,4590.49,4938.6,4760.74,286.5,snapshot,0,2026-10-06 20:04:15
Maharashtra,Jalgaon,Jalgaon,Soyabean,Yellow,FAQ,2026-07-25,4590.39,4919.6,4698.84,117.2,snapshot,0,2026-10-06 20:04:15
Maharashtra,Latur,Latur,Soyabean,Yellow,FAQ,2026-07-25,4697.57,5052.9,4863.03,456.7,snapshot,0,2026-10-06 20:04:15
Maharashtra,Nagpur,Nagpur,Soyabean,Yellow,FAQ,2026-07-25,4482.97,4863.53,4649.51,385.6,snapshot,0,2026-10-06 20:04:15
Maharashtra,Pune,Pune,Soyabean,Yellow,FAQ,2026-07-25,4572.9,4926.85,4736.04,206.4,snapshot,0,2026-10-06 20:04:15
Maharashtra,Ahilyanagar,Rahata,Soyabean,Yellow,FAQ,2026-07-25,4525.87,4943.3,4693.76,347.5,snapshot,0,2026-10-06 20:04:15
Maharashtra,Ahilyanagar,Sangamner,Soyabean,Yellow,FAQ,2026-07-25,4630.85,4936.06,4749.95,278.1,snapshot,0,2026-10-06 20:04:15
Maharashtra,Solapur,Solapur,Soyabean,Yellow,FAQ,2026-07-25,4380.87,4722.76,4572.39,156.5,snapshot,0,2026-10-06 20:04:15
Maharashtra,Nashik,Yeola,Soyabean,Yellow,FAQ,2026-07-25,4557.39,4919.82,4716.55,87.3,snapshot,0,2026-10-06 20:04:15
Maharashtra,Pune,Baramati,Tomato,Hybrid,FAQ,2026-07-25,1843.26,2494.3,2087.39,279.7,snapshot,0,2026-10-06 20:03:43
Maharashtra,Pune,Khed(Chakan),Tomato,Hybrid,FAQ,2026-07-25,1786.03,2451.61,2016.81,116.1,snapshot,0,2026-10-06 20:03:43
Maharashtra,Kolhapur,Kolhapur,Tomato,Hybrid,FAQ,2026-07-25,1449.3,2027.5,1685.76,271.5,snapshot,0,2026-10-06 20:03:43
Maharashtra,Nashik,Lasalgaon,Tomato,Hybrid,FAQ,2026-07-25,1566.73,2077.63,1795.42,393.3,snapshot,0,2026-10-06 20:03:43
Maharashtra,Pune,Manchar,Tomato,Hybrid,FAQ,2026-07-25,1237.05,1816.68,1560.22,336.0,snapshot,0,2026-10-06 20:03:43
Maharashtra,Mumbai,Mumbai,Tomato,Hybrid,FAQ,2026-07-25,1651.92,2202.24,1911.52,94.4,snapshot,0,2026-10-06 20:03:43
Maharashtra,Nagpur,Nagpur,Tomato,Hybrid,FAQ,2026-07-25,1116.61,1560.43,1300.79,391.0,snapshot,0,2026-10-06 20:03:43
Maharashtra,Pune,Narayangaon,Tomato,Hybrid,FAQ,2026-07-25,1514.06,2178.41,1732.51,262.2,snapshot,0,2026-10-06 20:03:43
Maharashtra,Nashik,Nashik,Tomato,Hybrid,FAQ,2026-07-25,1617.41,2254.01,1814.15,249.3,snapshot,0,2026-10-06 20:03:43
Maharashtra,Nashik,Pimpalgaon,Tomato,Hybrid,FAQ,2026-07-25,1132.24,1697.42,1437.72,128.5,snapshot,0,2026-10-06 20:03:43
Maharashtra,Pune,Pune,Tomato,Hybrid,FAQ,2026-07-25,1368.76,1892.96,1568.27,495.2,snapshot,0,2026-10-06 20:03:43
Maharashtra,Ahilyanagar,Sangamner,Tomato,Hybrid,FAQ,2026-07-25,1710.92,2230.18,1944.57,423.8,snapshot,0,2026-10-06 20:03:43
Maharashtra,Ahilyanagar,Ahmednagar,Wheat,Lokwan,FAQ,2026-07-25,2472.46,2815.37,2598.21,236.3,snapshot,0,2026-10-06 20:05:18
Maharashtra,Akola,Akola,Wheat,Lokwan,FAQ,2026-07-25,2533.3,2798.46,2654.3,386.8,snapshot,0,2026-10-06 20:05:18
Maharashtra,Pune,Baramati,Wheat,Lokwan,FAQ,2026-07-25,2700.83,2982.56,2831.59,215.1,snapshot,0,2026-10-06 20:05:18
Maharashtra,Jalgaon,Jalgaon,Wheat,Lokwan,FAQ,2026-07-25,2511.99,2768.2,2614.78,413.0,snapshot,0,2026-10-06 20:05:18
Maharashtra,Kolhapur,Kolhapur,Wheat,Lokwan,FAQ,2026-07-25,2713.1,3041.28,2836.11,178.1,snapshot,0,2026-10-06 20:05:18
Maharashtra,Nashik,Lasalgaon,Wheat,Lokwan,FAQ,2026-07-25,2676.64,2943.04,2784.35,415.2,snapshot,0,2026-10-06 20:05:18
Maharashtra,Latur,Latur,Wheat,Lokwan,FAQ,2026-07-25,2650.04,2926.42,2762.11,385.1,snapshot,0,2026-10-06 20:05:18
Maharashtra,Mumbai,Mumbai,Wheat,Lokwan,FAQ,2026-07-25,2649.37,2986.6,2773.13,492.8,snapshot,0,2026-10-06 20:05:18
Maharashtra,Nagpur,Nagpur,Wheat,Lokwan,FAQ,2026-07-25,2578.42,2830.61,2691.07,308.9,snapshot,0,2026-10-06 20:05:18
Maharashtra,Nashik,Nashik,Wheat,Lokwan,FAQ,2026-07-25,2541.79,2856.98,2667.96,486.9,snapshot,0,2026-10-06 20:05:18
Maharashtra,Pune,Pune,Wheat,Lokwan,FAQ,2026-07-25,2427.49,2709.53,2580.0,210.4,snapshot,0,2026-10-06 20:05:18
Maharashtra,Ahilyanagar,Rahata,Wheat,Lokwan,FAQ,2026-07-25,2459.92,2774.2,2590.51,50.9,snapshot,0,2026-10-06 20:05:18
Maharashtra,Solapur,Solapur,Wheat,Lokwan,FAQ,2026-07-25,2741.53,3060.93,2830.37,469.2,snapshot,0,2026-10-06 20:05:18
Maharashtra,Nashik,Yeola,Wheat,Lokwan,FAQ,2026-07-25,2565.68,2856.36,2695.78,54.4,snapshot,0,2026-10-06 20:05:18
Maharashtra,Akola,Akola,Cotton,Medium Staple,FAQ,2026-07-24,6769.16,7418.57,7090.45,324.5,snapshot,0,2026-10-06 20:04:46
Maharashtra,Amravati,Amravati,Cotton,Medium Staple,FAQ,2026-07-24,7047.99,7657.16,7290.93,224.1,snapshot,0,2026-10-06 20:04:46
Maharashtra,Jalgaon,Jalgaon,Cotton,Medium Staple,FAQ,2026-07-24,6944.9,7525.68,7141.89,83.0,snapshot,0,2026-10-06 20:04:46
Maharashtra,Nagpur,Nagpur,Cotton,Medium Staple,FAQ,2026-07-24,7036.42,7631.84,7226.91,424.5,snapshot,0,2026-10-06 20:04:46
Maharashtra,Ahilyanagar,Ahmednagar,Onion,Red/Nasik,FAQ,2026-07-24,2294.81,2937.76,2544.2,203.1,snapshot,0,2026-10-06 20:03:59
Maharashtra,Pune,Baramati,Onion,Red/Nasik,FAQ,2026-07-24,2118.5,2781.95,2359.93,109.5,snapshot,0,2026-10-06 20:03:59
Maharashtra,Jalgaon,Jalgaon,Onion,Red/Nasik,FAQ,2026-07-24,1917.67,2676.09,2198.52,76.3,snapshot,0,2026-10-06 20:03:59
Maharashtra,Pune,Khed(Chakan),Onion,Red/Nasik,FAQ,2026-07-24,2124.44,2820.77,2408.6,68.1,snapshot,0,2026-10-06 20:03:59
Maharashtra,Kolhapur,Kolhapur,Onion,Red/Nasik,FAQ,2026-07-24,2084.91,2729.0,2373.17,68.8,snapshot,0,2026-10-06 20:03:59
Maharashtra,Nashik,Lasalgaon,Onion,Red/Nasik,FAQ,2026-07-24,2348.35,2929.16,2573.61,491.7,snapshot,0,2026-10-06 20:03:59
Maharashtra,Pune,Manchar,Onion,Red/Nasik,FAQ,2026-07-24,1694.07,2487.82,2074.97,295.3,snapshot,0,2026-10-06 20:03:59
Maharashtra,Mumbai,Mumbai,Onion,Red/Nasik,FAQ,2026-07-24,1927.31,2595.14,2251.3,43.7,snapshot,0,2026-10-06 20:03:59
Maharashtra,Pune,Narayangaon,Onion,Red/Nasik,FAQ,2026-07-24,1946.64,2713.53,2239.87,372.7,snapshot,0,2026-10-06 20:03:59
Maharashtra,Nashik,Nashik,Onion,Red/Nasik,FAQ,2026-07-24,2232.58,2913.53,2454.59,307.3,snapshot,0,2026-10-06 20:03:59
Maharashtra,Nashik,Pimpalgaon,Onion,Red/Nasik,FAQ,2026-07-24,2038.74,2710.67,2356.54,495.6,snapshot,0,2026-10-06 20:03:59
Maharashtra,Pune,Pune,Onion,Red/Nasik,FAQ,2026-07-24,1951.99,2606.91,2265.78,366.0,snapshot,0,2026-10-06 20:03:59
Maharashtra,Ahilyanagar,Rahata,Onion,Red/Nasik,FAQ,2026-07-24,1973.29,2745.64,2274.05,403.5,snapshot,0,2026-10-06 20:03:59
Maharashtra,Ahilyanagar,Sangamner,Onion,Red/Nasik,FAQ,2026-07-24,1758.8,2509.86,2104.13,49.4,snapshot,0,2026-10-06 20:03:59
Maharashtra,Solapur,Solapur,Onion,Red/Nasik,FAQ,2026-07-24,2089.8,2932.46,2445.08,210.0,snapshot,0,2026-10-06 20:03:59
Maharashtra,Nashik,Yeola,Onion,Red/Nasik,FAQ,2026-07-24,2088.36,2619.58,2326.17,358.3,snapshot,0,2026-10-06 20:03:59
Maharashtra,Pune,Khed(Chakan),Potato,Jyoti,FAQ,2026-07-24,1704.34,2199.69,1944.78,250.0,snapshot,0,2026-10-06 20:05:02
Maharashtra,Kolhapur,Kolhapur,Potato,Jyoti,FAQ,2026-07-24,1517.84,2128.04,1776.05,388.5,snapshot,0,2026-10-06 20:05:02
Maharashtra,Pune,Manchar,Potato,Jyoti,FAQ,2026-07-24,1579.45,2030.23,1807.88,81.5,snapshot,0,2026-10-06 20:05:02
Maharashtra,Mumbai,Mumbai,Potato,Jyoti,FAQ,2026-07-24,1654.21,2098.45,1832.01,438.7,snapshot,0,2026-10-06 20:05:02
Maharashtra,Pune,Narayangaon,Potato,Jyoti,FAQ,2026-07-24,1740.81,2152.6,1927.35,454.5,snapshot,0,2026-10-06 20:05:02
Maharashtra,Nashik,Nashik,Potato,Jyoti,FAQ,2026-07-24,1935.17,2417.68,2153.35,409.9,snapshot,0,2026-10-06 20:05:02
Maharashtra,Nashik,Pimpalgaon,Potato,Jyoti,FAQ,2026-07-24,1719.29,2158.03,1895.19,138.0,snapshot,0,2026-10-06 20:05:02
Maharashtra,Pune,Pune,Potato,Jyoti,FAQ,2026-07-24,1638.7,2139.81,1892.41,137.1,snapshot,0,2026-10-06 20:05:02
Maharashtra,Ahilyanagar,Ahmednagar,Red gram/Arhar/Tur(whole),White/Desi,FAQ,2026-07-24,9832.56,10891.01,10284.03,155.6,snapshot,0,2026-10-06 20:04:30
Maharashtra,Akola,Akola,Red gram/Arhar/Tur(whole),White/Desi,FAQ,2026-07-24,9689.49,10761.25,10027.56,109.6,snapshot,0,2026-10-06 20:04:30
Maharashtra,Amravati,Amravati,Red gram/Arhar/Tur(whole),White/Desi,FAQ,2026-07-24,9991.1,11152.25,10464.86,63.0,snapshot,0,2026-10-06 20:04:30
Maharashtra,Latur,Latur,Red gram/Arhar/Tur(whole),White/Desi,FAQ,2026-07-24,10068.79,10905.1,10374.82,391.5,snapshot,0,2026-10-06 20:04:30
Maharashtra,Solapur,Solapur,Red gram/Arhar/Tur(whole),White/Desi,FAQ,2026-07-24,10263.4,11274.0,10576.83,175.7,snapshot,0,2026-10-06 20:04:30
Maharashtra,Ahilyanagar,Ahmednagar,Soyabean,Yellow,FAQ,2026-07-24,4429.95,4873.59,4615.69,209.1,snapshot,0,2026-10-06 20:04:15
Maharashtra,Akola,Akola,Soyabean,Yellow,FAQ,2026-07-24,4746.31,5083.34,4896.31,415.8,snapshot,0,2026-10-06 20:04:14
Maharashtra,Amravati,Amravati,Soyabean,Yellow,FAQ,2026-07-24,4500.98,4917.01,4661.46,243.0,snapshot,0,2026-10-06 20:04:15
Maharashtra,Pune,Baramati,Soyabean,Yellow,FAQ,2026-07-24,4571.33,4936.56,4746.89,381.6,snapshot,0,2026-10-06 20:04:15
Maharashtra,Jalgaon,Jalgaon,Soyabean,Yellow,FAQ,2026-07-24,4549.71,4909.53,4722.71,374.7,snapshot,0,2026-10-06 20:04:15
Maharashtra,Latur,Latur,Soyabean,Yellow,FAQ,2026-07-24,4762.13,5024.58,4868.99,384.7,snapshot,0,2026-10-06 20:04:15
Maharashtra,Nagpur,Nagpur,Soyabean,Yellow,FAQ,2026-07-24,4478.5,4826.78,4640.23,466.6,snapshot,0,2026-10-06 20:04:15
Maharashtra,Pune,Pune,Soyabean,Yellow,FAQ,2026-07-24,4594.0,4998.79,4759.31,379.8,snapshot,0,2026-10-06 20:04:15
Maharashtra,Ahilyanagar,Rahata,Soyabean,Yellow,FAQ,2026-07-24,4616.78,4952.74,4755.46,198.6,snapshot,0,2026-10-06 20:04:15
Maharashtra,Ahilyanagar,Sangamner,Soyabean,Yellow,FAQ,2026-07-24,4564.84,4954.38,4739.55,63.4,snapshot,0,2026-10-06 20:04:15
Maharashtra,Solapur,Solapur,Soyabean,Yellow,FAQ,2026-07-24,4463.62,4802.63,4581.91,449.1,snapshot,0,2026-10-06 20:04:15
Maharashtra,Nashik,Yeola,Soyabean,Yellow,FAQ,2026-07-24,4609.02,4991.33,4755.9,453.4,snapshot,0,2026-10-06 20:04:15
Maharashtra,Pune,Baramati,Tomato,Hybrid,FAQ,2026-07-24,1895.57,2514.87,2107.91,243.8,snapshot,0,2026-10-06 20:03:43
Maharashtra,Pune,Khed(Chakan),Tomato,Hybrid,FAQ,2026-07-24,1861.76,2501.48,2060.61,166.0,snapshot,0,2026-10-06 20:03:43
Maharashtra,Kolhapur,Kolhapur,Tomato,Hybrid,FAQ,2026-07-24,1551.54,2173.27,1766.5,325.7,snapshot,0,2026-10-06 20:03:43
Maharashtra,Nashik,Lasalgaon,Tomato,Hybrid,FAQ,2026-07-24,1456.66,2118.57,1732.4,202.4,snapshot,0,2026-10-06 20:03:43
Maharashtra,Pune,Manchar,Tomato,Hybrid,FAQ,2026-07-24,1264.66,1878.54,1491.52,217.0,snapshot,0,2026-10-06 20:03:43
Maharashtra,Mumbai,Mumbai,Tomato,Hybrid,FAQ,2026-07-24,1535.23,2205.29,1821.41,432.3,snapshot,0,2026-10-06 20:03:43
Maharashtra,Nagpur,Nagpur,Tomato,Hybrid,FAQ,2026-07-24,1083.82,1715.93,1319.04,53.7,snapshot,0,2026-10-06 20:03:43
Maharashtra,Pune,Narayangaon,Tomato,Hybrid,FAQ,2026-07-24,1557.2,2179.72,1847.24,333.9,snapshot,0,2026-10-06 20:03:43
Maharashtra,Nashik,Nashik,Tomato,Hybrid,FAQ,2026-07-24,1759.3,2281.97,1990.63,256.7,snapshot,0,2026-10-06 20:03:43
Maharashtra,Nashik,Pimpalgaon,Tomato,Hybrid,FAQ,2026-07-24,1157.96,1749.28,1424.17,188.0,snapshot,0,2026-10-06 20:03:43
Maharashtra,Pune,Pune,Tomato,Hybrid,FAQ,2026-07-24,1179.54,1876.13,1495.04,320.2,snapshot,0,2026-10-06 20:03:43
Maharashtra,Ahilyanagar,Sangamner,Tomato,Hybrid,FAQ,2026-07-24,1629.2,2369.94,1925.25,151.5,snapshot,0,2026-10-06 20:03:43
Maharashtra,Ahilyanagar,Ahmednagar,Wheat,Lokwan,FAQ,2026-07-24,2552.47,2801.56,2643.45,196.9,snapshot,0,2026-10-06 20:05:18
Maharashtra,Akola,Akola,Wheat,Lokwan,FAQ,2026-07-24,2537.91,2871.63,2641.79,183.1,snapshot,0,2026-10-06 20:05:18
Maharashtra,Pune,Baramati,Wheat,Lokwan,FAQ,2026-07-24,2641.7,2984.34,2787.05,437.6,snapshot,0,2026-10-06 20:05:18
Maharashtra,Jalgaon,Jalgaon,Wheat,Lokwan,FAQ,2026-07-24,2479.61,2792.66,2579.37,173.3,snapshot,0,2026-10-06 20:05:18
Maharashtra,Kolhapur,Kolhapur,Wheat,Lokwan,FAQ,2026-07-24,2717.6,3061.77,2857.28,380.4,snapshot,0,2026-10-06 20:05:18
Maharashtra,Nashik,Lasalgaon,Wheat,Lokwan,FAQ,2026-07-24,2687.61,2912.41,2778.7,57.6,snapshot,0,2026-10-06 20:05:18
Maharashtra,Latur,Latur,Wheat,Lokwan,FAQ,2026-07-24,2688.98,2999.23,2778.9,418.1,snapshot,0,2026-10-06 20:05:18
Maharashtra,Mumbai,Mumbai,Wheat,Lokwan,FAQ,2026-07-24,2662.56,3012.57,2809.41,328.7,snapshot,0,2026-10-06 20:05:18
Maharashtra,Nagpur,Nagpur,Wheat,Lokwan,FAQ,2026-07-24,2518.31,2800.04,2659.46,402.7,snapshot,0,2026-10-06 20:05:18
Maharashtra,Nashik,Nashik,Wheat,Lokwan,FAQ,2026-07-24,2574.01,2815.2,2671.02,274.0,snapshot,0,2026-10-06 20:05:18
Maharashtra,Pune,Pune,Wheat,Lokwan,FAQ,2026-07-24,2506.5,2772.44,2601.63,85.5,snapshot,0,2026-10-06 20:05:18
Maharashtra,Ahilyanagar,Rahata,Wheat,Lokwan,FAQ,2026-07-24,2436.65,2704.76,2550.68,369.3,snapshot,0,2026-10-06 20:05:18
Maharashtra,Solapur,Solapur,Wheat,Lokwan,FAQ,2026-07-24,2699.64,2968.52,2838.62,398.5,snapshot,0,2026-10-06 20:05:18
Maharashtra,Nashik,Yeola,Wheat,Lokwan,FAQ,2026-07-24,2560.72,2835.07,2679.01,57.6,snapshot,0,2026-10-06 20:05:18
Maharashtra,Akola,Akola,Cotton,Medium Staple,FAQ,2026-07-23,6846.96,7516.72,7102.72,154.5,snapshot,0,2026-10-06 20:04:46
Maharashtra,Amravati,Amravati,Cotton,Medium Staple,FAQ,2026-07-23,7112.63,7702.42,7410.68,244.6,snapshot,0,2026-10-06 20:04:46
Maharashtra,Jalgaon,Jalgaon,Cotton,Medium Staple,FAQ,2026-07-23,7000.2,7641.38,7236.13,290.5,snapshot,0,2026-10-06 20:04:46
Maharashtra,Nagpur,Nagpur,Cotton,Medium Staple,FAQ,2026-07-23,6997.7,7642.29,7199.11,107.7,snapshot,0,2026-10-06 20:04:46
Maharashtra,Ahilyanagar,Ahmednagar,Onion,Red/Nasik,FAQ,2026-07-23,2140.13,2805.99,2385.54,77.1,snapshot,0,2026-10-06 20:03:59
Maharashtra,Pune,Baramati,Onion,Red/Nasik,FAQ,2026-07-23,1970.73,2618.55,2335.14,91.3,snapshot,0,2026-10-06 20:03:59
Maharashtra,Jalgaon,Jalgaon,Onion,Red/Nasik,FAQ,2026-07-23,2013.81,2643.93,2302.92,241.2,snapshot,0,2026-10-06 20:03:59
Maharashtra,Pune,Khed(Chakan),Onion,Red/Nasik,FAQ,2026-07-23,2098.53,2758.97,2419.98,175.7,snapshot,0,2026-10-06 20:03:59
Maharashtra,Kolhapur,Kolhapur,Onion,Red/Nasik,FAQ,2026-07-23,2136.71,2714.56,2432.25,420.5,snapshot,0,2026-10-06 20:03:59
Maharashtra,Nashik,Lasalgaon,Onion,Red/Nasik,FAQ,2026-07-23,2368.63,3053.92,2580.42,474.1,snapshot,0,2026-10-06 20:03:59
Maharashtra,Pune,Manchar,Onion,Red/Nasik,FAQ,2026-07-23,1815.75,2623.89,2168.85,211.6,snapshot,0,2026-10-06 20:03:59
Maharashtra,Mumbai,Mumbai,Onion,Red/Nasik,FAQ,2026-07-23,1904.23,2738.7,2245.8,80.4,snapshot,0,2026-10-06 20:03:59
Maharashtra,Pune,Narayangaon,Onion,Red/Nasik,FAQ,2026-07-23,1988.29,2680.3,2290.67,66.6,snapshot,0,2026-10-06 20:03:59
Maharashtra,Nashik,Pimpalgaon,Onion,Red/Nasik,FAQ,2026-07-23,2044.19,2846.26,2373.95,363.4,snapshot,0,2026-10-06 20:03:59
Maharashtra,Pune,Pune,Onion,Red/Nasik,FAQ,2026-07-23,1993.79,2715.65,2312.91,217.2,snapshot,0,2026-10-06 20:03:59
Maharashtra,Ahilyanagar,Rahata,Onion,Red/Nasik,FAQ,2026-07-23,2094.13,2691.98,2307.05,54.8,snapshot,0,2026-10-06 20:03:59
Maharashtra,Ahilyanagar,Sangamner,Onion,Red/Nasik,FAQ,2026-07-23,1685.03,2504.36,2072.44,196.3,snapshot,0,2026-10-06 20:03:59
Maharashtra,Solapur,Solapur,Onion,Red/Nasik,FAQ,2026-07-23,2207.31,2788.27,2440.61,373.4,snapshot,0,2026-10-06 20:03:59
Maharashtra,Nashik,Yeola,Onion,Red/Nasik,FAQ,2026-07-23,2031.89,2641.02,2321.87,192.6,snapshot,0,2026-10-06 20:03:59
Maharashtra,Pune,Khed(Chakan),Potato,Jyoti,FAQ,2026-07-23,1858.28,2246.45,2001.75,423.1,snapshot,0,2026-10-06 20:05:02
Maharashtra,Kolhapur,Kolhapur,Potato,Jyoti,FAQ,2026-07-23,1513.06,2124.29,1769.2,481.5,snapshot,0,2026-10-06 20:05:02
Maharashtra,Pune,Manchar,Potato,Jyoti,FAQ,2026-07-23,1647.82,2150.73,1835.24,278.2,snapshot,0,2026-10-06 20:05:02
Maharashtra,Mumbai,Mumbai,Potato,Jyoti,FAQ,2026-07-23,1665.94,2173.28,1857.21,325.3,snapshot,0,2026-10-06 20:05:02
Maharashtra,Pune,Narayangaon,Potato,Jyoti,FAQ,2026-07-23,1719.77,2178.04,1898.7,174.2,snapshot,0,2026-10-06 20:05:02
Maharashtra,Nashik,Nashik,Potato,Jyoti,FAQ,2026-07-23,1939.33,2384.11,2136.36,406.0,snapshot,0,2026-10-06 20:05:02
Maharashtra,Nashik,Pimpalgaon,Potato,Jyoti,FAQ,2026-07-23,1698.82,2251.46,1903.51,94.2,snapshot,0,2026-10-06 20:05:02
Maharashtra,Pune,Pune,Potato,Jyoti,FAQ,2026-07-23,1680.51,2214.76,1895.03,380.4,snapshot,0,2026-10-06 20:05:02
Maharashtra,Ahilyanagar,Ahmednagar,Red gram/Arhar/Tur(whole),White/Desi,FAQ,2026-07-23,9911.04,10810.23,10316.62,322.4,snapshot,0,2026-10-06 20:04:30
Maharashtra,Akola,Akola,Red gram/Arhar/Tur(whole),White/Desi,FAQ,2026-07-23,9770.84,10764.57,10155.92,445.4,snapshot,0,2026-10-06 20:04:30
Maharashtra,Amravati,Amravati,Red gram/Arhar/Tur(whole),White/Desi,FAQ,2026-07-23,10023.75,11244.71,10471.0,294.3,snapshot,0,2026-10-06 20:04:30
Maharashtra,Latur,Latur,Red gram/Arhar/Tur(whole),White/Desi,FAQ,2026-07-23,10060.58,10897.42,10476.89,129.0,snapshot,0,2026-10-06 20:04:30
Maharashtra,Solapur,Solapur,Red gram/Arhar/Tur(whole),White/Desi,FAQ,2026-07-23,10043.05,11177.83,10481.24,449.7,snapshot,0,2026-10-06 20:04:30
Maharashtra,Ahilyanagar,Ahmednagar,Soyabean,Yellow,FAQ,2026-07-23,4508.81,4808.76,4652.23,241.5,snapshot,0,2026-10-06 20:04:15
Maharashtra,Akola,Akola,Soyabean,Yellow,FAQ,2026-07-23,4723.02,5174.08,4915.84,343.4,snapshot,0,2026-10-06 20:04:14
Maharashtra,Amravati,Amravati,Soyabean,Yellow,FAQ,2026-07-23,4485.22,4913.75,4656.74,299.9,snapshot,0,2026-10-06 20:04:15
Maharashtra,Pune,Baramati,Soyabean,Yellow,FAQ,2026-07-23,4558.26,4947.99,4743.55,194.2,snapshot,0,2026-10-06 20:04:15
Maharashtra,Jalgaon,Jalgaon,Soyabean,Yellow,FAQ,2026-07-23,4492.79,4896.89,4677.26,439.2,snapshot,0,2026-10-06 20:04:15
Maharashtra,Latur,Latur,Soyabean,Yellow,FAQ,2026-07-23,4699.02,5028.81,4811.19,475.4,snapshot,0,2026-10-06 20:04:15
Maharashtra,Nagpur,Nagpur,Soyabean,Yellow,FAQ,2026-07-23,4482.01,4858.03,4624.35,88.3,snapshot,0,2026-10-06 20:04:15
Maharashtra,Pune,Pune,Soyabean,Yellow,FAQ,2026-07-23,4638.35,5012.25,4777.25,414.1,snapshot,0,2026-10-06 20:04:15
Maharashtra,Ahilyanagar,Rahata,Soyabean,Yellow,FAQ,2026-07-23,4612.77,4961.97,4739.8,429.0,snapshot,0,2026-10-06 20:04:15
Maharashtra,Ahilyanagar,Sangamner,Soyabean,Yellow,FAQ,2026-07-23,4560.16,4899.9,4723.86,423.1,snapshot,0,2026-10-06 20:04:15
Maharashtra,Solapur,Solapur,Soyabean,Yellow,FAQ,2026-07-23,4403.44,4799.95,4541.93,393.0,snapshot,0,2026-10-06 20:04:15
Maharashtra,Nashik,Yeola,Soyabean,Yellow,FAQ,2026-07-23,4646.31,4921.29,4779.98,191.3,snapshot,0,2026-10-06 20:04:15
Maharashtra,Pune,Baramati,Tomato,Hybrid,FAQ,2026-07-23,1958.84,2528.69,2258.08,393.3,snapshot,0,2026-10-06 20:03:43
Maharashtra,Pune,Khed(Chakan),Tomato,Hybrid,FAQ,2026-07-23,1807.11,2358.1,2085.4,339.0,snapshot,0,2026-10-06 20:03:43
Maharashtra,Kolhapur,Kolhapur,Tomato,Hybrid,FAQ,2026-07-23,1499.27,2021.09,1755.0,340.9,snapshot,0,2026-10-06 20:03:43
Maharashtra,Nashik,Lasalgaon,Tomato,Hybrid,FAQ,2026-07-23,1658.65,2096.78,1845.28,422.8,snapshot,0,2026-10-06 20:03:43
Maharashtra,Pune,Manchar,Tomato,Hybrid,FAQ,2026-07-23,1305.96,1879.21,1495.25,154.3,snapshot,0,2026-10-06 20:03:43
Maharashtra,Mumbai,Mumbai,Tomato,Hybrid,FAQ,2026-07-23,1440.4,1986.59,1727.45,404.5,snapshot,0,2026-10-06 20:03:43
Maharashtra,Nagpur,Nagpur,Tomato,Hybrid,FAQ,2026-07-23,1093.19,1788.56,1382.94,290.7,snapshot,0,2026-10-06 20:03:43
Maharashtra,Pune,Narayangaon,Tomato,Hybrid,FAQ,2026-07-23,1573.95,2211.29,1845.17,339.5,snapshot,0,2026-10-06 20:03:43
Maharashtra,Nashik,Nashik,Tomato,Hybrid,FAQ,2026-07-23,1884.01,2473.65,2073.72,440.1,snapshot,0,2026-10-06 20:03:43
Maharashtra,Nashik,Pimpalgaon,Tomato,Hybrid,FAQ,2026-07-23,1257.93,1859.52,1470.18,371.0,snapshot,0,2026-10-06 20:03:43
Maharashtra,Pune,Pune,Tomato,Hybrid,FAQ,2026-07-23,1312.55,1832.08,1543.08,162.8,snapshot,0,2026-10-06 20:03:43
Maharashtra,Ahilyanagar,Sangamner,Tomato,Hybrid,FAQ,2026-07-23,1704.33,2318.61,1900.9,391.7,snapshot,0,2026-10-06 20:03:43
Maharashtra,Ahilyanagar,Ahmednagar,Wheat,Lokwan,FAQ,2026-07-23,2499.36,2809.49,2619.98,474.6,snapshot,0,2026-10-06 20:05:18
Maharashtra,Akola,Akola,Wheat,Lokwan,FAQ,2026-07-23,2524.95,2873.97,2650.85,409.7,snapshot,0,2026-10-06 20:05:18
Maharashtra,Pune,Baramati,Wheat,Lokwan,FAQ,2026-07-23,2695.52,2948.09,2780.12,164.8,snapshot,0,2026-10-06 20:05:18
Maharashtra,Jalgaon,Jalgaon,Wheat,Lokwan,FAQ,2026-07-23,2428.62,2764.64,2559.03,446.0,snapshot,0,2026-10-06 20:05:18
Maharashtra,Kolhapur,Kolhapur,Wheat,Lokwan,FAQ,2026-07-23,2720.73,3047.02,2858.17,284.7,snapshot,0,2026-10-06 20:05:18
Maharashtra,Nashik,Lasalgaon,Wheat,Lokwan,FAQ,2026-07-23,2674.13,3015.34,2804.47,466.2,snapshot,0,2026-10-06 20:05:18
Maharashtra,Latur,Latur,Wheat,Lokwan,FAQ,2026-07-23,2709.73,2968.57,2809.13,398.0,snapshot,0,2026-10-06 20:05:18
Maharashtra,Mumbai,Mumbai,Wheat,Lokwan,FAQ,2026-07-23,2660.73,2971.93,2799.66,419.0,snapshot,0,2026-10-06 20:05:18
Maharashtra,Nagpur,Nagpur,Wheat,Lokwan,FAQ,2026-07-23,2532.14,2846.8,2686.17,241.1,snapshot,0,2026-10-06 20:05:18
Maharashtra,Nashik,Nashik,Wheat,Lokwan,FAQ,2026-07-23,2616.99,2846.0,2709.89,439.4,snapshot,0,2026-10-06 20:05:18
Maharashtra,Pune,Pune,Wheat,Lokwan,FAQ,2026-07-23,2483.48,2806.86,2635.59,381.4,snapshot,0,2026-10-06 20:05:18
Maharashtra,Ahilyanagar,Rahata,Wheat,Lokwan,FAQ,2026-07-23,2433.47,2808.26,2589.15,72.4,snapshot,0,2026-10-06 20:05:18
Maharashtra,Solapur,Solapur,Wheat,Lokwan,FAQ,2026-07-23,2739.89,3006.12,2832.77,264.3,snapshot,0,2026-10-06 20:05:18
Maharashtra,Nashik,Yeola,Wheat,Lokwan,FAQ,2026-07-23,2501.93,2836.19,2657.67,363.1,snapshot,0,2026-10-06 20:05:18
Maharashtra,Akola,Akola,Cotton,Medium Staple,FAQ,2026-07-22,6861.71,7551.16,7174.58,475.7,snapshot,0,2026-10-06 20:04:46
Maharashtra,Amravati,Amravati,Cotton,Medium Staple,FAQ,2026-07-22,7078.74,7626.44,7376.12,283.4,snapshot,0,2026-10-06 20:04:46
Maharashtra,Jalgaon,Jalgaon,Cotton,Medium Staple,FAQ,2026-07-22,6934.06,7530.17,7194.0,53.8,snapshot,0,2026-10-06 20:04:46
Maharashtra,Nagpur,Nagpur,Cotton,Medium Staple,FAQ,2026-07-22,6949.79,7605.99,7185.16,249.5,snapshot,0,2026-10-06 20:04:46
Maharashtra,Ahilyanagar,Ahmednagar,Onion,Red/Nasik,FAQ,2026-07-22,2065.83,2731.44,2414.23,79.6,snapshot,0,2026-10-06 20:03:59
Maharashtra,Pune,Baramati,Onion,Red/Nasik,FAQ,2026-07-22,2010.9,2796.26,2311.91,167.8,snapshot,0,2026-10-06 20:03:59
Maharashtra,Jalgaon,Jalgaon,Onion,Red/Nasik,FAQ,2026-07-22,1887.74,2582.82,2254.73,225.2,snapshot,0,2026-10-06 20:03:59
Maharashtra,Pune,Khed(Chakan),Onion,Red/Nasik,FAQ,2026-07-22,2163.57,2737.14,2412.22,168.7,snapshot,0,2026-10-06 20:03:59
Maharashtra,Kolhapur,Kolhapur,Onion,Red/Nasik,FAQ,2026-07-22,2178.49,2919.27,2420.0,71.4,snapshot,0,2026-10-06 20:03:59
Maharashtra,Nashik,Lasalgaon,Onion,Red/Nasik,FAQ,2026-07-22,2200.63,3034.77,2564.06,206.4,snapshot,0,2026-10-06 20:03:59
Maharashtra,Pune,Manchar,Onion,Red/Nasik,FAQ,2026-07-22,1906.22,2724.88,2214.45,106.3,snapshot,0,2026-10-06 20:03:59
Maharashtra,Mumbai,Mumbai,Onion,Red/Nasik,FAQ,2026-07-22,2007.59,2600.06,2225.07,239.6,snapshot,0,2026-10-06 20:03:59
Maharashtra,Pune,Narayangaon,Onion,Red/Nasik,FAQ,2026-07-22,1954.35,2571.15,2269.32,274.8,snapshot,0,2026-10-06 20:03:59
Maharashtra,Nashik,Pimpalgaon,Onion,Red/Nasik,FAQ,2026-07-22,2037.73,2798.39,2398.43,249.7,snapshot,0,2026-10-06 20:03:59
Maharashtra,Pune,Pune,Onion,Red/Nasik,FAQ,2026-07-22,2065.63,2629.43,2323.41,239.9,snapshot,0,2026-10-06 20:03:59
Maharashtra,Ahilyanagar,Rahata,Onion,Red/Nasik,FAQ,2026-07-22,1957.59,2546.66,2255.13,283.1,snapshot,0,2026-10-06 20:03:59
Maharashtra,Ahilyanagar,Sangamner,Onion,Red/Nasik,FAQ,2026-07-22,1723.48,2491.63,2091.71,124.9,snapshot,0,2026-10-06 20:03:59
Maharashtra,Solapur,Solapur,Onion,Red/Nasik,FAQ,2026-07-22,2233.14,2903.0,2471.69,354.7,snapshot,0,2026-10-06 20:03:59
Maharashtra,Nashik,Yeola,Onion,Red/Nasik,FAQ,2026-07-22,2121.94,2842.64,2392.85,133.1,snapshot,0,2026-10-06 20:03:59
Maharashtra,Pune,Khed(Chakan),Potato,Jyoti,FAQ,2026-07-22,1778.43,2256.98,1955.76,102.4,snapshot,0,2026-10-06 20:05:02
Maharashtra,Kolhapur,Kolhapur,Potato,Jyoti,FAQ,2026-07-22,1594.93,2049.59,1751.22,248.6,snapshot,0,2026-10-06 20:05:02
Maharashtra,Pune,Manchar,Potato,Jyoti,FAQ,2026-07-22,1683.85,2062.22,1823.88,498.5,snapshot,0,2026-10-06 20:05:02
Maharashtra,Mumbai,Mumbai,Potato,Jyoti,FAQ,2026-07-22,1656.08,2214.8,1897.13,75.6,snapshot,0,2026-10-06 20:05:02
Maharashtra,Pune,Narayangaon,Potato,Jyoti,FAQ,2026-07-22,1665.55,2069.25,1854.52,202.8,snapshot,0,2026-10-06 20:05:02
Maharashtra,Nashik,Nashik,Potato,Jyoti,FAQ,2026-07-22,1843.95,2312.3,2085.25,194.9,snapshot,0,2026-10-06 20:05:02
Maharashtra,Nashik,Pimpalgaon,Potato,Jyoti,FAQ,2026-07-22,1688.46,2151.14,1873.95,92.1,snapshot,0,2026-10-06 20:05:02
Maharashtra,Pune,Pune,Potato,Jyoti,FAQ,2026-07-22,1670.37,2154.12,1864.43,435.7,snapshot,0,2026-10-06 20:05:02
Maharashtra,Ahilyanagar,Ahmednagar,Red gram/Arhar/Tur(whole),White/Desi,FAQ,2026-07-22,9933.85,10980.69,10339.25,211.0,snapshot,0,2026-10-06 20:04:30
Maharashtra,Akola,Akola,Red gram/Arhar/Tur(whole),White/Desi,FAQ,2026-07-22,9716.99,10636.22,10109.38,486.6,snapshot,0,2026-10-06 20:04:30
Maharashtra,Amravati,Amravati,Red gram/Arhar/Tur(whole),White/Desi,FAQ,2026-07-22,10143.84,10881.44,10444.47,284.2,snapshot,0,2026-10-06 20:04:30
Maharashtra,Latur,Latur,Red gram/Arhar/Tur(whole),White/Desi,FAQ,2026-07-22,10236.27,11282.18,10517.08,190.6,snapshot,0,2026-10-06 20:04:30
Maharashtra,Solapur,Solapur,Red gram/Arhar/Tur(whole),White/Desi,FAQ,2026-07-22,10010.23,11094.77,10488.41,229.3,snapshot,0,2026-10-06 20:04:30
Maharashtra,Ahilyanagar,Ahmednagar,Soyabean,Yellow,FAQ,2026-07-22,4508.94,4809.92,4663.66,392.2,snapshot,0,2026-10-06 20:04:15
Maharashtra,Akola,Akola,Soyabean,Yellow,FAQ,2026-07-22,4787.82,5105.67,4946.14,148.3,snapshot,0,2026-10-06 20:04:14
Maharashtra,Amravati,Amravati,Soyabean,Yellow,FAQ,2026-07-22,4523.8,4847.76,4665.4,361.6,snapshot,0,2026-10-06 20:04:15
Maharashtra,Pune,Baramati,Soyabean,Yellow,FAQ,2026-07-22,4618.19,5041.31,4805.64,337.0,snapshot,0,2026-10-06 20:04:15
Maharashtra,Jalgaon,Jalgaon,Soyabean,Yellow,FAQ,2026-07-22,4558.25,4943.05,4721.17,404.5,snapshot,0,2026-10-06 20:04:15
Maharashtra,Latur,Latur,Soyabean,Yellow,FAQ,2026-07-22,4636.1,4971.0,4791.57,290.7,snapshot,0,2026-10-06 20:04:15
Maharashtra,Nagpur,Nagpur,Soyabean,Yellow,FAQ,2026-07-22,4513.14,4909.93,4680.23,311.3,snapshot,0,2026-10-06 20:04:15
Maharashtra,Pune,Pune,Soyabean,Yellow,FAQ,2026-07-22,4580.98,4935.87,4748.84,313.7,snapshot,0,2026-10-06 20:04:15
Maharashtra,Ahilyanagar,Rahata,Soyabean,Yellow,FAQ,2026-07-22,4603.43,4885.2,4735.55,148.6,snapshot,0,2026-10-06 20:04:15
Maharashtra,Ahilyanagar,Sangamner,Soyabean,Yellow,FAQ,2026-07-22,4568.53,4927.55,4710.27,138.2,snapshot,0,2026-10-06 20:04:15
Maharashtra,Solapur,Solapur,Soyabean,Yellow,FAQ,2026-07-22,4423.05,4755.21,4576.72,334.1,snapshot,0,2026-10-06 20:04:15
Maharashtra,Nashik,Yeola,Soyabean,Yellow,FAQ,2026-07-22,4668.68,4999.05,4780.22,211.1,snapshot,0,2026-10-06 20:04:15
Maharashtra,Pune,Baramati,Tomato,Hybrid,FAQ,2026-07-22,2015.71,2545.15,2201.42,128.4,snapshot,0,2026-10-06 20:03:43
Maharashtra,Pune,Khed(Chakan),Tomato,Hybrid,FAQ,2026-07-22,1738.42,2379.74,2042.07,40.3,snapshot,0,2026-10-06 20:03:43
Maharashtra,Kolhapur,Kolhapur,Tomato,Hybrid,FAQ,2026-07-22,1300.5,1892.62,1569.87,307.7,snapshot,0,2026-10-06 20:03:43
Maharashtra,Nashik,Lasalgaon,Tomato,Hybrid,FAQ,2026-07-22,1536.76,2222.37,1817.25,287.5,snapshot,0,2026-10-06 20:03:43
Maharashtra,Pune,Manchar,Tomato,Hybrid,FAQ,2026-07-22,1287.99,1995.34,1609.67,195.6,snapshot,0,2026-10-06 20:03:43
Maharashtra,Mumbai,Mumbai,Tomato,Hybrid,FAQ,2026-07-22,1329.24,2042.73,1651.07,467.8,snapshot,0,2026-10-06 20:03:43
Maharashtra,Nagpur,Nagpur,Tomato,Hybrid,FAQ,2026-07-22,1129.01,1819.12,1428.28,67.0,snapshot,0,2026-10-06 20:03:43
Maharashtra,Pune,Narayangaon,Tomato,Hybrid,FAQ,2026-07-22,1520.89,2185.63,1822.27,419.6,snapshot,0,2026-10-06 20:03:43
Maharashtra,Nashik,Nashik,Tomato,Hybrid,FAQ,2026-07-22,1869.24,2461.19,2074.05,189.8,snapshot,0,2026-10-06 20:03:43
Maharashtra,Nashik,Pimpalgaon,Tomato,Hybrid,FAQ,2026-07-22,1121.25,1641.81,1345.94,288.1,snapshot,0,2026-10-06 20:03:43
Maharashtra,Pune,Pune,Tomato,Hybrid,FAQ,2026-07-22,1376.12,1852.25,1586.04,167.9,snapshot,0,2026-10-06 20:03:43
Maharashtra,Ahilyanagar,Sangamner,Tomato,Hybrid,FAQ,2026-07-22,1512.64,2199.85,1826.1,481.3,snapshot,0,2026-10-06 20:03:43
Maharashtra,Ahilyanagar,Ahmednagar,Wheat,Lokwan,FAQ,2026-07-22,2508.51,2801.2,2635.25,338.7,snapshot,0,2026-10-06 20:05:18
Maharashtra,Akola,Akola,Wheat,Lokwan,FAQ,2026-07-22,2520.42,2805.1,2619.97,212.7,snapshot,0,2026-10-06 20:05:18
Maharashtra,Pune,Baramati,Wheat,Lokwan,FAQ,2026-07-22,2644.68,2960.36,2749.13,324.3,snapshot,0,2026-10-06 20:05:18
Maharashtra,Jalgaon,Jalgaon,Wheat,Lokwan,FAQ,2026-07-22,2480.56,2765.23,2579.19,181.7,snapshot,0,2026-10-06 20:05:18
Maharashtra,Kolhapur,Kolhapur,Wheat,Lokwan,FAQ,2026-07-22,2793.32,3137.12,2922.52,103.9,snapshot,0,2026-10-06 20:05:18
Maharashtra,Nashik,Lasalgaon,Wheat,Lokwan,FAQ,2026-07-22,2657.42,2952.67,2787.89,77.9,snapshot,0,2026-10-06 20:05:18
Maharashtra,Latur,Latur,Wheat,Lokwan,FAQ,2026-07-22,2699.85,3017.52,2814.08,209.4,snapshot,0,2026-10-06 20:05:18
Maharashtra,Mumbai,Mumbai,Wheat,Lokwan,FAQ,2026-07-22,2652.81,2952.6,2753.23,303.7,snapshot,0,2026-10-06 20:05:18
Maharashtra,Nagpur,Nagpur,Wheat,Lokwan,FAQ,2026-07-22,2529.21,2875.1,2669.69,284.0,snapshot,0,2026-10-06 20:05:18
Maharashtra,Nashik,Nashik,Wheat,Lokwan,FAQ,2026-07-22,2542.27,2855.72,2677.32,266.8,snapshot,0,2026-10-06 20:05:18
Maharashtra,Pune,Pune,Wheat,Lokwan,FAQ,2026-07-22,2506.16,2794.69,2654.04,248.7,snapshot,0,2026-10-06 20:05:18
Maharashtra,Ahilyanagar,Rahata,Wheat,Lokwan,FAQ,2026-07-22,2452.41,2732.45,2605.71,54.9,snapshot,0,2026-10-06 20:05:18
Maharashtra,Solapur,Solapur,Wheat,Lokwan,FAQ,2026-07-22,2689.32,2999.61,2806.46,171.1,snapshot,0,2026-10-06 20:05:18
Maharashtra,Nashik,Yeola,Wheat,Lokwan,FAQ,2026-07-22,2515.94,2875.33,2666.36,131.8,snapshot,0,2026-10-06 20:05:18
Maharashtra,Akola,Akola,Cotton,Medium Staple,FAQ,2026-07-21,6895.31,7609.74,7188.4,326.4,snapshot,0,2026-10-06 20:04:46
Maharashtra,Amravati,Amravati,Cotton,Medium Staple,FAQ,2026-07-21,7083.28,7634.06,7354.7,338.1,snapshot,0,2026-10-06 20:04:46
Maharashtra,Jalgaon,Jalgaon,Cotton,Medium Staple,FAQ,2026-07-21,6858.79,7584.47,7133.33,455.0,snapshot,0,2026-10-06 20:04:46
Maharashtra,Nagpur,Nagpur,Cotton,Medium Staple,FAQ,2026-07-21,7046.86,7526.92,7243.93,136.6,snapshot,0,2026-10-06 20:04:46
Maharashtra,Ahilyanagar,Ahmednagar,Onion,Red/Nasik,FAQ,2026-07-21,2111.96,2859.11,2372.95,346.0,snapshot,0,2026-10-06 20:03:59
Maharashtra,Pune,Baramati,Onion,Red/Nasik,FAQ,2026-07-21,1999.63,2670.85,2322.01,78.0,snapshot,0,2026-10-06 20:03:59
Maharashtra,Jalgaon,Jalgaon,Onion,Red/Nasik,FAQ,2026-07-21,2040.11,2578.84,2251.09,348.7,snapshot,0,2026-10-06 20:03:59
Maharashtra,Pune,Khed(Chakan),Onion,Red/Nasik,FAQ,2026-07-21,2246.63,2905.91,2461.94,119.5,snapshot,0,2026-10-06 20:03:59
Maharashtra,Kolhapur,Kolhapur,Onion,Red/Nasik,FAQ,2026-07-21,2213.77,2824.37,2430.51,286.1,snapshot,0,2026-10-06 20:03:59
Maharashtra,Nashik,Lasalgaon,Onion,Red/Nasik,FAQ,2026-07-21,2197.64,2860.28,2482.05,251.0,snapshot,0,2026-10-06 20:03:59
Maharashtra,Pune,Manchar,Onion,Red/Nasik,FAQ,2026-07-21,1965.87,2574.26,2200.42,406.8,snapshot,0,2026-10-06 20:03:59
Maharashtra,Mumbai,Mumbai,Onion,Red/Nasik,FAQ,2026-07-21,1915.07,2659.61,2184.59,221.0,snapshot,0,2026-10-06 20:03:59
Maharashtra,Pune,Narayangaon,Onion,Red/Nasik,FAQ,2026-07-21,1926.1,2537.66,2229.76,134.5,snapshot,0,2026-10-06 20:03:59
Maharashtra,Nashik,Nashik,Onion,Red/Nasik,FAQ,2026-07-21,2043.55,2797.12,2403.71,340.8,snapshot,0,2026-10-06 20:03:59
Maharashtra,Nashik,Pimpalgaon,Onion,Red/Nasik,FAQ,2026-07-21,2067.54,2675.18,2360.45,473.7,snapshot,0,2026-10-06 20:03:59
Maharashtra,Pune,Pune,Onion,Red/Nasik,FAQ,2026-07-21,1953.36,2660.89,2338.03,482.8,snapshot,0,2026-10-06 20:03:59
Maharashtra,Ahilyanagar,Rahata,Onion,Red/Nasik,FAQ,2026-07-21,2034.28,2644.32,2265.73,222.3,snapshot,0,2026-10-06 20:03:59
Maharashtra,Ahilyanagar,Sangamner,Onion,Red/Nasik,FAQ,2026-07-21,1817.11,2409.61,2044.37,365.3,snapshot,0,2026-10-06 20:03:59
Maharashtra,Solapur,Solapur,Onion,Red/Nasik,FAQ,2026-07-21,2228.36,2796.41,2513.3,181.7,snapshot,0,2026-10-06 20:03:59
Maharashtra,Nashik,Yeola,Onion,Red/Nasik,FAQ,2026-07-21,2006.39,2694.28,2388.76,378.6,snapshot,0,2026-10-06 20:03:59
Maharashtra,Pune,Khed(Chakan),Potato,Jyoti,FAQ,2026-07-21,1787.76,2329.03,2026.28,113.1,snapshot,0,2026-10-06 20:05:02
Maharashtra,Kolhapur,Kolhapur,Potato,Jyoti,FAQ,2026-07-21,1573.05,2111.85,1805.08,450.7,snapshot,0,2026-10-06 20:05:02
Maharashtra,Pune,Manchar,Potato,Jyoti,FAQ,2026-07-21,1660.61,2037.44,1820.95,150.1,snapshot,0,2026-10-06 20:05:02
Maharashtra,Mumbai,Mumbai,Potato,Jyoti,FAQ,2026-07-21,1717.54,2308.33,1947.37,365.7,snapshot,0,2026-10-06 20:05:02
Maharashtra,Pune,Narayangaon,Potato,Jyoti,FAQ,2026-07-21,1667.51,2120.79,1830.0,295.2,snapshot,0,2026-10-06 20:05:02
Maharashtra,Nashik,Nashik,Potato,Jyoti,FAQ,2026-07-21,1925.62,2436.45,2092.73,82.3,snapshot,0,2026-10-06 20:05:02
Maharashtra,Nashik,Pimpalgaon,Potato,Jyoti,FAQ,2026-07-21,1633.11,2216.2,1834.75,234.5,snapshot,0,2026-10-06 20:05:02
Maharashtra,Pune,Pune,Potato,Jyoti,FAQ,2026-07-21,1678.82,2164.33,1913.71,280.4,snapshot,0,2026-10-06 20:05:02
Maharashtra,Ahilyanagar,Ahmednagar,Red gram/Arhar/Tur(whole),White/Desi,FAQ,2026-07-21,9884.79,10987.31,10235.4,351.3,snapshot,0,2026-10-06 20:04:30
Maharashtra,Akola,Akola,Red gram/Arhar/Tur(whole),White/Desi,FAQ,2026-07-21,9568.32,10494.75,9994.91,124.3,snapshot,0,2026-10-06 20:04:30
Maharashtra,Amravati,Amravati,Red gram/Arhar/Tur(whole),White/Desi,FAQ,2026-07-21,10096.52,10881.9,10394.83,99.8,snapshot,0,2026-10-06 20:04:30
Maharashtra,Latur,Latur,Red gram/Arhar/Tur(whole),White/Desi,FAQ,2026-07-21,10110.62,11257.77,10611.86,489.6,snapshot,0,2026-10-06 20:04:30
Maharashtra,Solapur,Solapur,Red gram/Arhar/Tur(whole),White/Desi,FAQ,2026-07-21,10186.68,11147.98,10602.52,180.9,snapshot,0,2026-10-06 20:04:30
Maharashtra,Ahilyanagar,Ahmednagar,Soyabean,Yellow,FAQ,2026-07-21,4526.49,4930.75,4708.92,379.4,snapshot,0,2026-10-06 20:04:15
Maharashtra,Akola,Akola,Soyabean,Yellow,FAQ,2026-07-21,4740.5,5166.71,4926.91,338.4,snapshot,0,2026-10-06 20:04:14
Maharashtra,Amravati,Amravati,Soyabean,Yellow,FAQ,2026-07-21,4502.26,4853.25,4610.3,55.2,snapshot,0,2026-10-06 20:04:15
Maharashtra,Pune,Baramati,Soyabean,Yellow,FAQ,2026-07-21,4672.74,4988.04,4807.49,349.3,snapshot,0,2026-10-06 20:04:15
Maharashtra,Jalgaon,Jalgaon,Soyabean,Yellow,FAQ,2026-07-21,4644.89,5019.57,4797.78,40.3,snapshot,0,2026-10-06 20:04:15
Maharashtra,Latur,Latur,Soyabean,Yellow,FAQ,2026-07-21,4704.59,4988.2,4820.02,495.1,snapshot,0,2026-10-06 20:04:15
Maharashtra,Nagpur,Nagpur,Soyabean,Yellow,FAQ,2026-07-21,4440.04,4741.79,4587.78,89.2,snapshot,0,2026-10-06 20:04:15
Maharashtra,Pune,Pune,Soyabean,Yellow,FAQ,2026-07-21,4586.53,4886.24,4704.26,485.1,snapshot,0,2026-10-06 20:04:15
Maharashtra,Ahilyanagar,Rahata,Soyabean,Yellow,FAQ,2026-07-21,4624.8,4887.58,4729.88,446.2,snapshot,0,2026-10-06 20:04:15
Maharashtra,Ahilyanagar,Sangamner,Soyabean,Yellow,FAQ,2026-07-21,4571.92,4963.73,4757.95,391.4,snapshot,0,2026-10-06 20:04:15
Maharashtra,Solapur,Solapur,Soyabean,Yellow,FAQ,2026-07-21,4476.17,4862.98,4614.76,374.1,snapshot,0,2026-10-06 20:04:15
Maharashtra,Nashik,Yeola,Soyabean,Yellow,FAQ,2026-07-21,4645.44,5014.39,4779.48,204.6,snapshot,0,2026-10-06 20:04:15
Maharashtra,Pune,Baramati,Tomato,Hybrid,FAQ,2026-07-21,1766.47,2340.99,2084.22,396.8,snapshot,0,2026-10-06 20:03:43
Maharashtra,Pune,Khed(Chakan),Tomato,Hybrid,FAQ,2026-07-21,1746.99,2381.08,2039.57,97.1,snapshot,0,2026-10-06 20:03:43
Maharashtra,Kolhapur,Kolhapur,Tomato,Hybrid,FAQ,2026-07-21,1350.59,1965.07,1583.44,234.3,snapshot,0,2026-10-06 20:03:43
Maharashtra,Nashik,Lasalgaon,Tomato,Hybrid,FAQ,2026-07-21,1513.5,2121.17,1789.41,451.8,snapshot,0,2026-10-06 20:03:43
Maharashtra,Pune,Manchar,Tomato,Hybrid,FAQ,2026-07-21,1432.21,2088.44,1722.34,299.9,snapshot,0,2026-10-06 20:03:43
Maharashtra,Mumbai,Mumbai,Tomato,Hybrid,FAQ,2026-07-21,1319.79,1935.12,1629.31,62.8,snapshot,0,2026-10-06 20:03:43
Maharashtra,Nagpur,Nagpur,Tomato,Hybrid,FAQ,2026-07-21,1119.83,1704.0,1395.44,103.5,snapshot,0,2026-10-06 20:03:43
Maharashtra,Pune,Narayangaon,Tomato,Hybrid,FAQ,2026-07-21,1567.11,2237.25,1840.92,318.4,snapshot,0,2026-10-06 20:03:43
Maharashtra,Nashik,Nashik,Tomato,Hybrid,FAQ,2026-07-21,1685.59,2338.27,1968.8,189.9,snapshot,0,2026-10-06 20:03:43
Maharashtra,Nashik,Pimpalgaon,Tomato,Hybrid,FAQ,2026-07-21,1117.71,1585.96,1335.98,429.6,snapshot,0,2026-10-06 20:03:43
Maharashtra,Pune,Pune,Tomato,Hybrid,FAQ,2026-07-21,1394.03,1908.98,1603.21,76.7,snapshot,0,2026-10-06 20:03:43
Maharashtra,Ahilyanagar,Sangamner,Tomato,Hybrid,FAQ,2026-07-21,1616.15,2190.56,1828.85,183.3,snapshot,0,2026-10-06 20:03:43
Maharashtra,Ahilyanagar,Ahmednagar,Wheat,Lokwan,FAQ,2026-07-21,2537.68,2824.17,2689.12,452.0,snapshot,0,2026-10-06 20:05:18
Maharashtra,Akola,Akola,Wheat,Lokwan,FAQ,2026-07-21,2477.95,2813.77,2600.47,317.8,snapshot,0,2026-10-06 20:05:18
Maharashtra,Pune,Baramati,Wheat,Lokwan,FAQ,2026-07-21,2616.99,2879.46,2748.76,118.3,snapshot,0,2026-10-06 20:05:18
Maharashtra,Jalgaon,Jalgaon,Wheat,Lokwan,FAQ,2026-07-21,2505.92,2795.91,2607.53,451.5,snapshot,0,2026-10-06 20:05:18
Maharashtra,Kolhapur,Kolhapur,Wheat,Lokwan,FAQ,2026-07-21,2774.24,3086.99,2919.47,386.4,snapshot,0,2026-10-06 20:05:18
Maharashtra,Nashik,Lasalgaon,Wheat,Lokwan,FAQ,2026-07-21,2697.9,2954.82,2809.43,147.5,snapshot,0,2026-10-06 20:05:18
Maharashtra,Latur,Latur,Wheat,Lokwan,FAQ,2026-07-21,2738.23,2994.71,2851.58,151.6,snapshot,0,2026-10-06 20:05:18
Maharashtra,Mumbai,Mumbai,Wheat,Lokwan,FAQ,2026-07-21,2616.03,2973.66,2741.74,446.6,snapshot,0,2026-10-06 20:05:18
Maharashtra,Nagpur,Nagpur,Wheat,Lokwan,FAQ,2026-07-21,2525.73,2835.36,2673.34,271.6,snapshot,0,2026-10-06 20:05:18
Maharashtra,Nashik,Nashik,Wheat,Lokwan,FAQ,2026-07-21,2488.77,2769.94,2639.53,204.0,snapshot,0,2026-10-06 20:05:18
Maharashtra,Pune,Pune,Wheat,Lokwan,FAQ,2026-07-21,2497.79,2782.9,2603.7,84.7,snapshot,0,2026-10-06 20:05:18
Maharashtra,Ahilyanagar,Rahata,Wheat,Lokwan,FAQ,2026-07-21,2463.8,2757.25,2614.05,252.6,snapshot,0,2026-10-06 20:05:18
Maharashtra,Solapur,Solapur,Wheat,Lokwan,FAQ,2026-07-21,2691.85,2947.16,2777.59,407.3,snapshot,0,2026-10-06 20:05:18
Maharashtra,Nashik,Yeola,Wheat,Lokwan,FAQ,2026-07-21,2591.69,2886.9,2681.87,462.0,snapshot,0,2026-10-06 20:05:18
Maharashtra,Akola,Akola,Cotton,Medium Staple,FAQ,2026-07-20,7196.94,7648.19,7386.47,164.6,snapshot,0,2026-10-06 20:04:46
Maharashtra,Amravati,Amravati,Cotton,Medium Staple,FAQ,2026-07-20,6982.16,7665.38,7283.78,352.2,snapshot,0,2026-10-06 20:04:46
Maharashtra,Jalgaon,Jalgaon,Cotton,Medium Staple,FAQ,2026-07-20,6861.37,7463.98,7159.19,41.4,snapshot,0,2026-10-06 20:04:46
Maharashtra,Nagpur,Nagpur,Cotton,Medium Staple,FAQ,2026-07-20,7014.07,7593.56,7200.62,52.7,snapshot,0,2026-10-06 20:04:46
Maharashtra,Ahilyanagar,Ahmednagar,Onion,Red/Nasik,FAQ,2026-07-20,2091.35,2817.27,2378.81,40.3,snapshot,0,2026-10-06 20:03:59
Maharashtra,Pune,Baramati,Onion,Red/Nasik,FAQ,2026-07-20,1936.11,2551.86,2231.28,63.7,snapshot,0,2026-10-06 20:03:59
Maharashtra,Jalgaon,Jalgaon,Onion,Red/Nasik,FAQ,2026-07-20,1939.33,2609.07,2225.99,156.7,snapshot,0,2026-10-06 20:03:59
Maharashtra,Pune,Khed(Chakan),Onion,Red/Nasik,FAQ,2026-07-20,2150.83,2764.13,2443.81,304.0,snapshot,0,2026-10-06 20:03:59
Maharashtra,Kolhapur,Kolhapur,Onion,Red/Nasik,FAQ,2026-07-20,2126.47,2814.24,2379.61,462.5,snapshot,0,2026-10-06 20:03:59
Maharashtra,Nashik,Lasalgaon,Onion,Red/Nasik,FAQ,2026-07-20,2239.3,2937.43,2476.59,234.0,snapshot,0,2026-10-06 20:03:59
Maharashtra,Pune,Manchar,Onion,Red/Nasik,FAQ,2026-07-20,1971.58,2635.19,2260.36,343.9,snapshot,0,2026-10-06 20:03:59
Maharashtra,Mumbai,Mumbai,Onion,Red/Nasik,FAQ,2026-07-20,1907.12,2604.73,2217.11,139.4,snapshot,0,2026-10-06 20:03:59
Maharashtra,Pune,Narayangaon,Onion,Red/Nasik,FAQ,2026-07-20,1889.86,2599.76,2198.44,303.4,snapshot,0,2026-10-06 20:03:59
Maharashtra,Nashik,Nashik,Onion,Red/Nasik,FAQ,2026-07-20,2125.69,2705.55,2419.11,41.1,snapshot,0,2026-10-06 20:03:59
Maharashtra,Nashik,Pimpalgaon,Onion,Red/Nasik,FAQ,2026-07-20,2108.7,2836.65,2412.26,142.2,snapshot,0,2026-10-06 20:03:59
Maharashtra,Pune,Pune,Onion,Red/Nasik,FAQ,2026-07-20,2037.6,2835.02,2319.54,286.7,snapshot,0,2026-10-06 20:03:59
Maharashtra,Ahilyanagar,Rahata,Onion,Red/Nasik,FAQ,2026-07-20,1933.69,2714.64,2265.67,157.5,snapshot,0,2026-10-06 20:03:59
Maharashtra,Ahilyanagar,Sangamner,Onion,Red/Nasik,FAQ,2026-07-20,1720.59,2378.15,2000.33,360.4,snapshot,0,2026-10-06 20:03:59
Maharashtra,Solapur,Solapur,Onion,Red/Nasik,FAQ,2026-07-20,2139.18,2784.43,2434.99,148.2,snapshot,0,2026-10-06 20:03:59
Maharashtra,Nashik,Yeola,Onion,Red/Nasik,FAQ,2026-07-20,2034.42,2573.7,2259.47,328.6,snapshot,0,2026-10-06 20:03:59
Maharashtra,Pune,Khed(Chakan),Potato,Jyoti,FAQ,2026-07-20,1856.83,2380.51,2022.2,380.8,snapshot,0,2026-10-06 20:05:02
Maharashtra,Kolhapur,Kolhapur,Potato,Jyoti,FAQ,2026-07-20,1635.01,2196.36,1813.4,91.5,snapshot,0,2026-10-06 20:05:02
Maharashtra,Pune,Manchar,Potato,Jyoti,FAQ,2026-07-20,1667.51,2057.88,1841.83,315.8,snapshot,0,2026-10-06 20:05:02
Maharashtra,Mumbai,Mumbai,Potato,Jyoti,FAQ,2026-07-20,1735.41,2187.31,1938.14,310.1,snapshot,0,2026-10-06 20:05:02
Maharashtra,Pune,Narayangaon,Potato,Jyoti,FAQ,2026-07-20,1685.5,2091.61,1826.12,205.6,snapshot,0,2026-10-06 20:05:02
Maharashtra,Nashik,Nashik,Potato,Jyoti,FAQ,2026-07-20,1858.06,2324.08,2062.36,61.9,snapshot,0,2026-10-06 20:05:02
Maharashtra,Nashik,Pimpalgaon,Potato,Jyoti,FAQ,2026-07-20,1516.94,2067.0,1762.77,143.5,snapshot,0,2026-10-06 20:05:02
Maharashtra,Pune,Pune,Potato,Jyoti,FAQ,2026-07-20,1734.46,2299.83,1910.92,94.5,snapshot,0,2026-10-06 20:05:02
Maharashtra,Ahilyanagar,Ahmednagar,Red gram/Arhar/Tur(whole),White/Desi,FAQ,2026-07-20,9792.63,10869.34,10252.39,223.7,snapshot,0,2026-10-06 20:04:30
Maharashtra,Akola,Akola,Red gram/Arhar/Tur(whole),White/Desi,FAQ,2026-07-20,9747.65,10557.43,10044.62,60.9,snapshot,0,2026-10-06 20:04:30
Maharashtra,Amravati,Amravati,Red gram/Arhar/Tur(whole),White/Desi,FAQ,2026-07-20,10038.85,11140.94,10546.17,328.5,snapshot,0,2026-10-06 20:04:30
Maharashtra,Latur,Latur,Red gram/Arhar/Tur(whole),White/Desi,FAQ,2026-07-20,10296.95,11562.08,10806.79,433.7,snapshot,0,2026-10-06 20:04:30
Maharashtra,Solapur,Solapur,Red gram/Arhar/Tur(whole),White/Desi,FAQ,2026-07-20,10086.59,11040.81,10435.94,184.0,snapshot,0,2026-10-06 20:04:30
Maharashtra,Ahilyanagar,Ahmednagar,Soyabean,Yellow,FAQ,2026-07-20,4581.83,4835.4,4688.76,395.9,snapshot,0,2026-10-06 20:04:15
Maharashtra,Akola,Akola,Soyabean,Yellow,FAQ,2026-07-20,4781.62,5170.18,4940.46,215.4,snapshot,0,2026-10-06 20:04:14
Maharashtra,Amravati,Amravati,Soyabean,Yellow,FAQ,2026-07-20,4529.15,4880.11,4642.16,217.4,snapshot,0,2026-10-06 20:04:15
Maharashtra,Pune,Baramati,Soyabean,Yellow,FAQ,2026-07-20,4652.75,5015.4,4788.47,323.4,snapshot,0,2026-10-06 20:04:15
Maharashtra,Jalgaon,Jalgaon,Soyabean,Yellow,FAQ,2026-07-20,4670.28,5013.31,4804.09,267.2,snapshot,0,2026-10-06 20:04:15
Maharashtra,Latur,Latur,Soyabean,Yellow,FAQ,2026-07-20,4729.28,5097.55,4838.89,138.2,snapshot,0,2026-10-06 20:04:15
Maharashtra,Nagpur,Nagpur,Soyabean,Yellow,FAQ,2026-07-20,4445.27,4731.44,4558.32,471.6,snapshot,0,2026-10-06 20:04:15
Maharashtra,Pune,Pune,Soyabean,Yellow,FAQ,2026-07-20,4569.29,4982.14,4733.38,441.7,snapshot,0,2026-10-06 20:04:15
Maharashtra,Ahilyanagar,Rahata,Soyabean,Yellow,FAQ,2026-07-20,4622.04,4986.77,4754.87,408.7,snapshot,0,2026-10-06 20:04:15
Maharashtra,Ahilyanagar,Sangamner,Soyabean,Yellow,FAQ,2026-07-20,4668.25,4953.79,4790.44,441.9,snapshot,0,2026-10-06 20:04:15
Maharashtra,Solapur,Solapur,Soyabean,Yellow,FAQ,2026-07-20,4453.63,4735.03,4584.42,209.0,snapshot,0,2026-10-06 20:04:15
Maharashtra,Nashik,Yeola,Soyabean,Yellow,FAQ,2026-07-20,4594.55,5013.43,4757.61,202.0,snapshot,0,2026-10-06 20:04:15
Maharashtra,Pune,Baramati,Tomato,Hybrid,FAQ,2026-07-20,1856.54,2523.6,2181.23,404.1,snapshot,0,2026-10-06 20:03:43
Maharashtra,Pune,Khed(Chakan),Tomato,Hybrid,FAQ,2026-07-20,1763.9,2328.89,2011.7,354.0,snapshot,0,2026-10-06 20:03:43
Maharashtra,Kolhapur,Kolhapur,Tomato,Hybrid,FAQ,2026-07-20,1187.38,1919.62,1477.02,49.1,snapshot,0,2026-10-06 20:03:43
Maharashtra,Nashik,Lasalgaon,Tomato,Hybrid,FAQ,2026-07-20,1687.28,2346.81,1966.06,40.9,snapshot,0,2026-10-06 20:03:43
Maharashtra,Pune,Manchar,Tomato,Hybrid,FAQ,2026-07-20,1573.1,2054.94,1755.0,184.5,snapshot,0,2026-10-06 20:03:43
Maharashtra,Mumbai,Mumbai,Tomato,Hybrid,FAQ,2026-07-20,1345.36,1897.8,1635.03,495.9,snapshot,0,2026-10-06 20:03:43
Maharashtra,Nagpur,Nagpur,Tomato,Hybrid,FAQ,2026-07-20,1098.31,1695.72,1384.59,497.4,snapshot,0,2026-10-06 20:03:43
Maharashtra,Pune,Narayangaon,Tomato,Hybrid,FAQ,2026-07-20,1542.56,2148.12,1797.58,117.6,snapshot,0,2026-10-06 20:03:43
Maharashtra,Nashik,Nashik,Tomato,Hybrid,FAQ,2026-07-20,1642.44,2253.77,1843.82,263.1,snapshot,0,2026-10-06 20:03:43
Maharashtra,Nashik,Pimpalgaon,Tomato,Hybrid,FAQ,2026-07-20,916.37,1592.61,1187.91,279.6,snapshot,0,2026-10-06 20:03:43
Maharashtra,Pune,Pune,Tomato,Hybrid,FAQ,2026-07-20,1336.02,2029.76,1603.8,305.6,snapshot,0,2026-10-06 20:03:43
Maharashtra,Ahilyanagar,Sangamner,Tomato,Hybrid,FAQ,2026-07-20,1519.76,2172.1,1828.82,102.6,snapshot,0,2026-10-06 20:03:43
Maharashtra,Ahilyanagar,Ahmednagar,Wheat,Lokwan,FAQ,2026-07-20,2563.28,2822.17,2681.63,124.4,snapshot,0,2026-10-06 20:05:18
Maharashtra,Akola,Akola,Wheat,Lokwan,FAQ,2026-07-20,2519.41,2738.05,2606.61,496.5,snapshot,0,2026-10-06 20:05:18
Maharashtra,Pune,Baramati,Wheat,Lokwan,FAQ,2026-07-20,2581.25,2859.07,2717.8,361.4,snapshot,0,2026-10-06 20:05:18
Maharashtra,Jalgaon,Jalgaon,Wheat,Lokwan,FAQ,2026-07-20,2503.45,2778.64,2627.1,116.6,snapshot,0,2026-10-06 20:05:18
Maharashtra,Kolhapur,Kolhapur,Wheat,Lokwan,FAQ,2026-07-20,2768.19,2999.78,2860.92,407.2,snapshot,0,2026-10-06 20:05:18
Maharashtra,Nashik,Lasalgaon,Wheat,Lokwan,FAQ,2026-07-20,2688.06,2979.24,2802.74,228.1,snapshot,0,2026-10-06 20:05:18
Maharashtra,Latur,Latur,Wheat,Lokwan,FAQ,2026-07-20,2769.17,3018.87,2874.42,302.9,snapshot,0,2026-10-06 20:05:18
Maharashtra,Mumbai,Mumbai,Wheat,Lokwan,FAQ,2026-07-20,2632.6,2918.57,2768.8,257.9,snapshot,0,2026-10-06 20:05:18
Maharashtra,Nagpur,Nagpur,Wheat,Lokwan,FAQ,2026-07-20,2543.0,2854.87,2651.5,346.1,snapshot,0,2026-10-06 20:05:18
Maharashtra,Nashik,Nashik,Wheat,Lokwan,FAQ,2026-07-20,2625.84,2866.52,2712.42,364.7,snapshot,0,2026-10-06 20:05:18
Maharashtra,Pune,Pune,Wheat,Lokwan,FAQ,2026-07-20,2409.57,2717.69,2559.05,227.8,snapshot,0,2026-10-06 20:05:18
Maharashtra,Ahilyanagar,Rahata,Wheat,Lokwan,FAQ,2026-07-20,2473.18,2807.24,2627.22,91.1,snapshot,0,2026-10-06 20:05:18
Maharashtra,Solapur,Solapur,Wheat,Lokwan,FAQ,2026-07-20,2637.07,2927.39,2772.27,51.4,snapshot,0,2026-10-06 20:05:18
Maharashtra,Nashik,Yeola,Wheat,Lokwan,FAQ,2026-07-20,2566.37,2833.41,2657.1,335.5,snapshot,0,2026-10-06 20:05:18
Maharashtra,Akola,Akola,Cotton,Medium Staple,FAQ,2026-07-18,7112.12,7759.02,7417.06,293.5,snapshot,0,2026-10-06 20:04:46
Maharashtra,Amravati,Amravati,Cotton,Medium Staple,FAQ,2026-07-18,7009.7,7733.06,7320.58,159.5,snapshot,0,2026-10-06 20:04:46
Maharashtra,Jalgaon,Jalgaon,Cotton,Medium Staple,FAQ,2026-07-18,6922.17,7558.6,7195.76,48.0,snapshot,0,2026-10-06 20:04:46
Maharashtra,Nagpur,Nagpur,Cotton,Medium Staple,FAQ,2026-07-18,7017.17,7541.51,7243.02,240.7,snapshot,0,2026-10-06 20:04:46
Maharashtra,Ahilyanagar,Ahmednagar,Onion,Red/Nasik,FAQ,2026-07-18,2056.86,2666.38,2373.61,180.7,snapshot,0,2026-10-06 20:03:59
Maharashtra,Pune,Baramati,Onion,Red/Nasik,FAQ,2026-07-18,1931.29,2687.43,2272.14,68.3,snapshot,0,2026-10-06 20:03:59
Maharashtra,Jalgaon,Jalgaon,Onion,Red/Nasik,FAQ,2026-07-18,1933.34,2645.79,2239.04,203.5,snapshot,0,2026-10-06 20:03:59
Maharashtra,Pune,Khed(Chakan),Onion,Red/Nasik,FAQ,2026-07-18,2005.75,2724.6,2365.03,59.6,snapshot,0,2026-10-06 20:03:59
Maharashtra,Kolhapur,Kolhapur,Onion,Red/Nasik,FAQ,2026-07-18,2130.15,2824.12,2355.12,356.7,snapshot,0,2026-10-06 20:03:59
Maharashtra,Nashik,Lasalgaon,Onion,Red/Nasik,FAQ,2026-07-18,2111.98,2824.4,2457.85,345.9,snapshot,0,2026-10-06 20:03:59
Maharashtra,Pune,Manchar,Onion,Red/Nasik,FAQ,2026-07-18,1937.84,2502.84,2202.08,392.0,snapshot,0,2026-10-06 20:03:59
Maharashtra,Mumbai,Mumbai,Onion,Red/Nasik,FAQ,2026-07-18,1889.05,2464.41,2153.27,263.6,snapshot,0,2026-10-06 20:03:59
Maharashtra,Pune,Narayangaon,Onion,Red/Nasik,FAQ,2026-07-18,1942.07,2581.53,2166.13,68.4,snapshot,0,2026-10-06 20:03:59
Maharashtra,Nashik,Nashik,Onion,Red/Nasik,FAQ,2026-07-18,2038.8,2751.97,2399.03,297.3,snapshot,0,2026-10-06 20:03:59
Maharashtra,Nashik,Pimpalgaon,Onion,Red/Nasik,FAQ,2026-07-18,2145.14,2863.87,2420.84,406.4,snapshot,0,2026-10-06 20:03:59
Maharashtra,Pune,Pune,Onion,Red/Nasik,FAQ,2026-07-18,1847.48,2578.51,2231.52,335.1,snapshot,0,2026-10-06 20:03:59
Maharashtra,Ahilyanagar,Rahata,Onion,Red/Nasik,FAQ,2026-07-18,1993.41,2678.3,2287.71,193.2,snapshot,0,2026-10-06 20:03:59
Maharashtra,Ahilyanagar,Sangamner,Onion,Red/Nasik,FAQ,2026-07-18,1589.26,2387.33,1969.57,476.6,snapshot,0,2026-10-06 20:03:59
Maharashtra,Solapur,Solapur,Onion,Red/Nasik,FAQ,2026-07-18,2062.07,2741.19,2445.13,188.7,snapshot,0,2026-10-06 20:03:59
Maharashtra,Nashik,Yeola,Onion,Red/Nasik,FAQ,2026-07-18,2013.18,2629.69,2339.19,154.2,snapshot,0,2026-10-06 20:03:59
Maharashtra,Pune,Khed(Chakan),Potato,Jyoti,FAQ,2026-07-18,1858.25,2374.46,2048.26,126.5,snapshot,0,2026-10-06 20:05:02
Maharashtra,Kolhapur,Kolhapur,Potato,Jyoti,FAQ,2026-07-18,1619.58,2125.0,1833.22,164.0,snapshot,0,2026-10-06 20:05:02
Maharashtra,Pune,Manchar,Potato,Jyoti,FAQ,2026-07-18,1703.56,2196.0,1867.76,409.8,snapshot,0,2026-10-06 20:05:02
Maharashtra,Mumbai,Mumbai,Potato,Jyoti,FAQ,2026-07-18,1736.99,2274.61,1948.39,136.1,snapshot,0,2026-10-06 20:05:02
Maharashtra,Pune,Narayangaon,Potato,Jyoti,FAQ,2026-07-18,1641.56,2137.32,1870.32,89.0,snapshot,0,2026-10-06 20:05:02
Maharashtra,Nashik,Nashik,Potato,Jyoti,FAQ,2026-07-18,1809.16,2402.53,2050.84,426.6,snapshot,0,2026-10-06 20:05:02
Maharashtra,Nashik,Pimpalgaon,Potato,Jyoti,FAQ,2026-07-18,1545.75,2142.27,1758.63,350.3,snapshot,0,2026-10-06 20:05:02
Maharashtra,Pune,Pune,Potato,Jyoti,FAQ,2026-07-18,1742.82,2126.11,1889.25,298.9,snapshot,0,2026-10-06 20:05:02
Maharashtra,Ahilyanagar,Ahmednagar,Red gram/Arhar/Tur(whole),White/Desi,FAQ,2026-07-18,9895.78,10925.89,10216.75,264.1,snapshot,0,2026-10-06 20:04:30
Maharashtra,Akola,Akola,Red gram/Arhar/Tur(whole),White/Desi,FAQ,2026-07-18,9887.28,10931.72,10187.11,373.7,snapshot,0,2026-10-06 20:04:30
Maharashtra,Amravati,Amravati,Red gram/Arhar/Tur(whole),White/Desi,FAQ,2026-07-18,10286.55,11230.25,10627.68,380.2,snapshot,0,2026-10-06 20:04:30
Maharashtra,Latur,Latur,Red gram/Arhar/Tur(whole),White/Desi,FAQ,2026-07-18,10336.06,11342.53,10831.77,152.4,snapshot,0,2026-10-06 20:04:30
Maharashtra,Solapur,Solapur,Red gram/Arhar/Tur(whole),White/Desi,FAQ,2026-07-18,10105.93,10962.87,10446.31,164.8,snapshot,0,2026-10-06 20:04:30
Maharashtra,Ahilyanagar,Ahmednagar,Soyabean,Yellow,FAQ,2026-07-18,4591.06,4965.35,4723.37,486.9,snapshot,0,2026-10-06 20:04:15
Maharashtra,Akola,Akola,Soyabean,Yellow,FAQ,2026-07-18,4814.74,5073.77,4923.02,375.3,snapshot,0,2026-10-06 20:04:14
Maharashtra,Amravati,Amravati,Soyabean,Yellow,FAQ,2026-07-18,4448.2,4857.38,4606.58,447.0,snapshot,0,2026-10-06 20:04:15
Maharashtra,Pune,Baramati,Soyabean,Yellow,FAQ,2026-07-18,4613.24,4888.13,4747.39,355.5,snapshot,0,2026-10-06 20:04:15
Maharashtra,Jalgaon,Jalgaon,Soyabean,Yellow,FAQ,2026-07-18,4666.31,4994.45,4835.98,423.7,snapshot,0,2026-10-06 20:04:15
Maharashtra,Latur,Latur,Soyabean,Yellow,FAQ,2026-07-18,4699.8,5039.14,4862.4,316.1,snapshot,0,2026-10-06 20:04:15
Maharashtra,Nagpur,Nagpur,Soyabean,Yellow,FAQ,2026-07-18,4363.84,4774.39,4524.9,62.8,snapshot,0,2026-10-06 20:04:15
Maharashtra,Pune,Pune,Soyabean,Yellow,FAQ,2026-07-18,4562.59,4902.74,4728.64,372.9,snapshot,0,2026-10-06 20:04:15
Maharashtra,Ahilyanagar,Rahata,Soyabean,Yellow,FAQ,2026-07-18,4643.93,5034.1,4778.91,486.3,snapshot,0,2026-10-06 20:04:15
Maharashtra,Ahilyanagar,Sangamner,Soyabean,Yellow,FAQ,2026-07-18,4585.27,4920.08,4755.37,139.8,snapshot,0,2026-10-06 20:04:15
Maharashtra,Solapur,Solapur,Soyabean,Yellow,FAQ,2026-07-18,4422.64,4824.79,4598.92,381.6,snapshot,0,2026-10-06 20:04:15
Maharashtra,Nashik,Yeola,Soyabean,Yellow,FAQ,2026-07-18,4592.21,4925.25,4750.03,420.3,snapshot,0,2026-10-06 20:04:15
Maharashtra,Pune,Baramati,Tomato,Hybrid,FAQ,2026-07-18,1898.97,2435.69,2125.26,407.8,snapshot,0,2026-10-06 20:03:43
Maharashtra,Pune,Khed(Chakan),Tomato,Hybrid,FAQ,2026-07-18,1636.47,2228.5,1862.13,300.4,snapshot,0,2026-10-06 20:03:43
Maharashtra,Kolhapur,Kolhapur,Tomato,Hybrid,FAQ,2026-07-18,1408.4,1938.04,1592.9,365.8,snapshot,0,2026-10-06 20:03:43
Maharashtra,Nashik,Lasalgaon,Tomato,Hybrid,FAQ,2026-07-18,1736.92,2351.79,1980.89,47.3,snapshot,0,2026-10-06 20:03:43
Maharashtra,Pune,Manchar,Tomato,Hybrid,FAQ,2026-07-18,1448.02,2029.8,1761.08,229.2,snapshot,0,2026-10-06 20:03:43
Maharashtra,Mumbai,Mumbai,Tomato,Hybrid,FAQ,2026-07-18,1454.05,2014.92,1659.07,127.2,snapshot,0,2026-10-06 20:03:43
Maharashtra,Nagpur,Nagpur,Tomato,Hybrid,FAQ,2026-07-18,1273.87,1870.56,1524.43,223.9,snapshot,0,2026-10-06 20:03:43
Maharashtra,Pune,Narayangaon,Tomato,Hybrid,FAQ,2026-07-18,1420.26,1949.18,1677.89,179.3,snapshot,0,2026-10-06 20:03:43
Maharashtra,Nashik,Nashik,Tomato,Hybrid,FAQ,2026-07-18,1797.6,2379.59,1979.1,465.4,snapshot,0,2026-10-06 20:03:43
Maharashtra,Nashik,Pimpalgaon,Tomato,Hybrid,FAQ,2026-07-18,984.19,1584.1,1270.08,167.9,snapshot,0,2026-10-06 20:03:43
Maharashtra,Pune,Pune,Tomato,Hybrid,FAQ,2026-07-18,1416.48,2009.19,1648.26,421.5,snapshot,0,2026-10-06 20:03:43
Maharashtra,Ahilyanagar,Sangamner,Tomato,Hybrid,FAQ,2026-07-18,1663.65,2317.32,1883.12,487.1,snapshot,0,2026-10-06 20:03:43
Maharashtra,Ahilyanagar,Ahmednagar,Wheat,Lokwan,FAQ,2026-07-18,2554.71,2887.25,2671.09,173.1,snapshot,0,2026-10-06 20:05:18
Maharashtra,Akola,Akola,Wheat,Lokwan,FAQ,2026-07-18,2495.66,2766.52,2630.35,295.8,snapshot,0,2026-10-06 20:05:18
Maharashtra,Pune,Baramati,Wheat,Lokwan,FAQ,2026-07-18,2602.31,2877.93,2723.99,262.2,snapshot,0,2026-10-06 20:05:18
Maharashtra,Jalgaon,Jalgaon,Wheat,Lokwan,FAQ,2026-07-18,2534.86,2856.15,2660.99,148.7,snapshot,0,2026-10-06 20:05:18
Maharashtra,Kolhapur,Kolhapur,Wheat,Lokwan,FAQ,2026-07-18,2737.99,3073.2,2863.16,499.7,snapshot,0,2026-10-06 20:05:18
Maharashtra,Nashik,Lasalgaon,Wheat,Lokwan,FAQ,2026-07-18,2668.99,2971.29,2795.04,325.7,snapshot,0,2026-10-06 20:05:18
Maharashtra,Latur,Latur,Wheat,Lokwan,FAQ,2026-07-18,2773.92,3063.88,2862.64,324.8,snapshot,0,2026-10-06 20:05:18
Maharashtra,Mumbai,Mumbai,Wheat,Lokwan,FAQ,2026-07-18,2656.6,2913.37,2770.87,101.4,snapshot,0,2026-10-06 20:05:18
Maharashtra,Nagpur,Nagpur,Wheat,Lokwan,FAQ,2026-07-18,2547.98,2850.44,2657.75,66.3,snapshot,0,2026-10-06 20:05:18
Maharashtra,Nashik,Nashik,Wheat,Lokwan,FAQ,2026-07-18,2661.43,2891.31,2749.26,145.7,snapshot,0,2026-10-06 20:05:18
Maharashtra,Pune,Pune,Wheat,Lokwan,FAQ,2026-07-18,2474.75,2707.52,2574.69,419.0,snapshot,0,2026-10-06 20:05:18
Maharashtra,Ahilyanagar,Rahata,Wheat,Lokwan,FAQ,2026-07-18,2490.14,2850.46,2617.57,406.5,snapshot,0,2026-10-06 20:05:18
Maharashtra,Solapur,Solapur,Wheat,Lokwan,FAQ,2026-07-18,2621.24,2950.34,2717.19,107.1,snapshot,0,2026-10-06 20:05:18
Maharashtra,Nashik,Yeola,Wheat,Lokwan,FAQ,2026-07-18,2543.32,2800.5,2632.57,252.6,snapshot,0,2026-10-06 20:05:18
Maharashtra,Akola,Akola,Cotton,Medium Staple,FAQ,2026-07-17,7035.37,7700.72,7323.32,291.5,snapshot,0,2026-10-06 20:04:46
Maharashtra,Amravati,Amravati,Cotton,Medium Staple,FAQ,2026-07-17,7035.61,7713.61,7265.02,168.5,snapshot,0,2026-10-06 20:04:46
Maharashtra,Jalgaon,Jalgaon,Cotton,Medium Staple,FAQ,2026-07-17,6852.81,7562.84,7127.19,339.1,snapshot,0,2026-10-06 20:04:46
Maharashtra,Nagpur,Nagpur,Cotton,Medium Staple,FAQ,2026-07-17,6940.08,7582.33,7182.61,270.1,snapshot,0,2026-10-06 20:04:46
Maharashtra,Ahilyanagar,Ahmednagar,Onion,Red/Nasik,FAQ,2026-07-17,2075.65,2809.49,2337.54,47.2,snapshot,0,2026-10-06 20:03:59
Maharashtra,Pune,Baramati,Onion,Red/Nasik,FAQ,2026-07-17,1843.2,2546.29,2196.88,56.3,snapshot,0,2026-10-06 20:03:59
Maharashtra,Jalgaon,Jalgaon,Onion,Red/Nasik,FAQ,2026-07-17,2028.6,2719.08,2270.1,51.4,snapshot,0,2026-10-06 20:03:59
Maharashtra,Pune,Khed(Chakan),Onion,Red/Nasik,FAQ,2026-07-17,2064.35,2782.55,2285.95,244.0,snapshot,0,2026-10-06 20:03:59
Maharashtra,Kolhapur,Kolhapur,Onion,Red/Nasik,FAQ,2026-07-17,2031.38,2737.52,2329.28,142.2,snapshot,0,2026-10-06 20:03:59
Maharashtra,Nashik,Lasalgaon,Onion,Red/Nasik,FAQ,2026-07-17,2064.71,2782.28,2420.36,272.3,snapshot,0,2026-10-06 20:03:59
Maharashtra,Pune,Manchar,Onion,Red/Nasik,FAQ,2026-07-17,1789.1,2422.68,2125.26,466.9,snapshot,0,2026-10-06 20:03:59
Maharashtra,Mumbai,Mumbai,Onion,Red/Nasik,FAQ,2026-07-17,1932.61,2722.29,2208.0,103.4,snapshot,0,2026-10-06 20:03:59
Maharashtra,Pune,Narayangaon,Onion,Red/Nasik,FAQ,2026-07-17,1890.78,2726.18,2236.63,77.7,snapshot,0,2026-10-06 20:03:59
Maharashtra,Nashik,Nashik,Onion,Red/Nasik,FAQ,2026-07-17,2065.21,2680.31,2308.69,294.8,snapshot,0,2026-10-06 20:03:59
Maharashtra,Nashik,Pimpalgaon,Onion,Red/Nasik,FAQ,2026-07-17,2157.08,2786.76,2378.22,429.7,snapshot,0,2026-10-06 20:03:59
Maharashtra,Pune,Pune,Onion,Red/Nasik,FAQ,2026-07-17,2030.3,2566.95,2281.27,128.8,snapshot,0,2026-10-06 20:03:59
Maharashtra,Ahilyanagar,Rahata,Onion,Red/Nasik,FAQ,2026-07-17,1899.89,2760.73,2263.51,245.1,snapshot,0,2026-10-06 20:03:59
Maharashtra,Ahilyanagar,Sangamner,Onion,Red/Nasik,FAQ,2026-07-17,1693.46,2371.94,1936.08,267.7,snapshot,0,2026-10-06 20:03:59
Maharashtra,Solapur,Solapur,Onion,Red/Nasik,FAQ,2026-07-17,2146.2,2941.47,2434.11,113.5,snapshot,0,2026-10-06 20:03:59
Maharashtra,Nashik,Yeola,Onion,Red/Nasik,FAQ,2026-07-17,1983.94,2673.22,2302.53,49.5,snapshot,0,2026-10-06 20:03:59
Maharashtra,Pune,Khed(Chakan),Potato,Jyoti,FAQ,2026-07-17,1880.23,2421.72,2036.36,243.8,snapshot,0,2026-10-06 20:05:02
Maharashtra,Kolhapur,Kolhapur,Potato,Jyoti,FAQ,2026-07-17,1681.49,2063.19,1821.92,272.6,snapshot,0,2026-10-06 20:05:02
Maharashtra,Pune,Manchar,Potato,Jyoti,FAQ,2026-07-17,1677.98,2269.91,1889.68,417.3,snapshot,0,2026-10-06 20:05:02
Maharashtra,Mumbai,Mumbai,Potato,Jyoti,FAQ,2026-07-17,1800.72,2256.29,1972.2,72.6,snapshot,0,2026-10-06 20:05:02
Maharashtra,Pune,Narayangaon,Potato,Jyoti,FAQ,2026-07-17,1653.01,2103.35,1878.58,110.9,snapshot,0,2026-10-06 20:05:02
Maharashtra,Nashik,Nashik,Potato,Jyoti,FAQ,2026-07-17,1914.62,2416.03,2095.36,207.1,snapshot,0,2026-10-06 20:05:02
Maharashtra,Nashik,Pimpalgaon,Potato,Jyoti,FAQ,2026-07-17,1541.02,2153.33,1795.12,445.0,snapshot,0,2026-10-06 20:05:02
Maharashtra,Pune,Pune,Potato,Jyoti,FAQ,2026-07-17,1646.02,2201.33,1843.35,224.3,snapshot,0,2026-10-06 20:05:02
Maharashtra,Ahilyanagar,Ahmednagar,Red gram/Arhar/Tur(whole),White/Desi,FAQ,2026-07-17,9786.98,10684.41,10106.87,487.1,snapshot,0,2026-10-06 20:04:30
Maharashtra,Akola,Akola,Red gram/Arhar/Tur(whole),White/Desi,FAQ,2026-07-17,9712.47,10586.84,10115.99,258.1,snapshot,0,2026-10-06 20:04:30
Maharashtra,Amravati,Amravati,Red gram/Arhar/Tur(whole),White/Desi,FAQ,2026-07-17,10212.13,11300.22,10632.51,217.2,snapshot,0,2026-10-06 20:04:30
Maharashtra,Latur,Latur,Red gram/Arhar/Tur(whole),White/Desi,FAQ,2026-07-17,10448.15,11367.94,10802.6,69.0,snapshot,0,2026-10-06 20:04:30
Maharashtra,Solapur,Solapur,Red gram/Arhar/Tur(whole),White/Desi,FAQ,2026-07-17,10274.2,11172.32,10576.04,197.5,snapshot,0,2026-10-06 20:04:30
Maharashtra,Ahilyanagar,Ahmednagar,Soyabean,Yellow,FAQ,2026-07-17,4641.01,4894.04,4749.77,273.5,snapshot,0,2026-10-06 20:04:15
Maharashtra,Akola,Akola,Soyabean,Yellow,FAQ,2026-07-17,4761.08,5082.13,4909.22,246.7,snapshot,0,2026-10-06 20:04:14
Maharashtra,Amravati,Amravati,Soyabean,Yellow,FAQ,2026-07-17,4512.89,4865.57,4645.72,240.2,snapshot,0,2026-10-06 20:04:15
Maharashtra,Pune,Baramati,Soyabean,Yellow,FAQ,2026-07-17,4645.6,4942.51,4768.71,403.5,snapshot,0,2026-10-06 20:04:15
Maharashtra,Jalgaon,Jalgaon,Soyabean,Yellow,FAQ,2026-07-17,4661.51,4959.1,4801.11,326.9,snapshot,0,2026-10-06 20:04:15
Maharashtra,Latur,Latur,Soyabean,Yellow,FAQ,2026-07-17,4639.35,4983.55,4793.54,270.8,snapshot,0,2026-10-06 20:04:15
Maharashtra,Nagpur,Nagpur,Soyabean,Yellow,FAQ,2026-07-17,4479.69,4814.17,4590.31,88.3,snapshot,0,2026-10-06 20:04:15
Maharashtra,Pune,Pune,Soyabean,Yellow,FAQ,2026-07-17,4555.21,4948.73,4714.02,337.8,snapshot,0,2026-10-06 20:04:15
Maharashtra,Ahilyanagar,Rahata,Soyabean,Yellow,FAQ,2026-07-17,4591.89,4945.57,4781.75,487.3,snapshot,0,2026-10-06 20:04:15
Maharashtra,Ahilyanagar,Sangamner,Soyabean,Yellow,FAQ,2026-07-17,4630.75,4962.31,4775.7,207.2,snapshot,0,2026-10-06 20:04:15
Maharashtra,Solapur,Solapur,Soyabean,Yellow,FAQ,2026-07-17,4542.63,4859.19,4651.6,434.2,snapshot,0,2026-10-06 20:04:15
Maharashtra,Nashik,Yeola,Soyabean,Yellow,FAQ,2026-07-17,4541.46,4851.11,4703.4,116.9,snapshot,0,2026-10-06 20:04:15
Maharashtra,Pune,Baramati,Tomato,Hybrid,FAQ,2026-07-17,1806.39,2486.36,2088.67,147.1,snapshot,0,2026-10-06 20:03:43
Maharashtra,Pune,Khed(Chakan),Tomato,Hybrid,FAQ,2026-07-17,1672.42,2215.32,1880.09,137.5,snapshot,0,2026-10-06 20:03:43
Maharashtra,Kolhapur,Kolhapur,Tomato,Hybrid,FAQ,2026-07-17,1269.69,1908.67,1590.31,125.9,snapshot,0,2026-10-06 20:03:43
Maharashtra,Nashik,Lasalgaon,Tomato,Hybrid,FAQ,2026-07-17,1623.85,2251.82,1911.75,153.1,snapshot,0,2026-10-06 20:03:43
Maharashtra,Pune,Manchar,Tomato,Hybrid,FAQ,2026-07-17,1536.82,2104.88,1716.14,425.7,snapshot,0,2026-10-06 20:03:43
Maharashtra,Mumbai,Mumbai,Tomato,Hybrid,FAQ,2026-07-17,1317.84,2049.54,1634.97,451.8,snapshot,0,2026-10-06 20:03:43
Maharashtra,Nagpur,Nagpur,Tomato,Hybrid,FAQ,2026-07-17,1350.71,1987.18,1571.41,360.3,snapshot,0,2026-10-06 20:03:43
Maharashtra,Pune,Narayangaon,Tomato,Hybrid,FAQ,2026-07-17,1355.78,2104.85,1671.92,429.1,snapshot,0,2026-10-06 20:03:43
Maharashtra,Nashik,Nashik,Tomato,Hybrid,FAQ,2026-07-17,1722.03,2276.07,1939.79,193.8,snapshot,0,2026-10-06 20:03:43
Maharashtra,Nashik,Pimpalgaon,Tomato,Hybrid,FAQ,2026-07-17,1199.34,1657.96,1405.0,464.8,snapshot,0,2026-10-06 20:03:43
Maharashtra,Pune,Pune,Tomato,Hybrid,FAQ,2026-07-17,1599.03,2279.09,1864.59,375.7,snapshot,0,2026-10-06 20:03:43
Maharashtra,Ahilyanagar,Sangamner,Tomato,Hybrid,FAQ,2026-07-17,1422.95,2114.64,1689.4,168.1,snapshot,0,2026-10-06 20:03:43
Maharashtra,Ahilyanagar,Ahmednagar,Wheat,Lokwan,FAQ,2026-07-17,2606.86,2899.9,2694.12,203.3,snapshot,0,2026-10-06 20:05:18
Maharashtra,Akola,Akola,Wheat,Lokwan,FAQ,2026-07-17,2512.24,2798.41,2638.61,384.8,snapshot,0,2026-10-06 20:05:18
Maharashtra,Pune,Baramati,Wheat,Lokwan,FAQ,2026-07-17,2627.17,2872.03,2743.57,136.1,snapshot,0,2026-10-06 20:05:18
Maharashtra,Jalgaon,Jalgaon,Wheat,Lokwan,FAQ,2026-07-17,2500.76,2877.41,2648.23,377.1,snapshot,0,2026-10-06 20:05:18
Maharashtra,Kolhapur,Kolhapur,Wheat,Lokwan,FAQ,2026-07-17,2721.75,2986.63,2834.79,91.2,snapshot,0,2026-10-06 20:05:18
Maharashtra,Nashik,Lasalgaon,Wheat,Lokwan,FAQ,2026-07-17,2694.69,2958.84,2818.33,78.7,snapshot,0,2026-10-06 20:05:18
Maharashtra,Latur,Latur,Wheat,Lokwan,FAQ,2026-07-17,2728.11,3050.17,2867.11,69.5,snapshot,0,2026-10-06 20:05:18
Maharashtra,Mumbai,Mumbai,Wheat,Lokwan,FAQ,2026-07-17,2666.16,2934.37,2774.63,326.5,snapshot,0,2026-10-06 20:05:18
Maharashtra,Nagpur,Nagpur,Wheat,Lokwan,FAQ,2026-07-17,2577.63,2822.89,2678.51,311.2,snapshot,0,2026-10-06 20:05:18
Maharashtra,Nashik,Nashik,Wheat,Lokwan,FAQ,2026-07-17,2635.58,2916.9,2774.56,432.4,snapshot,0,2026-10-06 20:05:18
Maharashtra,Pune,Pune,Wheat,Lokwan,FAQ,2026-07-17,2522.48,2752.02,2623.32,446.7,snapshot,0,2026-10-06 20:05:18
Maharashtra,Ahilyanagar,Rahata,Wheat,Lokwan,FAQ,2026-07-17,2526.24,2853.93,2631.33,135.2,snapshot,0,2026-10-06 20:05:18
Maharashtra,Solapur,Solapur,Wheat,Lokwan,FAQ,2026-07-17,2547.73,2872.05,2694.27,202.1,snapshot,0,2026-10-06 20:05:18
Maharashtra,Nashik,Yeola,Wheat,Lokwan,FAQ,2026-07-17,2529.96,2832.66,2614.53,173.7,snapshot,0,2026-10-06 20:05:18
Maharashtra,Akola,Akola,Cotton,Medium Staple,FAQ,2026-07-16,7237.6,7730.95,7431.62,287.6,snapshot,0,2026-10-06 20:04:46
Maharashtra,Amravati,Amravati,Cotton,Medium Staple,FAQ,2026-07-16,6953.56,7572.42,7268.44,112.0,snapshot,0,2026-10-06 20:04:46
Maharashtra,Jalgaon,Jalgaon,Cotton,Medium Staple,FAQ,2026-07-16,6984.53,7566.16,7193.75,189.9,snapshot,0,2026-10-06 20:04:46
Maharashtra,Nagpur,Nagpur,Cotton,Medium Staple,FAQ,2026-07-16,6961.61,7548.2,7165.39,188.0,snapshot,0,2026-10-06 20:04:46
Maharashtra,Ahilyanagar,Ahmednagar,Onion,Red/Nasik,FAQ,2026-07-16,1907.64,2669.36,2229.92,179.7,snapshot,0,2026-10-06 20:03:59
Maharashtra,Pune,Baramati,Onion,Red/Nasik,FAQ,2026-07-16,1857.76,2580.89,2199.85,481.9,snapshot,0,2026-10-06 20:03:59
Maharashtra,Jalgaon,Jalgaon,Onion,Red/Nasik,FAQ,2026-07-16,1963.02,2574.68,2222.62,408.5,snapshot,0,2026-10-06 20:03:59
Maharashtra,Pune,Khed(Chakan),Onion,Red/Nasik,FAQ,2026-07-16,2079.8,2811.45,2336.39,50.0,snapshot,0,2026-10-06 20:03:59
Maharashtra,Kolhapur,Kolhapur,Onion,Red/Nasik,FAQ,2026-07-16,1914.63,2615.62,2286.86,193.4,snapshot,0,2026-10-06 20:03:59
Maharashtra,Nashik,Lasalgaon,Onion,Red/Nasik,FAQ,2026-07-16,2185.84,2935.24,2470.67,152.8,snapshot,0,2026-10-06 20:03:59
Maharashtra,Pune,Manchar,Onion,Red/Nasik,FAQ,2026-07-16,1812.18,2594.91,2133.48,309.4,snapshot,0,2026-10-06 20:03:59
Maharashtra,Mumbai,Mumbai,Onion,Red/Nasik,FAQ,2026-07-16,1842.65,2597.5,2179.21,464.5,snapshot,0,2026-10-06 20:03:59
Maharashtra,Pune,Narayangaon,Onion,Red/Nasik,FAQ,2026-07-16,1891.84,2553.8,2221.38,153.8,snapshot,0,2026-10-06 20:03:59
Maharashtra,Nashik,Nashik,Onion,Red/Nasik,FAQ,2026-07-16,1936.47,2735.57,2274.31,103.0,snapshot,0,2026-10-06 20:03:59
Maharashtra,Nashik,Pimpalgaon,Onion,Red/Nasik,FAQ,2026-07-16,1921.28,2721.47,2303.01,40.8,snapshot,0,2026-10-06 20:03:59
Maharashtra,Pune,Pune,Onion,Red/Nasik,FAQ,2026-07-16,1895.64,2541.74,2188.49,405.9,snapshot,0,2026-10-06 20:03:59
Maharashtra,Ahilyanagar,Rahata,Onion,Red/Nasik,FAQ,2026-07-16,1931.27,2733.47,2282.73,184.4,snapshot,0,2026-10-06 20:03:59
Maharashtra,Ahilyanagar,Sangamner,Onion,Red/Nasik,FAQ,2026-07-16,1638.76,2419.15,1957.03,122.5,snapshot,0,2026-10-06 20:03:59
Maharashtra,Solapur,Solapur,Onion,Red/Nasik,FAQ,2026-07-16,2208.11,2855.87,2459.1,372.9,snapshot,0,2026-10-06 20:03:59
Maharashtra,Nashik,Yeola,Onion,Red/Nasik,FAQ,2026-07-16,2004.95,2764.19,2309.77,411.7,snapshot,0,2026-10-06 20:03:59
Maharashtra,Pune,Khed(Chakan),Potato,Jyoti,FAQ,2026-07-16,1771.6,2222.82,1995.14,439.7,snapshot,0,2026-10-06 20:05:02
Maharashtra,Kolhapur,Kolhapur,Potato,Jyoti,FAQ,2026-07-16,1651.54,2217.58,1894.77,358.3,snapshot,0,2026-10-06 20:05:02
Maharashtra,Pune,Manchar,Potato,Jyoti,FAQ,2026-07-16,1603.23,2120.69,1816.91,367.3,snapshot,0,2026-10-06 20:05:02
Maharashtra,Mumbai,Mumbai,Potato,Jyoti,FAQ,2026-07-16,1678.22,2198.01,1915.37,479.4,snapshot,0,2026-10-06 20:05:02
Maharashtra,Pune,Narayangaon,Potato,Jyoti,FAQ,2026-07-16,1773.51,2245.14,1923.79,407.1,snapshot,0,2026-10-06 20:05:02
Maharashtra,Nashik,Nashik,Potato,Jyoti,FAQ,2026-07-16,1889.68,2370.5,2070.0,391.9,snapshot,0,2026-10-06 20:05:02
Maharashtra,Nashik,Pimpalgaon,Potato,Jyoti,FAQ,2026-07-16,1609.78,2093.7,1839.74,379.9,snapshot,0,2026-10-06 20:05:02
Maharashtra,Pune,Pune,Potato,Jyoti,FAQ,2026-07-16,1671.71,2053.08,1833.83,472.9,snapshot,0,2026-10-06 20:05:02
Maharashtra,Ahilyanagar,Ahmednagar,Red gram/Arhar/Tur(whole),White/Desi,FAQ,2026-07-16,9713.43,10653.43,10175.08,384.1,snapshot,0,2026-10-06 20:04:30
Maharashtra,Akola,Akola,Red gram/Arhar/Tur(whole),White/Desi,FAQ,2026-07-16,9740.97,10962.18,10196.82,404.8,snapshot,0,2026-10-06 20:04:30
Maharashtra,Amravati,Amravati,Red gram/Arhar/Tur(whole),White/Desi,FAQ,2026-07-16,10349.07,11301.97,10666.4,409.2,snapshot,0,2026-10-06 20:04:30
Maharashtra,Latur,Latur,Red gram/Arhar/Tur(whole),White/Desi,FAQ,2026-07-16,10458.94,11492.98,10762.66,277.6,snapshot,0,2026-10-06 20:04:30
Maharashtra,Solapur,Solapur,Red gram/Arhar/Tur(whole),White/Desi,FAQ,2026-07-16,10200.63,11265.91,10639.27,255.9,snapshot,0,2026-10-06 20:04:30
Maharashtra,Ahilyanagar,Ahmednagar,Soyabean,Yellow,FAQ,2026-07-16,4607.91,5016.13,4762.54,164.4,snapshot,0,2026-10-06 20:04:15
Maharashtra,Akola,Akola,Soyabean,Yellow,FAQ,2026-07-16,4738.28,5081.04,4871.59,101.1,snapshot,0,2026-10-06 20:04:15
Maharashtra,Amravati,Amravati,Soyabean,Yellow,FAQ,2026-07-16,4501.45,4851.68,4644.33,222.0,snapshot,0,2026-10-06 20:04:15
Maharashtra,Pune,Baramati,Soyabean,Yellow,FAQ,2026-07-16,4598.43,4970.37,4753.87,45.2,snapshot,0,2026-10-06 20:04:15
Maharashtra,Jalgaon,Jalgaon,Soyabean,Yellow,FAQ,2026-07-16,4591.89,4983.88,4784.49,284.8,snapshot,0,2026-10-06 20:04:15
Maharashtra,Latur,Latur,Soyabean,Yellow,FAQ,2026-07-16,4570.21,4920.27,4747.43,414.6,snapshot,0,2026-10-06 20:04:15
Maharashtra,Nagpur,Nagpur,Soyabean,Yellow,FAQ,2026-07-16,4529.64,4927.78,4669.29,133.2,snapshot,0,2026-10-06 20:04:15
Maharashtra,Pune,Pune,Soyabean,Yellow,FAQ,2026-07-16,4551.18,4870.69,4681.64,195.6,snapshot,0,2026-10-06 20:04:15
Maharashtra,Ahilyanagar,Rahata,Soyabean,Yellow,FAQ,2026-07-16,4587.99,5022.39,4776.0,484.0,snapshot,0,2026-10-06 20:04:15
Maharashtra,Ahilyanagar,Sangamner,Soyabean,Yellow,FAQ,2026-07-16,4554.53,4887.56,4697.43,377.4,snapshot,0,2026-10-06 20:04:15
Maharashtra,Solapur,Solapur,Soyabean,Yellow,FAQ,2026-07-16,4485.05,4889.36,4652.12,498.1,snapshot,0,2026-10-06 20:04:15
Maharashtra,Nashik,Yeola,Soyabean,Yellow,FAQ,2026-07-16,4600.11,4951.81,4743.75,212.0,snapshot,0,2026-10-06 20:04:15
Maharashtra,Pune,Baramati,Tomato,Hybrid,FAQ,2026-07-16,1872.68,2342.05,2075.57,163.8,snapshot,0,2026-10-06 20:03:43
Maharashtra,Pune,Khed(Chakan),Tomato,Hybrid,FAQ,2026-07-16,1619.78,2106.81,1848.51,285.8,snapshot,0,2026-10-06 20:03:43
Maharashtra,Kolhapur,Kolhapur,Tomato,Hybrid,FAQ,2026-07-16,1272.75,1821.14,1462.62,273.7,snapshot,0,2026-10-06 20:03:43
Maharashtra,Nashik,Lasalgaon,Tomato,Hybrid,FAQ,2026-07-16,1657.7,2251.97,1935.02,160.2,snapshot,0,2026-10-06 20:03:43
Maharashtra,Pune,Manchar,Tomato,Hybrid,FAQ,2026-07-16,1630.65,2157.59,1832.84,205.0,snapshot,0,2026-10-06 20:03:43
Maharashtra,Mumbai,Mumbai,Tomato,Hybrid,FAQ,2026-07-16,1383.33,1950.68,1595.39,62.5,snapshot,0,2026-10-06 20:03:43
Maharashtra,Nagpur,Nagpur,Tomato,Hybrid,FAQ,2026-07-16,1340.71,1874.42,1586.32,230.8,snapshot,0,2026-10-06 20:03:43
Maharashtra,Pune,Narayangaon,Tomato,Hybrid,FAQ,2026-07-16,1400.36,2017.72,1623.76,199.2,snapshot,0,2026-10-06 20:03:43
Maharashtra,Nashik,Nashik,Tomato,Hybrid,FAQ,2026-07-16,1662.7,2192.27,1938.22,336.6,snapshot,0,2026-10-06 20:03:43
Maharashtra,Nashik,Pimpalgaon,Tomato,Hybrid,FAQ,2026-07-16,1170.11,1708.58,1401.29,109.8,snapshot,0,2026-10-06 20:03:43
Maharashtra,Pune,Pune,Tomato,Hybrid,FAQ,2026-07-16,1703.03,2157.25,1891.94,429.8,snapshot,0,2026-10-06 20:03:43
Maharashtra,Ahilyanagar,Sangamner,Tomato,Hybrid,FAQ,2026-07-16,1506.05,2070.65,1793.72,473.4,snapshot,0,2026-10-06 20:03:43
Maharashtra,Ahilyanagar,Ahmednagar,Wheat,Lokwan,FAQ,2026-07-16,2599.98,2919.17,2726.57,497.3,snapshot,0,2026-10-06 20:05:18
Maharashtra,Akola,Akola,Wheat,Lokwan,FAQ,2026-07-16,2526.05,2822.22,2636.79,77.5,snapshot,0,2026-10-06 20:05:18
Maharashtra,Pune,Baramati,Wheat,Lokwan,FAQ,2026-07-16,2697.72,2983.64,2782.71,91.2,snapshot,0,2026-10-06 20:05:18
Maharashtra,Jalgaon,Jalgaon,Wheat,Lokwan,FAQ,2026-07-16,2491.25,2808.46,2616.06,380.9,snapshot,0,2026-10-06 20:05:18
Maharashtra,Kolhapur,Kolhapur,Wheat,Lokwan,FAQ,2026-07-16,2731.09,2990.49,2832.99,368.6,snapshot,0,2026-10-06 20:05:18
Maharashtra,Nashik,Lasalgaon,Wheat,Lokwan,FAQ,2026-07-16,2642.91,2995.08,2768.05,212.1,snapshot,0,2026-10-06 20:05:18
Maharashtra,Latur,Latur,Wheat,Lokwan,FAQ,2026-07-16,2728.94,3061.65,2879.96,213.9,snapshot,0,2026-10-06 20:05:18
Maharashtra,Mumbai,Mumbai,Wheat,Lokwan,FAQ,2026-07-16,2679.35,2941.11,2773.91,206.4,snapshot,0,2026-10-06 20:05:18
Maharashtra,Nagpur,Nagpur,Wheat,Lokwan,FAQ,2026-07-16,2518.06,2809.2,2661.79,136.1,snapshot,0,2026-10-06 20:05:18
Maharashtra,Nashik,Nashik,Wheat,Lokwan,FAQ,2026-07-16,2604.34,2912.69,2752.61,497.5,snapshot,0,2026-10-06 20:05:18
Maharashtra,Pune,Pune,Wheat,Lokwan,FAQ,2026-07-16,2507.94,2878.7,2651.15,89.8,snapshot,0,2026-10-06 20:05:18
Maharashtra,Ahilyanagar,Rahata,Wheat,Lokwan,FAQ,2026-07-16,2486.77,2863.75,2638.24,188.5,snapshot,0,2026-10-06 20:05:18
Maharashtra,Solapur,Solapur,Wheat,Lokwan,FAQ,2026-07-16,2584.17,2882.6,2705.07,469.6,snapshot,0,2026-10-06 20:05:18
Maharashtra,Nashik,Yeola,Wheat,Lokwan,FAQ,2026-07-16,2498.66,2788.46,2636.02,417.8,snapshot,0,2026-10-06 20:05:18
Maharashtra,Akola,Akola,Cotton,Medium Staple,FAQ,2026-07-15,7150.32,7785.35,7438.66,459.3,snapshot,0,2026-10-06 20:04:46
Maharashtra,Amravati,Amravati,Cotton,Medium Staple,FAQ,2026-07-15,7093.81,7560.37,7290.12,209.4,snapshot,0,2026-10-06 20:04:46
Maharashtra,Jalgaon,Jalgaon,Cotton,Medium Staple,FAQ,2026-07-15,7104.57,7657.38,7375.86,139.3,snapshot,0,2026-10-06 20:04:46
Maharashtra,Nagpur,Nagpur,Cotton,Medium Staple,FAQ,2026-07-15,6931.95,7580.35,7156.06,237.4,snapshot,0,2026-10-06 20:04:46
Maharashtra,Ahilyanagar,Ahmednagar,Onion,Red/Nasik,FAQ,2026-07-15,1847.47,2591.81,2147.28,254.5,snapshot,0,2026-10-06 20:03:59
Maharashtra,Pune,Baramati,Onion,Red/Nasik,FAQ,2026-07-15,1985.48,2724.17,2257.32,255.7,snapshot,0,2026-10-06 20:03:59
Maharashtra,Jalgaon,Jalgaon,Onion,Red/Nasik,FAQ,2026-07-15,2039.5,2555.32,2263.85,440.3,snapshot,0,2026-10-06 20:03:59
Maharashtra,Pune,Khed(Chakan),Onion,Red/Nasik,FAQ,2026-07-15,2019.1,2746.7,2377.36,329.9,snapshot,0,2026-10-06 20:03:59
Maharashtra,Kolhapur,Kolhapur,Onion,Red/Nasik,FAQ,2026-07-15,2005.9,2743.34,2269.95,302.7,snapshot,0,2026-10-06 20:03:59
Maharashtra,Nashik,Lasalgaon,Onion,Red/Nasik,FAQ,2026-07-15,2118.2,2804.99,2444.68,103.4,snapshot,0,2026-10-06 20:03:59
Maharashtra,Pune,Manchar,Onion,Red/Nasik,FAQ,2026-07-15,1911.41,2483.4,2199.35,349.7,snapshot,0,2026-10-06 20:03:59
Maharashtra,Mumbai,Mumbai,Onion,Red/Nasik,FAQ,2026-07-15,1849.27,2723.44,2203.97,100.8,snapshot,0,2026-10-06 20:03:59
Maharashtra,Pune,Narayangaon,Onion,Red/Nasik,FAQ,2026-07-15,1962.48,2661.31,2281.51,292.6,snapshot,0,2026-10-06 20:03:59
Maharashtra,Nashik,Nashik,Onion,Red/Nasik,FAQ,2026-07-15,2104.12,2708.31,2330.04,460.6,snapshot,0,2026-10-06 20:03:59
Maharashtra,Nashik,Pimpalgaon,Onion,Red/Nasik,FAQ,2026-07-15,1990.83,2828.24,2369.53,93.4,snapshot,0,2026-10-06 20:03:59
Maharashtra,Pune,Pune,Onion,Red/Nasik,FAQ,2026-07-15,1940.14,2658.92,2169.6,435.0,snapshot,0,2026-10-06 20:03:59
Maharashtra,Ahilyanagar,Rahata,Onion,Red/Nasik,FAQ,2026-07-15,1975.09,2630.61,2280.67,50.1,snapshot,0,2026-10-06 20:03:59
Maharashtra,Ahilyanagar,Sangamner,Onion,Red/Nasik,FAQ,2026-07-15,1623.37,2351.01,1943.86,376.0,snapshot,0,2026-10-06 20:03:59
Maharashtra,Solapur,Solapur,Onion,Red/Nasik,FAQ,2026-07-15,2189.21,2777.25,2403.11,179.6,snapshot,0,2026-10-06 20:03:59
Maharashtra,Nashik,Yeola,Onion,Red/Nasik,FAQ,2026-07-15,2066.17,2628.0,2289.14,458.2,snapshot,0,2026-10-06 20:03:59
Maharashtra,Pune,Khed(Chakan),Potato,Jyoti,FAQ,2026-07-15,1859.52,2359.08,2001.95,179.4,snapshot,0,2026-10-06 20:05:02
Maharashtra,Kolhapur,Kolhapur,Potato,Jyoti,FAQ,2026-07-15,1740.65,2185.19,1886.04,159.7,snapshot,0,2026-10-06 20:05:02
Maharashtra,Pune,Manchar,Potato,Jyoti,FAQ,2026-07-15,1723.8,2114.82,1890.41,57.4,snapshot,0,2026-10-06 20:05:02
Maharashtra,Mumbai,Mumbai,Potato,Jyoti,FAQ,2026-07-15,1767.26,2310.71,1955.84,344.7,snapshot,0,2026-10-06 20:05:02
Maharashtra,Pune,Narayangaon,Potato,Jyoti,FAQ,2026-07-15,1762.87,2324.98,1945.57,238.7,snapshot,0,2026-10-06 20:05:02
Maharashtra,Nashik,Nashik,Potato,Jyoti,FAQ,2026-07-15,1844.27,2344.17,2031.11,411.8,snapshot,0,2026-10-06 20:05:02
Maharashtra,Nashik,Pimpalgaon,Potato,Jyoti,FAQ,2026-07-15,1629.64,2217.55,1843.59,383.1,snapshot,0,2026-10-06 20:05:02
Maharashtra,Pune,Pune,Potato,Jyoti,FAQ,2026-07-15,1671.46,2237.46,1870.37,304.1,snapshot,0,2026-10-06 20:05:02
Maharashtra,Ahilyanagar,Ahmednagar,Red gram/Arhar/Tur(whole),White/Desi,FAQ,2026-07-15,9670.12,10637.7,10188.38,88.3,snapshot,0,2026-10-06 20:04:30
Maharashtra,Akola,Akola,Red gram/Arhar/Tur(whole),White/Desi,FAQ,2026-07-15,9863.17,10687.28,10174.73,480.0,snapshot,0,2026-10-06 20:04:30
Maharashtra,Amravati,Amravati,Red gram/Arhar/Tur(whole),White/Desi,FAQ,2026-07-15,10210.68,11299.72,10653.31,196.2,snapshot,0,2026-10-06 20:04:30
Maharashtra,Latur,Latur,Red gram/Arhar/Tur(whole),White/Desi,FAQ,2026-07-15,10389.29,11295.43,10823.34,163.1,snapshot,0,2026-10-06 20:04:30
Maharashtra,Solapur,Solapur,Red gram/Arhar/Tur(whole),White/Desi,FAQ,2026-07-15,10042.48,11199.4,10531.56,359.8,snapshot,0,2026-10-06 20:04:30
Maharashtra,Ahilyanagar,Ahmednagar,Soyabean,Yellow,FAQ,2026-07-15,4584.61,5031.9,4777.91,315.1,snapshot,0,2026-10-06 20:04:15
Maharashtra,Akola,Akola,Soyabean,Yellow,FAQ,2026-07-15,4639.31,5004.67,4758.26,357.7,snapshot,0,2026-10-06 20:04:15
Maharashtra,Amravati,Amravati,Soyabean,Yellow,FAQ,2026-07-15,4495.32,4891.97,4641.37,260.8,snapshot,0,2026-10-06 20:04:15
Maharashtra,Pune,Baramati,Soyabean,Yellow,FAQ,2026-07-15,4608.97,5026.25,4790.3,499.5,snapshot,0,2026-10-06 20:04:15
Maharashtra,Jalgaon,Jalgaon,Soyabean,Yellow,FAQ,2026-07-15,4605.7,4969.07,4735.44,483.2,snapshot,0,2026-10-06 20:04:15
Maharashtra,Latur,Latur,Soyabean,Yellow,FAQ,2026-07-15,4649.62,5034.21,4840.3,222.6,snapshot,0,2026-10-06 20:04:15
Maharashtra,Nagpur,Nagpur,Soyabean,Yellow,FAQ,2026-07-15,4488.25,4877.99,4678.39,86.2,snapshot,0,2026-10-06 20:04:15
Maharashtra,Pune,Pune,Soyabean,Yellow,FAQ,2026-07-15,4515.26,4852.39,4659.66,280.5,snapshot,0,2026-10-06 20:04:15
Maharashtra,Ahilyanagar,Rahata,Soyabean,Yellow,FAQ,2026-07-15,4554.64,4983.79,4729.31,224.3,snapshot,0,2026-10-06 20:04:15
Maharashtra,Ahilyanagar,Sangamner,Soyabean,Yellow,FAQ,2026-07-15,4630.29,4943.99,4755.72,426.5,snapshot,0,2026-10-06 20:04:15
Maharashtra,Solapur,Solapur,Soyabean,Yellow,FAQ,2026-07-15,4496.75,4792.06,4619.99,348.8,snapshot,0,2026-10-06 20:04:15
Maharashtra,Nashik,Yeola,Soyabean,Yellow,FAQ,2026-07-15,4644.15,5016.94,4787.29,415.3,snapshot,0,2026-10-06 20:04:15
Maharashtra,Pune,Baramati,Tomato,Hybrid,FAQ,2026-07-15,1726.17,2279.02,1994.58,48.9,snapshot,0,2026-10-06 20:03:43
Maharashtra,Pune,Khed(Chakan),Tomato,Hybrid,FAQ,2026-07-15,1676.44,2366.43,1967.56,376.2,snapshot,0,2026-10-06 20:03:43
Maharashtra,Kolhapur,Kolhapur,Tomato,Hybrid,FAQ,2026-07-15,1150.05,1835.75,1424.62,132.5,snapshot,0,2026-10-06 20:03:43
Maharashtra,Nashik,Lasalgaon,Tomato,Hybrid,FAQ,2026-07-15,1652.0,2204.63,1868.92,320.8,snapshot,0,2026-10-06 20:03:43
Maharashtra,Pune,Manchar,Tomato,Hybrid,FAQ,2026-07-15,1595.8,2127.08,1794.71,311.7,snapshot,0,2026-10-06 20:03:43
Maharashtra,Mumbai,Mumbai,Tomato,Hybrid,FAQ,2026-07-15,1405.09,1932.06,1647.73,461.5,snapshot,0,2026-10-06 20:03:43
Maharashtra,Nagpur,Nagpur,Tomato,Hybrid,FAQ,2026-07-15,1360.67,1972.95,1568.37,351.1,snapshot,0,2026-10-06 20:03:43
Maharashtra,Pune,Narayangaon,Tomato,Hybrid,FAQ,2026-07-15,1273.96,1842.21,1585.57,97.1,snapshot,0,2026-10-06 20:03:43
Maharashtra,Nashik,Nashik,Tomato,Hybrid,FAQ,2026-07-15,1702.25,2385.64,1996.74,485.5,snapshot,0,2026-10-06 20:03:43
Maharashtra,Nashik,Pimpalgaon,Tomato,Hybrid,FAQ,2026-07-15,1177.43,1798.72,1398.76,388.3,snapshot,0,2026-10-06 20:03:43
Maharashtra,Pune,Pune,Tomato,Hybrid,FAQ,2026-07-15,1547.19,2143.36,1826.91,111.5,snapshot,0,2026-10-06 20:03:43
Maharashtra,Ahilyanagar,Sangamner,Tomato,Hybrid,FAQ,2026-07-15,1723.33,2193.13,1913.35,331.8,snapshot,0,2026-10-06 20:03:43
Maharashtra,Ahilyanagar,Ahmednagar,Wheat,Lokwan,FAQ,2026-07-15,2557.83,2884.82,2681.93,94.8,snapshot,0,2026-10-06 20:05:18
Maharashtra,Akola,Akola,Wheat,Lokwan,FAQ,2026-07-15,2527.93,2825.49,2652.65,395.5,snapshot,0,2026-10-06 20:05:18
Maharashtra,Pune,Baramati,Wheat,Lokwan,FAQ,2026-07-15,2667.1,2983.52,2755.03,466.3,snapshot,0,2026-10-06 20:05:18
Maharashtra,Jalgaon,Jalgaon,Wheat,Lokwan,FAQ,2026-07-15,2443.68,2822.58,2596.56,189.9,snapshot,0,2026-10-06 20:05:18
Maharashtra,Kolhapur,Kolhapur,Wheat,Lokwan,FAQ,2026-07-15,2704.11,2952.62,2803.1,68.0,snapshot,0,2026-10-06 20:05:18
Maharashtra,Nashik,Lasalgaon,Wheat,Lokwan,FAQ,2026-07-15,2687.28,3005.12,2785.9,222.1,snapshot,0,2026-10-06 20:05:18
Maharashtra,Latur,Latur,Wheat,Lokwan,FAQ,2026-07-15,2751.72,3072.89,2854.34,121.6,snapshot,0,2026-10-06 20:05:18
Maharashtra,Mumbai,Mumbai,Wheat,Lokwan,FAQ,2026-07-15,2646.73,3003.61,2795.06,255.6,snapshot,0,2026-10-06 20:05:18
Maharashtra,Nagpur,Nagpur,Wheat,Lokwan,FAQ,2026-07-15,2587.9,2878.3,2693.68,266.6,snapshot,0,2026-10-06 20:05:18
Maharashtra,Nashik,Nashik,Wheat,Lokwan,FAQ,2026-07-15,2607.05,2946.39,2754.19,390.3,snapshot,0,2026-10-06 20:05:18
Maharashtra,Pune,Pune,Wheat,Lokwan,FAQ,2026-07-15,2543.35,2841.1,2665.98,349.5,snapshot,0,2026-10-06 20:05:18
Maharashtra,Ahilyanagar,Rahata,Wheat,Lokwan,FAQ,2026-07-15,2477.19,2765.84,2622.41,209.8,snapshot,0,2026-10-06 20:05:18
Maharashtra,Solapur,Solapur,Wheat,Lokwan,FAQ,2026-07-15,2610.44,2918.84,2722.27,239.4,snapshot,0,2026-10-06 20:05:18
Maharashtra,Nashik,Yeola,Wheat,Lokwan,FAQ,2026-07-15,2557.2,2880.68,2660.12,354.0,snapshot,0,2026-10-06 20:05:18
Maharashtra,Akola,Akola,Cotton,Medium Staple,FAQ,2026-07-14,7169.63,7759.14,7429.71,69.1,snapshot,0,2026-10-06 20:04:46
Maharashtra,Amravati,Amravati,Cotton,Medium Staple,FAQ,2026-07-14,7000.09,7733.72,7316.11,463.1,snapshot,0,2026-10-06 20:04:46
Maharashtra,Jalgaon,Jalgaon,Cotton,Medium Staple,FAQ,2026-07-14,7060.0,7636.3,7303.58,450.1,snapshot,0,2026-10-06 20:04:46
Maharashtra,Nagpur,Nagpur,Cotton,Medium Staple,FAQ,2026-07-14,6955.13,7617.65,7216.79,480.2,snapshot,0,2026-10-06 20:04:46
Maharashtra,Ahilyanagar,Ahmednagar,Onion,Red/Nasik,FAQ,2026-07-14,1749.67,2451.51,2102.29,486.0,snapshot,0,2026-10-06 20:03:59
Maharashtra,Pune,Baramati,Onion,Red/Nasik,FAQ,2026-07-14,1869.95,2578.61,2223.61,64.3,snapshot,0,2026-10-06 20:03:59
Maharashtra,Jalgaon,Jalgaon,Onion,Red/Nasik,FAQ,2026-07-14,1996.02,2641.26,2250.39,145.4,snapshot,0,2026-10-06 20:03:59
Maharashtra,Pune,Khed(Chakan),Onion,Red/Nasik,FAQ,2026-07-14,2011.99,2887.28,2371.46,100.1,snapshot,0,2026-10-06 20:03:59
Maharashtra,Kolhapur,Kolhapur,Onion,Red/Nasik,FAQ,2026-07-14,1939.15,2681.95,2291.25,203.9,snapshot,0,2026-10-06 20:03:59
Maharashtra,Nashik,Lasalgaon,Onion,Red/Nasik,FAQ,2026-07-14,2094.3,2851.17,2395.36,85.7,snapshot,0,2026-10-06 20:03:59
Maharashtra,Pune,Manchar,Onion,Red/Nasik,FAQ,2026-07-14,1955.71,2585.4,2212.27,329.9,snapshot,0,2026-10-06 20:03:59
Maharashtra,Mumbai,Mumbai,Onion,Red/Nasik,FAQ,2026-07-14,1920.36,2615.23,2234.14,404.6,snapshot,0,2026-10-06 20:03:59
Maharashtra,Pune,Narayangaon,Onion,Red/Nasik,FAQ,2026-07-14,2070.91,2621.71,2304.95,384.0,snapshot,0,2026-10-06 20:03:59
Maharashtra,Nashik,Nashik,Onion,Red/Nasik,FAQ,2026-07-14,2223.54,2955.86,2445.44,387.8,snapshot,0,2026-10-06 20:03:59
Maharashtra,Nashik,Pimpalgaon,Onion,Red/Nasik,FAQ,2026-07-14,2118.51,2645.68,2344.29,380.7,snapshot,0,2026-10-06 20:03:59
Maharashtra,Pune,Pune,Onion,Red/Nasik,FAQ,2026-07-14,1910.02,2609.98,2265.95,402.2,snapshot,0,2026-10-06 20:03:59
Maharashtra,Ahilyanagar,Rahata,Onion,Red/Nasik,FAQ,2026-07-14,1947.41,2723.57,2260.5,159.9,snapshot,0,2026-10-06 20:03:59
Maharashtra,Ahilyanagar,Sangamner,Onion,Red/Nasik,FAQ,2026-07-14,1703.92,2287.14,1978.42,489.6,snapshot,0,2026-10-06 20:03:59
Maharashtra,Solapur,Solapur,Onion,Red/Nasik,FAQ,2026-07-14,2106.08,2702.49,2386.51,195.2,snapshot,0,2026-10-06 20:03:59
Maharashtra,Nashik,Yeola,Onion,Red/Nasik,FAQ,2026-07-14,1982.12,2688.96,2263.08,71.9,snapshot,0,2026-10-06 20:03:59
Maharashtra,Pune,Khed(Chakan),Potato,Jyoti,FAQ,2026-07-14,1747.85,2353.09,1977.34,452.6,snapshot,0,2026-10-06 20:05:02
Maharashtra,Kolhapur,Kolhapur,Potato,Jyoti,FAQ,2026-07-14,1664.64,2229.39,1915.83,304.6,snapshot,0,2026-10-06 20:05:02
Maharashtra,Pune,Manchar,Potato,Jyoti,FAQ,2026-07-14,1626.04,2165.51,1877.14,69.5,snapshot,0,2026-10-06 20:05:02
Maharashtra,Mumbai,Mumbai,Potato,Jyoti,FAQ,2026-07-14,1827.57,2348.46,1986.76,152.8,snapshot,0,2026-10-06 20:05:02
Maharashtra,Pune,Narayangaon,Potato,Jyoti,FAQ,2026-07-14,1781.47,2342.94,1954.27,265.7,snapshot,0,2026-10-06 20:05:02
Maharashtra,Nashik,Nashik,Potato,Jyoti,FAQ,2026-07-14,1767.75,2365.75,1978.31,213.8,snapshot,0,2026-10-06 20:05:02
Maharashtra,Nashik,Pimpalgaon,Potato,Jyoti,FAQ,2026-07-14,1600.47,2182.66,1847.04,226.5,snapshot,0,2026-10-06 20:05:02
Maharashtra,Pune,Pune,Potato,Jyoti,FAQ,2026-07-14,1653.7,2110.12,1877.39,439.5,snapshot,0,2026-10-06 20:05:02
Maharashtra,Ahilyanagar,Ahmednagar,Red gram/Arhar/Tur(whole),White/Desi,FAQ,2026-07-14,9791.59,10846.92,10241.72,435.0,snapshot,0,2026-10-06 20:04:30
Maharashtra,Akola,Akola,Red gram/Arhar/Tur(whole),White/Desi,FAQ,2026-07-14,9718.64,10867.65,10136.18,229.6,snapshot,0,2026-10-06 20:04:30
Maharashtra,Amravati,Amravati,Red gram/Arhar/Tur(whole),White/Desi,FAQ,2026-07-14,10163.36,11323.58,10572.2,110.9,snapshot,0,2026-10-06 20:04:30
Maharashtra,Solapur,Solapur,Red gram/Arhar/Tur(whole),White/Desi,FAQ,2026-07-14,9953.09,11064.85,10460.73,217.6,snapshot,0,2026-10-06 20:04:30
Maharashtra,Ahilyanagar,Ahmednagar,Soyabean,Yellow,FAQ,2026-07-14,4641.96,5042.11,4810.24,56.3,snapshot,0,2026-10-06 20:04:15
Maharashtra,Akola,Akola,Soyabean,Yellow,FAQ,2026-07-14,4670.53,5024.19,4813.83,276.7,snapshot,0,2026-10-06 20:04:15
Maharashtra,Amravati,Amravati,Soyabean,Yellow,FAQ,2026-07-14,4546.75,4944.96,4685.78,299.0,snapshot,0,2026-10-06 20:04:15
Maharashtra,Pune,Baramati,Soyabean,Yellow,FAQ,2026-07-14,4689.25,5011.47,4796.41,94.2,snapshot,0,2026-10-06 20:04:15
Maharashtra,Jalgaon,Jalgaon,Soyabean,Yellow,FAQ,2026-07-14,4506.27,4813.53,4670.38,323.2,snapshot,0,2026-10-06 20:04:15
Maharashtra,Latur,Latur,Soyabean,Yellow,FAQ,2026-07-14,4731.24,5063.81,4860.12,58.7,snapshot,0,2026-10-06 20:04:15
Maharashtra,Nagpur,Nagpur,Soyabean,Yellow,FAQ,2026-07-14,4484.2,4859.51,4656.16,41.9,snapshot,0,2026-10-06 20:04:15
Maharashtra,Pune,Pune,Soyabean,Yellow,FAQ,2026-07-14,4452.69,4763.81,4603.1,154.0,snapshot,0,2026-10-06 20:04:15
Maharashtra,Ahilyanagar,Rahata,Soyabean,Yellow,FAQ,2026-07-14,4593.48,4980.4,4779.56,233.7,snapshot,0,2026-10-06 20:04:15
Maharashtra,Ahilyanagar,Sangamner,Soyabean,Yellow,FAQ,2026-07-14,4632.22,5003.89,4778.61,289.1,snapshot,0,2026-10-06 20:04:15
Maharashtra,Solapur,Solapur,Soyabean,Yellow,FAQ,2026-07-14,4517.52,4926.58,4701.39,370.7,snapshot,0,2026-10-06 20:04:15
Maharashtra,Nashik,Yeola,Soyabean,Yellow,FAQ,2026-07-14,4531.72,4921.1,4722.56,446.1,snapshot,0,2026-10-06 20:04:15
Maharashtra,Pune,Baramati,Tomato,Hybrid,FAQ,2026-07-14,1674.52,2319.77,1945.05,165.2,snapshot,0,2026-10-06 20:03:43
Maharashtra,Pune,Khed(Chakan),Tomato,Hybrid,FAQ,2026-07-14,1686.63,2317.9,2004.17,41.1,snapshot,0,2026-10-06 20:03:43
Maharashtra,Kolhapur,Kolhapur,Tomato,Hybrid,FAQ,2026-07-14,1281.15,1921.81,1472.45,127.3,snapshot,0,2026-10-06 20:03:43
Maharashtra,Nashik,Lasalgaon,Tomato,Hybrid,FAQ,2026-07-14,1596.77,2064.55,1790.22,296.0,snapshot,0,2026-10-06 20:03:43
Maharashtra,Pune,Manchar,Tomato,Hybrid,FAQ,2026-07-14,1555.53,2092.28,1834.96,473.5,snapshot,0,2026-10-06 20:03:43
Maharashtra,Mumbai,Mumbai,Tomato,Hybrid,FAQ,2026-07-14,1570.45,2158.52,1805.42,366.7,snapshot,0,2026-10-06 20:03:43
Maharashtra,Nagpur,Nagpur,Tomato,Hybrid,FAQ,2026-07-14,1411.15,2034.85,1653.97,238.2,snapshot,0,2026-10-06 20:03:43
Maharashtra,Pune,Narayangaon,Tomato,Hybrid,FAQ,2026-07-14,1490.17,2140.38,1692.46,239.0,snapshot,0,2026-10-06 20:03:43
Maharashtra,Nashik,Nashik,Tomato,Hybrid,FAQ,2026-07-14,1590.91,2167.86,1864.81,129.1,snapshot,0,2026-10-06 20:03:43
Maharashtra,Nashik,Pimpalgaon,Tomato,Hybrid,FAQ,2026-07-14,1295.89,1880.21,1505.78,452.5,snapshot,0,2026-10-06 20:03:43
Maharashtra,Pune,Pune,Tomato,Hybrid,FAQ,2026-07-14,1425.19,1967.96,1721.6,410.7,snapshot,0,2026-10-06 20:03:43
Maharashtra,Ahilyanagar,Sangamner,Tomato,Hybrid,FAQ,2026-07-14,1556.47,2230.02,1873.54,212.3,snapshot,0,2026-10-06 20:03:43
Maharashtra,Ahilyanagar,Ahmednagar,Wheat,Lokwan,FAQ,2026-07-14,2574.57,2887.95,2723.68,225.1,snapshot,0,2026-10-06 20:05:18
Maharashtra,Akola,Akola,Wheat,Lokwan,FAQ,2026-07-14,2532.89,2886.46,2682.4,355.7,snapshot,0,2026-10-06 20:05:18
Maharashtra,Pune,Baramati,Wheat,Lokwan,FAQ,2026-07-14,2596.22,2952.88,2734.78,91.7,snapshot,0,2026-10-06 20:05:18
Maharashtra,Jalgaon,Jalgaon,Wheat,Lokwan,FAQ,2026-07-14,2482.84,2830.28,2633.5,484.6,snapshot,0,2026-10-06 20:05:18
Maharashtra,Kolhapur,Kolhapur,Wheat,Lokwan,FAQ,2026-07-14,2723.81,3032.35,2808.86,40.7,snapshot,0,2026-10-06 20:05:18
Maharashtra,Nashik,Lasalgaon,Wheat,Lokwan,FAQ,2026-07-14,2625.05,2881.05,2751.1,141.0,snapshot,0,2026-10-06 20:05:18
Maharashtra,Latur,Latur,Wheat,Lokwan,FAQ,2026-07-14,2710.97,2959.62,2833.08,327.8,snapshot,0,2026-10-06 20:05:18
Maharashtra,Mumbai,Mumbai,Wheat,Lokwan,FAQ,2026-07-14,2715.6,3058.38,2826.35,283.6,snapshot,0,2026-10-06 20:05:18
Maharashtra,Nagpur,Nagpur,Wheat,Lokwan,FAQ,2026-07-14,2586.18,2918.19,2712.71,485.8,snapshot,0,2026-10-06 20:05:18
Maharashtra,Nashik,Nashik,Wheat,Lokwan,FAQ,2026-07-14,2652.09,3015.96,2789.93,170.1,snapshot,0,2026-10-06 20:05:18
Maharashtra,Pune,Pune,Wheat,Lokwan,FAQ,2026-07-14,2564.61,2886.34,2674.95,46.4,snapshot,0,2026-10-06 20:05:18
Maharashtra,Ahilyanagar,Rahata,Wheat,Lokwan,FAQ,2026-07-14,2540.69,2857.41,2671.79,437.2,snapshot,0,2026-10-06 20:05:18
Maharashtra,Solapur,Solapur,Wheat,Lokwan,FAQ,2026-07-14,2650.91,2887.92,2756.18,253.9,snapshot,0,2026-10-06 20:05:18
Maharashtra,Nashik,Yeola,Wheat,Lokwan,FAQ,2026-07-14,2600.79,2911.38,2711.7,272.7,snapshot,0,2026-10-06 20:05:18
Maharashtra,Akola,Akola,Cotton,Medium Staple,FAQ,2026-07-13,7215.96,7690.27,7438.64,128.9,snapshot,0,2026-10-06 20:04:46
Maharashtra,Amravati,Amravati,Cotton,Medium Staple,FAQ,2026-07-13,7049.26,7575.16,7326.36,285.7,snapshot,0,2026-10-06 20:04:46
Maharashtra,Jalgaon,Jalgaon,Cotton,Medium Staple,FAQ,2026-07-13,6983.1,7501.25,7251.43,296.6,snapshot,0,2026-10-06 20:04:46
Maharashtra,Nagpur,Nagpur,Cotton,Medium Staple,FAQ,2026-07-13,7021.1,7555.12,7199.91,423.8,snapshot,0,2026-10-06 20:04:46
Maharashtra,Ahilyanagar,Ahmednagar,Onion,Red/Nasik,FAQ,2026-07-13,1954.38,2653.14,2226.17,239.4,snapshot,0,2026-10-06 20:03:59
Maharashtra,Pune,Baramati,Onion,Red/Nasik,FAQ,2026-07-13,1862.44,2615.48,2157.48,481.8,snapshot,0,2026-10-06 20:03:59
Maharashtra,Jalgaon,Jalgaon,Onion,Red/Nasik,FAQ,2026-07-13,1858.93,2586.93,2195.7,129.9,snapshot,0,2026-10-06 20:03:59
Maharashtra,Pune,Khed(Chakan),Onion,Red/Nasik,FAQ,2026-07-13,2111.36,2757.22,2366.33,409.8,snapshot,0,2026-10-06 20:03:59
Maharashtra,Kolhapur,Kolhapur,Onion,Red/Nasik,FAQ,2026-07-13,2002.12,2697.96,2291.02,381.9,snapshot,0,2026-10-06 20:03:59
Maharashtra,Nashik,Lasalgaon,Onion,Red/Nasik,FAQ,2026-07-13,2046.37,2911.77,2413.13,112.2,snapshot,0,2026-10-06 20:03:59
Maharashtra,Pune,Manchar,Onion,Red/Nasik,FAQ,2026-07-13,2022.65,2713.03,2242.42,296.7,snapshot,0,2026-10-06 20:03:59
Maharashtra,Mumbai,Mumbai,Onion,Red/Nasik,FAQ,2026-07-13,2042.94,2764.03,2305.01,418.5,snapshot,0,2026-10-06 20:03:59
Maharashtra,Pune,Narayangaon,Onion,Red/Nasik,FAQ,2026-07-13,2101.91,2832.91,2333.04,175.7,snapshot,0,2026-10-06 20:03:59
Maharashtra,Nashik,Nashik,Onion,Red/Nasik,FAQ,2026-07-13,2123.0,2678.36,2348.49,258.3,snapshot,0,2026-10-06 20:03:59
Maharashtra,Nashik,Pimpalgaon,Onion,Red/Nasik,FAQ,2026-07-13,2028.01,2824.62,2339.15,411.9,snapshot,0,2026-10-06 20:03:59
Maharashtra,Pune,Pune,Onion,Red/Nasik,FAQ,2026-07-13,1891.37,2593.67,2233.95,468.2,snapshot,0,2026-10-06 20:03:59
Maharashtra,Ahilyanagar,Rahata,Onion,Red/Nasik,FAQ,2026-07-13,1989.32,2578.13,2226.4,132.0,snapshot,0,2026-10-06 20:03:59
Maharashtra,Ahilyanagar,Sangamner,Onion,Red/Nasik,FAQ,2026-07-13,1693.51,2381.62,2026.15,43.1,snapshot,0,2026-10-06 20:03:59
Maharashtra,Solapur,Solapur,Onion,Red/Nasik,FAQ,2026-07-13,2051.94,2702.53,2381.06,312.8,snapshot,0,2026-10-06 20:03:59
Maharashtra,Nashik,Yeola,Onion,Red/Nasik,FAQ,2026-07-13,1905.33,2682.06,2246.64,49.7,snapshot,0,2026-10-06 20:03:59
Maharashtra,Pune,Khed(Chakan),Potato,Jyoti,FAQ,2026-07-13,1765.15,2205.37,1988.39,449.2,snapshot,0,2026-10-06 20:05:02
Maharashtra,Kolhapur,Kolhapur,Potato,Jyoti,FAQ,2026-07-13,1771.88,2271.47,1966.27,306.3,snapshot,0,2026-10-06 20:05:02
Maharashtra,Pune,Manchar,Potato,Jyoti,FAQ,2026-07-13,1697.71,2240.62,1857.0,42.4,snapshot,0,2026-10-06 20:05:02
Maharashtra,Mumbai,Mumbai,Potato,Jyoti,FAQ,2026-07-13,1774.85,2242.11,1965.28,466.0,snapshot,0,2026-10-06 20:05:02
Maharashtra,Pune,Narayangaon,Potato,Jyoti,FAQ,2026-07-13,1720.88,2335.03,1953.16,222.5,snapshot,0,2026-10-06 20:05:02
Maharashtra,Nashik,Nashik,Potato,Jyoti,FAQ,2026-07-13,1741.6,2297.45,1985.2,454.6,snapshot,0,2026-10-06 20:05:02
Maharashtra,Nashik,Pimpalgaon,Potato,Jyoti,FAQ,2026-07-13,1766.5,2309.08,1967.54,260.6,snapshot,0,2026-10-06 20:05:02
Maharashtra,Pune,Pune,Potato,Jyoti,FAQ,2026-07-13,1689.38,2137.22,1831.08,166.2,snapshot,0,2026-10-06 20:05:02
Maharashtra,Ahilyanagar,Ahmednagar,Red gram/Arhar/Tur(whole),White/Desi,FAQ,2026-07-13,9807.2,10894.34,10277.93,184.0,snapshot,0,2026-10-06 20:04:30
Maharashtra,Akola,Akola,Red gram/Arhar/Tur(whole),White/Desi,FAQ,2026-07-13,9770.68,10715.96,10245.25,301.0,snapshot,0,2026-10-06 20:04:30
Maharashtra,Amravati,Amravati,Red gram/Arhar/Tur(whole),White/Desi,FAQ,2026-07-13,10166.46,11406.64,10653.4,63.0,snapshot,0,2026-10-06 20:04:30
Maharashtra,Solapur,Solapur,Red gram/Arhar/Tur(whole),White/Desi,FAQ,2026-07-13,9995.89,11025.26,10496.0,286.2,snapshot,0,2026-10-06 20:04:30
Maharashtra,Ahilyanagar,Ahmednagar,Soyabean,Yellow,FAQ,2026-07-13,4544.56,4896.87,4728.6,73.5,snapshot,0,2026-10-06 20:04:15
Maharashtra,Akola,Akola,Soyabean,Yellow,FAQ,2026-07-13,4638.25,5047.65,4802.75,378.3,snapshot,0,2026-10-06 20:04:15
Maharashtra,Amravati,Amravati,Soyabean,Yellow,FAQ,2026-07-13,4561.14,4825.34,4677.03,427.4,snapshot,0,2026-10-06 20:04:15
Maharashtra,Pune,Baramati,Soyabean,Yellow,FAQ,2026-07-13,4679.0,5013.32,4800.19,366.0,snapshot,0,2026-10-06 20:04:15
Maharashtra,Jalgaon,Jalgaon,Soyabean,Yellow,FAQ,2026-07-13,4460.3,4834.07,4645.87,219.6,snapshot,0,2026-10-06 20:04:15
Maharashtra,Latur,Latur,Soyabean,Yellow,FAQ,2026-07-13,4672.48,4980.81,4836.16,145.6,snapshot,0,2026-10-06 20:04:15
Maharashtra,Nagpur,Nagpur,Soyabean,Yellow,FAQ,2026-07-13,4561.67,4927.03,4683.45,94.5,snapshot,0,2026-10-06 20:04:15
Maharashtra,Pune,Pune,Soyabean,Yellow,FAQ,2026-07-13,4525.4,4788.39,4635.97,453.6,snapshot,0,2026-10-06 20:04:15
Maharashtra,Ahilyanagar,Rahata,Soyabean,Yellow,FAQ,2026-07-13,4565.32,4907.41,4731.39,486.6,snapshot,0,2026-10-06 20:04:15
Maharashtra,Ahilyanagar,Sangamner,Soyabean,Yellow,FAQ,2026-07-13,4588.26,4956.8,4772.63,49.6,snapshot,0,2026-10-06 20:04:15
Maharashtra,Solapur,Solapur,Soyabean,Yellow,FAQ,2026-07-13,4636.58,4898.92,4757.33,452.8,snapshot,0,2026-10-06 20:04:15
Maharashtra,Nashik,Yeola,Soyabean,Yellow,FAQ,2026-07-13,4611.65,4962.04,4752.0,392.6,snapshot,0,2026-10-06 20:04:15
Maharashtra,Pune,Baramati,Tomato,Hybrid,FAQ,2026-07-13,1631.35,2259.38,1927.67,432.6,snapshot,0,2026-10-06 20:03:43
Maharashtra,Pune,Khed(Chakan),Tomato,Hybrid,FAQ,2026-07-13,1747.83,2290.07,1936.79,168.0,snapshot,0,2026-10-06 20:03:43
Maharashtra,Kolhapur,Kolhapur,Tomato,Hybrid,FAQ,2026-07-13,1457.6,1999.67,1659.15,154.0,snapshot,0,2026-10-06 20:03:43
Maharashtra,Nashik,Lasalgaon,Tomato,Hybrid,FAQ,2026-07-13,1632.2,2214.25,1814.02,299.0,snapshot,0,2026-10-06 20:03:43
Maharashtra,Pune,Manchar,Tomato,Hybrid,FAQ,2026-07-13,1523.27,2238.85,1825.87,338.5,snapshot,0,2026-10-06 20:03:43
Maharashtra,Mumbai,Mumbai,Tomato,Hybrid,FAQ,2026-07-13,1562.45,2109.89,1819.67,385.7,snapshot,0,2026-10-06 20:03:43
Maharashtra,Nagpur,Nagpur,Tomato,Hybrid,FAQ,2026-07-13,1446.12,2137.7,1757.8,397.0,snapshot,0,2026-10-06 20:03:43
Maharashtra,Pune,Narayangaon,Tomato,Hybrid,FAQ,2026-07-13,1387.04,1981.41,1664.06,443.9,snapshot,0,2026-10-06 20:03:43
Maharashtra,Nashik,Nashik,Tomato,Hybrid,FAQ,2026-07-13,1610.69,2244.82,1839.98,288.3,snapshot,0,2026-10-06 20:03:43
Maharashtra,Nashik,Pimpalgaon,Tomato,Hybrid,FAQ,2026-07-13,1469.13,2081.01,1701.49,146.9,snapshot,0,2026-10-06 20:03:43
Maharashtra,Pune,Pune,Tomato,Hybrid,FAQ,2026-07-13,1495.58,2081.89,1700.41,290.7,snapshot,0,2026-10-06 20:03:43
Maharashtra,Ahilyanagar,Sangamner,Tomato,Hybrid,FAQ,2026-07-13,1613.57,2272.82,1917.56,408.1,snapshot,0,2026-10-06 20:03:43
Maharashtra,Ahilyanagar,Ahmednagar,Wheat,Lokwan,FAQ,2026-07-13,2550.69,2917.28,2684.37,100.9,snapshot,0,2026-10-06 20:05:18
Maharashtra,Akola,Akola,Wheat,Lokwan,FAQ,2026-07-13,2579.11,2839.5,2675.42,458.8,snapshot,0,2026-10-06 20:05:18
Maharashtra,Pune,Baramati,Wheat,Lokwan,FAQ,2026-07-13,2635.25,2860.6,2729.75,416.4,snapshot,0,2026-10-06 20:05:18
Maharashtra,Jalgaon,Jalgaon,Wheat,Lokwan,FAQ,2026-07-13,2532.65,2821.46,2621.21,131.2,snapshot,0,2026-10-06 20:05:18
Maharashtra,Kolhapur,Kolhapur,Wheat,Lokwan,FAQ,2026-07-13,2699.51,3001.8,2795.5,266.2,snapshot,0,2026-10-06 20:05:18
Maharashtra,Nashik,Lasalgaon,Wheat,Lokwan,FAQ,2026-07-13,2661.72,2976.69,2797.25,163.4,snapshot,0,2026-10-06 20:05:18
Maharashtra,Latur,Latur,Wheat,Lokwan,FAQ,2026-07-13,2717.67,2978.78,2810.48,424.1,snapshot,0,2026-10-06 20:05:18
Maharashtra,Mumbai,Mumbai,Wheat,Lokwan,FAQ,2026-07-13,2756.11,3042.96,2853.2,342.3,snapshot,0,2026-10-06 20:05:18
Maharashtra,Nagpur,Nagpur,Wheat,Lokwan,FAQ,2026-07-13,2568.7,2883.18,2671.01,187.8,snapshot,0,2026-10-06 20:05:18
Maharashtra,Nashik,Nashik,Wheat,Lokwan,FAQ,2026-07-13,2664.53,2887.71,2756.94,98.8,snapshot,0,2026-10-06 20:05:18
Maharashtra,Pune,Pune,Wheat,Lokwan,FAQ,2026-07-13,2482.2,2832.35,2628.13,490.8,snapshot,0,2026-10-06 20:05:18
Maharashtra,Ahilyanagar,Rahata,Wheat,Lokwan,FAQ,2026-07-13,2553.68,2807.48,2671.66,210.3,snapshot,0,2026-10-06 20:05:18
Maharashtra,Solapur,Solapur,Wheat,Lokwan,FAQ,2026-07-13,2594.52,2840.01,2708.46,476.0,snapshot,0,2026-10-06 20:05:18
Maharashtra,Nashik,Yeola,Wheat,Lokwan,FAQ,2026-07-13,2525.88,2815.84,2675.91,208.7,snapshot,0,2026-10-06 20:05:18
Maharashtra,Akola,Akola,Cotton,Medium Staple,FAQ,2026-07-11,7194.94,7662.8,7391.64,84.8,snapshot,0,2026-10-06 20:04:46
Maharashtra,Amravati,Amravati,Cotton,Medium Staple,FAQ,2026-07-11,7052.12,7635.13,7342.67,482.1,snapshot,0,2026-10-06 20:04:46
Maharashtra,Jalgaon,Jalgaon,Cotton,Medium Staple,FAQ,2026-07-11,7053.75,7760.07,7313.34,65.2,snapshot,0,2026-10-06 20:04:46
Maharashtra,Nagpur,Nagpur,Cotton,Medium Staple,FAQ,2026-07-11,7003.58,7594.73,7295.19,199.6,snapshot,0,2026-10-06 20:04:46
Maharashtra,Ahilyanagar,Ahmednagar,Onion,Red/Nasik,FAQ,2026-07-11,1874.66,2430.2,2140.34,279.2,snapshot,0,2026-10-06 20:03:59
Maharashtra,Pune,Baramati,Onion,Red/Nasik,FAQ,2026-07-11,1987.48,2705.14,2211.56,80.7,snapshot,0,2026-10-06 20:03:59
Maharashtra,Jalgaon,Jalgaon,Onion,Red/Nasik,FAQ,2026-07-11,1968.8,2637.04,2184.29,488.1,snapshot,0,2026-10-06 20:03:59
Maharashtra,Pune,Khed(Chakan),Onion,Red/Nasik,FAQ,2026-07-11,2084.12,2755.44,2366.91,384.1,snapshot,0,2026-10-06 20:03:59
Maharashtra,Kolhapur,Kolhapur,Onion,Red/Nasik,FAQ,2026-07-11,1947.08,2637.62,2272.03,104.9,snapshot,0,2026-10-06 20:03:59
Maharashtra,Nashik,Lasalgaon,Onion,Red/Nasik,FAQ,2026-07-11,2231.25,2754.1,2448.8,329.8,snapshot,0,2026-10-06 20:03:59
Maharashtra,Pune,Manchar,Onion,Red/Nasik,FAQ,2026-07-11,1978.19,2630.46,2270.85,80.3,snapshot,0,2026-10-06 20:03:59
Maharashtra,Mumbai,Mumbai,Onion,Red/Nasik,FAQ,2026-07-11,2048.68,2719.03,2419.85,385.3,snapshot,0,2026-10-06 20:03:59
Maharashtra,Pune,Narayangaon,Onion,Red/Nasik,FAQ,2026-07-11,1928.83,2748.8,2299.95,183.0,snapshot,0,2026-10-06 20:03:59
Maharashtra,Nashik,Nashik,Onion,Red/Nasik,FAQ,2026-07-11,1989.39,2674.25,2360.75,310.1,snapshot,0,2026-10-06 20:03:59
Maharashtra,Nashik,Pimpalgaon,Onion,Red/Nasik,FAQ,2026-07-11,1937.15,2651.23,2279.63,335.4,snapshot,0,2026-10-06 20:03:59
Maharashtra,Pune,Pune,Onion,Red/Nasik,FAQ,2026-07-11,1986.4,2833.88,2342.34,51.4,snapshot,0,2026-10-06 20:03:59
Maharashtra,Ahilyanagar,Rahata,Onion,Red/Nasik,FAQ,2026-07-11,1921.19,2650.04,2270.73,109.8,snapshot,0,2026-10-06 20:03:59
Maharashtra,Ahilyanagar,Sangamner,Onion,Red/Nasik,FAQ,2026-07-11,1677.63,2372.58,2057.96,288.2,snapshot,0,2026-10-06 20:03:59
Maharashtra,Solapur,Solapur,Onion,Red/Nasik,FAQ,2026-07-11,2107.68,2672.93,2389.58,404.0,snapshot,0,2026-10-06 20:03:59
Maharashtra,Nashik,Yeola,Onion,Red/Nasik,FAQ,2026-07-11,1850.64,2541.19,2215.86,265.6,snapshot,0,2026-10-06 20:03:59
Maharashtra,Pune,Khed(Chakan),Potato,Jyoti,FAQ,2026-07-11,1820.12,2229.06,1993.17,320.0,snapshot,0,2026-10-06 20:05:02
Maharashtra,Kolhapur,Kolhapur,Potato,Jyoti,FAQ,2026-07-11,1830.01,2306.38,1982.3,351.2,snapshot,0,2026-10-06 20:05:02
Maharashtra,Pune,Manchar,Potato,Jyoti,FAQ,2026-07-11,1627.5,2169.04,1833.57,365.1,snapshot,0,2026-10-06 20:05:02
Maharashtra,Mumbai,Mumbai,Potato,Jyoti,FAQ,2026-07-11,1763.62,2295.79,1994.65,236.9,snapshot,0,2026-10-06 20:05:02
Maharashtra,Pune,Narayangaon,Potato,Jyoti,FAQ,2026-07-11,1762.84,2316.25,1955.29,196.7,snapshot,0,2026-10-06 20:05:02
Maharashtra,Nashik,Nashik,Potato,Jyoti,FAQ,2026-07-11,1812.69,2223.76,1955.06,252.0,snapshot,0,2026-10-06 20:05:02
Maharashtra,Nashik,Pimpalgaon,Potato,Jyoti,FAQ,2026-07-11,1734.71,2362.82,1979.63,235.0,snapshot,0,2026-10-06 20:05:02
Maharashtra,Pune,Pune,Potato,Jyoti,FAQ,2026-07-11,1648.62,2062.86,1811.91,122.5,snapshot,0,2026-10-06 20:05:02
Maharashtra,Ahilyanagar,Ahmednagar,Red gram/Arhar/Tur(whole),White/Desi,FAQ,2026-07-11,10025.09,10974.97,10306.43,387.3,snapshot,0,2026-10-06 20:04:30
Maharashtra,Akola,Akola,Red gram/Arhar/Tur(whole),White/Desi,FAQ,2026-07-11,9825.06,10777.69,10239.89,174.8,snapshot,0,2026-10-06 20:04:30
Maharashtra,Amravati,Amravati,Red gram/Arhar/Tur(whole),White/Desi,FAQ,2026-07-11,10291.8,11300.41,10597.21,316.3,snapshot,0,2026-10-06 20:04:30
Maharashtra,Latur,Latur,Red gram/Arhar/Tur(whole),White/Desi,FAQ,2026-07-11,10325.88,11574.21,10807.35,164.0,snapshot,0,2026-10-06 20:04:30
Maharashtra,Solapur,Solapur,Red gram/Arhar/Tur(whole),White/Desi,FAQ,2026-07-11,10191.5,11153.1,10565.88,411.1,snapshot,0,2026-10-06 20:04:30
Maharashtra,Ahilyanagar,Ahmednagar,Soyabean,Yellow,FAQ,2026-07-11,4517.32,4939.27,4688.37,345.1,snapshot,0,2026-10-06 20:04:15
Maharashtra,Akola,Akola,Soyabean,Yellow,FAQ,2026-07-11,4634.39,4947.41,4752.63,271.1,snapshot,0,2026-10-06 20:04:15
Maharashtra,Amravati,Amravati,Soyabean,Yellow,FAQ,2026-07-11,4612.38,4888.69,4733.73,61.0,snapshot,0,2026-10-06 20:04:15
Maharashtra,Pune,Baramati,Soyabean,Yellow,FAQ,2026-07-11,4615.34,4982.93,4767.11,266.6,snapshot,0,2026-10-06 20:04:15
Maharashtra,Jalgaon,Jalgaon,Soyabean,Yellow,FAQ,2026-07-11,4533.11,4860.67,4677.84,122.4,snapshot,0,2026-10-06 20:04:15
Maharashtra,Latur,Latur,Soyabean,Yellow,FAQ,2026-07-11,4642.98,4995.07,4801.16,178.1,snapshot,0,2026-10-06 20:04:15
Maharashtra,Nagpur,Nagpur,Soyabean,Yellow,FAQ,2026-07-11,4543.67,4881.24,4707.76,409.0,snapshot,0,2026-10-06 20:04:15
Maharashtra,Pune,Pune,Soyabean,Yellow,FAQ,2026-07-11,4556.61,4887.63,4690.55,109.4,snapshot,0,2026-10-06 20:04:15
Maharashtra,Ahilyanagar,Rahata,Soyabean,Yellow,FAQ,2026-07-11,4557.08,4869.6,4684.81,195.4,snapshot,0,2026-10-06 20:04:15
Maharashtra,Ahilyanagar,Sangamner,Soyabean,Yellow,FAQ,2026-07-11,4606.42,4983.19,4727.11,499.6,snapshot,0,2026-10-06 20:04:15
Maharashtra,Solapur,Solapur,Soyabean,Yellow,FAQ,2026-07-11,4624.25,4924.49,4732.59,254.2,snapshot,0,2026-10-06 20:04:15
Maharashtra,Nashik,Yeola,Soyabean,Yellow,FAQ,2026-07-11,4563.59,4976.91,4730.43,169.3,snapshot,0,2026-10-06 20:04:15
Maharashtra,Pune,Baramati,Tomato,Hybrid,FAQ,2026-07-11,1742.33,2324.81,2020.03,381.7,snapshot,0,2026-10-06 20:03:43
Maharashtra,Pune,Khed(Chakan),Tomato,Hybrid,FAQ,2026-07-11,1611.01,2231.87,1853.81,444.9,snapshot,0,2026-10-06 20:03:43
Maharashtra,Kolhapur,Kolhapur,Tomato,Hybrid,FAQ,2026-07-11,1482.18,2196.65,1794.14,393.3,snapshot,0,2026-10-06 20:03:43
Maharashtra,Nashik,Lasalgaon,Tomato,Hybrid,FAQ,2026-07-11,1489.23,2126.94,1759.06,274.8,snapshot,0,2026-10-06 20:03:43
Maharashtra,Pune,Manchar,Tomato,Hybrid,FAQ,2026-07-11,1431.18,2052.61,1750.53,217.4,snapshot,0,2026-10-06 20:03:43
Maharashtra,Mumbai,Mumbai,Tomato,Hybrid,FAQ,2026-07-11,1547.1,2230.99,1859.32,477.6,snapshot,0,2026-10-06 20:03:43
Maharashtra,Nagpur,Nagpur,Tomato,Hybrid,FAQ,2026-07-11,1577.58,2111.26,1780.09,434.5,snapshot,0,2026-10-06 20:03:43
Maharashtra,Pune,Narayangaon,Tomato,Hybrid,FAQ,2026-07-11,1365.57,2066.32,1686.43,247.0,snapshot,0,2026-10-06 20:03:43
Maharashtra,Nashik,Nashik,Tomato,Hybrid,FAQ,2026-07-11,1647.16,2196.13,1839.79,84.0,snapshot,0,2026-10-06 20:03:43
Maharashtra,Nashik,Pimpalgaon,Tomato,Hybrid,FAQ,2026-07-11,1545.48,2143.54,1770.75,309.1,snapshot,0,2026-10-06 20:03:43
Maharashtra,Pune,Pune,Tomato,Hybrid,FAQ,2026-07-11,1481.29,2040.21,1689.09,52.2,snapshot,0,2026-10-06 20:03:43
Maharashtra,Ahilyanagar,Sangamner,Tomato,Hybrid,FAQ,2026-07-11,1681.83,2281.12,1909.92,109.8,snapshot,0,2026-10-06 20:03:43
Maharashtra,Ahilyanagar,Ahmednagar,Wheat,Lokwan,FAQ,2026-07-11,2607.83,2830.61,2700.93,238.5,snapshot,0,2026-10-06 20:05:18
Maharashtra,Akola,Akola,Wheat,Lokwan,FAQ,2026-07-11,2556.44,2859.46,2647.57,373.8,snapshot,0,2026-10-06 20:05:18
Maharashtra,Pune,Baramati,Wheat,Lokwan,FAQ,2026-07-11,2530.57,2891.88,2658.94,243.4,snapshot,0,2026-10-06 20:05:18
Maharashtra,Jalgaon,Jalgaon,Wheat,Lokwan,FAQ,2026-07-11,2507.55,2762.26,2623.2,255.6,snapshot,0,2026-10-06 20:05:18
Maharashtra,Kolhapur,Kolhapur,Wheat,Lokwan,FAQ,2026-07-11,2643.06,2905.55,2778.5,70.3,snapshot,0,2026-10-06 20:05:18
Maharashtra,Nashik,Lasalgaon,Wheat,Lokwan,FAQ,2026-07-11,2690.2,2963.75,2797.37,359.5,snapshot,0,2026-10-06 20:05:18
Maharashtra,Latur,Latur,Wheat,Lokwan,FAQ,2026-07-11,2729.53,2973.1,2818.18,61.6,snapshot,0,2026-10-06 20:05:18
Maharashtra,Mumbai,Mumbai,Wheat,Lokwan,FAQ,2026-07-11,2691.02,3008.53,2806.95,216.6,snapshot,0,2026-10-06 20:05:18
Maharashtra,Nagpur,Nagpur,Wheat,Lokwan,FAQ,2026-07-11,2590.46,2866.08,2681.19,365.8,snapshot,0,2026-10-06 20:05:18
Maharashtra,Nashik,Nashik,Wheat,Lokwan,FAQ,2026-07-11,2659.64,2949.78,2766.49,105.2,snapshot,0,2026-10-06 20:05:18
Maharashtra,Pune,Pune,Wheat,Lokwan,FAQ,2026-07-11,2461.02,2755.55,2614.35,484.6,snapshot,0,2026-10-06 20:05:18
Maharashtra,Ahilyanagar,Rahata,Wheat,Lokwan,FAQ,2026-07-11,2624.8,2885.19,2732.2,301.9,snapshot,0,2026-10-06 20:05:18
Maharashtra,Solapur,Solapur,Wheat,Lokwan,FAQ,2026-07-11,2585.81,2924.6,2703.3,253.1,snapshot,0,2026-10-06 20:05:18
Maharashtra,Nashik,Yeola,Wheat,Lokwan,FAQ,2026-07-11,2531.92,2847.07,2677.77,434.2,snapshot,0,2026-10-06 20:05:18
Maharashtra,Akola,Akola,Cotton,Medium Staple,FAQ,2026-07-10,7226.11,7684.17,7404.4,457.0,snapshot,0,2026-10-06 20:04:46
Maharashtra,Amravati,Amravati,Cotton,Medium Staple,FAQ,2026-07-10,7161.1,7778.3,7382.44,65.7,snapshot,0,2026-10-06 20:04:46
Maharashtra,Jalgaon,Jalgaon,Cotton,Medium Staple,FAQ,2026-07-10,7005.4,7593.3,7301.46,399.0,snapshot,0,2026-10-06 20:04:46
Maharashtra,Nagpur,Nagpur,Cotton,Medium Staple,FAQ,2026-07-10,7096.23,7717.92,7330.24,121.1,snapshot,0,2026-10-06 20:04:46
Maharashtra,Ahilyanagar,Ahmednagar,Onion,Red/Nasik,FAQ,2026-07-10,1947.28,2772.63,2279.51,219.9,snapshot,0,2026-10-06 20:03:59
Maharashtra,Pune,Baramati,Onion,Red/Nasik,FAQ,2026-07-10,1858.34,2716.03,2199.97,492.5,snapshot,0,2026-10-06 20:03:59
Maharashtra,Jalgaon,Jalgaon,Onion,Red/Nasik,FAQ,2026-07-10,1907.07,2685.06,2210.1,348.3,snapshot,0,2026-10-06 20:03:59
Maharashtra,Pune,Khed(Chakan),Onion,Red/Nasik,FAQ,2026-07-10,2051.12,2796.06,2353.54,159.7,snapshot,0,2026-10-06 20:03:59
Maharashtra,Kolhapur,Kolhapur,Onion,Red/Nasik,FAQ,2026-07-10,2129.35,2743.62,2356.04,181.3,snapshot,0,2026-10-06 20:03:59
Maharashtra,Nashik,Lasalgaon,Onion,Red/Nasik,FAQ,2026-07-10,2132.73,2788.33,2361.79,399.8,snapshot,0,2026-10-06 20:03:59
Maharashtra,Pune,Manchar,Onion,Red/Nasik,FAQ,2026-07-10,1921.42,2706.13,2270.96,472.3,snapshot,0,2026-10-06 20:03:59
Maharashtra,Mumbai,Mumbai,Onion,Red/Nasik,FAQ,2026-07-10,2187.18,2815.03,2407.39,450.2,snapshot,0,2026-10-06 20:03:59
Maharashtra,Pune,Narayangaon,Onion,Red/Nasik,FAQ,2026-07-10,2130.3,2659.85,2351.48,181.1,snapshot,0,2026-10-06 20:03:59
Maharashtra,Nashik,Nashik,Onion,Red/Nasik,FAQ,2026-07-10,1954.45,2658.38,2309.11,410.6,snapshot,0,2026-10-06 20:03:59
Maharashtra,Nashik,Pimpalgaon,Onion,Red/Nasik,FAQ,2026-07-10,1987.37,2759.47,2335.31,336.2,snapshot,0,2026-10-06 20:03:59
Maharashtra,Pune,Pune,Onion,Red/Nasik,FAQ,2026-07-10,1931.63,2570.44,2253.35,467.7,snapshot,0,2026-10-06 20:03:59
Maharashtra,Ahilyanagar,Rahata,Onion,Red/Nasik,FAQ,2026-07-10,1894.57,2577.47,2270.82,101.8,snapshot,0,2026-10-06 20:03:59
Maharashtra,Ahilyanagar,Sangamner,Onion,Red/Nasik,FAQ,2026-07-10,1836.18,2585.01,2143.09,192.0,snapshot,0,2026-10-06 20:03:59
Maharashtra,Solapur,Solapur,Onion,Red/Nasik,FAQ,2026-07-10,2105.07,2632.94,2319.48,185.7,snapshot,0,2026-10-06 20:03:59
Maharashtra,Nashik,Yeola,Onion,Red/Nasik,FAQ,2026-07-10,1923.66,2696.54,2200.02,83.1,snapshot,0,2026-10-06 20:03:59
Maharashtra,Pune,Khed(Chakan),Potato,Jyoti,FAQ,2026-07-10,1810.33,2278.59,1999.64,263.4,snapshot,0,2026-10-06 20:05:02
Maharashtra,Kolhapur,Kolhapur,Potato,Jyoti,FAQ,2026-07-10,1784.06,2226.74,1941.19,234.2,snapshot,0,2026-10-06 20:05:02
Maharashtra,Pune,Manchar,Potato,Jyoti,FAQ,2026-07-10,1631.74,2094.78,1855.66,138.7,snapshot,0,2026-10-06 20:05:02
Maharashtra,Mumbai,Mumbai,Potato,Jyoti,FAQ,2026-07-10,1718.88,2225.26,1966.62,350.7,snapshot,0,2026-10-06 20:05:02
Maharashtra,Pune,Narayangaon,Potato,Jyoti,FAQ,2026-07-10,1684.87,2283.84,1943.49,270.4,snapshot,0,2026-10-06 20:05:02
Maharashtra,Nashik,Nashik,Potato,Jyoti,FAQ,2026-07-10,1755.01,2339.98,1966.11,70.1,snapshot,0,2026-10-06 20:05:02
Maharashtra,Nashik,Pimpalgaon,Potato,Jyoti,FAQ,2026-07-10,1858.69,2238.83,2018.5,382.0,snapshot,0,2026-10-06 20:05:02
Maharashtra,Pune,Pune,Potato,Jyoti,FAQ,2026-07-10,1584.87,2197.61,1811.82,281.3,snapshot,0,2026-10-06 20:05:02
Maharashtra,Ahilyanagar,Ahmednagar,Red gram/Arhar/Tur(whole),White/Desi,FAQ,2026-07-10,10025.47,10860.78,10386.56,187.9,snapshot,0,2026-10-06 20:04:30
Maharashtra,Akola,Akola,Red gram/Arhar/Tur(whole),White/Desi,FAQ,2026-07-10,9947.83,11171.66,10395.99,79.8,snapshot,0,2026-10-06 20:04:30
Maharashtra,Amravati,Amravati,Red gram/Arhar/Tur(whole),White/Desi,FAQ,2026-07-10,10136.07,11287.42,10636.23,357.9,snapshot,0,2026-10-06 20:04:30
Maharashtra,Latur,Latur,Red gram/Arhar/Tur(whole),White/Desi,FAQ,2026-07-10,10373.89,11292.1,10762.95,143.2,snapshot,0,2026-10-06 20:04:30
Maharashtra,Solapur,Solapur,Red gram/Arhar/Tur(whole),White/Desi,FAQ,2026-07-10,10325.84,11367.19,10626.2,107.0,snapshot,0,2026-10-06 20:04:30
Maharashtra,Ahilyanagar,Ahmednagar,Soyabean,Yellow,FAQ,2026-07-10,4524.26,4832.88,4652.74,391.8,snapshot,0,2026-10-06 20:04:15
Maharashtra,Akola,Akola,Soyabean,Yellow,FAQ,2026-07-10,4580.21,4989.27,4753.22,348.0,snapshot,0,2026-10-06 20:04:15
Maharashtra,Amravati,Amravati,Soyabean,Yellow,FAQ,2026-07-10,4599.72,4976.13,4721.67,349.2,snapshot,0,2026-10-06 20:04:15
Maharashtra,Pune,Baramati,Soyabean,Yellow,FAQ,2026-07-10,4582.27,4993.96,4734.56,202.8,snapshot,0,2026-10-06 20:04:15
Maharashtra,Jalgaon,Jalgaon,Soyabean,Yellow,FAQ,2026-07-10,4468.18,4817.24,4622.29,412.7,snapshot,0,2026-10-06 20:04:15
Maharashtra,Latur,Latur,Soyabean,Yellow,FAQ,2026-07-10,4607.71,5046.01,4796.32,320.0,snapshot,0,2026-10-06 20:04:15
Maharashtra,Nagpur,Nagpur,Soyabean,Yellow,FAQ,2026-07-10,4487.59,4843.77,4681.96,114.1,snapshot,0,2026-10-06 20:04:15
Maharashtra,Pune,Pune,Soyabean,Yellow,FAQ,2026-07-10,4492.39,4916.16,4668.65,246.9,snapshot,0,2026-10-06 20:04:15
Maharashtra,Ahilyanagar,Rahata,Soyabean,Yellow,FAQ,2026-07-10,4601.25,4956.45,4747.33,240.1,snapshot,0,2026-10-06 20:04:15
Maharashtra,Ahilyanagar,Sangamner,Soyabean,Yellow,FAQ,2026-07-10,4570.73,4893.88,4689.51,205.7,snapshot,0,2026-10-06 20:04:15
Maharashtra,Solapur,Solapur,Soyabean,Yellow,FAQ,2026-07-10,4653.23,4986.95,4763.93,139.1,snapshot,0,2026-10-06 20:04:15
Maharashtra,Nashik,Yeola,Soyabean,Yellow,FAQ,2026-07-10,4573.32,4924.46,4722.94,224.0,snapshot,0,2026-10-06 20:04:15
Maharashtra,Pune,Baramati,Tomato,Hybrid,FAQ,2026-07-10,1667.89,2201.54,1906.23,391.7,snapshot,0,2026-10-06 20:03:43
Maharashtra,Pune,Khed(Chakan),Tomato,Hybrid,FAQ,2026-07-10,1586.74,2210.97,1863.18,305.6,snapshot,0,2026-10-06 20:03:43
Maharashtra,Kolhapur,Kolhapur,Tomato,Hybrid,FAQ,2026-07-10,1343.19,1981.43,1630.24,332.1,snapshot,0,2026-10-06 20:03:43
Maharashtra,Nashik,Lasalgaon,Tomato,Hybrid,FAQ,2026-07-10,1564.65,2182.53,1811.98,426.2,snapshot,0,2026-10-06 20:03:43
Maharashtra,Pune,Manchar,Tomato,Hybrid,FAQ,2026-07-10,1407.32,1978.61,1714.09,414.9,snapshot,0,2026-10-06 20:03:43
Maharashtra,Mumbai,Mumbai,Tomato,Hybrid,FAQ,2026-07-10,1564.37,2322.98,1887.16,476.1,snapshot,0,2026-10-06 20:03:43
Maharashtra,Nagpur,Nagpur,Tomato,Hybrid,FAQ,2026-07-10,1452.67,2164.21,1732.8,95.3,snapshot,0,2026-10-06 20:03:43
Maharashtra,Pune,Narayangaon,Tomato,Hybrid,FAQ,2026-07-10,1382.96,2021.19,1665.79,393.8,snapshot,0,2026-10-06 20:03:43
Maharashtra,Nashik,Nashik,Tomato,Hybrid,FAQ,2026-07-10,1510.57,2188.99,1779.65,200.0,snapshot,0,2026-10-06 20:03:43
Maharashtra,Nashik,Pimpalgaon,Tomato,Hybrid,FAQ,2026-07-10,1438.21,2139.14,1708.51,186.3,snapshot,0,2026-10-06 20:03:43
Maharashtra,Pune,Pune,Tomato,Hybrid,FAQ,2026-07-10,1428.71,2137.57,1705.21,80.0,snapshot,0,2026-10-06 20:03:43
Maharashtra,Ahilyanagar,Sangamner,Tomato,Hybrid,FAQ,2026-07-10,1575.82,2201.45,1780.05,142.1,snapshot,0,2026-10-06 20:03:43
Maharashtra,Ahilyanagar,Ahmednagar,Wheat,Lokwan,FAQ,2026-07-10,2567.97,2815.11,2660.67,295.1,snapshot,0,2026-10-06 20:05:18
Maharashtra,Akola,Akola,Wheat,Lokwan,FAQ,2026-07-10,2570.56,2891.43,2705.95,123.2,snapshot,0,2026-10-06 20:05:18
Maharashtra,Pune,Baramati,Wheat,Lokwan,FAQ,2026-07-10,2577.08,2874.31,2684.17,51.1,snapshot,0,2026-10-06 20:05:18
Maharashtra,Jalgaon,Jalgaon,Wheat,Lokwan,FAQ,2026-07-10,2512.21,2840.87,2636.08,220.5,snapshot,0,2026-10-06 20:05:18
Maharashtra,Kolhapur,Kolhapur,Wheat,Lokwan,FAQ,2026-07-10,2679.82,3010.22,2779.95,228.7,snapshot,0,2026-10-06 20:05:18
Maharashtra,Nashik,Lasalgaon,Wheat,Lokwan,FAQ,2026-07-10,2689.07,3022.83,2827.16,274.2,snapshot,0,2026-10-06 20:05:18
Maharashtra,Latur,Latur,Wheat,Lokwan,FAQ,2026-07-10,2674.68,2998.35,2803.64,471.8,snapshot,0,2026-10-06 20:05:18
Maharashtra,Mumbai,Mumbai,Wheat,Lokwan,FAQ,2026-07-10,2680.8,2972.94,2795.04,466.9,snapshot,0,2026-10-06 20:05:18
Maharashtra,Nagpur,Nagpur,Wheat,Lokwan,FAQ,2026-07-10,2516.4,2836.95,2670.52,381.0,snapshot,0,2026-10-06 20:05:18
Maharashtra,Nashik,Nashik,Wheat,Lokwan,FAQ,2026-07-10,2654.01,2937.15,2756.75,468.0,snapshot,0,2026-10-06 20:05:18
Maharashtra,Pune,Pune,Wheat,Lokwan,FAQ,2026-07-10,2499.09,2830.88,2617.78,383.4,snapshot,0,2026-10-06 20:05:18
Maharashtra,Ahilyanagar,Rahata,Wheat,Lokwan,FAQ,2026-07-10,2611.32,2973.83,2739.95,315.8,snapshot,0,2026-10-06 20:05:18
Maharashtra,Solapur,Solapur,Wheat,Lokwan,FAQ,2026-07-10,2644.53,2880.23,2729.71,242.0,snapshot,0,2026-10-06 20:05:18
Maharashtra,Nashik,Yeola,Wheat,Lokwan,FAQ,2026-07-10,2552.57,2824.56,2683.39,97.0,snapshot,0,2026-10-06 20:05:18
Maharashtra,Akola,Akola,Cotton,Medium Staple,FAQ,2026-07-09,7138.67,7642.64,7327.83,421.8,snapshot,0,2026-10-06 20:04:46
Maharashtra,Amravati,Amravati,Cotton,Medium Staple,FAQ,2026-07-09,7176.52,7782.22,7474.01,185.7,snapshot,0,2026-10-06 20:04:46
Maharashtra,Jalgaon,Jalgaon,Cotton,Medium Staple,FAQ,2026-07-09,7113.8,7690.13,7422.38,426.0,snapshot,0,2026-10-06 20:04:46
Maharashtra,Nagpur,Nagpur,Cotton,Medium Staple,FAQ,2026-07-09,7128.5,7780.88,7342.99,280.7,snapshot,0,2026-10-06 20:04:46
Maharashtra,Ahilyanagar,Ahmednagar,Onion,Red/Nasik,FAQ,2026-07-09,1931.53,2720.49,2314.03,162.0,snapshot,0,2026-10-06 20:03:59
Maharashtra,Pune,Baramati,Onion,Red/Nasik,FAQ,2026-07-09,1926.47,2668.87,2223.15,105.4,snapshot,0,2026-10-06 20:03:59
Maharashtra,Jalgaon,Jalgaon,Onion,Red/Nasik,FAQ,2026-07-09,1992.69,2635.74,2231.83,290.4,snapshot,0,2026-10-06 20:03:59
Maharashtra,Pune,Khed(Chakan),Onion,Red/Nasik,FAQ,2026-07-09,2166.49,2732.48,2392.91,203.6,snapshot,0,2026-10-06 20:03:59
Maharashtra,Kolhapur,Kolhapur,Onion,Red/Nasik,FAQ,2026-07-09,1978.28,2632.9,2341.58,181.9,snapshot,0,2026-10-06 20:03:59
Maharashtra,Nashik,Lasalgaon,Onion,Red/Nasik,FAQ,2026-07-09,2095.78,2870.04,2388.06,91.0,snapshot,0,2026-10-06 20:03:59
Maharashtra,Pune,Manchar,Onion,Red/Nasik,FAQ,2026-07-09,1952.38,2707.84,2259.18,489.1,snapshot,0,2026-10-06 20:03:59
Maharashtra,Mumbai,Mumbai,Onion,Red/Nasik,FAQ,2026-07-09,2065.5,2783.17,2328.83,480.9,snapshot,0,2026-10-06 20:03:59
Maharashtra,Pune,Narayangaon,Onion,Red/Nasik,FAQ,2026-07-09,2062.26,2711.2,2274.32,358.7,snapshot,0,2026-10-06 20:03:59
Maharashtra,Nashik,Nashik,Onion,Red/Nasik,FAQ,2026-07-09,1984.06,2711.68,2325.07,496.6,snapshot,0,2026-10-06 20:03:59
Maharashtra,Nashik,Pimpalgaon,Onion,Red/Nasik,FAQ,2026-07-09,2022.13,2845.92,2356.65,468.6,snapshot,0,2026-10-06 20:03:59
Maharashtra,Pune,Pune,Onion,Red/Nasik,FAQ,2026-07-09,1879.65,2722.26,2230.07,226.9,snapshot,0,2026-10-06 20:03:59
Maharashtra,Ahilyanagar,Rahata,Onion,Red/Nasik,FAQ,2026-07-09,1928.52,2599.9,2253.65,209.9,snapshot,0,2026-10-06 20:03:59
Maharashtra,Ahilyanagar,Sangamner,Onion,Red/Nasik,FAQ,2026-07-09,1868.55,2587.72,2256.07,248.0,snapshot,0,2026-10-06 20:03:59
Maharashtra,Solapur,Solapur,Onion,Red/Nasik,FAQ,2026-07-09,2118.62,2814.32,2354.19,233.0,snapshot,0,2026-10-06 20:03:59
Maharashtra,Nashik,Yeola,Onion,Red/Nasik,FAQ,2026-07-09,2041.65,2615.28,2279.67,374.1,snapshot,0,2026-10-06 20:03:59
Maharashtra,Pune,Khed(Chakan),Potato,Jyoti,FAQ,2026-07-09,1830.76,2311.5,2005.09,198.2,snapshot,0,2026-10-06 20:05:02
Maharashtra,Kolhapur,Kolhapur,Potato,Jyoti,FAQ,2026-07-09,1822.37,2365.03,1978.61,43.8,snapshot,0,2026-10-06 20:05:02
Maharashtra,Pune,Manchar,Potato,Jyoti,FAQ,2026-07-09,1704.75,2268.47,1923.86,245.4,snapshot,0,2026-10-06 20:05:02
Maharashtra,Mumbai,Mumbai,Potato,Jyoti,FAQ,2026-07-09,1777.54,2276.02,2012.47,64.7,snapshot,0,2026-10-06 20:05:02
Maharashtra,Pune,Narayangaon,Potato,Jyoti,FAQ,2026-07-09,1713.0,2238.82,1892.81,104.4,snapshot,0,2026-10-06 20:05:02
Maharashtra,Nashik,Nashik,Potato,Jyoti,FAQ,2026-07-09,1720.31,2194.23,1939.66,338.1,snapshot,0,2026-10-06 20:05:02
Maharashtra,Nashik,Pimpalgaon,Potato,Jyoti,FAQ,2026-07-09,1854.62,2345.55,2004.16,474.6,snapshot,0,2026-10-06 20:05:02
Maharashtra,Pune,Pune,Potato,Jyoti,FAQ,2026-07-09,1659.96,2071.13,1822.18,262.7,snapshot,0,2026-10-06 20:05:02
Maharashtra,Ahilyanagar,Ahmednagar,Red gram/Arhar/Tur(whole),White/Desi,FAQ,2026-07-09,9946.01,10920.92,10410.19,183.3,snapshot,0,2026-10-06 20:04:30
Maharashtra,Akola,Akola,Red gram/Arhar/Tur(whole),White/Desi,FAQ,2026-07-09,10075.74,11123.78,10359.27,158.0,snapshot,0,2026-10-06 20:04:30
Maharashtra,Amravati,Amravati,Red gram/Arhar/Tur(whole),White/Desi,FAQ,2026-07-09,10058.51,11148.96,10449.53,86.7,snapshot,0,2026-10-06 20:04:30
Maharashtra,Latur,Latur,Red gram/Arhar/Tur(whole),White/Desi,FAQ,2026-07-09,10234.59,11322.72,10628.17,70.0,snapshot,0,2026-10-06 20:04:30
Maharashtra,Solapur,Solapur,Red gram/Arhar/Tur(whole),White/Desi,FAQ,2026-07-09,10089.83,10904.82,10473.69,70.5,snapshot,0,2026-10-06 20:04:30
Maharashtra,Ahilyanagar,Ahmednagar,Soyabean,Yellow,FAQ,2026-07-09,4503.48,4775.75,4632.15,195.5,snapshot,0,2026-10-06 20:04:15
Maharashtra,Akola,Akola,Soyabean,Yellow,FAQ,2026-07-09,4537.97,4834.56,4692.69,355.7,snapshot,0,2026-10-06 20:04:15
Maharashtra,Amravati,Amravati,Soyabean,Yellow,FAQ,2026-07-09,4589.6,4935.25,4702.85,191.3,snapshot,0,2026-10-06 20:04:15
Maharashtra,Pune,Baramati,Soyabean,Yellow,FAQ,2026-07-09,4656.34,5000.25,4787.19,185.6,snapshot,0,2026-10-06 20:04:15
Maharashtra,Jalgaon,Jalgaon,Soyabean,Yellow,FAQ,2026-07-09,4460.55,4797.83,4623.8,247.9,snapshot,0,2026-10-06 20:04:15
Maharashtra,Latur,Latur,Soyabean,Yellow,FAQ,2026-07-09,4586.81,4960.02,4763.08,444.0,snapshot,0,2026-10-06 20:04:15
Maharashtra,Nagpur,Nagpur,Soyabean,Yellow,FAQ,2026-07-09,4526.96,4875.22,4633.61,415.6,snapshot,0,2026-10-06 20:04:15
Maharashtra,Pune,Pune,Soyabean,Yellow,FAQ,2026-07-09,4563.31,4909.48,4713.95,295.0,snapshot,0,2026-10-06 20:04:15
Maharashtra,Ahilyanagar,Rahata,Soyabean,Yellow,FAQ,2026-07-09,4582.72,4847.08,4704.47,412.2,snapshot,0,2026-10-06 20:04:15
Maharashtra,Ahilyanagar,Sangamner,Soyabean,Yellow,FAQ,2026-07-09,4518.11,4906.63,4712.03,462.9,snapshot,0,2026-10-06 20:04:15
Maharashtra,Nashik,Yeola,Soyabean,Yellow,FAQ,2026-07-09,4580.81,4910.76,4735.44,382.8,snapshot,0,2026-10-06 20:04:15
Maharashtra,Pune,Baramati,Tomato,Hybrid,FAQ,2026-07-09,1564.33,2122.25,1797.79,161.0,snapshot,0,2026-10-06 20:03:43
Maharashtra,Pune,Khed(Chakan),Tomato,Hybrid,FAQ,2026-07-09,1628.7,2329.39,1910.41,390.3,snapshot,0,2026-10-06 20:03:43
Maharashtra,Kolhapur,Kolhapur,Tomato,Hybrid,FAQ,2026-07-09,1567.53,2189.17,1773.11,227.5,snapshot,0,2026-10-06 20:03:43
Maharashtra,Nashik,Lasalgaon,Tomato,Hybrid,FAQ,2026-07-09,1550.81,2116.73,1871.62,469.4,snapshot,0,2026-10-06 20:03:43
Maharashtra,Pune,Manchar,Tomato,Hybrid,FAQ,2026-07-09,1526.04,2091.59,1754.67,326.0,snapshot,0,2026-10-06 20:03:43
Maharashtra,Mumbai,Mumbai,Tomato,Hybrid,FAQ,2026-07-09,1734.65,2368.62,1936.19,213.4,snapshot,0,2026-10-06 20:03:43
Maharashtra,Nagpur,Nagpur,Tomato,Hybrid,FAQ,2026-07-09,1383.59,1908.14,1658.47,226.1,snapshot,0,2026-10-06 20:03:43
Maharashtra,Pune,Narayangaon,Tomato,Hybrid,FAQ,2026-07-09,1507.74,2005.62,1695.67,499.8,snapshot,0,2026-10-06 20:03:43
Maharashtra,Nashik,Nashik,Tomato,Hybrid,FAQ,2026-07-09,1590.98,2142.96,1792.98,477.1,snapshot,0,2026-10-06 20:03:43
Maharashtra,Nashik,Pimpalgaon,Tomato,Hybrid,FAQ,2026-07-09,1499.29,2210.83,1820.15,192.7,snapshot,0,2026-10-06 20:03:43
Maharashtra,Pune,Pune,Tomato,Hybrid,FAQ,2026-07-09,1502.22,2010.34,1718.47,378.8,snapshot,0,2026-10-06 20:03:43
Maharashtra,Ahilyanagar,Sangamner,Tomato,Hybrid,FAQ,2026-07-09,1618.96,2296.25,1853.59,499.3,snapshot,0,2026-10-06 20:03:43
Maharashtra,Ahilyanagar,Ahmednagar,Wheat,Lokwan,FAQ,2026-07-09,2542.28,2911.72,2691.07,47.1,snapshot,0,2026-10-06 20:05:18
Maharashtra,Akola,Akola,Wheat,Lokwan,FAQ,2026-07-09,2616.58,2870.3,2707.12,114.6,snapshot,0,2026-10-06 20:05:18
Maharashtra,Pune,Baramati,Wheat,Lokwan,FAQ,2026-07-09,2557.25,2861.36,2689.62,200.2,snapshot,0,2026-10-06 20:05:18
Maharashtra,Jalgaon,Jalgaon,Wheat,Lokwan,FAQ,2026-07-09,2504.67,2811.88,2636.89,453.8,snapshot,0,2026-10-06 20:05:18
Maharashtra,Kolhapur,Kolhapur,Wheat,Lokwan,FAQ,2026-07-09,2628.18,2910.41,2780.19,112.6,snapshot,0,2026-10-06 20:05:18
Maharashtra,Nashik,Lasalgaon,Wheat,Lokwan,FAQ,2026-07-09,2682.82,2947.6,2814.59,274.0,snapshot,0,2026-10-06 20:05:18
Maharashtra,Latur,Latur,Wheat,Lokwan,FAQ,2026-07-09,2701.25,3040.69,2829.75,47.8,snapshot,0,2026-10-06 20:05:18
Maharashtra,Mumbai,Mumbai,Wheat,Lokwan,FAQ,2026-07-09,2634.23,2977.54,2769.81,116.2,snapshot,0,2026-10-06 20:05:18
Maharashtra,Nagpur,Nagpur,Wheat,Lokwan,FAQ,2026-07-09,2530.7,2788.97,2647.89,254.4,snapshot,0,2026-10-06 20:05:18
Maharashtra,Nashik,Nashik,Wheat,Lokwan,FAQ,2026-07-09,2587.31,2927.44,2741.01,307.0,snapshot,0,2026-10-06 20:05:18
Maharashtra,Pune,Pune,Wheat,Lokwan,FAQ,2026-07-09,2481.93,2779.47,2625.72,419.4,snapshot,0,2026-10-06 20:05:18
Maharashtra,Ahilyanagar,Rahata,Wheat,Lokwan,FAQ,2026-07-09,2615.54,2938.2,2745.36,103.7,snapshot,0,2026-10-06 20:05:18
Maharashtra,Solapur,Solapur,Wheat,Lokwan,FAQ,2026-07-09,2639.74,2929.08,2770.47,152.5,snapshot,0,2026-10-06 20:05:18
Maharashtra,Nashik,Yeola,Wheat,Lokwan,FAQ,2026-07-09,2584.58,2856.3,2702.65,443.3,snapshot,0,2026-10-06 20:05:18
