state,district,market,commodity,variety,grade,arrival_date,min_price,max_price,modal_price,arrival_quantity,source,is_sample,fetched_at
Maharashtra,Pune,Pune,Onion,Red/Nasik,FAQ,2026-07-10,2083.29,2676.37,2342.8,378.8,sample,1,2026-10-08T22:44:27.470897
Maharashtra,Pune,Pune,Onion,Red/Nasik,FAQ,2026-07-11,2002.7,2828.63,2334.51,80.0,sample,1,2026-10-08T22:44:27.470933
Maharashtra,Pune,Pune,Onion,Red/Nasik,FAQ,2026-07-13,2075.09,2725.73,2324.44,52.2,sample,1,2026-10-08T22:44:27.470959
Maharashtra,Pune,Pune,Onion,Red/Nasik,FAQ,2026-07-14,2085.72,2767.48,2331.51,290.7,sample,1,2026-10-08T22:44:27.470977
Maharashtra,Pune,Pune,Onion,Red/Nasik,FAQ,2026-07-15,1989.05,2626.31,2344.75,410.7,sample,1,2026-10-08T22:44:27.470994
Maharashtra,Pune,Pune,Onion,Red/Nasik,FAQ,2026-07-16,2074.9,2772.23,2410.57,111.5,sample,1,2026-10-08T22:44:27.471011
Maharashtra,Pune,Pune,Onion,Red/Nasik,FAQ,2026-07-17,2224.52,2754.42,2451.21,429.8,sample,1,2026-10-08T22:44:27.471024
Maharashtra,Pune,Pune,Onion,Red/Nasik,FAQ,2026-07-18,2115.45,2907.83,2434.12,375.7,sample,1,2026-10-08T22:44:27.471040
Maharashtra,Pune,Pune,Onion,Red/Nasik,FAQ,2026-07-20,2020.78,2711.41,2298.92,421.5,sample,1,2026-10-08T22:44:27.471056
Maharashtra,Pune,Pune,Onion,Red/Nasik,FAQ,2026-07-21,1949.8,2757.94,2271.13,305.6,sample,1,2026-10-08T22:44:27.471069
Maharashtra,Pune,Pune,Onion,Red/Nasik,FAQ,2026-07-22,2019.74,2620.21,2270.76,76.7,sample,1,2026-10-08T22:44:27.471082
Maharashtra,Pune,Pune,Onion,Red/Nasik,FAQ,2026-07-23,2008.13,2564.27,2260.03,167.9,sample,1,2026-10-08T22:44:27.471095
Maharashtra,Pune,Pune,Onion,Red/Nasik,FAQ,2026-07-24,1956.55,2563.46,2233.18,162.8,sample,1,2026-10-08T22:44:27.471109
Maharashtra,Pune,Pune,Onion,Red/Nasik,FAQ,2026-07-25,1824.55,2638.68,2203.15,320.2,sample,1,2026-10-08T22:44:27.471123
Maharashtra,Pune,Pune,Onion,Red/Nasik,FAQ,2026-07-27,2009.51,2619.99,2248.92,495.2,sample,1,2026-10-08T22:44:27.471136
Maharashtra,Pune,Pune,Onion,Red/Nasik,FAQ,2026-07-28,1999.87,2738.74,2325.07,354.9,sample,1,2026-10-08T22:44:27.471148
Maharashtra,Pune,Pune,Onion,Red/Nasik,FAQ,2026-07-29,2122.73,2661.66,2373.96,185.1,sample,1,2026-10-08T22:44:27.471162
Maharashtra,Pune,Pune,Onion,Red/Nasik,FAQ,2026-07-30,2042.39,2631.22,2300.58,473.7,sample,1,2026-10-08T22:44:27.471174
Maharashtra,Pune,Pune,Onion,Red/Nasik,FAQ,2026-07-31,2006.07,2709.0,2334.05,460.7,sample,1,2026-10-08T22:44:27.471187
Maharashtra,Pune,Pune,Onion,Red/Nasik,FAQ,2026-08-01,2011.79,2647.95,2304.38,153.4,sample,1,2026-10-08T22:44:27.471200
Maharashtra,Pune,Pune,Onion,Red/Nasik,FAQ,2026-08-03,1955.26,2765.97,2270.49,223.7,sample,1,2026-10-08T22:44:27.471219
Maharashtra,Pune,Pune,Onion,Red/Nasik,FAQ,2026-08-04,2010.3,2779.19,2259.78,274.4,sample,1,2026-10-08T22:44:27.471231
Maharashtra,Pune,Pune,Onion,Red/Nasik,FAQ,2026-08-05,2047.62,2707.95,2277.36,404.4,sample,1,2026-10-08T22:44:27.471244
Maharashtra,Pune,Pune,Onion,Red/Nasik,FAQ,2026-08-06,2003.4,2584.64,2289.39,215.5,sample,1,2026-10-08T22:44:27.471259
Maharashtra,Pune,Pune,Onion,Red/Nasik,FAQ,2026-08-07,1968.98,2840.36,2353.77,45.3,sample,1,2026-10-08T22:44:27.471274
Maharashtra,Pune,Pune,Onion,Red/Nasik,FAQ,2026-08-08,2012.36,2795.7,2352.09,287.0,sample,1,2026-10-08T22:44:27.471287
Maharashtra,Pune,Pune,Onion,Red/Nasik,FAQ,2026-08-10,2114.35,2728.77,2344.43,248.7,sample,1,2026-10-08T22:44:27.471301
Maharashtra,Pune,Pune,Onion,Red/Nasik,FAQ,2026-08-11,2034.18,2906.07,2415.87,161.2,sample,1,2026-10-08T22:44:27.471314
Maharashtra,Pune,Pune,Onion,Red/Nasik,FAQ,2026-08-12,2006.94,2870.13,2381.21,177.3,sample,1,2026-10-08T22:44:27.471326
Maharashtra,Pune,Pune,Onion,Red/Nasik,FAQ,2026-08-13,2054.52,2805.68,2379.53,110.3,sample,1,2026-10-08T22:44:27.471338
Maharashtra,Pune,Pune,Onion,Red/Nasik,FAQ,2026-08-14,2032.79,2790.22,2382.94,40.3,sample,1,2026-10-08T22:44:27.471350
Maharashtra,Pune,Pune,Onion,Red/Nasik,FAQ,2026-08-15,2050.88,2603.9,2319.23,467.4,sample,1,2026-10-08T22:44:27.471363
Maharashtra,Pune,Pune,Onion,Red/Nasik,FAQ,2026-08-17,2123.7,2682.95,2389.05,443.9,sample,1,2026-10-08T22:44:27.471377
Maharashtra,Pune,Pune,Onion,Red/Nasik,FAQ,2026-08-18,1941.48,2622.49,2321.93,263.6,sample,1,2026-10-08T22:44:27.471391
Maharashtra,Pune,Pune,Onion,Red/Nasik,FAQ,2026-08-19,2052.16,2710.82,2400.01,258.6,sample,1,2026-10-08T22:44:27.471404
Maharashtra,Pune,Pune,Onion,Red/Nasik,FAQ,2026-08-20,2124.17,2776.74,2433.13,441.3,sample,1,2026-10-08T22:44:27.471416
Maharashtra,Pune,Pune,Onion,Red/Nasik,FAQ,2026-08-21,2091.35,2853.6,2398.42,132.5,sample,1,2026-10-08T22:44:27.471429
Maharashtra,Pune,Pune,Onion,Red/Nasik,FAQ,2026-08-22,2145.91,2930.86,2412.02,338.9,sample,1,2026-10-08T22:44:27.471441
Maharashtra,Pune,Pune,Onion,Red/Nasik,FAQ,2026-08-24,2121.28,2686.99,2353.06,195.5,sample,1,2026-10-08T22:44:27.471454
Maharashtra,Pune,Pune,Onion,Red/Nasik,FAQ,2026-08-25,2059.9,2711.03,2375.8,141.3,sample,1,2026-10-08T22:44:27.471467
Maharashtra,Pune,Pune,Onion,Red/Nasik,FAQ,2026-08-26,2187.0,2935.51,2438.21,435.4,sample,1,2026-10-08T22:44:27.471480
Maharashtra,Pune,Pune,Onion,Red/Nasik,FAQ,2026-08-27,2241.51,2801.38,2464.26,347.7,sample,1,2026-10-08T22:44:27.471494
Maharashtra,Pune,Pune,Onion,Red/Nasik,FAQ,2026-08-28,2086.09,2881.53,2464.48,257.4,sample,1,2026-10-08T22:44:27.471507
Maharashtra,Pune,Pune,Onion,Red/Nasik,FAQ,2026-08-29,2133.49,2958.52,2484.72,127.6,sample,1,2026-10-08T22:44:27.471521
Maharashtra,Pune,Pune,Onion,Red/Nasik,FAQ,2026-08-31,2235.3,2913.63,2521.54,375.4,sample,1,2026-10-08T22:44:27.471534
Maharashtra,Pune,Pune,Onion,Red/Nasik,FAQ,2026-09-01,2212.13,3059.54,2543.34,85.3,sample,1,2026-10-08T22:44:27.471546
Maharashtra,Pune,Pune,Onion,Red/Nasik,FAQ,2026-09-02,2131.31,2836.09,2496.41,127.5,sample,1,2026-10-08T22:44:27.471559
Maharashtra,Pune,Pune,Onion,Red/Nasik,FAQ,2026-09-03,2224.49,2896.49,2515.24,168.1,sample,1,2026-10-08T22:44:27.471571
Maharashtra,Pune,Pune,Onion,Red/Nasik,FAQ,2026-09-04,2217.36,2993.84,2507.12,293.1,sample,1,2026-10-08T22:44:27.471584
Maharashtra,Pune,Pune,Onion,Red/Nasik,FAQ,2026-09-05,2393.45,3132.39,2612.56,424.6,sample,1,2026-10-08T22:44:27.471596
Maharashtra,Pune,Pune,Onion,Red/Nasik,FAQ,2026-09-07,2348.71,3031.39,2711.48,263.4,sample,1,2026-10-08T22:44:27.471610
Maharashtra,Pune,Pune,Onion,Red/Nasik,FAQ,2026-09-08,2422.83,3047.55,2671.3,67.0,sample,1,2026-10-08T22:44:27.471750
Maharashtra,Pune,Pune,Onion,Red/Nasik,FAQ,2026-09-09,2292.24,3018.16,2549.98,249.3,sample,1,2026-10-08T22:44:27.471783
Maharashtra,Pune,Pune,Onion,Red/Nasik,FAQ,2026-09-10,2353.96,3149.86,2640.1,497.9,sample,1,2026-10-08T22:44:27.471796
Maharashtra,Pune,Pune,Onion,Red/Nasik,FAQ,2026-09-11,2312.97,2902.04,2550.83,485.6,sample,1,2026-10-08T22:44:27.471807
Maharashtra,Pune,Pune,Onion,Red/Nasik,FAQ,2026-09-12,2199.21,2923.59,2513.46,384.1,sample,1,2026-10-08T22:44:27.471815
Maharashtra,Pune,Pune,Onion,Red/Nasik,FAQ,2026-09-14,2266.79,3051.95,2567.3,112.4,sample,1,2026-10-08T22:44:27.471826
Maharashtra,Pune,Pune,Onion,Red/Nasik,FAQ,2026-09-15,2196.78,2878.95,2579.72,125.5,sample,1,2026-10-08T22:44:27.471835
Maharashtra,Pune,Pune,Onion,Red/Nasik,FAQ,2026-09-16,2253.88,2814.99,2506.22,449.5,sample,1,2026-10-08T22:44:27.471843
Maharashtra,Pune,Pune,Onion,Red/Nasik,FAQ,2026-09-17,2201.93,2878.93,2456.25,324.9,sample,1,2026-10-08T22:44:27.471850
Maharashtra,Pune,Pune,Onion,Red/Nasik,FAQ,2026-09-18,2088.99,2897.42,2393.09,134.0,sample,1,2026-10-08T22:44:27.471860
Maharashtra,Pune,Pune,Onion,Red/Nasik,FAQ,2026-09-19,2084.2,2760.39,2423.11,222.1,sample,1,2026-10-08T22:44:27.471867
Maharashtra,Pune,Pune,Onion,Red/Nasik,FAQ,2026-09-21,2132.59,2859.95,2399.5,73.4,sample,1,2026-10-08T22:44:27.471876
Maharashtra,Pune,Pune,Onion,Red/Nasik,FAQ,2026-09-22,2067.31,2879.43,2359.8,498.2,sample,1,2026-10-08T22:44:27.471890
Maharashtra,Pune,Pune,Onion,Red/Nasik,FAQ,2026-09-23,2132.59,2894.31,2390.33,445.2,sample,1,2026-10-08T22:44:27.471897
Maharashtra,Pune,Pune,Onion,Red/Nasik,FAQ,2026-09-24,2035.42,2772.38,2403.69,112.6,sample,1,2026-10-08T22:44:27.471905
Maharashtra,Pune,Pune,Onion,Red/Nasik,FAQ,2026-09-25,2120.06,2957.1,2440.16,340.8,sample,1,2026-10-08T22:44:27.471912
Maharashtra,Pune,Pune,Onion,Red/Nasik,FAQ,2026-09-26,2156.82,2844.33,2368.23,177.7,sample,1,2026-10-08T22:44:27.471919
Maharashtra,Pune,Pune,Onion,Red/Nasik,FAQ,2026-09-28,2071.94,2613.81,2306.11,89.2,sample,1,2026-10-08T22:44:27.471928
Maharashtra,Pune,Pune,Onion,Red/Nasik,FAQ,2026-09-29,1897.57,2552.51,2207.15,318.2,sample,1,2026-10-08T22:44:27.471935
Maharashtra,Pune,Pune,Onion,Red/Nasik,FAQ,2026-09-30,1883.31,2550.83,2207.47,264.7,sample,1,2026-10-08T22:44:27.471942
Maharashtra,Pune,Pune,Onion,Red/Nasik,FAQ,2026-10-01,1808.59,2664.61,2181.55,82.5,sample,1,2026-10-08T22:44:27.471950
Maharashtra,Pune,Pune,Onion,Red/Nasik,FAQ,2026-10-02,1943.64,2619.35,2154.28,333.1,sample,1,2026-10-08T22:44:27.471957
Maharashtra,Pune,Pune,Onion,Red/Nasik,FAQ,2026-10-03,1925.51,2640.56,2182.66,293.8,sample,1,2026-10-08T22:44:27.471969
Maharashtra,Pune,Pune,Onion,Red/Nasik,FAQ,2026-10-05,1961.22,2676.71,2184.76,455.8,sample,1,2026-10-08T22:44:27.471977
Maharashtra,Pune,Pune,Onion,Red/Nasik,FAQ,2026-10-06,1887.87,2676.38,2196.08,308.0,sample,1,2026-10-08T22:44:27.471984
Maharashtra,Pune,Pune,Onion,Red/Nasik,FAQ,2026-10-07,1953.88,2715.13,2219.37,406.2,sample,1,2026-10-08T22:44:27.471992
Maharashtra,Pune,Pune,Onion,Red/Nasik,FAQ,2026-10-08,1881.91,2742.58,2246.84,136.6,sample,1,2026-10-08T22:44:27.472002
Maharashtra,Pune,Pune,Potato,Jyoti,FAQ,2026-07-10,1766.44,2369.19,2000.05,226.9,sample,1,2026-10-08T22:44:27.472013
Maharashtra,Pune,Pune,Potato,Jyoti,FAQ,2026-07-11,1801.87,2254.17,2016.35,467.7,sample,1,2026-10-08T22:44:27.472021
Maharashtra,Pune,Pune,Potato,Jyoti,FAQ,2026-07-13,1841.35,2447.29,2078.64,51.4,sample,1,2026-10-08T22:44:27.472029
Maharashtra,Pune,Pune,Potato,Jyoti,FAQ,2026-07-14,1774.37,2272.55,2002.76,468.2,sample,1,2026-10-08T22:44:27.472036
Maharashtra,Pune,Pune,Potato,Jyoti,FAQ,2026-07-15,1787.87,2283.19,2025.16,402.2,sample,1,2026-10-08T22:44:27.472043
Maharashtra,Pune,Pune,Potato,Jyoti,FAQ,2026-07-16,1804.74,2324.7,1957.71,435.0,sample,1,2026-10-08T22:44:27.472051
Maharashtra,Pune,Pune,Potato,Jyoti,FAQ,2026-07-17,1775.69,2235.86,1970.93,405.9,sample,1,2026-10-08T22:44:27.472063
Maharashtra,Pune,Pune,Potato,Jyoti,FAQ,2026-07-18,1868.57,2250.14,2035.88,128.8,sample,1,2026-10-08T22:44:27.472070
Maharashtra,Pune,Pune,Potato,Jyoti,FAQ,2026-07-20,1745.02,2261.29,2001.05,335.1,sample,1,2026-10-08T22:44:27.472078
Maharashtra,Pune,Pune,Potato,Jyoti,FAQ,2026-07-21,1874.71,2449.28,2062.67,286.7,sample,1,2026-10-08T22:44:27.472085
Maharashtra,Pune,Pune,Potato,Jyoti,FAQ,2026-07-22,1819.17,2317.76,2075.62,482.8,sample,1,2026-10-08T22:44:27.472092
Maharashtra,Pune,Pune,Potato,Jyoti,FAQ,2026-07-23,1893.52,2294.89,2065.38,239.9,sample,1,2026-10-08T22:44:27.472099
Maharashtra,Pune,Pune,Potato,Jyoti,FAQ,2026-07-24,1845.28,2360.09,2058.03,217.2,sample,1,2026-10-08T22:44:27.472106
Maharashtra,Pune,Pune,Potato,Jyoti,FAQ,2026-07-25,1815.85,2280.89,2025.04,366.0,sample,1,2026-10-08T22:44:27.472113
Maharashtra,Pune,Pune,Potato,Jyoti,FAQ,2026-07-27,1898.95,2443.06,2103.56,381.3,sample,1,2026-10-08T22:44:27.472121
Maharashtra,Pune,Pune,Potato,Jyoti,FAQ,2026-07-28,1878.75,2374.79,2099.23,72.2,sample,1,2026-10-08T22:44:27.472130
Maharashtra,Pune,Pune,Potato,Jyoti,FAQ,2026-07-29,1900.52,2440.83,2078.19,371.1,sample,1,2026-10-08T22:44:27.472138
Maharashtra,Pune,Pune,Potato,Jyoti,FAQ,2026-07-30,1871.35,2313.06,2047.39,227.9,sample,1,2026-10-08T22:44:27.472145
Maharashtra,Pune,Pune,Potato,Jyoti,FAQ,2026-07-31,1865.79,2306.74,2021.06,472.6,sample,1,2026-10-08T22:44:27.472154
Maharashtra,Pune,Pune,Potato,Jyoti,FAQ,2026-08-01,1815.59,2409.37,2036.87,323.1,sample,1,2026-10-08T22:44:27.472161
Maharashtra,Pune,Pune,Potato,Jyoti,FAQ,2026-08-03,1881.1,2282.79,2021.15,237.7,sample,1,2026-10-08T22:44:27.472169
Maharashtra,Pune,Pune,Potato,Jyoti,FAQ,2026-08-04,1852.36,2389.81,2061.96,253.9,sample,1,2026-10-08T22:44:27.472176
Maharashtra,Pune,Pune,Potato,Jyoti,FAQ,2026-08-05,1839.4,2408.39,2036.18,406.2,sample,1,2026-10-08T22:44:27.472183
Maharashtra,Pune,Pune,Potato,Jyoti,FAQ,2026-08-06,1882.64,2268.26,2043.0,277.1,sample,1,2026-10-08T22:44:27.472190
Maharashtra,Pune,Pune,Potato,Jyoti,FAQ,2026-08-07,1781.42,2364.83,2019.63,349.5,sample,1,2026-10-08T22:44:27.472197
Maharashtra,Pune,Pune,Potato,Jyoti,FAQ,2026-08-08,1828.24,2241.04,1995.2,51.2,sample,1,2026-10-08T22:44:27.472206
Maharashtra,Pune,Pune,Potato,Jyoti,FAQ,2026-08-10,1754.76,2219.84,1996.73,230.6,sample,1,2026-10-08T22:44:27.472214
Maharashtra,Pune,Pune,Potato,Jyoti,FAQ,2026-08-11,1821.04,2281.61,2036.61,360.3,sample,1,2026-10-08T22:44:27.472221
Maharashtra,Pune,Pune,Potato,Jyoti,FAQ,2026-08-12,1789.89,2219.62,2008.62,385.4,sample,1,2026-10-08T22:44:27.472229
Maharashtra,Pune,Pune,Potato,Jyoti,FAQ,2026-08-13,1776.7,2238.3,2009.11,235.6,sample,1,2026-10-08T22:44:27.472236
Maharashtra,Pune,Pune,Potato,Jyoti,FAQ,2026-08-14,1846.07,2267.26,2048.22,154.6,sample,1,2026-10-08T22:44:27.472246
Maharashtra,Pune,Pune,Potato,Jyoti,FAQ,2026-08-15,1882.74,2416.7,2124.54,408.7,sample,1,2026-10-08T22:44:27.472253
Maharashtra,Pune,Pune,Potato,Jyoti,FAQ,2026-08-17,1855.38,2447.84,2066.83,450.1,sample,1,2026-10-08T22:44:27.472261
Maharashtra,Pune,Pune,Potato,Jyoti,FAQ,2026-08-18,1759.61,2312.6,1973.13,272.2,sample,1,2026-10-08T22:44:27.472269
Maharashtra,Pune,Pune,Potato,Jyoti,FAQ,2026-08-19,1748.2,2339.72,1995.86,258.4,sample,1,2026-10-08T22:44:27.472277
Maharashtra,Pune,Pune,Potato,Jyoti,FAQ,2026-08-20,1786.4,2212.0,1957.5,333.3,sample,1,2026-10-08T22:44:27.472285
Maharashtra,Pune,Pune,Potato,Jyoti,FAQ,2026-08-21,1748.63,2223.27,1963.84,75.6,sample,1,2026-10-08T22:44:27.472294
Maharashtra,Pune,Pune,Potato,Jyoti,FAQ,2026-08-22,1749.08,2182.28,1923.37,187.1,sample,1,2026-10-08T22:44:27.472302
Maharashtra,Pune,Pune,Potato,Jyoti,FAQ,2026-08-24,1740.95,2243.61,1908.7,365.0,sample,1,2026-10-08T22:44:27.472311
Maharashtra,Pune,Pune,Potato,Jyoti,FAQ,2026-08-25,1760.79,2191.87,1908.5,289.6,sample,1,2026-10-08T22:44:27.472318
Maharashtra,Pune,Pune,Potato,Jyoti,FAQ,2026-08-26,1702.09,2265.38,1892.51,308.7,sample,1,2026-10-08T22:44:27.472326
Maharashtra,Pune,Pune,Potato,Jyoti,FAQ,2026-08-27,1686.45,2274.12,1909.91,392.2,sample,1,2026-10-08T22:44:27.472333
Maharashtra,Pune,Pune,Potato,Jyoti,FAQ,2026-08-28,1729.42,2257.26,1911.63,432.6,sample,1,2026-10-08T22:44:27.472341
Maharashtra,Pune,Pune,Potato,Jyoti,FAQ,2026-08-29,1664.24,2204.07,1918.65,383.9,sample,1,2026-10-08T22:44:27.472348
Maharashtra,Pune,Pune,Potato,Jyoti,FAQ,2026-08-31,1710.65,2126.61,1877.11,240.5,sample,1,2026-10-08T22:44:27.472356
Maharashtra,Pune,Pune,Potato,Jyoti,FAQ,2026-09-01,1726.17,2140.15,1869.65,352.4,sample,1,2026-10-08T22:44:27.472367
Maharashtra,Pune,Pune,Potato,Jyoti,FAQ,2026-09-02,1662.74,2091.8,1858.83,326.2,sample,1,2026-10-08T22:44:27.472375
Maharashtra,Pune,Pune,Potato,Jyoti,FAQ,2026-09-03,1734.54,2158.7,1877.78,299.6,sample,1,2026-10-08T22:44:27.472382
Maharashtra,Pune,Pune,Potato,Jyoti,FAQ,2026-09-04,1777.1,2226.49,1933.38,63.1,sample,1,2026-10-08T22:44:27.472389
Maharashtra,Pune,Pune,Potato,Jyoti,FAQ,2026-09-05,1759.73,2193.32,1945.22,190.3,sample,1,2026-10-08T22:44:27.472396
Maharashtra,Pune,Pune,Potato,Jyoti,FAQ,2026-09-07,1720.13,2310.12,1950.37,156.0,sample,1,2026-10-08T22:44:27.472404
Maharashtra,Pune,Pune,Potato,Jyoti,FAQ,2026-09-08,1768.93,2132.25,1918.76,288.1,sample,1,2026-10-08T22:44:27.472412
Maharashtra,Pune,Pune,Potato,Jyoti,FAQ,2026-09-09,1737.29,2305.93,1955.31,339.8,sample,1,2026-10-08T22:44:27.472419
Maharashtra,Pune,Pune,Potato,Jyoti,FAQ,2026-09-10,1727.02,2338.46,1957.53,131.7,sample,1,2026-10-08T22:44:27.472426
Maharashtra,Pune,Pune,Potato,Jyoti,FAQ,2026-09-11,1824.46,2310.11,1979.61,299.4,sample,1,2026-10-08T22:44:27.472434
Maharashtra,Pune,Pune,Potato,Jyoti,FAQ,2026-09-12,1817.04,2319.1,1983.2,392.8,sample,1,2026-10-08T22:44:27.472442
Maharashtra,Pune,Pune,Potato,Jyoti,FAQ,2026-09-14,1777.92,2238.29,2007.67,416.9,sample,1,2026-10-08T22:44:27.472450
Maharashtra,Pune,Pune,Potato,Jyoti,FAQ,2026-09-15,1793.12,2278.35,2048.89,51.8,sample,1,2026-10-08T22:44:27.472458
Maharashtra,Pune,Pune,Potato,Jyoti,FAQ,2026-09-16,1771.49,2307.87,2026.47,368.9,sample,1,2026-10-08T22:44:27.472465
Maharashtra,Pune,Pune,Potato,Jyoti,FAQ,2026-09-17,1924.73,2408.16,2073.85,328.5,sample,1,2026-10-08T22:44:27.472472
Maharashtra,Pune,Pune,Potato,Jyoti,FAQ,2026-09-18,1876.42,2436.53,2118.46,95.7,sample,1,2026-10-08T22:44:27.472481
Maharashtra,Pune,Pune,Potato,Jyoti,FAQ,2026-09-19,1890.46,2499.39,2148.52,199.7,sample,1,2026-10-08T22:44:27.472489
Maharashtra,Pune,Pune,Potato,Jyoti,FAQ,2026-09-21,1910.05,2382.19,2110.77,430.8,sample,1,2026-10-08T22:44:27.472498
Maharashtra,Pune,Pune,Potato,Jyoti,FAQ,2026-09-22,1881.2,2348.88,2119.88,482.0,sample,1,2026-10-08T22:44:27.472505
Maharashtra,Pune,Pune,Potato,Jyoti,FAQ,2026-09-23,1845.71,2358.98,2070.59,377.5,sample,1,2026-10-08T22:44:27.472513
Maharashtra,Pune,Pune,Potato,Jyoti,FAQ,2026-09-24,1761.72,2276.19,2017.58,411.8,sample,1,2026-10-08T22:44:27.472533
Maharashtra,Pune,Pune,Potato,Jyoti,FAQ,2026-09-25,1785.35,2319.2,1977.62,163.5,sample,1,2026-10-08T22:44:27.472543
Maharashtra,Pune,Pune,Potato,Jyoti,FAQ,2026-09-26,1726.97,2328.71,1969.18,79.9,sample,1,2026-10-08T22:44:27.472551
Maharashtra,Pune,Pune,Potato,Jyoti,FAQ,2026-09-28,1794.21,2309.84,1989.98,214.3,sample,1,2026-10-08T22:44:27.472559
Maharashtra,Pune,Pune,Potato,Jyoti,FAQ,2026-09-29,1829.32,2335.93,1972.76,123.6,sample,1,2026-10-08T22:44:27.472567
Maharashtra,Pune,Pune,Potato,Jyoti,FAQ,2026-09-30,1808.04,2357.34,1988.88,362.5,sample,1,2026-10-08T22:44:27.472578
Maharashtra,Pune,Pune,Potato,Jyoti,FAQ,2026-10-01,1877.11,2262.09,2050.26,476.1,sample,1,2026-10-08T22:44:27.472586
Maharashtra,Pune,Pune,Potato,Jyoti,FAQ,2026-10-02,1897.08,2442.18,2095.71,357.7,sample,1,2026-10-08T22:44:27.472597
Maharashtra,Pune,Pune,Potato,Jyoti,FAQ,2026-10-03,1902.03,2417.89,2119.54,404.7,sample,1,2026-10-08T22:44:27.472605
Maharashtra,Pune,Pune,Potato,Jyoti,FAQ,2026-10-05,1911.21,2399.34,2134.22,307.5,sample,1,2026-10-08T22:44:27.472615
Maharashtra,Pune,Pune,Potato,Jyoti,FAQ,2026-10-06,1944.39,2446.75,2141.18,235.7,sample,1,2026-10-08T22:44:27.472626
Maharashtra,Pune,Pune,Potato,Jyoti,FAQ,2026-10-07,1908.98,2392.08,2133.32,155.6,sample,1,2026-10-08T22:44:27.472635
Maharashtra,Pune,Pune,Potato,Jyoti,FAQ,2026-10-08,1940.81,2339.96,2095.29,95.0,sample,1,2026-10-08T22:44:27.472646
Maharashtra,Pune,Pune,Soyabean,Yellow,FAQ,2026-07-10,4612.26,4899.89,4733.92,262.7,sample,1,2026-10-08T22:44:27.472658
Maharashtra,Pune,Pune,Soyabean,Yellow,FAQ,2026-07-11,4551.87,4979.27,4722.08,281.3,sample,1,2026-10-08T22:44:27.472668
Maharashtra,Pune,Pune,Soyabean,Yellow,FAQ,2026-07-13,4599.72,4889.49,4722.19,122.5,sample,1,2026-10-08T22:44:27.472679
Maharashtra,Pune,Pune,Soyabean,Yellow,FAQ,2026-07-14,4637.83,4948.2,4744.1,166.2,sample,1,2026-10-08T22:44:27.472689
Maharashtra,Pune,Pune,Soyabean,Yellow,FAQ,2026-07-15,4629.25,4952.17,4797.02,439.5,sample,1,2026-10-08T22:44:27.472698
Maharashtra,Pune,Pune,Soyabean,Yellow,FAQ,2026-07-16,4639.82,5033.73,4789.0,304.1,sample,1,2026-10-08T22:44:27.472706
Maharashtra,Pune,Pune,Soyabean,Yellow,FAQ,2026-07-17,4625.65,4893.41,4747.24,472.9,sample,1,2026-10-08T22:44:27.472715
Maharashtra,Pune,Pune,Soyabean,Yellow,FAQ,2026-07-18,4610.12,4996.77,4758.12,224.3,sample,1,2026-10-08T22:44:27.472726
Maharashtra,Pune,Pune,Soyabean,Yellow,FAQ,2026-07-20,4700.76,4968.48,4810.58,298.9,sample,1,2026-10-08T22:44:27.472736
Maharashtra,Pune,Pune,Soyabean,Yellow,FAQ,2026-07-21,4703.0,5094.62,4835.35,94.5,sample,1,2026-10-08T22:44:27.472745
Maharashtra,Pune,Pune,Soyabean,Yellow,FAQ,2026-07-22,4662.36,5005.61,4838.53,280.4,sample,1,2026-10-08T22:44:27.472754
Maharashtra,Pune,Pune,Soyabean,Yellow,FAQ,2026-07-23,4636.66,4975.34,4782.21,435.7,sample,1,2026-10-08T22:44:27.472763
Maharashtra,Pune,Pune,Soyabean,Yellow,FAQ,2026-07-24,4656.29,5030.34,4817.18,380.4,sample,1,2026-10-08T22:44:27.472772
Maharashtra,Pune,Pune,Soyabean,Yellow,FAQ,2026-07-25,4623.9,4979.11,4814.18,137.1,sample,1,2026-10-08T22:44:27.472781
Maharashtra,Pune,Pune,Soyabean,Yellow,FAQ,2026-07-27,4680.36,4950.01,4801.0,41.2,sample,1,2026-10-08T22:44:27.472790
Maharashtra,Pune,Pune,Soyabean,Yellow,FAQ,2026-07-28,4635.62,4992.43,4781.17,174.0,sample,1,2026-10-08T22:44:27.472799
Maharashtra,Pune,Pune,Soyabean,Yellow,FAQ,2026-07-29,4621.12,4983.87,4789.39,356.2,sample,1,2026-10-08T22:44:27.472810
Maharashtra,Pune,Pune,Soyabean,Yellow,FAQ,2026-07-30,4664.02,5086.71,4852.17,327.5,sample,1,2026-10-08T22:44:27.472821
Maharashtra,Pune,Pune,Soyabean,Yellow,FAQ,2026-07-31,4656.96,5005.57,4800.22,337.9,sample,1,2026-10-08T22:44:27.472830
Maharashtra,Pune,Pune,Soyabean,Yellow,FAQ,2026-08-01,4534.41,4960.37,4721.17,72.8,sample,1,2026-10-08T22:44:27.472838
Maharashtra,Pune,Pune,Soyabean,Yellow,FAQ,2026-08-03,4569.99,4950.7,4742.4,172.8,sample,1,2026-10-08T22:44:27.472849
Maharashtra,Pune,Pune,Soyabean,Yellow,FAQ,2026-08-04,4658.71,4997.54,4774.9,361.9,sample,1,2026-10-08T22:44:27.472857
Maharashtra,Pune,Pune,Soyabean,Yellow,FAQ,2026-08-05,4670.82,4969.91,4820.26,58.3,sample,1,2026-10-08T22:44:27.472866
Maharashtra,Pune,Pune,Soyabean,Yellow,FAQ,2026-08-06,4658.76,4981.32,4802.64,155.2,sample,1,2026-10-08T22:44:27.472875
Maharashtra,Pune,Pune,Soyabean,Yellow,FAQ,2026-08-07,4708.15,5097.41,4888.39,477.4,sample,1,2026-10-08T22:44:27.472885
Maharashtra,Pune,Pune,Soyabean,Yellow,FAQ,2026-08-08,4744.52,5160.15,4939.48,164.0,sample,1,2026-10-08T22:44:27.472894
Maharashtra,Pune,Pune,Soyabean,Yellow,FAQ,2026-08-10,4850.23,5215.76,4997.58,461.4,sample,1,2026-10-08T22:44:27.472904
Maharashtra,Pune,Pune,Soyabean,Yellow,FAQ,2026-08-11,4883.18,5214.75,5004.51,332.0,sample,1,2026-10-08T22:44:27.472915
Maharashtra,Pune,Pune,Soyabean,Yellow,FAQ,2026-08-12,4840.49,5156.81,4976.81,348.3,sample,1,2026-10-08T22:44:27.472924
Maharashtra,Pune,Pune,Soyabean,Yellow,FAQ,2026-08-13,4786.68,5148.46,4968.88,359.1,sample,1,2026-10-08T22:44:27.472933
Maharashtra,Pune,Pune,Soyabean,Yellow,FAQ,2026-08-14,4759.29,5143.52,4937.51,249.2,sample,1,2026-10-08T22:44:27.472942
Maharashtra,Pune,Pune,Soyabean,Yellow,FAQ,2026-08-15,4890.96,5203.06,5024.27,486.3,sample,1,2026-10-08T22:44:27.472950
Maharashtra,Pune,Pune,Soyabean,Yellow,FAQ,2026-08-17,4779.49,5192.34,4973.42,289.6,sample,1,2026-10-08T22:44:27.472960
Maharashtra,Pune,Pune,Soyabean,Yellow,FAQ,2026-08-18,4849.8,5154.5,4991.99,206.4,sample,1,2026-10-08T22:44:27.472971
Maharashtra,Pune,Pune,Soyabean,Yellow,FAQ,2026-08-19,4811.26,5149.09,4984.66,292.6,sample,1,2026-10-08T22:44:27.472980
Maharashtra,Pune,Pune,Soyabean,Yellow,FAQ,2026-08-20,4730.93,5111.99,4919.42,361.2,sample,1,2026-10-08T22:44:27.472989
Maharashtra,Pune,Pune,Soyabean,Yellow,FAQ,2026-08-21,4831.42,5159.94,4991.22,112.9,sample,1,2026-10-08T22:44:27.472998
Maharashtra,Pune,Pune,Soyabean,Yellow,FAQ,2026-08-22,4901.43,5262.28,5056.01,82.9,sample,1,2026-10-08T22:44:27.473009
Maharashtra,Pune,Pune,Soyabean,Yellow,FAQ,2026-08-24,4984.96,5285.59,5131.49,422.8,sample,1,2026-10-08T22:44:27.473018
Maharashtra,Pune,Pune,Soyabean,Yellow,FAQ,2026-08-25,4960.77,5336.61,5110.62,274.1,sample,1,2026-10-08T22:44:27.473027
Maharashtra,Pune,Pune,Soyabean,Yellow,FAQ,2026-08-26,4890.74,5253.21,5083.96,293.6,sample,1,2026-10-08T22:44:27.473036
Maharashtra,Pune,Pune,Soyabean,Yellow,FAQ,2026-08-27,5005.32,5395.46,5144.84,273.8,sample,1,2026-10-08T22:44:27.473045
Maharashtra,Pune,Pune,Soyabean,Yellow,FAQ,2026-08-28,5055.75,5420.41,5185.61,230.9,sample,1,2026-10-08T22:44:27.473054
Maharashtra,Pune,Pune,Soyabean,Yellow,FAQ,2026-08-29,4922.3,5312.31,5111.38,417.5,sample,1,2026-10-08T22:44:27.473062
Maharashtra,Pune,Pune,Soyabean,Yellow,FAQ,2026-08-31,4931.09,5348.78,5088.91,265.2,sample,1,2026-10-08T22:44:27.473072
Maharashtra,Pune,Pune,Soyabean,Yellow,FAQ,2026-09-01,4989.07,5312.07,5107.44,198.8,sample,1,2026-10-08T22:44:27.473082
Maharashtra,Pune,Pune,Soyabean,Yellow,FAQ,2026-09-02,4898.64,5223.23,5044.62,126.8,sample,1,2026-10-08T22:44:27.473092
Maharashtra,Pune,Pune,Soyabean,Yellow,FAQ,2026-09-03,4848.57,5224.96,5016.34,147.4,sample,1,2026-10-08T22:44:27.473105
Maharashtra,Pune,Pune,Soyabean,Yellow,FAQ,2026-09-04,4835.41,5232.06,5007.43,413.2,sample,1,2026-10-08T22:44:27.473114
Maharashtra,Pune,Pune,Soyabean,Yellow,FAQ,2026-09-05,4845.51,5204.9,4985.26,417.5,sample,1,2026-10-08T22:44:27.473125
Maharashtra,Pune,Pune,Soyabean,Yellow,FAQ,2026-09-07,4914.11,5222.71,5022.44,311.5,sample,1,2026-10-08T22:44:27.473135
Maharashtra,Pune,Pune,Soyabean,Yellow,FAQ,2026-09-08,4822.42,5250.59,5005.69,242.5,sample,1,2026-10-08T22:44:27.473144
Maharashtra,Pune,Pune,Soyabean,Yellow,FAQ,2026-09-09,4781.77,5140.99,4951.79,341.2,sample,1,2026-10-08T22:44:27.473153
Maharashtra,Pune,Pune,Soyabean,Yellow,FAQ,2026-09-10,4818.14,5133.37,4937.03,485.8,sample,1,2026-10-08T22:44:27.473165
Maharashtra,Pune,Pune,Soyabean,Yellow,FAQ,2026-09-11,4734.23,5139.93,4897.72,432.1,sample,1,2026-10-08T22:44:27.473174
Maharashtra,Pune,Pune,Soyabean,Yellow,FAQ,2026-09-12,4762.67,5130.61,4945.01,185.7,sample,1,2026-10-08T22:44:27.473183
Maharashtra,Pune,Pune,Soyabean,Yellow,FAQ,2026-09-14,4741.06,5068.88,4924.57,71.5,sample,1,2026-10-08T22:44:27.473207
Maharashtra,Pune,Pune,Soyabean,Yellow,FAQ,2026-09-15,4690.32,5102.63,4852.12,498.8,sample,1,2026-10-08T22:44:27.473217
Maharashtra,Pune,Pune,Soyabean,Yellow,FAQ,2026-09-16,4734.79,5064.7,4848.65,441.4,sample,1,2026-10-08T22:44:27.473227
Maharashtra,Pune,Pune,Soyabean,Yellow,FAQ,2026-09-17,4658.62,5026.83,4803.55,455.6,sample,1,2026-10-08T22:44:27.473236
Maharashtra,Pune,Pune,Soyabean,Yellow,FAQ,2026-09-18,4740.35,5056.73,4871.75,107.0,sample,1,2026-10-08T22:44:27.473245
Maharashtra,Pune,Pune,Soyabean,Yellow,FAQ,2026-09-19,4735.69,5096.4,4888.49,404.6,sample,1,2026-10-08T22:44:27.473254
Maharashtra,Pune,Pune,Soyabean,Yellow,FAQ,2026-09-21,4708.5,5106.25,4891.88,150.8,sample,1,2026-10-08T22:44:27.473264
Maharashtra,Pune,Pune,Soyabean,Yellow,FAQ,2026-09-22,4714.35,5058.67,4901.5,252.1,sample,1,2026-10-08T22:44:27.473272
Maharashtra,Pune,Pune,Soyabean,Yellow,FAQ,2026-09-23,4789.81,5132.22,4895.66,454.6,sample,1,2026-10-08T22:44:27.473282
Maharashtra,Pune,Pune,Soyabean,Yellow,FAQ,2026-09-24,4755.6,5080.54,4921.58,243.2,sample,1,2026-10-08T22:44:27.473290
Maharashtra,Pune,Pune,Soyabean,Yellow,FAQ,2026-09-25,4722.92,5076.34,4885.42,155.0,sample,1,2026-10-08T22:44:27.473299
Maharashtra,Pune,Pune,Soyabean,Yellow,FAQ,2026-09-26,4743.99,5088.98,4925.07,217.0,sample,1,2026-10-08T22:44:27.473309
Maharashtra,Pune,Pune,Soyabean,Yellow,FAQ,2026-09-28,4733.07,5098.52,4889.54,496.6,sample,1,2026-10-08T22:44:27.473319
Maharashtra,Pune,Pune,Soyabean,Yellow,FAQ,2026-09-29,4756.59,5145.51,4888.16,342.8,sample,1,2026-10-08T22:44:27.473328
Maharashtra,Pune,Pune,Soyabean,Yellow,FAQ,2026-09-30,4709.11,5105.19,4875.83,62.6,sample,1,2026-10-08T22:44:27.473337
Maharashtra,Pune,Pune,Soyabean,Yellow,FAQ,2026-10-01,4763.53,5122.72,4923.11,455.9,sample,1,2026-10-08T22:44:27.473345
Maharashtra,Pune,Pune,Soyabean,Yellow,FAQ,2026-10-02,4741.16,5083.08,4900.8,332.8,sample,1,2026-10-08T22:44:27.473356
Maharashtra,Pune,Pune,Soyabean,Yellow,FAQ,2026-10-03,4804.67,5186.88,4965.55,371.6,sample,1,2026-10-08T22:44:27.473364
Maharashtra,Pune,Pune,Soyabean,Yellow,FAQ,2026-10-05,4754.48,5164.43,4916.02,337.3,sample,1,2026-10-08T22:44:27.473374
Maharashtra,Pune,Pune,Soyabean,Yellow,FAQ,2026-10-06,4713.16,5038.86,4845.96,306.6,sample,1,2026-10-08T22:44:27.473382
Maharashtra,Pune,Pune,Soyabean,Yellow,FAQ,2026-10-07,4710.18,5071.44,4841.74,120.8,sample,1,2026-10-08T22:44:27.473391
Maharashtra,Pune,Pune,Soyabean,Yellow,FAQ,2026-10-08,4705.48,5027.1,4822.37,486.9,sample,1,2026-10-08T22:44:27.473402
Maharashtra,Pune,Pune,Tomato,Hybrid,FAQ,2026-07-10,1376.75,1975.28,1676.32,419.4,sample,1,2026-10-08T22:44:27.473413
Maharashtra,Pune,Pune,Tomato,Hybrid,FAQ,2026-07-11,1403.63,2065.27,1650.91,383.4,sample,1,2026-10-08T22:44:27.473421
Maharashtra,Pune,Pune,Tomato,Hybrid,FAQ,2026-07-13,1320.5,1914.49,1639.93,484.6,sample,1,2026-10-08T22:44:27.473431
Maharashtra,Pune,Pune,Tomato,Hybrid,FAQ,2026-07-14,1380.0,2081.11,1684.02,490.8,sample,1,2026-10-08T22:44:27.473440
Maharashtra,Pune,Pune,Tomato,Hybrid,FAQ,2026-07-15,1603.96,2244.87,1833.83,46.4,sample,1,2026-10-08T22:44:27.473449
Maharashtra,Pune,Pune,Tomato,Hybrid,FAQ,2026-07-16,1549.63,2145.63,1805.12,349.5,sample,1,2026-10-08T22:44:27.473457
Maharashtra,Pune,Pune,Tomato,Hybrid,FAQ,2026-07-17,1459.29,2200.11,1757.65,89.8,sample,1,2026-10-08T22:44:27.473466
Maharashtra,Pune,Pune,Tomato,Hybrid,FAQ,2026-07-18,1458.54,1918.87,1668.61,446.7,sample,1,2026-10-08T22:44:27.473475
Maharashtra,Pune,Pune,Tomato,Hybrid,FAQ,2026-07-20,1304.79,1771.28,1513.0,419.0,sample,1,2026-10-08T22:44:27.473484
Maharashtra,Pune,Pune,Tomato,Hybrid,FAQ,2026-07-21,1151.55,1771.42,1462.96,227.8,sample,1,2026-10-08T22:44:27.473496
Maharashtra,Pune,Pune,Tomato,Hybrid,FAQ,2026-07-22,1385.18,1954.28,1605.83,84.7,sample,1,2026-10-08T22:44:27.473505
Maharashtra,Pune,Pune,Tomato,Hybrid,FAQ,2026-07-23,1458.83,2040.41,1766.92,248.7,sample,1,2026-10-08T22:44:27.473513
Maharashtra,Pune,Pune,Tomato,Hybrid,FAQ,2026-07-24,1390.98,2040.9,1707.88,381.4,sample,1,2026-10-08T22:44:27.473542
Maharashtra,Pune,Pune,Tomato,Hybrid,FAQ,2026-07-25,1401.03,1931.34,1599.21,85.5,sample,1,2026-10-08T22:44:27.473552
Maharashtra,Pune,Pune,Tomato,Hybrid,FAQ,2026-07-27,1212.27,1781.87,1530.0,210.4,sample,1,2026-10-08T22:44:27.473560
Maharashtra,Pune,Pune,Tomato,Hybrid,FAQ,2026-07-28,1309.97,1996.1,1551.48,433.5,sample,1,2026-10-08T22:44:27.473567
Maharashtra,Pune,Pune,Tomato,Hybrid,FAQ,2026-07-29,1408.49,2115.51,1665.16,205.0,sample,1,2026-10-08T22:44:27.473575
Maharashtra,Pune,Pune,Tomato,Hybrid,FAQ,2026-07-30,1510.82,2030.4,1745.54,96.2,sample,1,2026-10-08T22:44:27.473582
Maharashtra,Pune,Pune,Tomato,Hybrid,FAQ,2026-07-31,1527.25,2181.43,1801.67,314.7,sample,1,2026-10-08T22:44:27.473589
Maharashtra,Pune,Pune,Tomato,Hybrid,FAQ,2026-08-01,1553.97,2142.4,1732.17,152.0,sample,1,2026-10-08T22:44:27.473597
Maharashtra,Pune,Pune,Tomato,Hybrid,FAQ,2026-08-03,1625.29,2216.26,1810.58,135.3,sample,1,2026-10-08T22:44:27.473604
Maharashtra,Pune,Pune,Tomato,Hybrid,FAQ,2026-08-04,1678.53,2313.56,1885.92,191.1,sample,1,2026-10-08T22:44:27.473611
Maharashtra,Pune,Pune,Tomato,Hybrid,FAQ,2026-08-05,1811.84,2412.54,1987.27,106.6,sample,1,2026-10-08T22:44:27.473618
Maharashtra,Pune,Pune,Tomato,Hybrid,FAQ,2026-08-06,1923.39,2415.53,2117.89,120.3,sample,1,2026-10-08T22:44:27.473625
Maharashtra,Pune,Pune,Tomato,Hybrid,FAQ,2026-08-07,1917.57,2505.7,2094.8,149.4,sample,1,2026-10-08T22:44:27.473632
Maharashtra,Pune,Pune,Tomato,Hybrid,FAQ,2026-08-08,1843.49,2348.65,2067.06,64.1,sample,1,2026-10-08T22:44:27.473639
Maharashtra,Pune,Pune,Tomato,Hybrid,FAQ,2026-08-10,1764.27,2396.13,2051.12,397.9,sample,1,2026-10-08T22:44:27.473649
Maharashtra,Pune,Pune,Tomato,Hybrid,FAQ,2026-08-11,1691.44,2211.33,1943.43,271.8,sample,1,2026-10-08T22:44:27.473656
Maharashtra,Pune,Pune,Tomato,Hybrid,FAQ,2026-08-12,1668.71,2388.26,1961.19,279.9,sample,1,2026-10-08T22:44:27.473663
Maharashtra,Pune,Pune,Tomato,Hybrid,FAQ,2026-08-13,1703.91,2395.07,1947.62,68.0,sample,1,2026-10-08T22:44:27.473672
Maharashtra,Pune,Pune,Tomato,Hybrid,FAQ,2026-08-14,1584.46,2210.33,1862.37,458.5,sample,1,2026-10-08T22:44:27.473679
Maharashtra,Pune,Pune,Tomato,Hybrid,FAQ,2026-08-15,1686.41,2134.4,1872.43,319.8,sample,1,2026-10-08T22:44:27.473686
Maharashtra,Pune,Pune,Tomato,Hybrid,FAQ,2026-08-17,1660.12,2290.23,1930.08,189.6,sample,1,2026-10-08T22:44:27.473694
Maharashtra,Pune,Pune,Tomato,Hybrid,FAQ,2026-08-18,1627.62,2308.23,1951.81,248.7,sample,1,2026-10-08T22:44:27.473700
Maharashtra,Pune,Pune,Tomato,Hybrid,FAQ,2026-08-19,1637.62,2341.98,1917.89,339.4,sample,1,2026-10-08T22:44:27.473707
Maharashtra,Pune,Pune,Tomato,Hybrid,FAQ,2026-08-20,1601.67,2288.39,1892.01,138.9,sample,1,2026-10-08T22:44:27.473716
Maharashtra,Pune,Pune,Tomato,Hybrid,FAQ,2026-08-21,1609.1,2175.17,1834.94,231.4,sample,1,2026-10-08T22:44:27.473723
Maharashtra,Pune,Pune,Tomato,Hybrid,FAQ,2026-08-22,1663.7,2187.58,1852.96,345.9,sample,1,2026-10-08T22:44:27.473730
Maharashtra,Pune,Pune,Tomato,Hybrid,FAQ,2026-08-24,1506.95,2079.5,1820.4,422.6,sample,1,2026-10-08T22:44:27.473738
Maharashtra,Pune,Pune,Tomato,Hybrid,FAQ,2026-08-25,1665.6,2119.86,1854.58,379.8,sample,1,2026-10-08T22:44:27.473748
Maharashtra,Pune,Pune,Tomato,Hybrid,FAQ,2026-08-26,1629.98,2255.88,1892.95,191.6,sample,1,2026-10-08T22:44:27.473755
Maharashtra,Pune,Pune,Tomato,Hybrid,FAQ,2026-08-27,1603.06,2115.65,1796.39,346.1,sample,1,2026-10-08T22:44:27.473763
Maharashtra,Pune,Pune,Tomato,Hybrid,FAQ,2026-08-28,1516.2,2247.72,1799.36,316.2,sample,1,2026-10-08T22:44:27.473770
Maharashtra,Pune,Pune,Tomato,Hybrid,FAQ,2026-08-29,1413.12,2007.23,1640.87,137.9,sample,1,2026-10-08T22:44:27.473777
Maharashtra,Pune,Pune,Tomato,Hybrid,FAQ,2026-08-31,1428.57,2042.33,1619.8,209.1,sample,1,2026-10-08T22:44:27.473784
Maharashtra,Pune,Pune,Tomato,Hybrid,FAQ,2026-09-01,1294.42,1949.37,1583.81,411.3,sample,1,2026-10-08T22:44:27.473791
Maharashtra,Pune,Pune,Tomato,Hybrid,FAQ,2026-09-02,1421.37,2092.98,1719.13,335.6,sample,1,2026-10-08T22:44:27.473798
Maharashtra,Pune,Pune,Tomato,Hybrid,FAQ,2026-09-03,1367.57,1986.62,1546.51,421.6,sample,1,2026-10-08T22:44:27.473805
Maharashtra,Pune,Pune,Tomato,Hybrid,FAQ,2026-09-04,1275.76,1866.05,1556.16,196.3,sample,1,2026-10-08T22:44:27.473812
Maharashtra,Pune,Pune,Tomato,Hybrid,FAQ,2026-09-05,1445.09,2048.68,1621.01,300.5,sample,1,2026-10-08T22:44:27.473820
Maharashtra,Pune,Pune,Tomato,Hybrid,FAQ,2026-09-07,1326.55,1847.97,1596.53,383.2,sample,1,2026-10-08T22:44:27.473828
Maharashtra,Pune,Pune,Tomato,Hybrid,FAQ,2026-09-08,1427.77,1968.2,1635.04,196.8,sample,1,2026-10-08T22:44:27.473835
Maharashtra,Pune,Pune,Tomato,Hybrid,FAQ,2026-09-09,1266.65,1922.37,1558.18,79.1,sample,1,2026-10-08T22:44:27.473842
Maharashtra,Pune,Pune,Tomato,Hybrid,FAQ,2026-09-10,1483.11,1944.06,1666.0,324.2,sample,1,2026-10-08T22:44:27.473849
Maharashtra,Pune,Pune,Tomato,Hybrid,FAQ,2026-09-11,1371.6,1992.88,1645.89,243.3,sample,1,2026-10-08T22:44:27.473856
Maharashtra,Pune,Pune,Tomato,Hybrid,FAQ,2026-09-12,1383.49,2003.01,1599.47,92.4,sample,1,2026-10-08T22:44:27.473863
Maharashtra,Pune,Pune,Tomato,Hybrid,FAQ,2026-09-14,1276.17,1900.13,1552.94,346.9,sample,1,2026-10-08T22:44:27.473871
Maharashtra,Pune,Pune,Tomato,Hybrid,FAQ,2026-09-15,1413.81,1923.63,1595.62,315.7,sample,1,2026-10-08T22:44:27.473879
Maharashtra,Pune,Pune,Tomato,Hybrid,FAQ,2026-09-16,1469.33,1949.84,1676.02,157.5,sample,1,2026-10-08T22:44:27.473887
Maharashtra,Pune,Pune,Tomato,Hybrid,FAQ,2026-09-17,1463.77,1934.61,1687.99,383.6,sample,1,2026-10-08T22:44:27.473895
Maharashtra,Pune,Pune,Tomato,Hybrid,FAQ,2026-09-18,1450.76,2081.37,1731.31,423.3,sample,1,2026-10-08T22:44:27.473902
Maharashtra,Pune,Pune,Tomato,Hybrid,FAQ,2026-09-19,1511.19,2067.26,1807.12,436.4,sample,1,2026-10-08T22:44:27.473909
Maharashtra,Pune,Pune,Tomato,Hybrid,FAQ,2026-09-21,1511.11,2250.32,1824.28,304.8,sample,1,2026-10-08T22:44:27.473917
Maharashtra,Pune,Pune,Tomato,Hybrid,FAQ,2026-09-22,1568.64,2223.64,1829.65,232.1,sample,1,2026-10-08T22:44:27.473924
Maharashtra,Pune,Pune,Tomato,Hybrid,FAQ,2026-09-23,1619.26,2256.26,1842.98,324.3,sample,1,2026-10-08T22:44:27.473931
Maharashtra,Pune,Pune,Tomato,Hybrid,FAQ,2026-09-24,1554.41,2292.36,1854.21,80.5,sample,1,2026-10-08T22:44:27.473937
Maharashtra,Pune,Pune,Tomato,Hybrid,FAQ,2026-09-25,1624.09,2242.45,1887.42,222.1,sample,1,2026-10-08T22:44:27.473944
Maharashtra,Pune,Pune,Tomato,Hybrid,FAQ,2026-09-26,1614.49,2152.33,1836.03,193.2,sample,1,2026-10-08T22:44:27.473951
Maharashtra,Pune,Pune,Tomato,Hybrid,FAQ,2026-09-28,1691.67,2235.86,1883.77,456.7,sample,1,2026-10-08T22:44:27.473959
Maharashtra,Pune,Pune,Tomato,Hybrid,FAQ,2026-09-29,1737.92,2363.08,1965.33,416.7,sample,1,2026-10-08T22:44:27.473967
Maharashtra,Pune,Pune,Tomato,Hybrid,FAQ,2026-09-30,1785.93,2269.33,1982.9,317.1,sample,1,2026-10-08T22:44:27.473974
Maharashtra,Pune,Pune,Tomato,Hybrid,FAQ,2026-10-01,1633.32,2305.01,1922.35,121.5,sample,1,2026-10-08T22:44:27.473981
Maharashtra,Pune,Pune,Tomato,Hybrid,FAQ,2026-10-02,1643.92,2336.66,1932.09,246.5,sample,1,2026-10-08T22:44:27.473988
Maharashtra,Pune,Pune,Tomato,Hybrid,FAQ,2026-10-03,1521.93,2199.09,1835.55,332.2,sample,1,2026-10-08T22:44:27.473996
Maharashtra,Pune,Pune,Tomato,Hybrid,FAQ,2026-10-05,1453.8,1999.58,1722.88,71.4,sample,1,2026-10-08T22:44:27.474004
Maharashtra,Pune,Pune,Tomato,Hybrid,FAQ,2026-10-06,1375.2,1925.12,1616.53,166.3,sample,1,2026-10-08T22:44:27.474012
Maharashtra,Pune,Pune,Tomato,Hybrid,FAQ,2026-10-07,1495.97,2057.43,1717.53,66.2,sample,1,2026-10-08T22:44:27.474020
Maharashtra,Pune,Pune,Tomato,Hybrid,FAQ,2026-10-08,1457.31,2018.17,1757.06,437.6,sample,1,2026-10-08T22:44:27.474027
Maharashtra,Pune,Pune,Wheat,Lokwan,FAQ,2026-07-10,2700.71,2997.19,2821.22,295.0,sample,1,2026-10-08T22:44:27.474038
Maharashtra,Pune,Pune,Wheat,Lokwan,FAQ,2026-07-11,2651.89,3015.65,2792.9,246.9,sample,1,2026-10-08T22:44:27.474047
Maharashtra,Pune,Pune,Wheat,Lokwan,FAQ,2026-07-13,2699.43,2983.95,2806.58,109.4,sample,1,2026-10-08T22:44:27.474054
Maharashtra,Pune,Pune,Wheat,Lokwan,FAQ,2026-07-14,2684.02,2909.65,2772.47,453.6,sample,1,2026-10-08T22:44:27.474061
Maharashtra,Pune,Pune,Wheat,Lokwan,FAQ,2026-07-15,2631.6,2896.57,2751.93,154.0,sample,1,2026-10-08T22:44:27.474068
Maharashtra,Pune,Pune,Wheat,Lokwan,FAQ,2026-07-16,2671.76,2960.74,2787.28,280.5,sample,1,2026-10-08T22:44:27.474076
Maharashtra,Pune,Pune,Wheat,Lokwan,FAQ,2026-07-17,2696.65,2971.17,2801.02,195.6,sample,1,2026-10-08T22:44:27.474083
Maharashtra,Pune,Pune,Wheat,Lokwan,FAQ,2026-07-18,2694.21,3032.5,2821.26,337.8,sample,1,2026-10-08T22:44:27.474090
Maharashtra,Pune,Pune,Wheat,Lokwan,FAQ,2026-07-20,2697.56,2987.09,2830.4,372.9,sample,1,2026-10-08T22:44:27.474098
Maharashtra,Pune,Pune,Wheat,Lokwan,FAQ,2026-07-21,2702.09,3057.25,2833.36,441.7,sample,1,2026-10-08T22:44:27.474104
Maharashtra,Pune,Pune,Wheat,Lokwan,FAQ,2026-07-22,2720.98,2978.94,2815.16,485.1,sample,1,2026-10-08T22:44:27.474113
Maharashtra,Pune,Pune,Wheat,Lokwan,FAQ,2026-07-23,2708.73,3011.35,2843.02,313.7,sample,1,2026-10-08T22:44:27.474121
Maharashtra,Pune,Pune,Wheat,Lokwan,FAQ,2026-07-24,2749.66,3072.28,2860.78,414.1,sample,1,2026-10-08T22:44:27.474128
Maharashtra,Pune,Pune,Wheat,Lokwan,FAQ,2026-07-25,2717.32,3065.1,2849.57,379.8,sample,1,2026-10-08T22:44:27.474135
Maharashtra,Pune,Pune,Wheat,Lokwan,FAQ,2026-07-27,2704.52,3006.76,2835.03,206.4,sample,1,2026-10-08T22:44:27.474143
Maharashtra,Pune,Pune,Wheat,Lokwan,FAQ,2026-07-28,2695.09,2950.67,2805.2,138.5,sample,1,2026-10-08T22:44:27.474150
Maharashtra,Pune,Pune,Wheat,Lokwan,FAQ,2026-07-29,2731.94,2973.11,2832.25,75.5,sample,1,2026-10-08T22:44:27.474157
Maharashtra,Pune,Pune,Wheat,Lokwan,FAQ,2026-07-30,2676.52,2958.24,2821.32,394.6,sample,1,2026-10-08T22:44:27.474164
Maharashtra,Pune,Pune,Wheat,Lokwan,FAQ,2026-07-31,2759.97,3009.06,2846.69,392.5,sample,1,2026-10-08T22:44:27.474171
Maharashtra,Pune,Pune,Wheat,Lokwan,FAQ,2026-08-01,2706.3,2966.43,2799.74,114.6,sample,1,2026-10-08T22:44:27.474178
Maharashtra,Pune,Pune,Wheat,Lokwan,FAQ,2026-08-03,2678.5,2964.63,2820.75,241.3,sample,1,2026-10-08T22:44:27.474186
Maharashtra,Pune,Pune,Wheat,Lokwan,FAQ,2026-08-04,2668.69,2981.32,2782.27,149.3,sample,1,2026-10-08T22:44:27.474193
Maharashtra,Pune,Pune,Wheat,Lokwan,FAQ,2026-08-05,2626.04,2938.41,2763.93,285.6,sample,1,2026-10-08T22:44:27.474201
Maharashtra,Pune,Pune,Wheat,Lokwan,FAQ,2026-08-06,2666.49,2986.1,2772.77,255.7,sample,1,2026-10-08T22:44:27.474208
Maharashtra,Pune,Pune,Wheat,Lokwan,FAQ,2026-08-07,2634.14,3018.65,2786.33,252.4,sample,1,2026-10-08T22:44:27.474215
Maharashtra,Pune,Pune,Wheat,Lokwan,FAQ,2026-08-08,2662.12,2933.65,2766.41,282.6,sample,1,2026-10-08T22:44:27.474222
Maharashtra,Pune,Pune,Wheat,Lokwan,FAQ,2026-08-10,2671.43,2954.07,2813.12,155.0,sample,1,2026-10-08T22:44:27.474230
Maharashtra,Pune,Pune,Wheat,Lokwan,FAQ,2026-08-11,2672.61,3023.17,2802.77,295.1,sample,1,2026-10-08T22:44:27.474238
Maharashtra,Pune,Pune,Wheat,Lokwan,FAQ,2026-08-12,2696.0,2998.07,2841.28,391.0,sample,1,2026-10-08T22:44:27.474246
Maharashtra,Pune,Pune,Wheat,Lokwan,FAQ,2026-08-13,2764.63,3092.04,2868.27,107.8,sample,1,2026-10-08T22:44:27.474253
Maharashtra,Pune,Pune,Wheat,Lokwan,FAQ,2026-08-14,2708.99,2983.7,2808.98,200.8,sample,1,2026-10-08T22:44:27.474260
Maharashtra,Pune,Pune,Wheat,Lokwan,FAQ,2026-08-15,2745.77,2963.44,2831.69,270.9,sample,1,2026-10-08T22:44:27.474268
Maharashtra,Pune,Pune,Wheat,Lokwan,FAQ,2026-08-17,2726.32,2966.35,2837.31,468.2,sample,1,2026-10-08T22:44:27.474276
Maharashtra,Pune,Pune,Wheat,Lokwan,FAQ,2026-08-18,2771.38,3112.0,2915.8,404.0,sample,1,2026-10-08T22:44:27.474283
Maharashtra,Pune,Pune,Wheat,Lokwan,FAQ,2026-08-19,2779.61,3124.53,2923.35,103.8,sample,1,2026-10-08T22:44:27.474290
Maharashtra,Pune,Pune,Wheat,Lokwan,FAQ,2026-08-20,2798.02,3107.27,2932.82,42.4,sample,1,2026-10-08T22:44:27.474297
Maharashtra,Pune,Pune,Wheat,Lokwan,FAQ,2026-08-21,2798.95,3128.34,2943.07,374.5,sample,1,2026-10-08T22:44:27.474304
Maharashtra,Pune,Pune,Wheat,Lokwan,FAQ,2026-08-22,2823.1,3083.11,2945.1,172.5,sample,1,2026-10-08T22:44:27.474311
Maharashtra,Pune,Pune,Wheat,Lokwan,FAQ,2026-08-24,2821.14,3147.11,2935.37,250.3,sample,1,2026-10-08T22:44:27.474319
Maharashtra,Pune,Pune,Wheat,Lokwan,FAQ,2026-08-25,2844.04,3159.78,2936.02,314.5,sample,1,2026-10-08T22:44:27.474326
Maharashtra,Pune,Pune,Wheat,Lokwan,FAQ,2026-08-26,2857.73,3100.66,2959.15,237.4,sample,1,2026-10-08T22:44:27.474333
Maharashtra,Pune,Pune,Wheat,Lokwan,FAQ,2026-08-27,2826.02,3106.27,2954.29,231.6,sample,1,2026-10-08T22:44:27.474343
Maharashtra,Pune,Pune,Wheat,Lokwan,FAQ,2026-08-28,2786.98,3074.47,2941.16,282.0,sample,1,2026-10-08T22:44:27.474350
Maharashtra,Pune,Pune,Wheat,Lokwan,FAQ,2026-08-29,2804.49,3157.76,2925.02,294.9,sample,1,2026-10-08T22:44:27.474357
Maharashtra,Pune,Pune,Wheat,Lokwan,FAQ,2026-08-31,2767.24,3128.96,2897.01,156.7,sample,1,2026-10-08T22:44:27.474364
Maharashtra,Pune,Pune,Wheat,Lokwan,FAQ,2026-09-01,2824.89,3121.22,2910.06,198.6,sample,1,2026-10-08T22:44:27.474371
Maharashtra,Pune,Pune,Wheat,Lokwan,FAQ,2026-09-02,2761.24,3106.19,2900.79,193.0,sample,1,2026-10-08T22:44:27.474379
Maharashtra,Pune,Pune,Wheat,Lokwan,FAQ,2026-09-03,2773.59,3045.75,2860.78,414.2,sample,1,2026-10-08T22:44:27.474385
Maharashtra,Pune,Pune,Wheat,Lokwan,FAQ,2026-09-04,2759.99,3078.54,2877.44,330.6,sample,1,2026-10-08T22:44:27.474393
Maharashtra,Pune,Pune,Wheat,Lokwan,FAQ,2026-09-05,2769.86,3045.1,2912.29,397.0,sample,1,2026-10-08T22:44:27.474400
Maharashtra,Pune,Pune,Wheat,Lokwan,FAQ,2026-09-07,2799.42,3034.11,2886.57,59.3,sample,1,2026-10-08T22:44:27.474408
Maharashtra,Pune,Pune,Wheat,Lokwan,FAQ,2026-09-08,2736.52,3069.38,2887.72,495.0,sample,1,2026-10-08T22:44:27.474417
Maharashtra,Pune,Pune,Wheat,Lokwan,FAQ,2026-09-09,2726.68,3011.56,2864.92,204.2,sample,1,2026-10-08T22:44:27.474424
Maharashtra,Pune,Pune,Wheat,Lokwan,FAQ,2026-09-10,2716.35,3076.08,2856.57,192.7,sample,1,2026-10-08T22:44:27.474430
Maharashtra,Pune,Pune,Wheat,Lokwan,FAQ,2026-09-11,2722.69,3077.01,2870.73,451.5,sample,1,2026-10-08T22:44:27.474438
Maharashtra,Pune,Pune,Wheat,Lokwan,FAQ,2026-09-12,2772.23,3115.23,2884.07,268.3,sample,1,2026-10-08T22:44:27.474444
Maharashtra,Pune,Pune,Wheat,Lokwan,FAQ,2026-09-14,2701.68,3035.59,2823.07,374.5,sample,1,2026-10-08T22:44:27.474452
Maharashtra,Pune,Pune,Wheat,Lokwan,FAQ,2026-09-15,2733.12,3013.86,2822.8,418.3,sample,1,2026-10-08T22:44:27.474459
Maharashtra,Pune,Pune,Wheat,Lokwan,FAQ,2026-09-16,2710.79,2997.93,2800.55,181.0,sample,1,2026-10-08T22:44:27.474468
Maharashtra,Pune,Pune,Wheat,Lokwan,FAQ,2026-09-17,2666.93,2966.34,2794.32,357.3,sample,1,2026-10-08T22:44:27.474475
Maharashtra,Pune,Pune,Wheat,Lokwan,FAQ,2026-09-18,2643.58,2954.3,2790.22,499.1,sample,1,2026-10-08T22:44:27.474482
Maharashtra,Pune,Pune,Wheat,Lokwan,FAQ,2026-09-19,2692.85,3028.46,2796.62,476.0,sample,1,2026-10-08T22:44:27.474490
Maharashtra,Pune,Pune,Wheat,Lokwan,FAQ,2026-09-21,2718.36,3041.04,2828.52,352.5,sample,1,2026-10-08T22:44:27.474498
Maharashtra,Pune,Pune,Wheat,Lokwan,FAQ,2026-09-22,2690.67,2984.69,2843.27,319.5,sample,1,2026-10-08T22:44:27.474505
Maharashtra,Pune,Pune,Wheat,Lokwan,FAQ,2026-09-23,2753.57,3052.49,2842.41,208.5,sample,1,2026-10-08T22:44:27.474512
Maharashtra,Pune,Pune,Wheat,Lokwan,FAQ,2026-09-24,2722.19,3021.02,2833.76,318.3,sample,1,2026-10-08T22:44:27.474519
Maharashtra,Pune,Pune,Wheat,Lokwan,FAQ,2026-09-25,2695.01,3014.2,2805.79,304.0,sample,1,2026-10-08T22:44:27.474533
Maharashtra,Pune,Pune,Wheat,Lokwan,FAQ,2026-09-26,2628.38,2919.49,2750.5,338.8,sample,1,2026-10-08T22:44:27.474540
Maharashtra,Pune,Pune,Wheat,Lokwan,FAQ,2026-09-28,2616.03,2932.9,2753.0,218.0,sample,1,2026-10-08T22:44:27.474548
Maharashtra,Pune,Pune,Wheat,Lokwan,FAQ,2026-09-29,2643.18,2921.89,2767.62,159.7,sample,1,2026-10-08T22:44:27.474555
Maharashtra,Pune,Pune,Wheat,Lokwan,FAQ,2026-09-30,2585.61,2915.15,2690.17,266.0,sample,1,2026-10-08T22:44:27.474562
Maharashtra,Pune,Pune,Wheat,Lokwan,FAQ,2026-10-01,2630.58,2941.52,2723.41,247.9,sample,1,2026-10-08T22:44:27.474570
Maharashtra,Pune,Pune,Wheat,Lokwan,FAQ,2026-10-02,2658.74,2948.71,2749.06,428.9,sample,1,2026-10-08T22:44:27.474578
Maharashtra,Pune,Pune,Wheat,Lokwan,FAQ,2026-10-03,2628.47,2899.0,2735.48,69.9,sample,1,2026-10-08T22:44:27.474586
Maharashtra,Pune,Pune,Wheat,Lokwan,FAQ,2026-10-05,2542.57,2890.75,2687.87,466.6,sample,1,2026-10-08T22:44:27.474594
Maharashtra,Pune,Pune,Wheat,Lokwan,FAQ,2026-10-06,2549.77,2891.4,2679.68,274.0,sample,1,2026-10-08T22:44:27.474601
Maharashtra,Pune,Pune,Wheat,Lokwan,FAQ,2026-10-07,2603.81,2909.17,2697.81,52.1,sample,1,2026-10-08T22:44:27.474608
Maharashtra,Pune,Pune,Wheat,Lokwan,FAQ,2026-10-08,2590.6,2880.33,2714.49,409.7,sample,1,2026-10-08T22:44:27.474615
Maharashtra,Ahilyanagar,Ahmednagar,Onion,Red/Nasik,FAQ,2026-07-10,1939.27,2519.02,2164.79,499.8,sample,1,2026-10-08T22:44:27.474628
Maharashtra,Ahilyanagar,Ahmednagar,Onion,Red/Nasik,FAQ,2026-07-11,1806.72,2552.29,2146.12,393.8,sample,1,2026-10-08T22:44:27.474635
Maharashtra,Ahilyanagar,Ahmednagar,Onion,Red/Nasik,FAQ,2026-07-13,1773.99,2593.18,2159.02,247.0,sample,1,2026-10-08T22:44:27.474643
Maharashtra,Ahilyanagar,Ahmednagar,Onion,Red/Nasik,FAQ,2026-07-14,1812.62,2507.72,2145.04,443.9,sample,1,2026-10-08T22:44:27.474651
Maharashtra,Ahilyanagar,Ahmednagar,Onion,Red/Nasik,FAQ,2026-07-15,1920.04,2674.69,2162.79,239.0,sample,1,2026-10-08T22:44:27.474659
Maharashtra,Ahilyanagar,Ahmednagar,Onion,Red/Nasik,FAQ,2026-07-16,1722.06,2389.29,2095.99,97.1,sample,1,2026-10-08T22:44:27.474665
Maharashtra,Ahilyanagar,Ahmednagar,Onion,Red/Nasik,FAQ,2026-07-17,1851.78,2570.1,2119.86,199.2,sample,1,2026-10-08T22:44:27.474673
Maharashtra,Ahilyanagar,Ahmednagar,Onion,Red/Nasik,FAQ,2026-07-18,1770.6,2644.74,2149.96,429.1,sample,1,2026-10-08T22:44:27.474680
Maharashtra,Ahilyanagar,Ahmednagar,Onion,Red/Nasik,FAQ,2026-07-20,1844.54,2463.73,2153.69,179.3,sample,1,2026-10-08T22:44:27.474687
Maharashtra,Ahilyanagar,Ahmednagar,Onion,Red/Nasik,FAQ,2026-07-21,1922.47,2629.12,2228.5,117.6,sample,1,2026-10-08T22:44:27.474694
Maharashtra,Ahilyanagar,Ahmednagar,Onion,Red/Nasik,FAQ,2026-07-22,1927.02,2708.54,2255.59,318.4,sample,1,2026-10-08T22:44:27.474702
Maharashtra,Ahilyanagar,Ahmednagar,Onion,Red/Nasik,FAQ,2026-07-23,1882.27,2659.2,2243.93,419.6,sample,1,2026-10-08T22:44:27.474709
Maharashtra,Ahilyanagar,Ahmednagar,Onion,Red/Nasik,FAQ,2026-07-24,1932.78,2676.67,2258.24,339.5,sample,1,2026-10-08T22:44:27.474718
Maharashtra,Ahilyanagar,Ahmednagar,Onion,Red/Nasik,FAQ,2026-07-25,1911.48,2639.51,2259.53,333.9,sample,1,2026-10-08T22:44:27.474726
Maharashtra,Ahilyanagar,Ahmednagar,Onion,Red/Nasik,FAQ,2026-07-27,1925.68,2697.42,2187.82,262.2,sample,1,2026-10-08T22:44:27.474733
Maharashtra,Ahilyanagar,Ahmednagar,Onion,Red/Nasik,FAQ,2026-07-28,1835.95,2635.19,2190.79,176.8,sample,1,2026-10-08T22:44:27.474740
Maharashtra,Ahilyanagar,Ahmednagar,Onion,Red/Nasik,FAQ,2026-07-29,1919.38,2604.73,2208.51,133.9,sample,1,2026-10-08T22:44:27.474747
Maharashtra,Ahilyanagar,Ahmednagar,Onion,Red/Nasik,FAQ,2026-07-30,1898.16,2572.38,2217.36,370.4,sample,1,2026-10-08T22:44:27.474754
Maharashtra,Ahilyanagar,Ahmednagar,Onion,Red/Nasik,FAQ,2026-07-31,1822.58,2519.53,2208.15,210.4,sample,1,2026-10-08T22:44:27.474761
Maharashtra,Ahilyanagar,Ahmednagar,Onion,Red/Nasik,FAQ,2026-08-01,1799.34,2467.03,2110.44,254.6,sample,1,2026-10-08T22:44:27.474768
Maharashtra,Ahilyanagar,Ahmednagar,Onion,Red/Nasik,FAQ,2026-08-03,1884.85,2461.93,2112.28,216.7,sample,1,2026-10-08T22:44:27.474775
Maharashtra,Ahilyanagar,Ahmednagar,Onion,Red/Nasik,FAQ,2026-08-04,1834.91,2495.26,2155.68,438.0,sample,1,2026-10-08T22:44:27.474782
Maharashtra,Ahilyanagar,Ahmednagar,Onion,Red/Nasik,FAQ,2026-08-05,1869.35,2538.38,2183.33,391.0,sample,1,2026-10-08T22:44:27.474789
Maharashtra,Ahilyanagar,Ahmednagar,Onion,Red/Nasik,FAQ,2026-08-06,1923.53,2626.75,2223.22,269.4,sample,1,2026-10-08T22:44:27.474799
Maharashtra,Ahilyanagar,Ahmednagar,Onion,Red/Nasik,FAQ,2026-08-07,1839.53,2620.98,2219.67,484.7,sample,1,2026-10-08T22:44:27.474806
Maharashtra,Ahilyanagar,Ahmednagar,Onion,Red/Nasik,FAQ,2026-08-08,1981.56,2594.98,2230.29,63.2,sample,1,2026-10-08T22:44:27.474813
Maharashtra,Ahilyanagar,Ahmednagar,Onion,Red/Nasik,FAQ,2026-08-10,1799.12,2519.83,2126.89,286.9,sample,1,2026-10-08T22:44:27.474821
Maharashtra,Ahilyanagar,Ahmednagar,Onion,Red/Nasik,FAQ,2026-08-11,1772.87,2518.78,2135.36,445.9,sample,1,2026-10-08T22:44:27.474829
Maharashtra,Ahilyanagar,Ahmednagar,Onion,Red/Nasik,FAQ,2026-08-12,1852.26,2504.27,2128.13,302.3,sample,1,2026-10-08T22:44:27.474836
Maharashtra,Ahilyanagar,Ahmednagar,Onion,Red/Nasik,FAQ,2026-08-13,1804.08,2461.89,2049.12,73.8,sample,1,2026-10-08T22:44:27.474843
Maharashtra,Ahilyanagar,Ahmednagar,Onion,Red/Nasik,FAQ,2026-08-14,1712.83,2490.56,1973.18,353.0,sample,1,2026-10-08T22:44:27.474851
Maharashtra,Ahilyanagar,Ahmednagar,Onion,Red/Nasik,FAQ,2026-08-15,1752.36,2497.77,1983.75,221.2,sample,1,2026-10-08T22:44:27.474858
Maharashtra,Ahilyanagar,Ahmednagar,Onion,Red/Nasik,FAQ,2026-08-17,1629.72,2469.92,2008.73,131.6,sample,1,2026-10-08T22:44:27.474865
Maharashtra,Ahilyanagar,Ahmednagar,Onion,Red/Nasik,FAQ,2026-08-18,1674.45,2376.11,1976.09,60.8,sample,1,2026-10-08T22:44:27.474874
Maharashtra,Ahilyanagar,Ahmednagar,Onion,Red/Nasik,FAQ,2026-08-19,1722.84,2407.79,2018.11,318.9,sample,1,2026-10-08T22:44:27.474882
Maharashtra,Ahilyanagar,Ahmednagar,Onion,Red/Nasik,FAQ,2026-08-20,1760.05,2421.55,2062.84,322.0,sample,1,2026-10-08T22:44:27.474889
Maharashtra,Ahilyanagar,Ahmednagar,Onion,Red/Nasik,FAQ,2026-08-21,1807.95,2502.85,2151.03,194.7,sample,1,2026-10-08T22:44:27.474964
Maharashtra,Ahilyanagar,Ahmednagar,Onion,Red/Nasik,FAQ,2026-08-22,1926.16,2693.01,2285.25,366.0,sample,1,2026-10-08T22:44:27.474979
Maharashtra,Ahilyanagar,Ahmednagar,Onion,Red/Nasik,FAQ,2026-08-24,1977.88,2695.89,2254.18,490.8,sample,1,2026-10-08T22:44:27.474990
Maharashtra,Ahilyanagar,Ahmednagar,Onion,Red/Nasik,FAQ,2026-08-25,2025.4,2811.69,2340.47,373.6,sample,1,2026-10-08T22:44:27.474998
Maharashtra,Ahilyanagar,Ahmednagar,Onion,Red/Nasik,FAQ,2026-08-26,2035.11,2842.64,2330.54,400.1,sample,1,2026-10-08T22:44:27.475031
Maharashtra,Ahilyanagar,Ahmednagar,Onion,Red/Nasik,FAQ,2026-08-27,1965.05,2733.39,2314.76,371.8,sample,1,2026-10-08T22:44:27.475099
Maharashtra,Ahilyanagar,Ahmednagar,Onion,Red/Nasik,FAQ,2026-08-28,1960.84,2712.8,2284.06,426.9,sample,1,2026-10-08T22:44:27.475111
Maharashtra,Ahilyanagar,Ahmednagar,Onion,Red/Nasik,FAQ,2026-08-29,2029.44,2709.41,2266.04,54.5,sample,1,2026-10-08T22:44:27.475124
Maharashtra,Ahilyanagar,Ahmednagar,Onion,Red/Nasik,FAQ,2026-08-31,2073.69,2642.39,2287.1,109.7,sample,1,2026-10-08T22:44:27.475180
Maharashtra,Ahilyanagar,Ahmednagar,Onion,Red/Nasik,FAQ,2026-09-01,1942.24,2655.02,2276.53,396.5,sample,1,2026-10-08T22:44:27.475201
Maharashtra,Ahilyanagar,Ahmednagar,Onion,Red/Nasik,FAQ,2026-09-02,2020.89,2658.29,2363.34,103.5,sample,1,2026-10-08T22:44:27.475218
Maharashtra,Ahilyanagar,Ahmednagar,Onion,Red/Nasik,FAQ,2026-09-03,2060.73,2666.06,2308.05,344.6,sample,1,2026-10-08T22:44:27.475227
Maharashtra,Ahilyanagar,Ahmednagar,Onion,Red/Nasik,FAQ,2026-09-04,2020.14,2760.22,2261.31,197.5,sample,1,2026-10-08T22:44:27.475255
Maharashtra,Ahilyanagar,Ahmednagar,Onion,Red/Nasik,FAQ,2026-09-05,1979.06,2718.11,2252.83,371.6,sample,1,2026-10-08T22:44:27.475272
Maharashtra,Ahilyanagar,Ahmednagar,Onion,Red/Nasik,FAQ,2026-09-07,1884.12,2530.07,2203.93,153.4,sample,1,2026-10-08T22:44:27.475286
Maharashtra,Ahilyanagar,Ahmednagar,Onion,Red/Nasik,FAQ,2026-09-08,1834.53,2478.96,2144.99,487.5,sample,1,2026-10-08T22:44:27.475296
Maharashtra,Ahilyanagar,Ahmednagar,Onion,Red/Nasik,FAQ,2026-09-09,1889.76,2586.27,2137.07,185.8,sample,1,2026-10-08T22:44:27.475305
Maharashtra,Ahilyanagar,Ahmednagar,Onion,Red/Nasik,FAQ,2026-09-10,1908.4,2685.27,2181.18,405.9,sample,1,2026-10-08T22:44:27.475326
Maharashtra,Ahilyanagar,Ahmednagar,Onion,Red/Nasik,FAQ,2026-09-11,1848.09,2551.01,2179.88,490.9,sample,1,2026-10-08T22:44:27.475334
Maharashtra,Ahilyanagar,Ahmednagar,Onion,Red/Nasik,FAQ,2026-09-12,1850.29,2716.71,2207.6,410.1,sample,1,2026-10-08T22:44:27.475343
Maharashtra,Ahilyanagar,Ahmednagar,Onion,Red/Nasik,FAQ,2026-09-14,1859.82,2561.5,2198.37,243.5,sample,1,2026-10-08T22:44:27.475352
Maharashtra,Ahilyanagar,Ahmednagar,Onion,Red/Nasik,FAQ,2026-09-15,1983.65,2634.79,2239.81,133.0,sample,1,2026-10-08T22:44:27.475361
Maharashtra,Ahilyanagar,Ahmednagar,Onion,Red/Nasik,FAQ,2026-09-16,1791.15,2439.41,2126.46,323.2,sample,1,2026-10-08T22:44:27.475372
Maharashtra,Ahilyanagar,Ahmednagar,Onion,Red/Nasik,FAQ,2026-09-17,1788.1,2441.92,2103.73,348.1,sample,1,2026-10-08T22:44:27.475381
Maharashtra,Ahilyanagar,Ahmednagar,Onion,Red/Nasik,FAQ,2026-09-18,1820.67,2419.31,2040.12,370.0,sample,1,2026-10-08T22:44:27.475391
Maharashtra,Ahilyanagar,Ahmednagar,Onion,Red/Nasik,FAQ,2026-09-19,1807.7,2500.78,2035.8,42.4,sample,1,2026-10-08T22:44:27.475400
Maharashtra,Ahilyanagar,Ahmednagar,Onion,Red/Nasik,FAQ,2026-09-21,1652.95,2440.6,1936.19,444.1,sample,1,2026-10-08T22:44:27.475410
Maharashtra,Ahilyanagar,Ahmednagar,Onion,Red/Nasik,FAQ,2026-09-22,1619.15,2242.96,1915.09,483.4,sample,1,2026-10-08T22:44:27.475420
Maharashtra,Ahilyanagar,Ahmednagar,Onion,Red/Nasik,FAQ,2026-09-23,1526.25,2201.15,1899.68,304.1,sample,1,2026-10-08T22:44:27.475429
Maharashtra,Ahilyanagar,Ahmednagar,Onion,Red/Nasik,FAQ,2026-09-24,1674.83,2434.71,1981.16,470.9,sample,1,2026-10-08T22:44:27.475438
Maharashtra,Ahilyanagar,Ahmednagar,Onion,Red/Nasik,FAQ,2026-09-25,1651.33,2342.32,2020.13,463.0,sample,1,2026-10-08T22:44:27.475447
Maharashtra,Ahilyanagar,Ahmednagar,Onion,Red/Nasik,FAQ,2026-09-26,1625.05,2389.82,2014.54,267.9,sample,1,2026-10-08T22:44:27.475460
Maharashtra,Ahilyanagar,Ahmednagar,Onion,Red/Nasik,FAQ,2026-09-28,1766.55,2633.66,2143.24,44.3,sample,1,2026-10-08T22:44:27.475471
Maharashtra,Ahilyanagar,Ahmednagar,Onion,Red/Nasik,FAQ,2026-09-29,1785.73,2403.71,2097.96,492.2,sample,1,2026-10-08T22:44:27.475479
Maharashtra,Ahilyanagar,Ahmednagar,Onion,Red/Nasik,FAQ,2026-09-30,1764.39,2470.72,2072.18,471.7,sample,1,2026-10-08T22:44:27.475489
Maharashtra,Ahilyanagar,Ahmednagar,Onion,Red/Nasik,FAQ,2026-10-01,1863.67,2619.18,2226.86,128.7,sample,1,2026-10-08T22:44:27.475500
Maharashtra,Ahilyanagar,Ahmednagar,Onion,Red/Nasik,FAQ,2026-10-02,1957.04,2591.38,2249.64,125.7,sample,1,2026-10-08T22:44:27.475509
Maharashtra,Ahilyanagar,Ahmednagar,Onion,Red/Nasik,FAQ,2026-10-03,1925.43,2737.8,2268.02,301.2,sample,1,2026-10-08T22:44:27.475520
Maharashtra,Ahilyanagar,Ahmednagar,Onion,Red/Nasik,FAQ,2026-10-05,1903.43,2762.83,2267.54,420.4,sample,1,2026-10-08T22:44:27.475531
Maharashtra,Ahilyanagar,Ahmednagar,Onion,Red/Nasik,FAQ,2026-10-06,1931.88,2535.45,2234.63,347.9,sample,1,2026-10-08T22:44:27.475557
Maharashtra,Ahilyanagar,Ahmednagar,Onion,Red/Nasik,FAQ,2026-10-07,1977.12,2584.9,2245.37,160.0,sample,1,2026-10-08T22:44:27.475578
Maharashtra,Ahilyanagar,Ahmednagar,Onion,Red/Nasik,FAQ,2026-10-08,2017.46,2730.75,2269.85,478.9,sample,1,2026-10-08T22:44:27.475587
Maharashtra,Ahilyanagar,Ahmednagar,Red gram/Arhar/Tur(whole),White/Desi,FAQ,2026-07-10,10101.03,11039.1,10383.77,358.7,sample,1,2026-10-08T22:44:27.475602
Maharashtra,Ahilyanagar,Ahmednagar,Red gram/Arhar/Tur(whole),White/Desi,FAQ,2026-07-11,10227.75,10985.22,10522.66,181.1,sample,1,2026-10-08T22:44:27.475613
Maharashtra,Ahilyanagar,Ahmednagar,Red gram/Arhar/Tur(whole),White/Desi,FAQ,2026-07-13,9935.08,11103.19,10429.91,183.0,sample,1,2026-10-08T22:44:27.475625
Maharashtra,Ahilyanagar,Ahmednagar,Red gram/Arhar/Tur(whole),White/Desi,FAQ,2026-07-14,10181.28,11239.27,10489.46,175.7,sample,1,2026-10-08T22:44:27.475668
Maharashtra,Ahilyanagar,Ahmednagar,Red gram/Arhar/Tur(whole),White/Desi,FAQ,2026-07-15,10126.85,10914.06,10438.91,384.0,sample,1,2026-10-08T22:44:27.475694
Maharashtra,Ahilyanagar,Ahmednagar,Red gram/Arhar/Tur(whole),White/Desi,FAQ,2026-07-16,9971.33,10966.41,10396.71,292.6,sample,1,2026-10-08T22:44:27.475712
Maharashtra,Ahilyanagar,Ahmednagar,Red gram/Arhar/Tur(whole),White/Desi,FAQ,2026-07-17,9849.1,10787.11,10288.48,153.8,sample,1,2026-10-08T22:44:27.475725
Maharashtra,Ahilyanagar,Ahmednagar,Red gram/Arhar/Tur(whole),White/Desi,FAQ,2026-07-18,9854.79,11050.26,10315.93,77.7,sample,1,2026-10-08T22:44:27.475734
Maharashtra,Ahilyanagar,Ahmednagar,Red gram/Arhar/Tur(whole),White/Desi,FAQ,2026-07-20,9890.29,10812.13,10189.03,68.4,sample,1,2026-10-08T22:44:27.475747
Maharashtra,Ahilyanagar,Ahmednagar,Red gram/Arhar/Tur(whole),White/Desi,FAQ,2026-07-21,9835.74,10849.16,10247.18,303.4,sample,1,2026-10-08T22:44:27.475756
Maharashtra,Ahilyanagar,Ahmednagar,Red gram/Arhar/Tur(whole),White/Desi,FAQ,2026-07-22,9898.68,10765.41,10303.56,134.5,sample,1,2026-10-08T22:44:27.475766
Maharashtra,Ahilyanagar,Ahmednagar,Red gram/Arhar/Tur(whole),White/Desi,FAQ,2026-07-23,9954.81,10827.51,10374.77,274.8,sample,1,2026-10-08T22:44:27.475774
Maharashtra,Ahilyanagar,Ahmednagar,Red gram/Arhar/Tur(whole),White/Desi,FAQ,2026-07-24,10010.01,10997.64,10413.19,66.6,sample,1,2026-10-08T22:44:27.475784
Maharashtra,Ahilyanagar,Ahmednagar,Red gram/Arhar/Tur(whole),White/Desi,FAQ,2026-07-25,9930.79,11032.25,10321.76,372.7,sample,1,2026-10-08T22:44:27.475792
Maharashtra,Ahilyanagar,Ahmednagar,Red gram/Arhar/Tur(whole),White/Desi,FAQ,2026-07-27,9736.63,10823.81,10195.62,60.8,sample,1,2026-10-08T22:44:27.475804
Maharashtra,Ahilyanagar,Ahmednagar,Red gram/Arhar/Tur(whole),White/Desi,FAQ,2026-07-28,9945.44,10751.08,10308.13,497.3,sample,1,2026-10-08T22:44:27.475814
Maharashtra,Ahilyanagar,Ahmednagar,Red gram/Arhar/Tur(whole),White/Desi,FAQ,2026-07-29,9841.32,10776.85,10345.43,228.1,sample,1,2026-10-08T22:44:27.475824
Maharashtra,Ahilyanagar,Ahmednagar,Red gram/Arhar/Tur(whole),White/Desi,FAQ,2026-07-30,9871.51,11031.76,10336.06,490.0,sample,1,2026-10-08T22:44:27.475833
Maharashtra,Ahilyanagar,Ahmednagar,Red gram/Arhar/Tur(whole),White/Desi,FAQ,2026-07-31,9765.27,10841.25,10283.56,440.0,sample,1,2026-10-08T22:44:27.475842
Maharashtra,Ahilyanagar,Ahmednagar,Red gram/Arhar/Tur(whole),White/Desi,FAQ,2026-08-01,9718.68,10771.53,10216.3,354.1,sample,1,2026-10-08T22:44:27.475851
Maharashtra,Ahilyanagar,Ahmednagar,Red gram/Arhar/Tur(whole),White/Desi,FAQ,2026-08-03,9731.17,10713.22,10168.02,122.1,sample,1,2026-10-08T22:44:27.475863
Maharashtra,Ahilyanagar,Ahmednagar,Red gram/Arhar/Tur(whole),White/Desi,FAQ,2026-08-04,9676.9,10696.22,10085.84,374.8,sample,1,2026-10-08T22:44:27.475872
Maharashtra,Ahilyanagar,Ahmednagar,Red gram/Arhar/Tur(whole),White/Desi,FAQ,2026-08-05,9818.87,10631.74,10104.33,349.8,sample,1,2026-10-08T22:44:27.475881
Maharashtra,Ahilyanagar,Ahmednagar,Red gram/Arhar/Tur(whole),White/Desi,FAQ,2026-08-06,9717.34,10739.51,10128.01,418.7,sample,1,2026-10-08T22:44:27.475889
Maharashtra,Ahilyanagar,Ahmednagar,Red gram/Arhar/Tur(whole),White/Desi,FAQ,2026-08-07,9798.25,10901.88,10144.41,373.5,sample,1,2026-10-08T22:44:27.475898
Maharashtra,Ahilyanagar,Ahmednagar,Red gram/Arhar/Tur(whole),White/Desi,FAQ,2026-08-08,9934.56,10953.05,10241.64,232.9,sample,1,2026-10-08T22:44:27.475910
Maharashtra,Ahilyanagar,Ahmednagar,Red gram/Arhar/Tur(whole),White/Desi,FAQ,2026-08-10,9986.11,10764.05,10269.86,86.4,sample,1,2026-10-08T22:44:27.475920
Maharashtra,Ahilyanagar,Ahmednagar,Red gram/Arhar/Tur(whole),White/Desi,FAQ,2026-08-11,9804.04,10727.3,10092.1,363.5,sample,1,2026-10-08T22:44:27.475929
Maharashtra,Ahilyanagar,Ahmednagar,Red gram/Arhar/Tur(whole),White/Desi,FAQ,2026-08-12,9873.43,10754.33,10249.97,139.9,sample,1,2026-10-08T22:44:27.475937
Maharashtra,Ahilyanagar,Ahmednagar,Red gram/Arhar/Tur(whole),White/Desi,FAQ,2026-08-13,9816.19,10743.81,10303.49,271.8,sample,1,2026-10-08T22:44:27.475945
Maharashtra,Ahilyanagar,Ahmednagar,Red gram/Arhar/Tur(whole),White/Desi,FAQ,2026-08-14,9813.83,10804.2,10269.39,315.0,sample,1,2026-10-08T22:44:27.475955
Maharashtra,Ahilyanagar,Ahmednagar,Red gram/Arhar/Tur(whole),White/Desi,FAQ,2026-08-15,9996.54,10973.39,10437.95,178.8,sample,1,2026-10-08T22:44:27.475963
Maharashtra,Ahilyanagar,Ahmednagar,Red gram/Arhar/Tur(whole),White/Desi,FAQ,2026-08-17,10186.69,11047.92,10519.74,68.0,sample,1,2026-10-08T22:44:27.475972
Maharashtra,Ahilyanagar,Ahmednagar,Red gram/Arhar/Tur(whole),White/Desi,FAQ,2026-08-18,10111.21,11355.55,10618.85,459.3,sample,1,2026-10-08T22:44:27.475980
Maharashtra,Ahilyanagar,Ahmednagar,Red gram/Arhar/Tur(whole),White/Desi,FAQ,2026-08-19,10143.7,11312.67,10542.65,473.1,sample,1,2026-10-08T22:44:27.475991
Maharashtra,Ahilyanagar,Ahmednagar,Red gram/Arhar/Tur(whole),White/Desi,FAQ,2026-08-20,10028.3,11172.31,10469.42,186.6,sample,1,2026-10-08T22:44:27.476004
Maharashtra,Ahilyanagar,Ahmednagar,Red gram/Arhar/Tur(whole),White/Desi,FAQ,2026-08-21,10052.84,11114.78,10423.19,257.8,sample,1,2026-10-08T22:44:27.476012
Maharashtra,Ahilyanagar,Ahmednagar,Red gram/Arhar/Tur(whole),White/Desi,FAQ,2026-08-22,9965.37,10977.48,10449.21,365.5,sample,1,2026-10-08T22:44:27.476020
Maharashtra,Ahilyanagar,Ahmednagar,Red gram/Arhar/Tur(whole),White/Desi,FAQ,2026-08-24,10101.85,11285.22,10516.82,296.4,sample,1,2026-10-08T22:44:27.476029
Maharashtra,Ahilyanagar,Ahmednagar,Red gram/Arhar/Tur(whole),White/Desi,FAQ,2026-08-25,10012.72,10832.33,10324.9,133.5,sample,1,2026-10-08T22:44:27.476037
Maharashtra,Ahilyanagar,Ahmednagar,Red gram/Arhar/Tur(whole),White/Desi,FAQ,2026-08-26,9723.91,10660.51,10207.22,373.3,sample,1,2026-10-08T22:44:27.476047
Maharashtra,Ahilyanagar,Ahmednagar,Red gram/Arhar/Tur(whole),White/Desi,FAQ,2026-08-27,9730.59,10572.96,10056.31,349.9,sample,1,2026-10-08T22:44:27.476056
Maharashtra,Ahilyanagar,Ahmednagar,Red gram/Arhar/Tur(whole),White/Desi,FAQ,2026-08-28,9603.74,10623.11,9928.9,373.2,sample,1,2026-10-08T22:44:27.476064
Maharashtra,Ahilyanagar,Ahmednagar,Red gram/Arhar/Tur(whole),White/Desi,FAQ,2026-08-29,9429.54,10436.24,9843.66,440.0,sample,1,2026-10-08T22:44:27.476073
Maharashtra,Ahilyanagar,Ahmednagar,Red gram/Arhar/Tur(whole),White/Desi,FAQ,2026-08-31,9476.86,10517.92,9760.54,482.6,sample,1,2026-10-08T22:44:27.476082
Maharashtra,Ahilyanagar,Ahmednagar,Red gram/Arhar/Tur(whole),White/Desi,FAQ,2026-09-01,9681.66,10769.67,9989.82,260.3,sample,1,2026-10-08T22:44:27.476092
Maharashtra,Ahilyanagar,Ahmednagar,Red gram/Arhar/Tur(whole),White/Desi,FAQ,2026-09-02,9688.45,10766.98,10017.53,294.0,sample,1,2026-10-08T22:44:27.476100
Maharashtra,Ahilyanagar,Ahmednagar,Red gram/Arhar/Tur(whole),White/Desi,FAQ,2026-09-03,9694.47,10717.63,10160.59,285.5,sample,1,2026-10-08T22:44:27.476109
Maharashtra,Ahilyanagar,Ahmednagar,Red gram/Arhar/Tur(whole),White/Desi,FAQ,2026-09-04,9726.56,10728.66,10129.64,85.4,sample,1,2026-10-08T22:44:27.476120
Maharashtra,Ahilyanagar,Ahmednagar,Red gram/Arhar/Tur(whole),White/Desi,FAQ,2026-09-05,9683.35,10787.89,10198.87,426.3,sample,1,2026-10-08T22:44:27.476128
Maharashtra,Ahilyanagar,Ahmednagar,Red gram/Arhar/Tur(whole),White/Desi,FAQ,2026-09-07,9905.46,10907.31,10284.8,141.8,sample,1,2026-10-08T22:44:27.476137
Maharashtra,Ahilyanagar,Ahmednagar,Red gram/Arhar/Tur(whole),White/Desi,FAQ,2026-09-08,9932.63,10761.53,10247.65,470.0,sample,1,2026-10-08T22:44:27.476145
Maharashtra,Ahilyanagar,Ahmednagar,Red gram/Arhar/Tur(whole),White/Desi,FAQ,2026-09-09,9857.94,10713.27,10174.52,214.7,sample,1,2026-10-08T22:44:27.476154
Maharashtra,Ahilyanagar,Ahmednagar,Red gram/Arhar/Tur(whole),White/Desi,FAQ,2026-09-10,9662.64,10742.4,10142.65,341.1,sample,1,2026-10-08T22:44:27.476165
Maharashtra,Ahilyanagar,Ahmednagar,Red gram/Arhar/Tur(whole),White/Desi,FAQ,2026-09-11,9652.21,10897.33,10129.39,335.2,sample,1,2026-10-08T22:44:27.476176
Maharashtra,Ahilyanagar,Ahmednagar,Red gram/Arhar/Tur(whole),White/Desi,FAQ,2026-09-12,9682.99,10561.29,10080.73,405.7,sample,1,2026-10-08T22:44:27.476185
Maharashtra,Ahilyanagar,Ahmednagar,Red gram/Arhar/Tur(whole),White/Desi,FAQ,2026-09-14,9770.79,10918.07,10167.99,289.4,sample,1,2026-10-08T22:44:27.476195
Maharashtra,Ahilyanagar,Ahmednagar,Red gram/Arhar/Tur(whole),White/Desi,FAQ,2026-09-15,9872.64,10747.81,10306.67,55.6,sample,1,2026-10-08T22:44:27.476203
Maharashtra,Ahilyanagar,Ahmednagar,Red gram/Arhar/Tur(whole),White/Desi,FAQ,2026-09-16,9996.28,11131.81,10436.65,229.7,sample,1,2026-10-08T22:44:27.476213
Maharashtra,Ahilyanagar,Ahmednagar,Red gram/Arhar/Tur(whole),White/Desi,FAQ,2026-09-17,9776.03,10761.56,10258.24,365.3,sample,1,2026-10-08T22:44:27.476222
Maharashtra,Ahilyanagar,Ahmednagar,Red gram/Arhar/Tur(whole),White/Desi,FAQ,2026-09-18,10003.93,11015.92,10373.5,346.7,sample,1,2026-10-08T22:44:27.476230
Maharashtra,Ahilyanagar,Ahmednagar,Red gram/Arhar/Tur(whole),White/Desi,FAQ,2026-09-19,9954.5,10976.41,10382.46,264.4,sample,1,2026-10-08T22:44:27.476239
Maharashtra,Ahilyanagar,Ahmednagar,Red gram/Arhar/Tur(whole),White/Desi,FAQ,2026-09-21,10215.89,11109.32,10498.73,166.4,sample,1,2026-10-08T22:44:27.476249
Maharashtra,Ahilyanagar,Ahmednagar,Red gram/Arhar/Tur(whole),White/Desi,FAQ,2026-09-22,9985.43,10926.2,10500.03,414.1,sample,1,2026-10-08T22:44:27.476257
Maharashtra,Ahilyanagar,Ahmednagar,Red gram/Arhar/Tur(whole),White/Desi,FAQ,2026-09-23,9923.28,10880.16,10421.63,84.3,sample,1,2026-10-08T22:44:27.476265
Maharashtra,Ahilyanagar,Ahmednagar,Red gram/Arhar/Tur(whole),White/Desi,FAQ,2026-09-24,9961.5,10766.34,10277.24,282.2,sample,1,2026-10-08T22:44:27.476277
Maharashtra,Ahilyanagar,Ahmednagar,Red gram/Arhar/Tur(whole),White/Desi,FAQ,2026-09-25,9937.9,10867.46,10313.16,226.8,sample,1,2026-10-08T22:44:27.476285
Maharashtra,Ahilyanagar,Ahmednagar,Red gram/Arhar/Tur(whole),White/Desi,FAQ,2026-09-26,9838.29,11030.37,10253.89,143.9,sample,1,2026-10-08T22:44:27.476293
Maharashtra,Ahilyanagar,Ahmednagar,Red gram/Arhar/Tur(whole),White/Desi,FAQ,2026-09-28,9755.47,10921.33,10192.37,389.4,sample,1,2026-10-08T22:44:27.476302
Maharashtra,Ahilyanagar,Ahmednagar,Red gram/Arhar/Tur(whole),White/Desi,FAQ,2026-09-29,9741.94,10600.92,10044.38,294.2,sample,1,2026-10-08T22:44:27.476309
Maharashtra,Ahilyanagar,Ahmednagar,Red gram/Arhar/Tur(whole),White/Desi,FAQ,2026-09-30,9754.17,10675.25,10075.3,239.6,sample,1,2026-10-08T22:44:27.476317
Maharashtra,Ahilyanagar,Ahmednagar,Red gram/Arhar/Tur(whole),White/Desi,FAQ,2026-10-01,9629.07,10721.03,10097.32,434.7,sample,1,2026-10-08T22:44:27.476325
Maharashtra,Ahilyanagar,Ahmednagar,Red gram/Arhar/Tur(whole),White/Desi,FAQ,2026-10-02,9914.84,10701.16,10205.05,439.3,sample,1,2026-10-08T22:44:27.476333
Maharashtra,Ahilyanagar,Ahmednagar,Red gram/Arhar/Tur(whole),White/Desi,FAQ,2026-10-03,9785.5,10869.69,10278.51,61.4,sample,1,2026-10-08T22:44:27.476341
Maharashtra,Ahilyanagar,Ahmednagar,Red gram/Arhar/Tur(whole),White/Desi,FAQ,2026-10-05,9973.43,11092.12,10469.26,55.1,sample,1,2026-10-08T22:44:27.476350
Maharashtra,Ahilyanagar,Ahmednagar,Red gram/Arhar/Tur(whole),White/Desi,FAQ,2026-10-06,10056.79,11092.9,10559.69,482.3,sample,1,2026-10-08T22:44:27.476360
Maharashtra,Ahilyanagar,Ahmednagar,Red gram/Arhar/Tur(whole),White/Desi,FAQ,2026-10-07,9973.73,10988.17,10424.78,75.4,sample,1,2026-10-08T22:44:27.476368
Maharashtra,Ahilyanagar,Ahmednagar,Red gram/Arhar/Tur(whole),White/Desi,FAQ,2026-10-08,10027.87,10853.43,10346.86,423.9,sample,1,2026-10-08T22:44:27.476376
Maharashtra,Ahilyanagar,Ahmednagar,Soyabean,Yellow,FAQ,2026-07-10,4479.78,4845.31,4614.64,104.4,sample,1,2026-10-08T22:44:27.476387
Maharashtra,Ahilyanagar,Ahmednagar,Soyabean,Yellow,FAQ,2026-07-11,4478.6,4899.46,4672.56,270.4,sample,1,2026-10-08T22:44:27.476395
Maharashtra,Ahilyanagar,Ahmednagar,Soyabean,Yellow,FAQ,2026-07-13,4541.71,4926.69,4686.05,196.7,sample,1,2026-10-08T22:44:27.476404
Maharashtra,Ahilyanagar,Ahmednagar,Soyabean,Yellow,FAQ,2026-07-14,4509.4,4938.19,4683.61,222.5,sample,1,2026-10-08T22:44:27.476412
Maharashtra,Ahilyanagar,Ahmednagar,Soyabean,Yellow,FAQ,2026-07-15,4555.28,4943.99,4684.88,265.7,sample,1,2026-10-08T22:44:27.476419
Maharashtra,Ahilyanagar,Ahmednagar,Soyabean,Yellow,FAQ,2026-07-16,4537.91,4927.87,4674.93,238.7,sample,1,2026-10-08T22:44:27.476428
Maharashtra,Ahilyanagar,Ahmednagar,Soyabean,Yellow,FAQ,2026-07-17,4537.33,4864.27,4650.04,407.1,sample,1,2026-10-08T22:44:27.476436
Maharashtra,Ahilyanagar,Ahmednagar,Soyabean,Yellow,FAQ,2026-07-18,4429.19,4748.21,4598.37,110.9,sample,1,2026-10-08T22:44:27.476445
Maharashtra,Ahilyanagar,Ahmednagar,Soyabean,Yellow,FAQ,2026-07-20,4417.36,4766.93,4588.93,89.0,sample,1,2026-10-08T22:44:27.476454
Maharashtra,Ahilyanagar,Ahmednagar,Soyabean,Yellow,FAQ,2026-07-21,4432.94,4715.4,4538.41,205.6,sample,1,2026-10-08T22:44:27.476462
Maharashtra,Ahilyanagar,Ahmednagar,Soyabean,Yellow,FAQ,2026-07-22,4420.98,4736.71,4542.85,295.2,sample,1,2026-10-08T22:44:27.476470
Maharashtra,Ahilyanagar,Ahmednagar,Soyabean,Yellow,FAQ,2026-07-23,4429.15,4714.02,4570.87,202.8,sample,1,2026-10-08T22:44:27.476479
Maharashtra,Ahilyanagar,Ahmednagar,Soyabean,Yellow,FAQ,2026-07-24,4487.16,4807.59,4621.36,174.2,sample,1,2026-10-08T22:44:27.476487
Maharashtra,Ahilyanagar,Ahmednagar,Soyabean,Yellow,FAQ,2026-07-25,4514.2,4804.26,4654.1,454.5,sample,1,2026-10-08T22:44:27.476495
Maharashtra,Ahilyanagar,Ahmednagar,Soyabean,Yellow,FAQ,2026-07-27,4590.5,4907.33,4746.98,215.1,sample,1,2026-10-08T22:44:27.476504
Maharashtra,Ahilyanagar,Ahmednagar,Soyabean,Yellow,FAQ,2026-07-28,4564.07,4857.71,4681.57,266.8,sample,1,2026-10-08T22:44:27.476514
Maharashtra,Ahilyanagar,Ahmednagar,Soyabean,Yellow,FAQ,2026-07-29,4577.98,4918.99,4720.88,75.4,sample,1,2026-10-08T22:44:27.476530
Maharashtra,Ahilyanagar,Ahmednagar,Soyabean,Yellow,FAQ,2026-07-30,4607.72,4904.96,4735.37,327.5,sample,1,2026-10-08T22:44:27.476570
Maharashtra,Ahilyanagar,Ahmednagar,Soyabean,Yellow,FAQ,2026-07-31,4596.04,4887.23,4710.67,476.5,sample,1,2026-10-08T22:44:27.476586
Maharashtra,Ahilyanagar,Ahmednagar,Soyabean,Yellow,FAQ,2026-08-01,4559.57,4908.89,4694.47,409.9,sample,1,2026-10-08T22:44:27.476600
Maharashtra,Ahilyanagar,Ahmednagar,Soyabean,Yellow,FAQ,2026-08-03,4498.05,4919.58,4676.44,488.1,sample,1,2026-10-08T22:44:27.476619
Maharashtra,Ahilyanagar,Ahmednagar,Soyabean,Yellow,FAQ,2026-08-04,4591.07,4886.8,4708.32,475.7,sample,1,2026-10-08T22:44:27.476634
Maharashtra,Ahilyanagar,Ahmednagar,Soyabean,Yellow,FAQ,2026-08-05,4525.65,4973.71,4717.46,174.1,sample,1,2026-10-08T22:44:27.476649
Maharashtra,Ahilyanagar,Ahmednagar,Soyabean,Yellow,FAQ,2026-08-06,4581.13,4947.6,4748.68,304.9,sample,1,2026-10-08T22:44:27.476664
Maharashtra,Ahilyanagar,Ahmednagar,Soyabean,Yellow,FAQ,2026-08-07,4568.61,4934.24,4747.09,92.4,sample,1,2026-10-08T22:44:27.476679
Maharashtra,Ahilyanagar,Ahmednagar,Soyabean,Yellow,FAQ,2026-08-08,4626.79,4993.61,4782.54,291.0,sample,1,2026-10-08T22:44:27.476693
Maharashtra,Ahilyanagar,Ahmednagar,Soyabean,Yellow,FAQ,2026-08-10,4565.61,4951.77,4756.38,365.8,sample,1,2026-10-08T22:44:27.476710
Maharashtra,Ahilyanagar,Ahmednagar,Soyabean,Yellow,FAQ,2026-08-11,4562.13,4881.55,4706.59,358.7,sample,1,2026-10-08T22:44:27.476727
Maharashtra,Ahilyanagar,Ahmednagar,Soyabean,Yellow,FAQ,2026-08-12,4593.37,4935.11,4735.19,331.3,sample,1,2026-10-08T22:44:27.476742
Maharashtra,Ahilyanagar,Ahmednagar,Soyabean,Yellow,FAQ,2026-08-13,4540.95,4886.77,4667.73,369.0,sample,1,2026-10-08T22:44:27.476757
Maharashtra,Ahilyanagar,Ahmednagar,Soyabean,Yellow,FAQ,2026-08-14,4478.0,4869.67,4672.16,224.4,sample,1,2026-10-08T22:44:27.476772
Maharashtra,Ahilyanagar,Ahmednagar,Soyabean,Yellow,FAQ,2026-08-15,4506.74,4907.79,4657.34,358.2,sample,1,2026-10-08T22:44:27.476787
Maharashtra,Ahilyanagar,Ahmednagar,Soyabean,Yellow,FAQ,2026-08-17,4453.01,4837.83,4590.37,287.0,sample,1,2026-10-08T22:44:27.476802
Maharashtra,Ahilyanagar,Ahmednagar,Soyabean,Yellow,FAQ,2026-08-18,4413.25,4725.89,4575.69,393.7,sample,1,2026-10-08T22:44:27.476815
Maharashtra,Ahilyanagar,Ahmednagar,Soyabean,Yellow,FAQ,2026-08-19,4397.13,4705.68,4560.36,492.5,sample,1,2026-10-08T22:44:27.476829
Maharashtra,Ahilyanagar,Ahmednagar,Soyabean,Yellow,FAQ,2026-08-20,4369.05,4722.97,4535.02,386.2,sample,1,2026-10-08T22:44:27.476842
Maharashtra,Ahilyanagar,Ahmednagar,Soyabean,Yellow,FAQ,2026-08-21,4477.78,4754.78,4583.73,274.9,sample,1,2026-10-08T22:44:27.476857
Maharashtra,Ahilyanagar,Ahmednagar,Soyabean,Yellow,FAQ,2026-08-22,4427.78,4789.13,4579.47,304.6,sample,1,2026-10-08T22:44:27.476873
Maharashtra,Ahilyanagar,Ahmednagar,Soyabean,Yellow,FAQ,2026-08-24,4372.43,4757.57,4546.94,270.2,sample,1,2026-10-08T22:44:27.476888
Maharashtra,Ahilyanagar,Ahmednagar,Soyabean,Yellow,FAQ,2026-08-25,4430.86,4709.86,4566.91,88.1,sample,1,2026-10-08T22:44:27.476901
Maharashtra,Ahilyanagar,Ahmednagar,Soyabean,Yellow,FAQ,2026-08-26,4368.84,4737.17,4484.29,105.2,sample,1,2026-10-08T22:44:27.476915
Maharashtra,Ahilyanagar,Ahmednagar,Soyabean,Yellow,FAQ,2026-08-27,4412.48,4740.19,4545.55,135.2,sample,1,2026-10-08T22:44:27.476929
Maharashtra,Ahilyanagar,Ahmednagar,Soyabean,Yellow,FAQ,2026-08-28,4362.62,4730.66,4507.05,186.7,sample,1,2026-10-08T22:44:27.476949
Maharashtra,Ahilyanagar,Ahmednagar,Soyabean,Yellow,FAQ,2026-08-29,4388.55,4757.79,4520.57,92.9,sample,1,2026-10-08T22:44:27.476963
Maharashtra,Ahilyanagar,Ahmednagar,Soyabean,Yellow,FAQ,2026-08-31,4396.33,4721.99,4562.27,492.6,sample,1,2026-10-08T22:44:27.476978
Maharashtra,Ahilyanagar,Ahmednagar,Soyabean,Yellow,FAQ,2026-09-01,4394.27,4682.15,4521.22,113.7,sample,1,2026-10-08T22:44:27.476992
Maharashtra,Ahilyanagar,Ahmednagar,Soyabean,Yellow,FAQ,2026-09-02,4309.44,4623.92,4435.31,124.8,sample,1,2026-10-08T22:44:27.477006
Maharashtra,Ahilyanagar,Ahmednagar,Soyabean,Yellow,FAQ,2026-09-03,4247.85,4602.35,4410.49,53.4,sample,1,2026-10-08T22:44:27.477024
Maharashtra,Ahilyanagar,Ahmednagar,Soyabean,Yellow,FAQ,2026-09-04,4245.67,4590.63,4403.97,364.2,sample,1,2026-10-08T22:44:27.477041
Maharashtra,Ahilyanagar,Ahmednagar,Soyabean,Yellow,FAQ,2026-09-05,4276.82,4630.62,4400.34,412.0,sample,1,2026-10-08T22:44:27.477055
Maharashtra,Ahilyanagar,Ahmednagar,Soyabean,Yellow,FAQ,2026-09-07,4247.96,4593.88,4431.44,190.0,sample,1,2026-10-08T22:44:27.477071
Maharashtra,Ahilyanagar,Ahmednagar,Soyabean,Yellow,FAQ,2026-09-08,4304.79,4622.45,4450.97,436.8,sample,1,2026-10-08T22:44:27.477085
Maharashtra,Ahilyanagar,Ahmednagar,Soyabean,Yellow,FAQ,2026-09-09,4247.45,4619.54,4406.18,310.0,sample,1,2026-10-08T22:44:27.477098
Maharashtra,Ahilyanagar,Ahmednagar,Soyabean,Yellow,FAQ,2026-09-10,4273.67,4651.44,4409.98,324.0,sample,1,2026-10-08T22:44:27.477112
Maharashtra,Ahilyanagar,Ahmednagar,Soyabean,Yellow,FAQ,2026-09-11,4316.11,4661.62,4447.88,79.0,sample,1,2026-10-08T22:44:27.477126
Maharashtra,Ahilyanagar,Ahmednagar,Soyabean,Yellow,FAQ,2026-09-12,4284.79,4555.99,4401.85,180.5,sample,1,2026-10-08T22:44:27.477141
Maharashtra,Ahilyanagar,Ahmednagar,Soyabean,Yellow,FAQ,2026-09-14,4289.91,4631.07,4440.88,103.4,sample,1,2026-10-08T22:44:27.477156
Maharashtra,Ahilyanagar,Ahmednagar,Soyabean,Yellow,FAQ,2026-09-15,4369.45,4671.27,4508.98,332.3,sample,1,2026-10-08T22:44:27.477172
Maharashtra,Ahilyanagar,Ahmednagar,Soyabean,Yellow,FAQ,2026-09-16,4302.5,4704.08,4497.49,265.2,sample,1,2026-10-08T22:44:27.477187
Maharashtra,Ahilyanagar,Ahmednagar,Soyabean,Yellow,FAQ,2026-09-17,4335.0,4630.38,4452.63,247.5,sample,1,2026-10-08T22:44:27.477200
Maharashtra,Ahilyanagar,Ahmednagar,Soyabean,Yellow,FAQ,2026-09-18,4393.75,4655.99,4499.61,415.0,sample,1,2026-10-08T22:44:27.477215
Maharashtra,Ahilyanagar,Ahmednagar,Soyabean,Yellow,FAQ,2026-09-19,4329.36,4721.75,4521.1,267.7,sample,1,2026-10-08T22:44:27.477229
Maharashtra,Ahilyanagar,Ahmednagar,Soyabean,Yellow,FAQ,2026-09-21,4331.92,4711.15,4512.51,78.0,sample,1,2026-10-08T22:44:27.477245
Maharashtra,Ahilyanagar,Ahmednagar,Soyabean,Yellow,FAQ,2026-09-22,4375.08,4714.19,4482.86,174.4,sample,1,2026-10-08T22:44:27.477259
Maharashtra,Ahilyanagar,Ahmednagar,Soyabean,Yellow,FAQ,2026-09-23,4364.85,4679.87,4484.99,381.6,sample,1,2026-10-08T22:44:27.477274
Maharashtra,Ahilyanagar,Ahmednagar,Soyabean,Yellow,FAQ,2026-09-24,4369.89,4749.79,4543.82,92.1,sample,1,2026-10-08T22:44:27.477288
Maharashtra,Ahilyanagar,Ahmednagar,Soyabean,Yellow,FAQ,2026-09-25,4423.59,4786.71,4602.69,418.4,sample,1,2026-10-08T22:44:27.477302
Maharashtra,Ahilyanagar,Ahmednagar,Soyabean,Yellow,FAQ,2026-09-26,4543.25,4878.27,4651.99,291.3,sample,1,2026-10-08T22:44:27.477318
Maharashtra,Ahilyanagar,Ahmednagar,Soyabean,Yellow,FAQ,2026-09-28,4492.24,4902.11,4671.95,176.9,sample,1,2026-10-08T22:44:27.477334
Maharashtra,Ahilyanagar,Ahmednagar,Soyabean,Yellow,FAQ,2026-09-29,4476.22,4865.13,4671.16,200.3,sample,1,2026-10-08T22:44:27.477347
Maharashtra,Ahilyanagar,Ahmednagar,Soyabean,Yellow,FAQ,2026-09-30,4494.65,4922.19,4689.11,149.0,sample,1,2026-10-08T22:44:27.477363
Maharashtra,Ahilyanagar,Ahmednagar,Soyabean,Yellow,FAQ,2026-10-01,4471.41,4859.92,4649.37,201.3,sample,1,2026-10-08T22:44:27.477383
Maharashtra,Ahilyanagar,Ahmednagar,Soyabean,Yellow,FAQ,2026-10-02,4517.14,4793.79,4637.08,135.0,sample,1,2026-10-08T22:44:27.477398
Maharashtra,Ahilyanagar,Ahmednagar,Soyabean,Yellow,FAQ,2026-10-03,4460.7,4731.44,4584.32,201.4,sample,1,2026-10-08T22:44:27.477414
Maharashtra,Ahilyanagar,Ahmednagar,Soyabean,Yellow,FAQ,2026-10-05,4445.32,4803.94,4579.45,173.1,sample,1,2026-10-08T22:44:27.477431
Maharashtra,Ahilyanagar,Ahmednagar,Soyabean,Yellow,FAQ,2026-10-06,4504.23,4876.25,4633.29,493.3,sample,1,2026-10-08T22:44:27.477446
Maharashtra,Ahilyanagar,Ahmednagar,Soyabean,Yellow,FAQ,2026-10-07,4436.29,4862.22,4627.94,462.6,sample,1,2026-10-08T22:44:27.477460
Maharashtra,Ahilyanagar,Ahmednagar,Soyabean,Yellow,FAQ,2026-10-08,4420.07,4858.44,4614.39,98.4,sample,1,2026-10-08T22:44:27.477476
Maharashtra,Ahilyanagar,Ahmednagar,Wheat,Lokwan,FAQ,2026-07-10,2557.41,2908.11,2692.63,390.3,sample,1,2026-10-08T22:44:27.477494
Maharashtra,Ahilyanagar,Ahmednagar,Wheat,Lokwan,FAQ,2026-07-11,2545.18,2856.73,2677.87,305.6,sample,1,2026-10-08T22:44:27.477508
Maharashtra,Ahilyanagar,Ahmednagar,Wheat,Lokwan,FAQ,2026-07-13,2558.4,2869.37,2674.94,444.9,sample,1,2026-10-08T22:44:27.477526
Maharashtra,Ahilyanagar,Ahmednagar,Wheat,Lokwan,FAQ,2026-07-14,2610.17,2882.56,2700.87,168.0,sample,1,2026-10-08T22:44:27.477539
Maharashtra,Ahilyanagar,Ahmednagar,Wheat,Lokwan,FAQ,2026-07-15,2569.51,2883.28,2721.93,41.1,sample,1,2026-10-08T22:44:27.477551
Maharashtra,Ahilyanagar,Ahmednagar,Wheat,Lokwan,FAQ,2026-07-16,2570.75,2915.62,2710.49,376.2,sample,1,2026-10-08T22:44:27.477558
Maharashtra,Ahilyanagar,Ahmednagar,Wheat,Lokwan,FAQ,2026-07-17,2563.5,2806.13,2673.29,285.8,sample,1,2026-10-08T22:44:27.477566
Maharashtra,Ahilyanagar,Ahmednagar,Wheat,Lokwan,FAQ,2026-07-18,2583.48,2855.56,2683.16,137.5,sample,1,2026-10-08T22:44:27.477574
Maharashtra,Ahilyanagar,Ahmednagar,Wheat,Lokwan,FAQ,2026-07-20,2569.23,2865.97,2677.55,300.4,sample,1,2026-10-08T22:44:27.477583
Maharashtra,Ahilyanagar,Ahmednagar,Wheat,Lokwan,FAQ,2026-07-21,2605.35,2887.41,2724.29,354.0,sample,1,2026-10-08T22:44:27.477597
Maharashtra,Ahilyanagar,Ahmednagar,Wheat,Lokwan,FAQ,2026-07-22,2592.56,2908.63,2733.0,97.1,sample,1,2026-10-08T22:44:27.477605
Maharashtra,Ahilyanagar,Ahmednagar,Wheat,Lokwan,FAQ,2026-07-23,2588.03,2907.44,2733.78,40.3,sample,1,2026-10-08T22:44:27.477612
Maharashtra,Ahilyanagar,Ahmednagar,Wheat,Lokwan,FAQ,2026-07-24,2613.74,2887.57,2747.32,339.0,sample,1,2026-10-08T22:44:27.477620
Maharashtra,Ahilyanagar,Ahmednagar,Wheat,Lokwan,FAQ,2026-07-25,2644.12,2966.3,2739.57,166.0,sample,1,2026-10-08T22:44:27.477628
Maharashtra,Ahilyanagar,Ahmednagar,Wheat,Lokwan,FAQ,2026-07-27,2615.11,2949.49,2725.88,116.1,sample,1,2026-10-08T22:44:27.477636
Maharashtra,Ahilyanagar,Ahmednagar,Wheat,Lokwan,FAQ,2026-07-28,2595.38,2866.91,2707.92,361.7,sample,1,2026-10-08T22:44:27.477644
Maharashtra,Ahilyanagar,Ahmednagar,Wheat,Lokwan,FAQ,2026-07-29,2575.48,2836.27,2710.15,259.3,sample,1,2026-10-08T22:44:27.477652
Maharashtra,Ahilyanagar,Ahmednagar,Wheat,Lokwan,FAQ,2026-07-30,2651.41,2895.39,2744.96,352.8,sample,1,2026-10-08T22:44:27.477660
Maharashtra,Ahilyanagar,Ahmednagar,Wheat,Lokwan,FAQ,2026-07-31,2637.37,3012.92,2780.2,234.3,sample,1,2026-10-08T22:44:27.477668
Maharashtra,Ahilyanagar,Ahmednagar,Wheat,Lokwan,FAQ,2026-08-01,2683.92,2911.09,2777.44,216.2,sample,1,2026-10-08T22:44:27.477679
Maharashtra,Ahilyanagar,Ahmednagar,Wheat,Lokwan,FAQ,2026-08-03,2664.61,2992.32,2771.17,103.1,sample,1,2026-10-08T22:44:27.477688
Maharashtra,Ahilyanagar,Ahmednagar,Wheat,Lokwan,FAQ,2026-08-04,2615.38,2962.41,2755.07,101.2,sample,1,2026-10-08T22:44:27.477695
Maharashtra,Ahilyanagar,Ahmednagar,Wheat,Lokwan,FAQ,2026-08-05,2642.98,2892.1,2765.18,339.0,sample,1,2026-10-08T22:44:27.477703
Maharashtra,Ahilyanagar,Ahmednagar,Wheat,Lokwan,FAQ,2026-08-06,2644.62,2964.33,2760.31,328.9,sample,1,2026-10-08T22:44:27.477711
Maharashtra,Ahilyanagar,Ahmednagar,Wheat,Lokwan,FAQ,2026-08-07,2637.82,2990.13,2771.25,79.9,sample,1,2026-10-08T22:44:27.477719
Maharashtra,Ahilyanagar,Ahmednagar,Wheat,Lokwan,FAQ,2026-08-08,2696.42,2994.91,2787.65,311.2,sample,1,2026-10-08T22:44:27.477726
Maharashtra,Ahilyanagar,Ahmednagar,Wheat,Lokwan,FAQ,2026-08-10,2627.68,2875.42,2734.32,167.4,sample,1,2026-10-08T22:44:27.477734
Maharashtra,Ahilyanagar,Ahmednagar,Wheat,Lokwan,FAQ,2026-08-11,2684.32,2960.16,2774.39,316.0,sample,1,2026-10-08T22:44:27.477742
Maharashtra,Ahilyanagar,Ahmednagar,Wheat,Lokwan,FAQ,2026-08-12,2602.08,2953.36,2735.79,342.9,sample,1,2026-10-08T22:44:27.477751
Maharashtra,Ahilyanagar,Ahmednagar,Wheat,Lokwan,FAQ,2026-08-13,2600.1,2887.74,2705.82,274.4,sample,1,2026-10-08T22:44:27.477760
Maharashtra,Ahilyanagar,Ahmednagar,Wheat,Lokwan,FAQ,2026-08-14,2616.32,2927.22,2704.25,479.1,sample,1,2026-10-08T22:44:27.477768
Maharashtra,Ahilyanagar,Ahmednagar,Wheat,Lokwan,FAQ,2026-08-15,2562.48,2820.29,2682.11,269.8,sample,1,2026-10-08T22:44:27.477775
Maharashtra,Ahilyanagar,Ahmednagar,Wheat,Lokwan,FAQ,2026-08-17,2502.15,2889.12,2656.54,469.6,sample,1,2026-10-08T22:44:27.477783
Maharashtra,Ahilyanagar,Ahmednagar,Wheat,Lokwan,FAQ,2026-08-18,2547.16,2859.63,2640.66,301.5,sample,1,2026-10-08T22:44:27.477790
Maharashtra,Ahilyanagar,Ahmednagar,Wheat,Lokwan,FAQ,2026-08-19,2478.57,2846.57,2617.49,394.4,sample,1,2026-10-08T22:44:27.477801
Maharashtra,Ahilyanagar,Ahmednagar,Wheat,Lokwan,FAQ,2026-08-20,2563.77,2782.26,2648.97,160.6,sample,1,2026-10-08T22:44:27.477809
Maharashtra,Ahilyanagar,Ahmednagar,Wheat,Lokwan,FAQ,2026-08-21,2518.25,2839.79,2659.08,329.1,sample,1,2026-10-08T22:44:27.477818
Maharashtra,Ahilyanagar,Ahmednagar,Wheat,Lokwan,FAQ,2026-08-22,2542.23,2833.18,2662.31,362.8,sample,1,2026-10-08T22:44:27.477824
Maharashtra,Ahilyanagar,Ahmednagar,Wheat,Lokwan,FAQ,2026-08-24,2561.77,2846.1,2690.13,182.6,sample,1,2026-10-08T22:44:27.477833
Maharashtra,Ahilyanagar,Ahmednagar,Wheat,Lokwan,FAQ,2026-08-25,2584.16,2852.92,2704.97,411.7,sample,1,2026-10-08T22:44:27.477841
Maharashtra,Ahilyanagar,Ahmednagar,Wheat,Lokwan,FAQ,2026-08-26,2549.81,2895.61,2679.48,353.3,sample,1,2026-10-08T22:44:27.477848
Maharashtra,Ahilyanagar,Ahmednagar,Wheat,Lokwan,FAQ,2026-08-27,2585.11,2875.33,2673.87,375.8,sample,1,2026-10-08T22:44:27.477856
Maharashtra,Ahilyanagar,Ahmednagar,Wheat,Lokwan,FAQ,2026-08-28,2588.89,2852.02,2679.1,248.6,sample,1,2026-10-08T22:44:27.477863
Maharashtra,Ahilyanagar,Ahmednagar,Wheat,Lokwan,FAQ,2026-08-29,2544.21,2831.45,2672.05,381.2,sample,1,2026-10-08T22:44:27.477871
Maharashtra,Ahilyanagar,Ahmednagar,Wheat,Lokwan,FAQ,2026-08-31,2536.74,2873.47,2671.71,115.4,sample,1,2026-10-08T22:44:27.477880
Maharashtra,Ahilyanagar,Ahmednagar,Wheat,Lokwan,FAQ,2026-09-01,2506.92,2842.02,2659.54,400.2,sample,1,2026-10-08T22:44:27.477887
Maharashtra,Ahilyanagar,Ahmednagar,Wheat,Lokwan,FAQ,2026-09-02,2564.66,2868.16,2657.8,163.6,sample,1,2026-10-08T22:44:27.477894
Maharashtra,Ahilyanagar,Ahmednagar,Wheat,Lokwan,FAQ,2026-09-03,2496.23,2853.36,2644.05,53.5,sample,1,2026-10-08T22:44:27.477901
Maharashtra,Ahilyanagar,Ahmednagar,Wheat,Lokwan,FAQ,2026-09-04,2564.24,2855.77,2652.84,305.3,sample,1,2026-10-08T22:44:27.477909
Maharashtra,Ahilyanagar,Ahmednagar,Wheat,Lokwan,FAQ,2026-09-05,2546.0,2810.71,2635.55,205.7,sample,1,2026-10-08T22:44:27.477922
Maharashtra,Ahilyanagar,Ahmednagar,Wheat,Lokwan,FAQ,2026-09-07,2494.96,2758.98,2605.43,87.3,sample,1,2026-10-08T22:44:27.477930
Maharashtra,Ahilyanagar,Ahmednagar,Wheat,Lokwan,FAQ,2026-09-08,2483.92,2813.3,2609.24,145.1,sample,1,2026-10-08T22:44:27.477939
Maharashtra,Ahilyanagar,Ahmednagar,Wheat,Lokwan,FAQ,2026-09-09,2459.16,2757.7,2605.29,257.0,sample,1,2026-10-08T22:44:27.477946
Maharashtra,Ahilyanagar,Ahmednagar,Wheat,Lokwan,FAQ,2026-09-10,2497.04,2750.82,2608.61,468.3,sample,1,2026-10-08T22:44:27.477953
Maharashtra,Ahilyanagar,Ahmednagar,Wheat,Lokwan,FAQ,2026-09-11,2482.21,2838.0,2632.01,232.9,sample,1,2026-10-08T22:44:27.477961
Maharashtra,Ahilyanagar,Ahmednagar,Wheat,Lokwan,FAQ,2026-09-12,2502.48,2780.61,2609.65,371.3,sample,1,2026-10-08T22:44:27.477968
Maharashtra,Ahilyanagar,Ahmednagar,Wheat,Lokwan,FAQ,2026-09-14,2500.99,2792.05,2611.83,454.9,sample,1,2026-10-08T22:44:27.477976
Maharashtra,Ahilyanagar,Ahmednagar,Wheat,Lokwan,FAQ,2026-09-15,2528.31,2838.09,2625.22,491.5,sample,1,2026-10-08T22:44:27.477983
Maharashtra,Ahilyanagar,Ahmednagar,Wheat,Lokwan,FAQ,2026-09-16,2519.53,2793.51,2637.02,428.6,sample,1,2026-10-08T22:44:27.477991
Maharashtra,Ahilyanagar,Ahmednagar,Wheat,Lokwan,FAQ,2026-09-17,2528.91,2822.21,2636.48,43.7,sample,1,2026-10-08T22:44:27.478003
Maharashtra,Ahilyanagar,Ahmednagar,Wheat,Lokwan,FAQ,2026-09-18,2542.6,2841.73,2648.48,253.4,sample,1,2026-10-08T22:44:27.478010
Maharashtra,Ahilyanagar,Ahmednagar,Wheat,Lokwan,FAQ,2026-09-19,2554.13,2860.01,2680.73,395.4,sample,1,2026-10-08T22:44:27.478018
Maharashtra,Ahilyanagar,Ahmednagar,Wheat,Lokwan,FAQ,2026-09-21,2560.0,2851.22,2698.75,42.9,sample,1,2026-10-08T22:44:27.478027
Maharashtra,Ahilyanagar,Ahmednagar,Wheat,Lokwan,FAQ,2026-09-22,2634.87,2899.55,2748.39,199.4,sample,1,2026-10-08T22:44:27.478033
Maharashtra,Ahilyanagar,Ahmednagar,Wheat,Lokwan,FAQ,2026-09-23,2619.82,2898.45,2772.29,342.4,sample,1,2026-10-08T22:44:27.478041
Maharashtra,Ahilyanagar,Ahmednagar,Wheat,Lokwan,FAQ,2026-09-24,2579.24,2928.91,2724.37,87.8,sample,1,2026-10-08T22:44:27.478049
Maharashtra,Ahilyanagar,Ahmednagar,Wheat,Lokwan,FAQ,2026-09-25,2584.6,2836.5,2704.03,498.6,sample,1,2026-10-08T22:44:27.478057
Maharashtra,Ahilyanagar,Ahmednagar,Wheat,Lokwan,FAQ,2026-09-26,2564.15,2835.44,2699.39,463.8,sample,1,2026-10-08T22:44:27.478064
Maharashtra,Ahilyanagar,Ahmednagar,Wheat,Lokwan,FAQ,2026-09-28,2588.15,2888.84,2722.61,488.3,sample,1,2026-10-08T22:44:27.478072
Maharashtra,Ahilyanagar,Ahmednagar,Wheat,Lokwan,FAQ,2026-09-29,2612.16,2838.59,2702.27,101.4,sample,1,2026-10-08T22:44:27.478081
Maharashtra,Ahilyanagar,Ahmednagar,Wheat,Lokwan,FAQ,2026-09-30,2580.47,2878.33,2705.35,483.5,sample,1,2026-10-08T22:44:27.478089
Maharashtra,Ahilyanagar,Ahmednagar,Wheat,Lokwan,FAQ,2026-10-01,2594.11,2849.35,2695.16,184.9,sample,1,2026-10-08T22:44:27.478096
Maharashtra,Ahilyanagar,Ahmednagar,Wheat,Lokwan,FAQ,2026-10-02,2569.64,2866.94,2706.59,165.1,sample,1,2026-10-08T22:44:27.478104
Maharashtra,Ahilyanagar,Ahmednagar,Wheat,Lokwan,FAQ,2026-10-03,2579.01,2816.28,2668.39,398.8,sample,1,2026-10-08T22:44:27.478111
Maharashtra,Ahilyanagar,Ahmednagar,Wheat,Lokwan,FAQ,2026-10-05,2560.62,2832.78,2656.45,227.0,sample,1,2026-10-08T22:44:27.478119
Maharashtra,Ahilyanagar,Ahmednagar,Wheat,Lokwan,FAQ,2026-10-06,2527.66,2880.43,2650.25,135.5,sample,1,2026-10-08T22:44:27.478126
Maharashtra,Ahilyanagar,Ahmednagar,Wheat,Lokwan,FAQ,2026-10-07,2552.08,2787.73,2644.71,355.6,sample,1,2026-10-08T22:44:27.478134
Maharashtra,Ahilyanagar,Ahmednagar,Wheat,Lokwan,FAQ,2026-10-08,2521.29,2866.05,2664.79,58.6,sample,1,2026-10-08T22:44:27.478141
Maharashtra,Pune,Baramati,Onion,Red/Nasik,FAQ,2026-07-10,2076.49,2642.48,2302.91,203.6,sample,1,2026-10-08T22:44:27.478155
Maharashtra,Pune,Baramati,Onion,Red/Nasik,FAQ,2026-07-11,1961.12,2706.06,2263.54,159.7,sample,1,2026-10-08T22:44:27.478163
Maharashtra,Pune,Baramati,Onion,Red/Nasik,FAQ,2026-07-13,1994.12,2665.44,2276.91,384.1,sample,1,2026-10-08T22:44:27.478172
Maharashtra,Pune,Baramati,Onion,Red/Nasik,FAQ,2026-07-14,2021.36,2667.22,2276.33,409.8,sample,1,2026-10-08T22:44:27.478179
Maharashtra,Pune,Baramati,Onion,Red/Nasik,FAQ,2026-07-15,1921.99,2797.28,2281.46,100.1,sample,1,2026-10-08T22:44:27.478186
Maharashtra,Pune,Baramati,Onion,Red/Nasik,FAQ,2026-07-16,1929.1,2656.7,2287.36,329.9,sample,1,2026-10-08T22:44:27.478193
Maharashtra,Pune,Baramati,Onion,Red/Nasik,FAQ,2026-07-17,1989.8,2721.45,2246.39,50.0,sample,1,2026-10-08T22:44:27.478201
Maharashtra,Pune,Baramati,Onion,Red/Nasik,FAQ,2026-07-18,1974.35,2692.55,2195.95,244.0,sample,1,2026-10-08T22:44:27.478208
Maharashtra,Pune,Baramati,Onion,Red/Nasik,FAQ,2026-07-20,1915.75,2634.6,2275.03,59.6,sample,1,2026-10-08T22:44:27.478216
Maharashtra,Pune,Baramati,Onion,Red/Nasik,FAQ,2026-07-21,2060.83,2674.13,2353.81,304.0,sample,1,2026-10-08T22:44:27.478224
Maharashtra,Pune,Baramati,Onion,Red/Nasik,FAQ,2026-07-22,2156.63,2815.91,2371.94,119.5,sample,1,2026-10-08T22:44:27.478231
Maharashtra,Pune,Baramati,Onion,Red/Nasik,FAQ,2026-07-23,2073.57,2647.14,2322.22,168.7,sample,1,2026-10-08T22:44:27.478240
Maharashtra,Pune,Baramati,Onion,Red/Nasik,FAQ,2026-07-24,2008.53,2668.97,2329.98,175.7,sample,1,2026-10-08T22:44:27.478249
Maharashtra,Pune,Baramati,Onion,Red/Nasik,FAQ,2026-07-25,2034.44,2730.77,2318.6,68.1,sample,1,2026-10-08T22:44:27.478256
Maharashtra,Pune,Baramati,Onion,Red/Nasik,FAQ,2026-07-27,2065.72,2803.94,2311.62,281.9,sample,1,2026-10-08T22:44:27.478264
Maharashtra,Pune,Baramati,Onion,Red/Nasik,FAQ,2026-07-28,2013.19,2809.25,2336.73,405.6,sample,1,2026-10-08T22:44:27.478271
Maharashtra,Pune,Baramati,Onion,Red/Nasik,FAQ,2026-07-29,2146.32,2831.64,2420.96,263.0,sample,1,2026-10-08T22:44:27.478278
Maharashtra,Pune,Baramati,Onion,Red/Nasik,FAQ,2026-07-30,2033.83,2808.68,2408.11,218.7,sample,1,2026-10-08T22:44:27.478286
Maharashtra,Pune,Baramati,Onion,Red/Nasik,FAQ,2026-07-31,2170.99,2915.39,2420.41,398.1,sample,1,2026-10-08T22:44:27.478295
Maharashtra,Pune,Baramati,Onion,Red/Nasik,FAQ,2026-08-01,2232.47,2970.99,2453.02,283.5,sample,1,2026-10-08T22:44:27.478302
Maharashtra,Pune,Baramati,Onion,Red/Nasik,FAQ,2026-08-03,2079.96,2769.31,2465.28,342.2,sample,1,2026-10-08T22:44:27.478313
Maharashtra,Pune,Baramati,Onion,Red/Nasik,FAQ,2026-08-04,2001.18,2735.06,2259.15,461.9,sample,1,2026-10-08T22:44:27.478321
Maharashtra,Pune,Baramati,Onion,Red/Nasik,FAQ,2026-08-05,2168.16,2900.81,2417.65,406.8,sample,1,2026-10-08T22:44:27.478329
Maharashtra,Pune,Baramati,Onion,Red/Nasik,FAQ,2026-08-06,2194.61,2949.88,2468.47,428.8,sample,1,2026-10-08T22:44:27.478336
Maharashtra,Pune,Baramati,Onion,Red/Nasik,FAQ,2026-08-07,2133.93,2936.48,2489.05,460.4,sample,1,2026-10-08T22:44:27.478343
Maharashtra,Pune,Baramati,Onion,Red/Nasik,FAQ,2026-08-08,2323.42,2986.63,2538.5,475.9,sample,1,2026-10-08T22:44:27.478350
Maharashtra,Pune,Baramati,Onion,Red/Nasik,FAQ,2026-08-10,2222.42,2983.42,2466.3,445.5,sample,1,2026-10-08T22:44:27.478358
Maharashtra,Pune,Baramati,Onion,Red/Nasik,FAQ,2026-08-11,2133.35,2786.12,2431.95,265.6,sample,1,2026-10-08T22:44:27.478365
Maharashtra,Pune,Baramati,Onion,Red/Nasik,FAQ,2026-08-12,2205.65,2861.39,2455.04,40.3,sample,1,2026-10-08T22:44:27.478373
Maharashtra,Pune,Baramati,Onion,Red/Nasik,FAQ,2026-08-13,2090.61,2794.18,2465.83,100.0,sample,1,2026-10-08T22:44:27.478380
Maharashtra,Pune,Baramati,Onion,Red/Nasik,FAQ,2026-08-14,2071.46,2791.09,2433.43,50.1,sample,1,2026-10-08T22:44:27.478388
Maharashtra,Pune,Baramati,Onion,Red/Nasik,FAQ,2026-08-15,2000.54,2816.26,2316.13,396.2,sample,1,2026-10-08T22:44:27.478396
Maharashtra,Pune,Baramati,Onion,Red/Nasik,FAQ,2026-08-17,1987.98,2740.54,2370.88,473.3,sample,1,2026-10-08T22:44:27.478404
Maharashtra,Pune,Baramati,Onion,Red/Nasik,FAQ,2026-08-18,2003.54,2589.0,2284.75,178.8,sample,1,2026-10-08T22:44:27.478411
Maharashtra,Pune,Baramati,Onion,Red/Nasik,FAQ,2026-08-19,1922.91,2773.71,2303.67,481.9,sample,1,2026-10-08T22:44:27.478419
Maharashtra,Pune,Baramati,Onion,Red/Nasik,FAQ,2026-08-20,1997.77,2646.43,2324.62,485.6,sample,1,2026-10-08T22:44:27.478426
Maharashtra,Pune,Baramati,Onion,Red/Nasik,FAQ,2026-08-21,1930.81,2616.05,2282.47,310.9,sample,1,2026-10-08T22:44:27.478433
Maharashtra,Pune,Baramati,Onion,Red/Nasik,FAQ,2026-08-22,1932.98,2528.18,2174.54,356.7,sample,1,2026-10-08T22:44:27.478440
Maharashtra,Pune,Baramati,Onion,Red/Nasik,FAQ,2026-08-24,1855.3,2743.77,2236.08,220.1,sample,1,2026-10-08T22:44:27.478449
Maharashtra,Pune,Baramati,Onion,Red/Nasik,FAQ,2026-08-25,1907.26,2807.87,2296.23,54.9,sample,1,2026-10-08T22:44:27.478456
Maharashtra,Pune,Baramati,Onion,Red/Nasik,FAQ,2026-08-26,1821.11,2538.28,2205.27,300.2,sample,1,2026-10-08T22:44:27.478464
Maharashtra,Pune,Baramati,Onion,Red/Nasik,FAQ,2026-08-27,1762.82,2455.17,2141.42,382.9,sample,1,2026-10-08T22:44:27.478472
Maharashtra,Pune,Baramati,Onion,Red/Nasik,FAQ,2026-08-28,1918.84,2651.54,2159.06,80.8,sample,1,2026-10-08T22:44:27.478481
Maharashtra,Pune,Baramati,Onion,Red/Nasik,FAQ,2026-08-29,1969.2,2740.19,2306.81,447.9,sample,1,2026-10-08T22:44:27.478488
Maharashtra,Pune,Baramati,Onion,Red/Nasik,FAQ,2026-08-31,2013.48,2564.67,2268.4,158.1,sample,1,2026-10-08T22:44:27.478496
Maharashtra,Pune,Baramati,Onion,Red/Nasik,FAQ,2026-09-01,2052.45,2562.21,2281.9,217.5,sample,1,2026-10-08T22:44:27.478503
Maharashtra,Pune,Baramati,Onion,Red/Nasik,FAQ,2026-09-02,1898.19,2665.75,2267.41,214.2,sample,1,2026-10-08T22:44:27.478510
Maharashtra,Pune,Baramati,Onion,Red/Nasik,FAQ,2026-09-03,1828.69,2441.31,2136.97,260.6,sample,1,2026-10-08T22:44:27.478517
Maharashtra,Pune,Baramati,Onion,Red/Nasik,FAQ,2026-09-04,1858.08,2510.81,2191.77,73.9,sample,1,2026-10-08T22:44:27.478525
Maharashtra,Pune,Baramati,Onion,Red/Nasik,FAQ,2026-09-05,1779.24,2492.26,2141.48,186.6,sample,1,2026-10-08T22:44:27.478531
Maharashtra,Pune,Baramati,Onion,Red/Nasik,FAQ,2026-09-07,1926.52,2537.25,2167.14,376.7,sample,1,2026-10-08T22:44:27.478539
Maharashtra,Pune,Baramati,Onion,Red/Nasik,FAQ,2026-09-08,1858.44,2662.46,2166.91,82.8,sample,1,2026-10-08T22:44:27.478551
Maharashtra,Pune,Baramati,Onion,Red/Nasik,FAQ,2026-09-09,1818.41,2402.74,2115.3,473.5,sample,1,2026-10-08T22:44:27.478568
Maharashtra,Pune,Baramati,Onion,Red/Nasik,FAQ,2026-09-10,1845.42,2578.66,2085.12,112.3,sample,1,2026-10-08T22:44:27.478575
Maharashtra,Pune,Baramati,Onion,Red/Nasik,FAQ,2026-09-11,1877.95,2569.48,2122.15,372.1,sample,1,2026-10-08T22:44:27.478583
Maharashtra,Pune,Baramati,Onion,Red/Nasik,FAQ,2026-09-12,1808.8,2493.86,2150.2,169.5,sample,1,2026-10-08T22:44:27.478590
Maharashtra,Pune,Baramati,Onion,Red/Nasik,FAQ,2026-09-14,1845.02,2639.51,2157.94,110.7,sample,1,2026-10-08T22:44:27.478599
Maharashtra,Pune,Baramati,Onion,Red/Nasik,FAQ,2026-09-15,1905.0,2562.58,2179.95,175.5,sample,1,2026-10-08T22:44:27.478606
Maharashtra,Pune,Baramati,Onion,Red/Nasik,FAQ,2026-09-16,1903.46,2435.58,2149.4,118.6,sample,1,2026-10-08T22:44:27.478614
Maharashtra,Pune,Baramati,Onion,Red/Nasik,FAQ,2026-09-17,1835.78,2397.97,2098.31,428.1,sample,1,2026-10-08T22:44:27.478622
Maharashtra,Pune,Baramati,Onion,Red/Nasik,FAQ,2026-09-18,1791.31,2528.0,2089.35,81.9,sample,1,2026-10-08T22:44:27.478630
Maharashtra,Pune,Baramati,Onion,Red/Nasik,FAQ,2026-09-19,1837.93,2470.24,2145.87,447.3,sample,1,2026-10-08T22:44:27.478638
Maharashtra,Pune,Baramati,Onion,Red/Nasik,FAQ,2026-09-21,1858.15,2507.15,2115.54,144.1,sample,1,2026-10-08T22:44:27.478646
Maharashtra,Pune,Baramati,Onion,Red/Nasik,FAQ,2026-09-22,1905.16,2458.29,2163.5,386.0,sample,1,2026-10-08T22:44:27.478654
Maharashtra,Pune,Baramati,Onion,Red/Nasik,FAQ,2026-09-23,1886.95,2568.78,2158.83,486.5,sample,1,2026-10-08T22:44:27.478661
Maharashtra,Pune,Baramati,Onion,Red/Nasik,FAQ,2026-09-24,1830.35,2559.36,2146.5,426.8,sample,1,2026-10-08T22:44:27.478668
Maharashtra,Pune,Baramati,Onion,Red/Nasik,FAQ,2026-09-25,1868.48,2662.92,2174.87,258.4,sample,1,2026-10-08T22:44:27.478676
Maharashtra,Pune,Baramati,Onion,Red/Nasik,FAQ,2026-09-26,1764.09,2527.09,2132.79,76.3,sample,1,2026-10-08T22:44:27.478684
Maharashtra,Pune,Baramati,Onion,Red/Nasik,FAQ,2026-09-28,1904.6,2701.09,2204.98,408.2,sample,1,2026-10-08T22:44:27.478693
Maharashtra,Pune,Baramati,Onion,Red/Nasik,FAQ,2026-09-29,1831.37,2592.2,2163.33,95.3,sample,1,2026-10-08T22:44:27.478700
Maharashtra,Pune,Baramati,Onion,Red/Nasik,FAQ,2026-09-30,1783.36,2683.87,2170.55,411.9,sample,1,2026-10-08T22:44:27.478708
Maharashtra,Pune,Baramati,Onion,Red/Nasik,FAQ,2026-10-01,1912.54,2526.86,2145.25,494.6,sample,1,2026-10-08T22:44:27.478716
Maharashtra,Pune,Baramati,Onion,Red/Nasik,FAQ,2026-10-02,1671.25,2474.34,1994.15,158.6,sample,1,2026-10-08T22:44:27.478724
Maharashtra,Pune,Baramati,Onion,Red/Nasik,FAQ,2026-10-03,1702.34,2575.68,2076.28,70.8,sample,1,2026-10-08T22:44:27.478731
Maharashtra,Pune,Baramati,Onion,Red/Nasik,FAQ,2026-10-05,1779.38,2394.37,2048.08,250.8,sample,1,2026-10-08T22:44:27.478740
Maharashtra,Pune,Baramati,Onion,Red/Nasik,FAQ,2026-10-06,1724.99,2560.98,2092.21,326.6,sample,1,2026-10-08T22:44:27.478747
Maharashtra,Pune,Baramati,Onion,Red/Nasik,FAQ,2026-10-07,1765.37,2365.54,2049.97,310.4,sample,1,2026-10-08T22:44:27.478755
Maharashtra,Pune,Baramati,Onion,Red/Nasik,FAQ,2026-10-08,1707.59,2559.62,2054.1,465.5,sample,1,2026-10-08T22:44:27.478762
Maharashtra,Pune,Baramati,Soyabean,Yellow,FAQ,2026-07-10,4582.21,4917.24,4712.96,198.2,sample,1,2026-10-08T22:44:27.478771
Maharashtra,Pune,Baramati,Soyabean,Yellow,FAQ,2026-07-11,4564.75,4892.7,4706.73,263.4,sample,1,2026-10-08T22:44:27.478778
Maharashtra,Pune,Baramati,Soyabean,Yellow,FAQ,2026-07-13,4569.54,4856.59,4699.33,320.0,sample,1,2026-10-08T22:44:27.478787
Maharashtra,Pune,Baramati,Soyabean,Yellow,FAQ,2026-07-14,4526.44,4838.52,4693.87,449.2,sample,1,2026-10-08T22:44:27.478795
Maharashtra,Pune,Baramati,Soyabean,Yellow,FAQ,2026-07-15,4509.12,4931.74,4681.24,452.6,sample,1,2026-10-08T22:44:27.478803
Maharashtra,Pune,Baramati,Soyabean,Yellow,FAQ,2026-07-16,4602.54,4947.45,4709.36,179.4,sample,1,2026-10-08T22:44:27.478811
Maharashtra,Pune,Baramati,Soyabean,Yellow,FAQ,2026-07-17,4533.91,4853.36,4701.57,439.7,sample,1,2026-10-08T22:44:27.478819
Maharashtra,Pune,Baramati,Soyabean,Yellow,FAQ,2026-07-18,4631.59,5005.59,4748.68,243.8,sample,1,2026-10-08T22:44:27.478826
Maharashtra,Pune,Baramati,Soyabean,Yellow,FAQ,2026-07-20,4619.77,4979.75,4762.28,126.5,sample,1,2026-10-08T22:44:27.478834
Maharashtra,Pune,Baramati,Soyabean,Yellow,FAQ,2026-07-21,4608.47,4971.38,4732.5,380.8,sample,1,2026-10-08T22:44:27.478841
Maharashtra,Pune,Baramati,Soyabean,Yellow,FAQ,2026-07-22,4558.28,4939.0,4737.17,113.1,sample,1,2026-10-08T22:44:27.478849
Maharashtra,Pune,Baramati,Soyabean,Yellow,FAQ,2026-07-23,4523.58,4857.4,4656.58,102.4,sample,1,2026-10-08T22:44:27.478856
Maharashtra,Pune,Baramati,Soyabean,Yellow,FAQ,2026-07-24,4601.53,4872.27,4709.14,423.1,sample,1,2026-10-08T22:44:27.478863
Maharashtra,Pune,Baramati,Soyabean,Yellow,FAQ,2026-07-25,4463.7,4813.97,4644.03,250.0,sample,1,2026-10-08T22:44:27.478872
Maharashtra,Pune,Baramati,Soyabean,Yellow,FAQ,2026-07-27,4573.04,4941.52,4702.7,272.4,sample,1,2026-10-08T22:44:27.478880
Maharashtra,Pune,Baramati,Soyabean,Yellow,FAQ,2026-07-28,4511.1,4828.15,4673.29,54.1,sample,1,2026-10-08T22:44:27.478887
Maharashtra,Pune,Baramati,Soyabean,Yellow,FAQ,2026-07-29,4517.78,4883.22,4638.76,310.0,sample,1,2026-10-08T22:44:27.478895
Maharashtra,Pune,Baramati,Soyabean,Yellow,FAQ,2026-07-30,4545.42,4841.52,4681.9,451.5,sample,1,2026-10-08T22:44:27.478902
Maharashtra,Pune,Baramati,Soyabean,Yellow,FAQ,2026-07-31,4553.25,4870.3,4683.91,114.9,sample,1,2026-10-08T22:44:27.478909
Maharashtra,Pune,Baramati,Soyabean,Yellow,FAQ,2026-08-01,4468.59,4880.88,4625.09,434.3,sample,1,2026-10-08T22:44:27.478917
Maharashtra,Pune,Baramati,Soyabean,Yellow,FAQ,2026-08-03,4464.94,4783.3,4594.16,49.2,sample,1,2026-10-08T22:44:27.478925
Maharashtra,Pune,Baramati,Soyabean,Yellow,FAQ,2026-08-04,4377.61,4784.95,4552.84,44.1,sample,1,2026-10-08T22:44:27.478932
Maharashtra,Pune,Baramati,Soyabean,Yellow,FAQ,2026-08-05,4451.65,4751.77,4610.75,156.1,sample,1,2026-10-08T22:44:27.478939
Maharashtra,Pune,Baramati,Soyabean,Yellow,FAQ,2026-08-06,4408.77,4762.89,4586.23,484.8,sample,1,2026-10-08T22:44:27.478947
Maharashtra,Pune,Baramati,Soyabean,Yellow,FAQ,2026-08-07,4428.33,4749.06,4567.21,155.9,sample,1,2026-10-08T22:44:27.478954
Maharashtra,Pune,Baramati,Soyabean,Yellow,FAQ,2026-08-08,4395.53,4763.79,4542.53,419.2,sample,1,2026-10-08T22:44:27.478961
Maharashtra,Pune,Baramati,Soyabean,Yellow,FAQ,2026-08-10,4386.03,4756.55,4537.07,427.9,sample,1,2026-10-08T22:44:27.478969
Maharashtra,Pune,Baramati,Soyabean,Yellow,FAQ,2026-08-11,4419.23,4775.59,4557.91,320.2,sample,1,2026-10-08T22:44:27.478978
Maharashtra,Pune,Baramati,Soyabean,Yellow,FAQ,2026-08-12,4450.03,4819.38,4560.78,334.7,sample,1,2026-10-08T22:44:27.478985
Maharashtra,Pune,Baramati,Soyabean,Yellow,FAQ,2026-08-13,4404.96,4758.83,4587.49,367.1,sample,1,2026-10-08T22:44:27.478992
Maharashtra,Pune,Baramati,Soyabean,Yellow,FAQ,2026-08-14,4502.41,4852.76,4620.9,453.9,sample,1,2026-10-08T22:44:27.479000
Maharashtra,Pune,Baramati,Soyabean,Yellow,FAQ,2026-08-15,4427.77,4841.54,4605.26,316.0,sample,1,2026-10-08T22:44:27.479007
Maharashtra,Pune,Baramati,Soyabean,Yellow,FAQ,2026-08-17,4409.36,4797.93,4579.28,498.8,sample,1,2026-10-08T22:44:27.479015
Maharashtra,Pune,Baramati,Soyabean,Yellow,FAQ,2026-08-18,4407.32,4725.9,4535.67,218.6,sample,1,2026-10-08T22:44:27.479023
Maharashtra,Pune,Baramati,Soyabean,Yellow,FAQ,2026-08-19,4450.14,4769.41,4606.62,374.2,sample,1,2026-10-08T22:44:27.479030
Maharashtra,Pune,Baramati,Soyabean,Yellow,FAQ,2026-08-20,4501.59,4830.76,4626.6,401.1,sample,1,2026-10-08T22:44:27.479038
Maharashtra,Pune,Baramati,Soyabean,Yellow,FAQ,2026-08-21,4530.82,4922.93,4681.48,426.7,sample,1,2026-10-08T22:44:27.479045
Maharashtra,Pune,Baramati,Soyabean,Yellow,FAQ,2026-08-22,4466.94,4812.56,4650.82,84.9,sample,1,2026-10-08T22:44:27.479054
Maharashtra,Pune,Baramati,Soyabean,Yellow,FAQ,2026-08-24,4498.5,4907.8,4676.25,124.2,sample,1,2026-10-08T22:44:27.479062
Maharashtra,Pune,Baramati,Soyabean,Yellow,FAQ,2026-08-25,4535.05,4881.5,4701.22,81.1,sample,1,2026-10-08T22:44:27.479069
Maharashtra,Pune,Baramati,Soyabean,Yellow,FAQ,2026-08-26,4529.44,4896.65,4662.08,192.4,sample,1,2026-10-08T22:44:27.479077
Maharashtra,Pune,Baramati,Soyabean,Yellow,FAQ,2026-08-27,4589.15,4892.89,4717.6,431.6,sample,1,2026-10-08T22:44:27.479088
Maharashtra,Pune,Baramati,Soyabean,Yellow,FAQ,2026-08-28,4481.81,4892.65,4639.33,72.8,sample,1,2026-10-08T22:44:27.479096
Maharashtra,Pune,Baramati,Soyabean,Yellow,FAQ,2026-08-29,4473.59,4858.7,4658.64,439.0,sample,1,2026-10-08T22:44:27.479105
Maharashtra,Pune,Baramati,Soyabean,Yellow,FAQ,2026-08-31,4527.55,4879.93,4637.42,103.2,sample,1,2026-10-08T22:44:27.479113
Maharashtra,Pune,Baramati,Soyabean,Yellow,FAQ,2026-09-01,4541.81,4853.94,4664.84,301.9,sample,1,2026-10-08T22:44:27.479120
Maharashtra,Pune,Baramati,Soyabean,Yellow,FAQ,2026-09-02,4571.47,4930.82,4704.94,398.3,sample,1,2026-10-08T22:44:27.479127
Maharashtra,Pune,Baramati,Soyabean,Yellow,FAQ,2026-09-03,4532.82,4897.42,4681.7,121.3,sample,1,2026-10-08T22:44:27.479135
Maharashtra,Pune,Baramati,Soyabean,Yellow,FAQ,2026-09-04,4551.91,4912.87,4681.53,117.6,sample,1,2026-10-08T22:44:27.479142
Maharashtra,Pune,Baramati,Soyabean,Yellow,FAQ,2026-09-05,4507.24,4879.79,4681.04,391.2,sample,1,2026-10-08T22:44:27.479149
Maharashtra,Pune,Baramati,Soyabean,Yellow,FAQ,2026-09-07,4568.47,4918.89,4730.48,484.1,sample,1,2026-10-08T22:44:27.479158
Maharashtra,Pune,Baramati,Soyabean,Yellow,FAQ,2026-09-08,4619.97,4904.0,4759.47,131.7,sample,1,2026-10-08T22:44:27.479165
Maharashtra,Pune,Baramati,Soyabean,Yellow,FAQ,2026-09-09,4619.29,4993.28,4753.29,127.7,sample,1,2026-10-08T22:44:27.479172
Maharashtra,Pune,Baramati,Soyabean,Yellow,FAQ,2026-09-10,4591.03,4972.14,4756.94,154.5,sample,1,2026-10-08T22:44:27.479181
Maharashtra,Pune,Baramati,Soyabean,Yellow,FAQ,2026-09-11,4626.22,4928.85,4742.82,310.8,sample,1,2026-10-08T22:44:27.479189
Maharashtra,Pune,Baramati,Soyabean,Yellow,FAQ,2026-09-12,4587.69,4946.58,4707.72,177.2,sample,1,2026-10-08T22:44:27.479197
Maharashtra,Pune,Baramati,Soyabean,Yellow,FAQ,2026-09-14,4533.79,4873.0,4692.46,448.5,sample,1,2026-10-08T22:44:27.479205
Maharashtra,Pune,Baramati,Soyabean,Yellow,FAQ,2026-09-15,4562.17,4937.89,4756.76,454.6,sample,1,2026-10-08T22:44:27.479212
Maharashtra,Pune,Baramati,Soyabean,Yellow,FAQ,2026-09-16,4548.71,4989.22,4739.04,225.6,sample,1,2026-10-08T22:44:27.479220
Maharashtra,Pune,Baramati,Soyabean,Yellow,FAQ,2026-09-17,4633.02,4985.84,4758.58,100.4,sample,1,2026-10-08T22:44:27.479229
Maharashtra,Pune,Baramati,Soyabean,Yellow,FAQ,2026-09-18,4631.61,4935.81,4751.82,339.2,sample,1,2026-10-08T22:44:27.479236
Maharashtra,Pune,Baramati,Soyabean,Yellow,FAQ,2026-09-19,4589.24,4942.79,4697.6,157.7,sample,1,2026-10-08T22:44:27.479244
Maharashtra,Pune,Baramati,Soyabean,Yellow,FAQ,2026-09-21,4492.37,4906.33,4686.89,340.6,sample,1,2026-10-08T22:44:27.479252
Maharashtra,Pune,Baramati,Soyabean,Yellow,FAQ,2026-09-22,4579.53,4909.08,4686.31,231.7,sample,1,2026-10-08T22:44:27.479261
Maharashtra,Pune,Baramati,Soyabean,Yellow,FAQ,2026-09-23,4504.03,4810.11,4651.73,359.8,sample,1,2026-10-08T22:44:27.479269
Maharashtra,Pune,Baramati,Soyabean,Yellow,FAQ,2026-09-24,4528.33,4866.19,4690.06,344.4,sample,1,2026-10-08T22:44:27.479276
Maharashtra,Pune,Baramati,Soyabean,Yellow,FAQ,2026-09-25,4515.96,4831.93,4675.47,422.1,sample,1,2026-10-08T22:44:27.479284
Maharashtra,Pune,Baramati,Soyabean,Yellow,FAQ,2026-09-26,4536.7,4877.39,4651.14,94.2,sample,1,2026-10-08T22:44:27.479291
Maharashtra,Pune,Baramati,Soyabean,Yellow,FAQ,2026-09-28,4546.5,4833.35,4669.38,161.0,sample,1,2026-10-08T22:44:27.479300
Maharashtra,Pune,Baramati,Soyabean,Yellow,FAQ,2026-09-29,4532.78,4849.06,4684.86,363.6,sample,1,2026-10-08T22:44:27.479309
Maharashtra,Pune,Baramati,Soyabean,Yellow,FAQ,2026-09-30,4534.26,4848.85,4683.93,469.2,sample,1,2026-10-08T22:44:27.479511
Maharashtra,Pune,Baramati,Soyabean,Yellow,FAQ,2026-10-01,4562.37,4837.45,4697.12,349.0,sample,1,2026-10-08T22:44:27.479521
Maharashtra,Pune,Baramati,Soyabean,Yellow,FAQ,2026-10-02,4596.88,4919.99,4762.09,81.4,sample,1,2026-10-08T22:44:27.479529
Maharashtra,Pune,Baramati,Soyabean,Yellow,FAQ,2026-10-03,4567.48,4945.36,4718.53,86.6,sample,1,2026-10-08T22:44:27.479538
Maharashtra,Pune,Baramati,Soyabean,Yellow,FAQ,2026-10-05,4524.05,4893.55,4718.03,253.6,sample,1,2026-10-08T22:44:27.479547
Maharashtra,Pune,Baramati,Soyabean,Yellow,FAQ,2026-10-06,4633.63,4908.57,4747.61,58.1,sample,1,2026-10-08T22:44:27.479554
Maharashtra,Pune,Baramati,Soyabean,Yellow,FAQ,2026-10-07,4595.45,4957.21,4728.59,83.7,sample,1,2026-10-08T22:44:27.479562
Maharashtra,Pune,Baramati,Soyabean,Yellow,FAQ,2026-10-08,4625.04,4943.79,4798.28,431.9,sample,1,2026-10-08T22:44:27.479571
Maharashtra,Pune,Baramati,Tomato,Hybrid,FAQ,2026-07-10,1526.04,2091.59,1754.67,326.0,sample,1,2026-10-08T22:44:27.479581
Maharashtra,Pune,Baramati,Tomato,Hybrid,FAQ,2026-07-11,1407.32,1978.61,1714.09,414.9,sample,1,2026-10-08T22:44:27.479589
Maharashtra,Pune,Baramati,Tomato,Hybrid,FAQ,2026-07-13,1431.18,2052.61,1750.53,217.4,sample,1,2026-10-08T22:44:27.479598
Maharashtra,Pune,Baramati,Tomato,Hybrid,FAQ,2026-07-14,1523.27,2238.85,1825.87,338.5,sample,1,2026-10-08T22:44:27.479609
Maharashtra,Pune,Baramati,Tomato,Hybrid,FAQ,2026-07-15,1555.53,2092.28,1834.96,473.5,sample,1,2026-10-08T22:44:27.479617
Maharashtra,Pune,Baramati,Tomato,Hybrid,FAQ,2026-07-16,1595.8,2127.08,1794.71,311.7,sample,1,2026-10-08T22:44:27.479626
Maharashtra,Pune,Baramati,Tomato,Hybrid,FAQ,2026-07-17,1630.65,2157.59,1832.84,205.0,sample,1,2026-10-08T22:44:27.479634
Maharashtra,Pune,Baramati,Tomato,Hybrid,FAQ,2026-07-18,1536.82,2104.88,1716.14,425.7,sample,1,2026-10-08T22:44:27.479642
Maharashtra,Pune,Baramati,Tomato,Hybrid,FAQ,2026-07-20,1448.02,2029.8,1761.08,229.2,sample,1,2026-10-08T22:44:27.479650
Maharashtra,Pune,Baramati,Tomato,Hybrid,FAQ,2026-07-21,1573.1,2054.94,1755.0,184.5,sample,1,2026-10-08T22:44:27.479659
Maharashtra,Pune,Baramati,Tomato,Hybrid,FAQ,2026-07-22,1432.21,2088.44,1722.34,299.9,sample,1,2026-10-08T22:44:27.479668
Maharashtra,Pune,Baramati,Tomato,Hybrid,FAQ,2026-07-23,1287.99,1995.34,1609.67,195.6,sample,1,2026-10-08T22:44:27.479676
Maharashtra,Pune,Baramati,Tomato,Hybrid,FAQ,2026-07-24,1305.96,1879.21,1495.25,154.3,sample,1,2026-10-08T22:44:27.479684
Maharashtra,Pune,Baramati,Tomato,Hybrid,FAQ,2026-07-25,1264.66,1878.54,1491.52,217.0,sample,1,2026-10-08T22:44:27.479694
Maharashtra,Pune,Baramati,Tomato,Hybrid,FAQ,2026-07-27,1237.05,1816.68,1560.22,336.0,sample,1,2026-10-08T22:44:27.479704
Maharashtra,Pune,Baramati,Tomato,Hybrid,FAQ,2026-07-28,1285.98,1907.78,1484.52,431.9,sample,1,2026-10-08T22:44:27.479713
Maharashtra,Pune,Baramati,Tomato,Hybrid,FAQ,2026-07-29,1272.06,1816.4,1520.81,486.3,sample,1,2026-10-08T22:44:27.479721
Maharashtra,Pune,Baramati,Tomato,Hybrid,FAQ,2026-07-30,1328.13,1802.45,1510.68,335.9,sample,1,2026-10-08T22:44:27.479730
Maharashtra,Pune,Baramati,Tomato,Hybrid,FAQ,2026-07-31,1232.21,1889.33,1476.07,246.1,sample,1,2026-10-08T22:44:27.479738
Maharashtra,Pune,Baramati,Tomato,Hybrid,FAQ,2026-08-01,1221.21,1863.58,1524.7,94.6,sample,1,2026-10-08T22:44:27.479747
Maharashtra,Pune,Baramati,Tomato,Hybrid,FAQ,2026-08-03,1230.63,1752.62,1421.03,296.3,sample,1,2026-10-08T22:44:27.479756
Maharashtra,Pune,Baramati,Tomato,Hybrid,FAQ,2026-08-04,1265.87,1704.99,1440.9,317.9,sample,1,2026-10-08T22:44:27.479765
Maharashtra,Pune,Baramati,Tomato,Hybrid,FAQ,2026-08-05,1156.62,1696.31,1407.87,348.9,sample,1,2026-10-08T22:44:27.479775
Maharashtra,Pune,Baramati,Tomato,Hybrid,FAQ,2026-08-06,1062.54,1701.39,1380.09,65.0,sample,1,2026-10-08T22:44:27.479783
Maharashtra,Pune,Baramati,Tomato,Hybrid,FAQ,2026-08-07,1155.98,1790.15,1415.0,257.6,sample,1,2026-10-08T22:44:27.479791
Maharashtra,Pune,Baramati,Tomato,Hybrid,FAQ,2026-08-08,1246.47,1915.39,1520.05,92.5,sample,1,2026-10-08T22:44:27.479801
Maharashtra,Pune,Baramati,Tomato,Hybrid,FAQ,2026-08-10,1310.16,1955.64,1536.36,483.6,sample,1,2026-10-08T22:44:27.479814
Maharashtra,Pune,Baramati,Tomato,Hybrid,FAQ,2026-08-11,1273.19,1846.61,1491.99,363.0,sample,1,2026-10-08T22:44:27.479823
Maharashtra,Pune,Baramati,Tomato,Hybrid,FAQ,2026-08-12,1356.26,1947.87,1552.33,371.9,sample,1,2026-10-08T22:44:27.479832
Maharashtra,Pune,Baramati,Tomato,Hybrid,FAQ,2026-08-13,1386.26,1950.58,1577.3,126.3,sample,1,2026-10-08T22:44:27.479841
Maharashtra,Pune,Baramati,Tomato,Hybrid,FAQ,2026-08-14,1416.24,2068.9,1659.8,369.7,sample,1,2026-10-08T22:44:27.479850
Maharashtra,Pune,Baramati,Tomato,Hybrid,FAQ,2026-08-15,1440.72,1963.92,1631.88,466.2,sample,1,2026-10-08T22:44:27.479858
Maharashtra,Pune,Baramati,Tomato,Hybrid,FAQ,2026-08-17,1404.17,2034.6,1694.99,342.9,sample,1,2026-10-08T22:44:27.479868
Maharashtra,Pune,Baramati,Tomato,Hybrid,FAQ,2026-08-18,1289.86,1881.56,1608.29,269.5,sample,1,2026-10-08T22:44:27.479877
Maharashtra,Pune,Baramati,Tomato,Hybrid,FAQ,2026-08-19,1276.79,2013.24,1592.09,262.1,sample,1,2026-10-08T22:44:27.479887
Maharashtra,Pune,Baramati,Tomato,Hybrid,FAQ,2026-08-20,1345.45,2035.14,1596.7,121.5,sample,1,2026-10-08T22:44:27.479896
Maharashtra,Pune,Baramati,Tomato,Hybrid,FAQ,2026-08-21,1297.52,1818.14,1491.78,316.3,sample,1,2026-10-08T22:44:27.479905
Maharashtra,Pune,Baramati,Tomato,Hybrid,FAQ,2026-08-22,1137.41,1795.67,1444.81,216.9,sample,1,2026-10-08T22:44:27.479913
Maharashtra,Pune,Baramati,Tomato,Hybrid,FAQ,2026-08-24,1348.75,1940.57,1638.11,483.3,sample,1,2026-10-08T22:44:27.479921
Maharashtra,Pune,Baramati,Tomato,Hybrid,FAQ,2026-08-25,1301.77,1962.44,1622.34,101.4,sample,1,2026-10-08T22:44:27.479929
Maharashtra,Pune,Baramati,Tomato,Hybrid,FAQ,2026-08-26,1237.01,1832.04,1524.27,362.7,sample,1,2026-10-08T22:44:27.479938
Maharashtra,Pune,Baramati,Tomato,Hybrid,FAQ,2026-08-27,1297.65,1996.25,1601.76,470.3,sample,1,2026-10-08T22:44:27.479946
Maharashtra,Pune,Baramati,Tomato,Hybrid,FAQ,2026-08-28,1306.0,1880.65,1574.63,198.8,sample,1,2026-10-08T22:44:27.479954
Maharashtra,Pune,Baramati,Tomato,Hybrid,FAQ,2026-08-29,1269.39,1996.33,1545.25,339.0,sample,1,2026-10-08T22:44:27.479962
Maharashtra,Pune,Baramati,Tomato,Hybrid,FAQ,2026-08-31,1369.33,1961.18,1648.48,93.1,sample,1,2026-10-08T22:44:27.479973
Maharashtra,Pune,Baramati,Tomato,Hybrid,FAQ,2026-09-01,1402.7,1976.42,1630.54,302.5,sample,1,2026-10-08T22:44:27.479983
Maharashtra,Pune,Baramati,Tomato,Hybrid,FAQ,2026-09-02,1309.47,2018.34,1596.65,171.5,sample,1,2026-10-08T22:44:27.479991
Maharashtra,Pune,Baramati,Tomato,Hybrid,FAQ,2026-09-03,1231.56,1948.4,1533.66,280.5,sample,1,2026-10-08T22:44:27.480000
Maharashtra,Pune,Baramati,Tomato,Hybrid,FAQ,2026-09-04,1314.71,1877.23,1590.25,385.1,sample,1,2026-10-08T22:44:27.480009
Maharashtra,Pune,Baramati,Tomato,Hybrid,FAQ,2026-09-05,1407.69,1912.02,1606.83,155.3,sample,1,2026-10-08T22:44:27.480016
Maharashtra,Pune,Baramati,Tomato,Hybrid,FAQ,2026-09-07,1461.48,2084.0,1680.75,54.9,sample,1,2026-10-08T22:44:27.480026
Maharashtra,Pune,Baramati,Tomato,Hybrid,FAQ,2026-09-08,1284.9,1848.52,1582.0,439.3,sample,1,2026-10-08T22:44:27.480034
Maharashtra,Pune,Baramati,Tomato,Hybrid,FAQ,2026-09-09,1294.98,1944.21,1581.34,149.3,sample,1,2026-10-08T22:44:27.480043
Maharashtra,Pune,Baramati,Tomato,Hybrid,FAQ,2026-09-10,1138.92,1844.32,1431.57,172.3,sample,1,2026-10-08T22:44:27.480051
Maharashtra,Pune,Baramati,Tomato,Hybrid,FAQ,2026-09-11,1122.31,1801.35,1355.44,488.9,sample,1,2026-10-08T22:44:27.480062
Maharashtra,Pune,Baramati,Tomato,Hybrid,FAQ,2026-09-12,997.73,1580.58,1219.63,46.0,sample,1,2026-10-08T22:44:27.480072
Maharashtra,Pune,Baramati,Tomato,Hybrid,FAQ,2026-09-14,954.57,1674.43,1246.71,421.8,sample,1,2026-10-08T22:44:27.480086
Maharashtra,Pune,Baramati,Tomato,Hybrid,FAQ,2026-09-15,1073.02,1777.71,1384.74,337.9,sample,1,2026-10-08T22:44:27.480095
Maharashtra,Pune,Baramati,Tomato,Hybrid,FAQ,2026-09-16,1142.22,1815.72,1407.73,483.6,sample,1,2026-10-08T22:44:27.480104
Maharashtra,Pune,Baramati,Tomato,Hybrid,FAQ,2026-09-17,1106.64,1608.03,1325.77,354.0,sample,1,2026-10-08T22:44:27.480115
Maharashtra,Pune,Baramati,Tomato,Hybrid,FAQ,2026-09-18,1115.47,1691.76,1367.55,237.1,sample,1,2026-10-08T22:44:27.480335
Maharashtra,Pune,Baramati,Tomato,Hybrid,FAQ,2026-09-19,1175.29,1706.09,1433.78,308.6,sample,1,2026-10-08T22:44:27.480349
Maharashtra,Pune,Baramati,Tomato,Hybrid,FAQ,2026-09-21,1167.38,1726.34,1448.83,110.7,sample,1,2026-10-08T22:44:27.480361
Maharashtra,Pune,Baramati,Tomato,Hybrid,FAQ,2026-09-22,1313.63,1792.7,1537.02,468.9,sample,1,2026-10-08T22:44:27.480370
Maharashtra,Pune,Baramati,Tomato,Hybrid,FAQ,2026-09-23,1212.51,1826.35,1461.09,204.7,sample,1,2026-10-08T22:44:27.480379
Maharashtra,Pune,Baramati,Tomato,Hybrid,FAQ,2026-09-24,1106.19,1710.54,1398.79,141.2,sample,1,2026-10-08T22:44:27.480393
Maharashtra,Pune,Baramati,Tomato,Hybrid,FAQ,2026-09-25,1179.22,1762.34,1429.99,287.0,sample,1,2026-10-08T22:44:27.480404
Maharashtra,Pune,Baramati,Tomato,Hybrid,FAQ,2026-09-26,1286.21,1766.45,1475.0,138.1,sample,1,2026-10-08T22:44:27.480413
Maharashtra,Pune,Baramati,Tomato,Hybrid,FAQ,2026-09-28,1245.24,1856.07,1453.01,284.0,sample,1,2026-10-08T22:44:27.480422
Maharashtra,Pune,Baramati,Tomato,Hybrid,FAQ,2026-09-29,1210.76,1953.22,1535.25,491.3,sample,1,2026-10-08T22:44:27.480430
Maharashtra,Pune,Baramati,Tomato,Hybrid,FAQ,2026-09-30,1424.41,2101.2,1666.26,322.3,sample,1,2026-10-08T22:44:27.480438
Maharashtra,Pune,Baramati,Tomato,Hybrid,FAQ,2026-10-01,1410.35,2124.89,1678.52,354.0,sample,1,2026-10-08T22:44:27.480447
Maharashtra,Pune,Baramati,Tomato,Hybrid,FAQ,2026-10-02,1290.1,1932.88,1606.85,288.5,sample,1,2026-10-08T22:44:27.480455
Maharashtra,Pune,Baramati,Tomato,Hybrid,FAQ,2026-10-03,1558.72,2212.52,1776.14,418.2,sample,1,2026-10-08T22:44:27.480463
Maharashtra,Pune,Baramati,Tomato,Hybrid,FAQ,2026-10-05,1432.59,1928.63,1674.42,453.2,sample,1,2026-10-08T22:44:27.480472
Maharashtra,Pune,Baramati,Tomato,Hybrid,FAQ,2026-10-06,1577.78,2134.58,1781.66,476.2,sample,1,2026-10-08T22:44:27.480482
Maharashtra,Pune,Baramati,Tomato,Hybrid,FAQ,2026-10-07,1625.16,2127.4,1880.86,70.1,sample,1,2026-10-08T22:44:27.480491
Maharashtra,Pune,Baramati,Tomato,Hybrid,FAQ,2026-10-08,1774.06,2457.06,2049.61,437.9,sample,1,2026-10-08T22:44:27.480500
Maharashtra,Pune,Baramati,Wheat,Lokwan,FAQ,2026-07-10,2596.87,2921.49,2719.59,489.1,sample,1,2026-10-08T22:44:27.480512
Maharashtra,Pune,Baramati,Wheat,Lokwan,FAQ,2026-07-11,2585.67,2921.31,2725.48,472.3,sample,1,2026-10-08T22:44:27.480520
Maharashtra,Pune,Baramati,Wheat,Lokwan,FAQ,2026-07-13,2608.36,2887.25,2725.42,80.3,sample,1,2026-10-08T22:44:27.480530
Maharashtra,Pune,Baramati,Wheat,Lokwan,FAQ,2026-07-14,2623.3,2922.99,2711.21,296.7,sample,1,2026-10-08T22:44:27.480538
Maharashtra,Pune,Baramati,Wheat,Lokwan,FAQ,2026-07-15,2593.52,2864.05,2696.14,329.9,sample,1,2026-10-08T22:44:27.480546
Maharashtra,Pune,Baramati,Wheat,Lokwan,FAQ,2026-07-16,2574.5,2817.5,2689.68,349.7,sample,1,2026-10-08T22:44:27.480553
Maharashtra,Pune,Baramati,Wheat,Lokwan,FAQ,2026-07-17,2528.22,2864.38,2656.74,309.4,sample,1,2026-10-08T22:44:27.480573
Maharashtra,Pune,Baramati,Wheat,Lokwan,FAQ,2026-07-18,2518.17,2786.47,2652.63,466.9,sample,1,2026-10-08T22:44:27.480583
Maharashtra,Pune,Baramati,Wheat,Lokwan,FAQ,2026-07-20,2585.34,2826.38,2691.04,392.0,sample,1,2026-10-08T22:44:27.480594
Maharashtra,Pune,Baramati,Wheat,Lokwan,FAQ,2026-07-21,2604.67,2888.85,2720.18,343.9,sample,1,2026-10-08T22:44:27.480603
Maharashtra,Pune,Baramati,Wheat,Lokwan,FAQ,2026-07-22,2596.39,2858.44,2690.21,406.8,sample,1,2026-10-08T22:44:27.480611
Maharashtra,Pune,Baramati,Wheat,Lokwan,FAQ,2026-07-23,2573.93,2926.91,2697.22,106.3,sample,1,2026-10-08T22:44:27.480619
Maharashtra,Pune,Baramati,Wheat,Lokwan,FAQ,2026-07-24,2533.18,2879.19,2674.42,211.6,sample,1,2026-10-08T22:44:27.480628
Maharashtra,Pune,Baramati,Wheat,Lokwan,FAQ,2026-07-25,2475.12,2813.26,2627.48,295.3,sample,1,2026-10-08T22:44:27.480637
Maharashtra,Pune,Baramati,Wheat,Lokwan,FAQ,2026-07-27,2507.44,2818.41,2634.4,475.6,sample,1,2026-10-08T22:44:27.480646
Maharashtra,Pune,Baramati,Wheat,Lokwan,FAQ,2026-07-28,2535.0,2847.76,2640.94,455.6,sample,1,2026-10-08T22:44:27.480655
Maharashtra,Pune,Baramati,Wheat,Lokwan,FAQ,2026-07-29,2500.54,2812.41,2631.05,114.0,sample,1,2026-10-08T22:44:27.480663
Maharashtra,Pune,Baramati,Wheat,Lokwan,FAQ,2026-07-30,2557.53,2873.58,2657.43,129.4,sample,1,2026-10-08T22:44:27.480677
Maharashtra,Pune,Baramati,Wheat,Lokwan,FAQ,2026-07-31,2534.44,2897.75,2679.8,468.9,sample,1,2026-10-08T22:44:27.480686
Maharashtra,Pune,Baramati,Wheat,Lokwan,FAQ,2026-08-01,2567.44,2898.85,2723.03,292.8,sample,1,2026-10-08T22:44:27.480694
Maharashtra,Pune,Baramati,Wheat,Lokwan,FAQ,2026-08-03,2629.95,2925.38,2721.02,264.1,sample,1,2026-10-08T22:44:27.480704
Maharashtra,Pune,Baramati,Wheat,Lokwan,FAQ,2026-08-04,2622.68,2870.35,2730.5,341.5,sample,1,2026-10-08T22:44:27.480712
Maharashtra,Pune,Baramati,Wheat,Lokwan,FAQ,2026-08-05,2609.78,2918.91,2758.59,247.3,sample,1,2026-10-08T22:44:27.480720
Maharashtra,Pune,Baramati,Wheat,Lokwan,FAQ,2026-08-06,2649.22,2936.61,2777.6,308.7,sample,1,2026-10-08T22:44:27.480728
Maharashtra,Pune,Baramati,Wheat,Lokwan,FAQ,2026-08-07,2646.63,2925.67,2753.41,42.2,sample,1,2026-10-08T22:44:27.480737
Maharashtra,Pune,Baramati,Wheat,Lokwan,FAQ,2026-08-08,2640.99,2892.63,2742.71,380.3,sample,1,2026-10-08T22:44:27.480745
Maharashtra,Pune,Baramati,Wheat,Lokwan,FAQ,2026-08-10,2604.34,2903.17,2698.01,443.8,sample,1,2026-10-08T22:44:27.480754
Maharashtra,Pune,Baramati,Wheat,Lokwan,FAQ,2026-08-11,2600.98,2883.05,2718.31,180.5,sample,1,2026-10-08T22:44:27.480764
Maharashtra,Pune,Baramati,Wheat,Lokwan,FAQ,2026-08-12,2576.48,2921.07,2704.16,435.0,sample,1,2026-10-08T22:44:27.480773
Maharashtra,Pune,Baramati,Wheat,Lokwan,FAQ,2026-08-13,2606.41,2884.66,2700.49,161.1,sample,1,2026-10-08T22:44:27.480782
Maharashtra,Pune,Baramati,Wheat,Lokwan,FAQ,2026-08-14,2620.07,2837.51,2709.5,273.3,sample,1,2026-10-08T22:44:27.480791
Maharashtra,Pune,Baramati,Wheat,Lokwan,FAQ,2026-08-15,2617.74,2892.83,2703.99,226.4,sample,1,2026-10-08T22:44:27.480799
Maharashtra,Pune,Baramati,Wheat,Lokwan,FAQ,2026-08-17,2535.65,2844.05,2659.36,499.4,sample,1,2026-10-08T22:44:27.480808
Maharashtra,Pune,Baramati,Wheat,Lokwan,FAQ,2026-08-18,2515.74,2843.45,2633.73,208.3,sample,1,2026-10-08T22:44:27.480816
Maharashtra,Pune,Baramati,Wheat,Lokwan,FAQ,2026-08-19,2508.93,2803.15,2645.72,253.8,sample,1,2026-10-08T22:44:27.480827
Maharashtra,Pune,Baramati,Wheat,Lokwan,FAQ,2026-08-20,2571.58,2861.18,2692.33,271.0,sample,1,2026-10-08T22:44:27.480836
Maharashtra,Pune,Baramati,Wheat,Lokwan,FAQ,2026-08-21,2526.84,2861.23,2668.91,116.3,sample,1,2026-10-08T22:44:27.480844
Maharashtra,Pune,Baramati,Wheat,Lokwan,FAQ,2026-08-22,2509.54,2804.75,2630.56,122.4,sample,1,2026-10-08T22:44:27.480856
Maharashtra,Pune,Baramati,Wheat,Lokwan,FAQ,2026-08-24,2516.66,2875.82,2670.34,262.4,sample,1,2026-10-08T22:44:27.480869
Maharashtra,Pune,Baramati,Wheat,Lokwan,FAQ,2026-08-25,2551.87,2811.33,2661.7,264.3,sample,1,2026-10-08T22:44:27.480878
Maharashtra,Pune,Baramati,Wheat,Lokwan,FAQ,2026-08-26,2600.2,2835.61,2687.28,457.6,sample,1,2026-10-08T22:44:27.480889
Maharashtra,Pune,Baramati,Wheat,Lokwan,FAQ,2026-08-27,2588.64,2875.37,2698.65,249.1,sample,1,2026-10-08T22:44:27.480899
Maharashtra,Pune,Baramati,Wheat,Lokwan,FAQ,2026-08-28,2660.12,2969.45,2767.45,279.8,sample,1,2026-10-08T22:44:27.480908
Maharashtra,Pune,Baramati,Wheat,Lokwan,FAQ,2026-08-29,2642.04,3001.94,2785.77,161.1,sample,1,2026-10-08T22:44:27.480916
Maharashtra,Pune,Baramati,Wheat,Lokwan,FAQ,2026-08-31,2637.07,2933.58,2768.13,340.5,sample,1,2026-10-08T22:44:27.480926
Maharashtra,Pune,Baramati,Wheat,Lokwan,FAQ,2026-09-01,2617.82,2943.77,2761.97,213.1,sample,1,2026-10-08T22:44:27.480934
Maharashtra,Pune,Baramati,Wheat,Lokwan,FAQ,2026-09-02,2676.12,3005.24,2785.53,264.0,sample,1,2026-10-08T22:44:27.480943
Maharashtra,Pune,Baramati,Wheat,Lokwan,FAQ,2026-09-03,2647.46,2957.42,2766.17,270.8,sample,1,2026-10-08T22:44:27.480953
Maharashtra,Pune,Baramati,Wheat,Lokwan,FAQ,2026-09-04,2684.48,2969.53,2774.03,137.3,sample,1,2026-10-08T22:44:27.480962
Maharashtra,Pune,Baramati,Wheat,Lokwan,FAQ,2026-09-05,2685.9,2948.48,2783.36,370.0,sample,1,2026-10-08T22:44:27.480970
Maharashtra,Pune,Baramati,Wheat,Lokwan,FAQ,2026-09-07,2651.61,2997.8,2794.01,261.5,sample,1,2026-10-08T22:44:27.480980
Maharashtra,Pune,Baramati,Wheat,Lokwan,FAQ,2026-09-08,2684.58,2951.81,2803.05,114.2,sample,1,2026-10-08T22:44:27.480989
Maharashtra,Pune,Baramati,Wheat,Lokwan,FAQ,2026-09-09,2714.95,2990.0,2802.06,114.1,sample,1,2026-10-08T22:44:27.480998
Maharashtra,Pune,Baramati,Wheat,Lokwan,FAQ,2026-09-10,2664.51,2924.07,2793.84,303.2,sample,1,2026-10-08T22:44:27.481007
Maharashtra,Pune,Baramati,Wheat,Lokwan,FAQ,2026-09-11,2711.83,3038.28,2808.79,315.7,sample,1,2026-10-08T22:44:27.481016
Maharashtra,Pune,Baramati,Wheat,Lokwan,FAQ,2026-09-12,2686.92,2939.51,2811.5,371.0,sample,1,2026-10-08T22:44:27.481025
Maharashtra,Pune,Baramati,Wheat,Lokwan,FAQ,2026-09-14,2706.51,2971.19,2796.68,496.7,sample,1,2026-10-08T22:44:27.481034
Maharashtra,Pune,Baramati,Wheat,Lokwan,FAQ,2026-09-15,2629.54,2920.41,2775.99,422.0,sample,1,2026-10-08T22:44:27.481045
Maharashtra,Pune,Baramati,Wheat,Lokwan,FAQ,2026-09-16,2594.77,2883.48,2737.84,343.4,sample,1,2026-10-08T22:44:27.481054
Maharashtra,Pune,Baramati,Wheat,Lokwan,FAQ,2026-09-17,2608.06,2915.32,2711.11,197.6,sample,1,2026-10-08T22:44:27.481062
Maharashtra,Pune,Baramati,Wheat,Lokwan,FAQ,2026-09-18,2579.51,2847.69,2680.06,89.9,sample,1,2026-10-08T22:44:27.481071
Maharashtra,Pune,Baramati,Wheat,Lokwan,FAQ,2026-09-19,2593.62,2911.03,2692.19,272.0,sample,1,2026-10-08T22:44:27.481085
Maharashtra,Pune,Baramati,Wheat,Lokwan,FAQ,2026-09-21,2590.69,2859.01,2681.62,322.8,sample,1,2026-10-08T22:44:27.481095
Maharashtra,Pune,Baramati,Wheat,Lokwan,FAQ,2026-09-22,2604.1,2901.57,2690.91,271.5,sample,1,2026-10-08T22:44:27.481104
Maharashtra,Pune,Baramati,Wheat,Lokwan,FAQ,2026-09-23,2620.7,2905.26,2714.08,420.7,sample,1,2026-10-08T22:44:27.481113
Maharashtra,Pune,Baramati,Wheat,Lokwan,FAQ,2026-09-24,2585.6,2943.87,2734.18,338.6,sample,1,2026-10-08T22:44:27.481122
Maharashtra,Pune,Baramati,Wheat,Lokwan,FAQ,2026-09-25,2623.02,2893.37,2710.15,145.6,sample,1,2026-10-08T22:44:27.481131
Maharashtra,Pune,Baramati,Wheat,Lokwan,FAQ,2026-09-26,2566.05,2919.09,2707.82,215.4,sample,1,2026-10-08T22:44:27.481144
Maharashtra,Pune,Baramati,Wheat,Lokwan,FAQ,2026-09-28,2535.25,2875.32,2674.08,84.9,sample,1,2026-10-08T22:44:27.481155
Maharashtra,Pune,Baramati,Wheat,Lokwan,FAQ,2026-09-29,2561.41,2832.58,2655.05,147.0,sample,1,2026-10-08T22:44:27.481164
Maharashtra,Pune,Baramati,Wheat,Lokwan,FAQ,2026-09-30,2524.58,2841.84,2671.71,126.9,sample,1,2026-10-08T22:44:27.481174
Maharashtra,Pune,Baramati,Wheat,Lokwan,FAQ,2026-10-01,2523.77,2870.09,2658.83,305.9,sample,1,2026-10-08T22:44:27.481183
Maharashtra,Pune,Baramati,Wheat,Lokwan,FAQ,2026-10-02,2533.48,2864.89,2664.61,185.3,sample,1,2026-10-08T22:44:27.481194
Maharashtra,Pune,Baramati,Wheat,Lokwan,FAQ,2026-10-03,2559.83,2812.63,2669.91,339.7,sample,1,2026-10-08T22:44:27.481203
Maharashtra,Pune,Baramati,Wheat,Lokwan,FAQ,2026-10-05,2557.29,2837.28,2671.79,166.8,sample,1,2026-10-08T22:44:27.481213
Maharashtra,Pune,Baramati,Wheat,Lokwan,FAQ,2026-10-06,2590.82,2931.36,2723.82,230.1,sample,1,2026-10-08T22:44:27.481222
Maharashtra,Pune,Baramati,Wheat,Lokwan,FAQ,2026-10-07,2619.52,2916.11,2730.18,156.7,sample,1,2026-10-08T22:44:27.481232
Maharashtra,Pune,Baramati,Wheat,Lokwan,FAQ,2026-10-08,2596.04,2865.31,2702.12,364.5,sample,1,2026-10-08T22:44:27.481247
Maharashtra,Kolhapur,Kolhapur,Onion,Red/Nasik,FAQ,2026-07-10,2012.56,2800.71,2341.23,245.4,sample,1,2026-10-08T22:44:27.481261
Maharashtra,Kolhapur,Kolhapur,Onion,Red/Nasik,FAQ,2026-07-11,1907.92,2562.63,2243.8,138.7,sample,1,2026-10-08T22:44:27.481271
Maharashtra,Kolhapur,Kolhapur,Onion,Red/Nasik,FAQ,2026-07-13,1903.15,2659.54,2212.25,365.1,sample,1,2026-10-08T22:44:27.481281
Maharashtra,Kolhapur,Kolhapur,Onion,Red/Nasik,FAQ,2026-07-14,2006.79,2757.22,2245.72,42.4,sample,1,2026-10-08T22:44:27.481291
Maharashtra,Kolhapur,Kolhapur,Onion,Red/Nasik,FAQ,2026-07-15,1897.83,2658.98,2274.49,69.5,sample,1,2026-10-08T22:44:27.481300
Maharashtra,Kolhapur,Kolhapur,Onion,Red/Nasik,FAQ,2026-07-16,2043.52,2592.65,2293.44,57.4,sample,1,2026-10-08T22:44:27.481309
Maharashtra,Kolhapur,Kolhapur,Onion,Red/Nasik,FAQ,2026-07-17,1867.93,2593.48,2188.44,367.3,sample,1,2026-10-08T22:44:27.481319
Maharashtra,Kolhapur,Kolhapur,Onion,Red/Nasik,FAQ,2026-07-18,1974.84,2799.36,2292.39,417.3,sample,1,2026-10-08T22:44:27.481328
Maharashtra,Kolhapur,Kolhapur,Onion,Red/Nasik,FAQ,2026-07-20,2014.77,2698.73,2261.08,409.8,sample,1,2026-10-08T22:44:27.481338
Maharashtra,Kolhapur,Kolhapur,Onion,Red/Nasik,FAQ,2026-07-21,1962.56,2512.11,2224.04,315.8,sample,1,2026-10-08T22:44:27.481348
Maharashtra,Kolhapur,Kolhapur,Onion,Red/Nasik,FAQ,2026-07-22,1953.71,2482.87,2194.22,150.1,sample,1,2026-10-08T22:44:27.481358
Maharashtra,Kolhapur,Kolhapur,Onion,Red/Nasik,FAQ,2026-07-23,1988.36,2516.2,2198.41,498.5,sample,1,2026-10-08T22:44:27.481369
Maharashtra,Kolhapur,Kolhapur,Onion,Red/Nasik,FAQ,2026-07-24,1933.51,2635.3,2214.64,278.2,sample,1,2026-10-08T22:44:27.481378
Maharashtra,Kolhapur,Kolhapur,Onion,Red/Nasik,FAQ,2026-07-25,1832.9,2472.02,2175.55,81.5,sample,1,2026-10-08T22:44:27.481388
Maharashtra,Kolhapur,Kolhapur,Onion,Red/Nasik,FAQ,2026-07-27,1789.34,2527.58,2164.04,483.1,sample,1,2026-10-08T22:44:27.481398
Maharashtra,Kolhapur,Kolhapur,Onion,Red/Nasik,FAQ,2026-07-28,2005.46,2690.76,2265.23,129.5,sample,1,2026-10-08T22:44:27.481408
Maharashtra,Kolhapur,Kolhapur,Onion,Red/Nasik,FAQ,2026-07-29,2071.59,2706.3,2328.59,89.0,sample,1,2026-10-08T22:44:27.481418
Maharashtra,Kolhapur,Kolhapur,Onion,Red/Nasik,FAQ,2026-07-30,2078.68,2652.33,2301.71,475.6,sample,1,2026-10-08T22:44:27.481427
Maharashtra,Kolhapur,Kolhapur,Onion,Red/Nasik,FAQ,2026-07-31,1977.34,2820.2,2345.04,304.5,sample,1,2026-10-08T22:44:27.481436
Maharashtra,Kolhapur,Kolhapur,Onion,Red/Nasik,FAQ,2026-08-01,1891.91,2738.71,2226.86,299.1,sample,1,2026-10-08T22:44:27.481446
Maharashtra,Kolhapur,Kolhapur,Onion,Red/Nasik,FAQ,2026-08-03,1860.53,2633.67,2243.55,251.9,sample,1,2026-10-08T22:44:27.481456
Maharashtra,Kolhapur,Kolhapur,Onion,Red/Nasik,FAQ,2026-08-04,1849.74,2451.93,2165.37,93.5,sample,1,2026-10-08T22:44:27.481465
Maharashtra,Kolhapur,Kolhapur,Onion,Red/Nasik,FAQ,2026-08-05,1850.21,2681.63,2239.17,145.8,sample,1,2026-10-08T22:44:27.481474
Maharashtra,Kolhapur,Kolhapur,Onion,Red/Nasik,FAQ,2026-08-06,2007.06,2783.2,2273.89,277.6,sample,1,2026-10-08T22:44:27.481483
Maharashtra,Kolhapur,Kolhapur,Onion,Red/Nasik,FAQ,2026-08-07,2117.3,2674.31,2371.99,349.9,sample,1,2026-10-08T22:44:27.481492
Maharashtra,Kolhapur,Kolhapur,Onion,Red/Nasik,FAQ,2026-08-08,2018.87,2674.91,2376.66,468.4,sample,1,2026-10-08T22:44:27.481502
Maharashtra,Kolhapur,Kolhapur,Onion,Red/Nasik,FAQ,2026-08-10,1958.15,2673.71,2329.13,475.7,sample,1,2026-10-08T22:44:27.481513
Maharashtra,Kolhapur,Kolhapur,Onion,Red/Nasik,FAQ,2026-08-11,2004.07,2835.41,2337.03,269.5,sample,1,2026-10-08T22:44:27.481522
Maharashtra,Kolhapur,Kolhapur,Onion,Red/Nasik,FAQ,2026-08-12,1995.95,2692.67,2363.04,133.3,sample,1,2026-10-08T22:44:27.481531
Maharashtra,Kolhapur,Kolhapur,Onion,Red/Nasik,FAQ,2026-08-13,2184.93,2868.34,2439.88,111.8,sample,1,2026-10-08T22:44:27.481542
Maharashtra,Kolhapur,Kolhapur,Onion,Red/Nasik,FAQ,2026-08-14,2191.84,2962.71,2523.49,322.4,sample,1,2026-10-08T22:44:27.481551
Maharashtra,Kolhapur,Kolhapur,Onion,Red/Nasik,FAQ,2026-08-15,2237.1,2994.61,2584.66,59.4,sample,1,2026-10-08T22:44:27.481560
Maharashtra,Kolhapur,Kolhapur,Onion,Red/Nasik,FAQ,2026-08-17,2205.12,3020.23,2503.74,452.6,sample,1,2026-10-08T22:44:27.481570
Maharashtra,Kolhapur,Kolhapur,Onion,Red/Nasik,FAQ,2026-08-18,2137.4,2901.57,2503.78,492.8,sample,1,2026-10-08T22:44:27.481579
Maharashtra,Kolhapur,Kolhapur,Onion,Red/Nasik,FAQ,2026-08-19,2281.14,2949.52,2531.12,64.9,sample,1,2026-10-08T22:44:27.481588
Maharashtra,Kolhapur,Kolhapur,Onion,Red/Nasik,FAQ,2026-08-20,2147.77,2896.44,2501.64,288.8,sample,1,2026-10-08T22:44:27.481597
Maharashtra,Kolhapur,Kolhapur,Onion,Red/Nasik,FAQ,2026-08-21,2110.5,2765.99,2444.04,489.2,sample,1,2026-10-08T22:44:27.481606
Maharashtra,Kolhapur,Kolhapur,Onion,Red/Nasik,FAQ,2026-08-22,2102.88,2828.98,2438.56,357.0,sample,1,2026-10-08T22:44:27.481615
Maharashtra,Kolhapur,Kolhapur,Onion,Red/Nasik,FAQ,2026-08-24,2153.86,2826.54,2468.44,321.9,sample,1,2026-10-08T22:44:27.481625
Maharashtra,Kolhapur,Kolhapur,Onion,Red/Nasik,FAQ,2026-08-25,2208.32,2876.73,2465.07,149.1,sample,1,2026-10-08T22:44:27.481635
Maharashtra,Kolhapur,Kolhapur,Onion,Red/Nasik,FAQ,2026-08-26,2115.66,2791.23,2391.53,136.8,sample,1,2026-10-08T22:44:27.481645
Maharashtra,Kolhapur,Kolhapur,Onion,Red/Nasik,FAQ,2026-08-27,2065.66,2771.14,2401.79,433.0,sample,1,2026-10-08T22:44:27.481654
Maharashtra,Kolhapur,Kolhapur,Onion,Red/Nasik,FAQ,2026-08-28,2159.76,2811.58,2393.37,145.1,sample,1,2026-10-08T22:44:27.481667
Maharashtra,Kolhapur,Kolhapur,Onion,Red/Nasik,FAQ,2026-08-29,2194.17,2766.94,2422.15,148.5,sample,1,2026-10-08T22:44:27.481682
Maharashtra,Kolhapur,Kolhapur,Onion,Red/Nasik,FAQ,2026-08-31,2137.7,2884.15,2373.95,108.8,sample,1,2026-10-08T22:44:27.481697
Maharashtra,Kolhapur,Kolhapur,Onion,Red/Nasik,FAQ,2026-09-01,2037.96,2715.37,2392.98,269.8,sample,1,2026-10-08T22:44:27.481706
Maharashtra,Kolhapur,Kolhapur,Onion,Red/Nasik,FAQ,2026-09-02,2185.02,2941.01,2488.08,401.3,sample,1,2026-10-08T22:44:27.481715
Maharashtra,Kolhapur,Kolhapur,Onion,Red/Nasik,FAQ,2026-09-03,2214.45,2893.37,2478.46,301.2,sample,1,2026-10-08T22:44:27.481726
Maharashtra,Kolhapur,Kolhapur,Onion,Red/Nasik,FAQ,2026-09-04,2189.73,2885.86,2410.54,259.2,sample,1,2026-10-08T22:44:27.481735
Maharashtra,Kolhapur,Kolhapur,Onion,Red/Nasik,FAQ,2026-09-05,2129.77,2841.12,2453.15,193.9,sample,1,2026-10-08T22:44:27.481821
Maharashtra,Kolhapur,Kolhapur,Onion,Red/Nasik,FAQ,2026-09-07,2029.11,2748.69,2406.84,49.1,sample,1,2026-10-08T22:44:27.481834
Maharashtra,Kolhapur,Kolhapur,Onion,Red/Nasik,FAQ,2026-09-08,2221.32,2941.31,2453.14,483.0,sample,1,2026-10-08T22:44:27.481844
Maharashtra,Kolhapur,Kolhapur,Onion,Red/Nasik,FAQ,2026-09-09,2141.79,2790.52,2468.63,398.9,sample,1,2026-10-08T22:44:27.481853
Maharashtra,Kolhapur,Kolhapur,Onion,Red/Nasik,FAQ,2026-09-10,2250.93,2966.42,2524.85,264.2,sample,1,2026-10-08T22:44:27.481862
Maharashtra,Kolhapur,Kolhapur,Onion,Red/Nasik,FAQ,2026-09-11,2228.64,2856.0,2507.23,330.6,sample,1,2026-10-08T22:44:27.481872
Maharashtra,Kolhapur,Kolhapur,Onion,Red/Nasik,FAQ,2026-09-12,2158.7,2714.99,2394.77,411.5,sample,1,2026-10-08T22:44:27.481881
Maharashtra,Kolhapur,Kolhapur,Onion,Red/Nasik,FAQ,2026-09-14,2042.78,2839.41,2355.67,72.8,sample,1,2026-10-08T22:44:27.481894
Maharashtra,Kolhapur,Kolhapur,Onion,Red/Nasik,FAQ,2026-09-15,2176.47,2750.4,2415.63,185.8,sample,1,2026-10-08T22:44:27.481903
Maharashtra,Kolhapur,Kolhapur,Onion,Red/Nasik,FAQ,2026-09-16,2076.17,2747.31,2402.21,244.7,sample,1,2026-10-08T22:44:27.481916
Maharashtra,Kolhapur,Kolhapur,Onion,Red/Nasik,FAQ,2026-09-17,2072.41,2804.88,2437.72,310.0,sample,1,2026-10-08T22:44:27.481927
Maharashtra,Kolhapur,Kolhapur,Onion,Red/Nasik,FAQ,2026-09-18,2240.72,2769.36,2483.82,374.8,sample,1,2026-10-08T22:44:27.481937
Maharashtra,Kolhapur,Kolhapur,Onion,Red/Nasik,FAQ,2026-09-19,2136.86,2971.72,2466.02,362.3,sample,1,2026-10-08T22:44:27.481946
Maharashtra,Kolhapur,Kolhapur,Onion,Red/Nasik,FAQ,2026-09-21,2258.15,2782.0,2486.69,444.2,sample,1,2026-10-08T22:44:27.481959
Maharashtra,Kolhapur,Kolhapur,Onion,Red/Nasik,FAQ,2026-09-22,2185.7,2780.75,2494.42,222.6,sample,1,2026-10-08T22:44:27.481968
Maharashtra,Kolhapur,Kolhapur,Onion,Red/Nasik,FAQ,2026-09-23,2231.92,2806.43,2489.16,341.2,sample,1,2026-10-08T22:44:27.482072
Maharashtra,Kolhapur,Kolhapur,Onion,Red/Nasik,FAQ,2026-09-24,2092.07,2815.7,2461.45,153.8,sample,1,2026-10-08T22:44:27.482092
Maharashtra,Kolhapur,Kolhapur,Onion,Red/Nasik,FAQ,2026-09-25,2207.3,2922.17,2440.93,53.1,sample,1,2026-10-08T22:44:27.482103
Maharashtra,Kolhapur,Kolhapur,Onion,Red/Nasik,FAQ,2026-09-26,2175.5,2991.43,2504.94,189.6,sample,1,2026-10-08T22:44:27.482179
Maharashtra,Kolhapur,Kolhapur,Onion,Red/Nasik,FAQ,2026-09-28,2055.61,2708.3,2362.92,244.6,sample,1,2026-10-08T22:44:27.482227
Maharashtra,Kolhapur,Kolhapur,Onion,Red/Nasik,FAQ,2026-09-29,1998.02,2829.97,2382.54,121.4,sample,1,2026-10-08T22:44:27.482247
Maharashtra,Kolhapur,Kolhapur,Onion,Red/Nasik,FAQ,2026-09-30,1998.72,2738.53,2323.17,280.8,sample,1,2026-10-08T22:44:27.482258
Maharashtra,Kolhapur,Kolhapur,Onion,Red/Nasik,FAQ,2026-10-01,1958.76,2638.2,2283.88,199.7,sample,1,2026-10-08T22:44:27.482268
Maharashtra,Kolhapur,Kolhapur,Onion,Red/Nasik,FAQ,2026-10-02,1910.08,2567.4,2199.61,159.5,sample,1,2026-10-08T22:44:27.482278
Maharashtra,Kolhapur,Kolhapur,Onion,Red/Nasik,FAQ,2026-10-03,1920.2,2464.86,2184.84,415.1,sample,1,2026-10-08T22:44:27.482287
Maharashtra,Kolhapur,Kolhapur,Onion,Red/Nasik,FAQ,2026-10-05,1925.14,2501.6,2219.6,464.2,sample,1,2026-10-08T22:44:27.482298
Maharashtra,Kolhapur,Kolhapur,Onion,Red/Nasik,FAQ,2026-10-06,1808.19,2583.14,2188.64,44.2,sample,1,2026-10-08T22:44:27.482308
Maharashtra,Kolhapur,Kolhapur,Onion,Red/Nasik,FAQ,2026-10-07,1907.37,2440.72,2158.99,211.9,sample,1,2026-10-08T22:44:27.482318
Maharashtra,Kolhapur,Kolhapur,Onion,Red/Nasik,FAQ,2026-10-08,1902.05,2600.69,2186.16,221.6,sample,1,2026-10-08T22:44:27.482327
Maharashtra,Kolhapur,Kolhapur,Potato,Jyoti,FAQ,2026-07-10,1842.89,2307.76,2029.66,161.0,sample,1,2026-10-08T22:44:27.482340
Maharashtra,Kolhapur,Kolhapur,Potato,Jyoti,FAQ,2026-07-11,1886.43,2330.22,2077.1,391.7,sample,1,2026-10-08T22:44:27.482354
Maharashtra,Kolhapur,Kolhapur,Potato,Jyoti,FAQ,2026-07-13,1904.73,2388.13,2126.89,381.7,sample,1,2026-10-08T22:44:27.482365
Maharashtra,Kolhapur,Kolhapur,Potato,Jyoti,FAQ,2026-07-14,1849.42,2370.8,2086.48,432.6,sample,1,2026-10-08T22:44:27.482375
Maharashtra,Kolhapur,Kolhapur,Potato,Jyoti,FAQ,2026-07-15,1877.65,2415.27,2094.08,165.2,sample,1,2026-10-08T22:44:27.482385
Maharashtra,Kolhapur,Kolhapur,Potato,Jyoti,FAQ,2026-07-16,1901.02,2359.55,2115.75,48.9,sample,1,2026-10-08T22:44:27.482395
Maharashtra,Kolhapur,Kolhapur,Potato,Jyoti,FAQ,2026-07-17,1988.87,2379.59,2151.18,163.8,sample,1,2026-10-08T22:44:27.482405
Maharashtra,Kolhapur,Kolhapur,Potato,Jyoti,FAQ,2026-07-18,1931.09,2497.79,2156.91,147.1,sample,1,2026-10-08T22:44:27.482414
Maharashtra,Kolhapur,Kolhapur,Potato,Jyoti,FAQ,2026-07-20,1991.89,2439.0,2172.92,407.8,sample,1,2026-10-08T22:44:27.482425
Maharashtra,Kolhapur,Kolhapur,Potato,Jyoti,FAQ,2026-07-21,1937.65,2490.87,2197.41,404.1,sample,1,2026-10-08T22:44:27.482438
Maharashtra,Kolhapur,Kolhapur,Potato,Jyoti,FAQ,2026-07-22,1900.77,2375.06,2154.97,396.8,sample,1,2026-10-08T22:44:27.482447
Maharashtra,Kolhapur,Kolhapur,Potato,Jyoti,FAQ,2026-07-23,2057.68,2500.88,2206.25,128.4,sample,1,2026-10-08T22:44:27.482459
Maharashtra,Kolhapur,Kolhapur,Potato,Jyoti,FAQ,2026-07-24,1991.65,2462.99,2231.04,393.3,sample,1,2026-10-08T22:44:27.482470
Maharashtra,Kolhapur,Kolhapur,Potato,Jyoti,FAQ,2026-07-25,1995.46,2514.16,2165.34,243.8,sample,1,2026-10-08T22:44:27.482480
Maharashtra,Kolhapur,Kolhapur,Potato,Jyoti,FAQ,2026-07-27,1961.06,2505.14,2156.36,279.7,sample,1,2026-10-08T22:44:27.482490
Maharashtra,Kolhapur,Kolhapur,Potato,Jyoti,FAQ,2026-07-28,1881.58,2434.54,2139.43,353.5,sample,1,2026-10-08T22:44:27.482500
Maharashtra,Kolhapur,Kolhapur,Potato,Jyoti,FAQ,2026-07-29,1905.2,2338.29,2120.7,471.2,sample,1,2026-10-08T22:44:27.482509
Maharashtra,Kolhapur,Kolhapur,Potato,Jyoti,FAQ,2026-07-30,1940.75,2398.86,2143.26,333.7,sample,1,2026-10-08T22:44:27.482519
Maharashtra,Kolhapur,Kolhapur,Potato,Jyoti,FAQ,2026-07-31,1915.62,2408.46,2159.26,91.9,sample,1,2026-10-08T22:44:27.482529
Maharashtra,Kolhapur,Kolhapur,Potato,Jyoti,FAQ,2026-08-01,2004.75,2489.11,2220.7,117.0,sample,1,2026-10-08T22:44:27.482538
Maharashtra,Kolhapur,Kolhapur,Potato,Jyoti,FAQ,2026-08-03,1972.08,2418.39,2206.78,59.3,sample,1,2026-10-08T22:44:27.482549
Maharashtra,Kolhapur,Kolhapur,Potato,Jyoti,FAQ,2026-08-04,1979.85,2509.42,2213.87,314.3,sample,1,2026-10-08T22:44:27.482560
Maharashtra,Kolhapur,Kolhapur,Potato,Jyoti,FAQ,2026-08-05,2033.79,2419.16,2192.71,324.6,sample,1,2026-10-08T22:44:27.482570
Maharashtra,Kolhapur,Kolhapur,Potato,Jyoti,FAQ,2026-08-06,1942.33,2583.49,2194.03,327.6,sample,1,2026-10-08T22:44:27.482579
Maharashtra,Kolhapur,Kolhapur,Potato,Jyoti,FAQ,2026-08-07,2007.0,2583.62,2231.16,97.9,sample,1,2026-10-08T22:44:27.482589
Maharashtra,Kolhapur,Kolhapur,Potato,Jyoti,FAQ,2026-08-08,2070.15,2624.77,2238.07,402.7,sample,1,2026-10-08T22:44:27.482598
Maharashtra,Kolhapur,Kolhapur,Potato,Jyoti,FAQ,2026-08-10,2036.18,2473.56,2228.83,357.1,sample,1,2026-10-08T22:44:27.482608
Maharashtra,Kolhapur,Kolhapur,Potato,Jyoti,FAQ,2026-08-11,1971.13,2388.36,2154.11,453.4,sample,1,2026-10-08T22:44:27.482617
Maharashtra,Kolhapur,Kolhapur,Potato,Jyoti,FAQ,2026-08-12,1933.65,2444.49,2109.02,127.3,sample,1,2026-10-08T22:44:27.482627
Maharashtra,Kolhapur,Kolhapur,Potato,Jyoti,FAQ,2026-08-13,1944.63,2379.61,2107.03,376.9,sample,1,2026-10-08T22:44:27.482636
Maharashtra,Kolhapur,Kolhapur,Potato,Jyoti,FAQ,2026-08-14,1841.48,2401.03,2091.22,71.7,sample,1,2026-10-08T22:44:27.482646
Maharashtra,Kolhapur,Kolhapur,Potato,Jyoti,FAQ,2026-08-15,1993.26,2415.08,2151.86,161.1,sample,1,2026-10-08T22:44:27.482657
Maharashtra,Kolhapur,Kolhapur,Potato,Jyoti,FAQ,2026-08-17,1926.82,2421.61,2143.38,125.3,sample,1,2026-10-08T22:44:27.482668
Maharashtra,Kolhapur,Kolhapur,Potato,Jyoti,FAQ,2026-08-18,1994.95,2501.43,2137.2,397.0,sample,1,2026-10-08T22:44:27.482679
Maharashtra,Kolhapur,Kolhapur,Potato,Jyoti,FAQ,2026-08-19,1915.29,2441.29,2134.28,218.2,sample,1,2026-10-08T22:44:27.482689
Maharashtra,Kolhapur,Kolhapur,Potato,Jyoti,FAQ,2026-08-20,1980.46,2482.91,2183.35,293.7,sample,1,2026-10-08T22:44:27.482699
Maharashtra,Kolhapur,Kolhapur,Potato,Jyoti,FAQ,2026-08-21,1933.85,2380.64,2150.76,280.7,sample,1,2026-10-08T22:44:27.482712
Maharashtra,Kolhapur,Kolhapur,Potato,Jyoti,FAQ,2026-08-22,1975.08,2483.41,2123.08,99.7,sample,1,2026-10-08T22:44:27.482722
Maharashtra,Kolhapur,Kolhapur,Potato,Jyoti,FAQ,2026-08-24,1935.16,2361.18,2133.4,302.7,sample,1,2026-10-08T22:44:27.482733
Maharashtra,Kolhapur,Kolhapur,Potato,Jyoti,FAQ,2026-08-25,1869.58,2438.37,2109.94,281.9,sample,1,2026-10-08T22:44:27.482742
Maharashtra,Kolhapur,Kolhapur,Potato,Jyoti,FAQ,2026-08-26,1912.38,2415.41,2096.34,72.6,sample,1,2026-10-08T22:44:27.482752
Maharashtra,Kolhapur,Kolhapur,Potato,Jyoti,FAQ,2026-08-27,1814.23,2313.43,2065.86,266.0,sample,1,2026-10-08T22:44:27.482763
Maharashtra,Kolhapur,Kolhapur,Potato,Jyoti,FAQ,2026-08-28,1837.44,2294.49,2073.56,296.7,sample,1,2026-10-08T22:44:27.482773
Maharashtra,Kolhapur,Kolhapur,Potato,Jyoti,FAQ,2026-08-29,1808.17,2345.63,2060.76,209.8,sample,1,2026-10-08T22:44:27.482783
Maharashtra,Kolhapur,Kolhapur,Potato,Jyoti,FAQ,2026-08-31,1868.99,2258.21,2040.89,72.4,sample,1,2026-10-08T22:44:27.482795
Maharashtra,Kolhapur,Kolhapur,Potato,Jyoti,FAQ,2026-09-01,1799.38,2355.88,1975.85,481.9,sample,1,2026-10-08T22:44:27.482805
Maharashtra,Kolhapur,Kolhapur,Potato,Jyoti,FAQ,2026-09-02,1819.36,2267.26,2023.16,282.0,sample,1,2026-10-08T22:44:27.482816
Maharashtra,Kolhapur,Kolhapur,Potato,Jyoti,FAQ,2026-09-03,1884.39,2376.8,2054.24,122.3,sample,1,2026-10-08T22:44:27.482826
Maharashtra,Kolhapur,Kolhapur,Potato,Jyoti,FAQ,2026-09-04,1898.68,2376.29,2051.34,204.7,sample,1,2026-10-08T22:44:27.482836
Maharashtra,Kolhapur,Kolhapur,Potato,Jyoti,FAQ,2026-09-05,1817.47,2342.26,2012.52,446.1,sample,1,2026-10-08T22:44:27.482846
Maharashtra,Kolhapur,Kolhapur,Potato,Jyoti,FAQ,2026-09-07,1834.73,2293.67,2022.92,112.8,sample,1,2026-10-08T22:44:27.482857
Maharashtra,Kolhapur,Kolhapur,Potato,Jyoti,FAQ,2026-09-08,1781.09,2330.64,2040.9,202.1,sample,1,2026-10-08T22:44:27.482868
Maharashtra,Kolhapur,Kolhapur,Potato,Jyoti,FAQ,2026-09-09,1816.9,2272.77,1995.86,391.5,sample,1,2026-10-08T22:44:27.482879
Maharashtra,Kolhapur,Kolhapur,Potato,Jyoti,FAQ,2026-09-10,1903.5,2435.83,2095.17,319.9,sample,1,2026-10-08T22:44:27.482888
Maharashtra,Kolhapur,Kolhapur,Potato,Jyoti,FAQ,2026-09-11,1836.13,2444.72,2068.01,156.9,sample,1,2026-10-08T22:44:27.482899
Maharashtra,Kolhapur,Kolhapur,Potato,Jyoti,FAQ,2026-09-12,1799.83,2345.78,2055.23,222.7,sample,1,2026-10-08T22:44:27.482908
Maharashtra,Kolhapur,Kolhapur,Potato,Jyoti,FAQ,2026-09-14,1826.17,2340.83,2037.66,497.0,sample,1,2026-10-08T22:44:27.482919
Maharashtra,Kolhapur,Kolhapur,Potato,Jyoti,FAQ,2026-09-15,1760.78,2201.06,1937.0,142.1,sample,1,2026-10-08T22:44:27.482929
Maharashtra,Kolhapur,Kolhapur,Potato,Jyoti,FAQ,2026-09-16,1706.04,2278.82,1944.67,166.9,sample,1,2026-10-08T22:44:27.482939
Maharashtra,Kolhapur,Kolhapur,Potato,Jyoti,FAQ,2026-09-17,1735.22,2251.8,1941.66,465.9,sample,1,2026-10-08T22:44:27.482949
Maharashtra,Kolhapur,Kolhapur,Potato,Jyoti,FAQ,2026-09-18,1767.37,2184.96,1950.05,208.9,sample,1,2026-10-08T22:44:27.482959
Maharashtra,Kolhapur,Kolhapur,Potato,Jyoti,FAQ,2026-09-19,1750.71,2212.51,1960.57,413.1,sample,1,2026-10-08T22:44:27.482971
Maharashtra,Kolhapur,Kolhapur,Potato,Jyoti,FAQ,2026-09-21,1742.02,2334.34,1992.17,372.8,sample,1,2026-10-08T22:44:27.482983
Maharashtra,Kolhapur,Kolhapur,Potato,Jyoti,FAQ,2026-09-22,1776.72,2252.99,2011.87,419.8,sample,1,2026-10-08T22:44:27.482992
Maharashtra,Kolhapur,Kolhapur,Potato,Jyoti,FAQ,2026-09-23,1745.36,2311.42,1994.28,178.2,sample,1,2026-10-08T22:44:27.483004
Maharashtra,Kolhapur,Kolhapur,Potato,Jyoti,FAQ,2026-09-24,1724.28,2265.7,1951.97,76.1,sample,1,2026-10-08T22:44:27.483014
Maharashtra,Kolhapur,Kolhapur,Potato,Jyoti,FAQ,2026-09-25,1829.04,2367.88,2010.79,231.6,sample,1,2026-10-08T22:44:27.483024
Maharashtra,Kolhapur,Kolhapur,Potato,Jyoti,FAQ,2026-09-26,1786.79,2397.49,2030.93,144.3,sample,1,2026-10-08T22:44:27.483035
Maharashtra,Kolhapur,Kolhapur,Potato,Jyoti,FAQ,2026-09-28,1860.75,2352.06,2002.12,215.9,sample,1,2026-10-08T22:44:27.483046
Maharashtra,Kolhapur,Kolhapur,Potato,Jyoti,FAQ,2026-09-29,1786.51,2180.49,1963.08,288.4,sample,1,2026-10-08T22:44:27.483056
Maharashtra,Kolhapur,Kolhapur,Potato,Jyoti,FAQ,2026-09-30,1822.82,2208.41,1989.32,376.5,sample,1,2026-10-08T22:44:27.483066
Maharashtra,Kolhapur,Kolhapur,Potato,Jyoti,FAQ,2026-10-01,1836.09,2313.45,2023.24,313.8,sample,1,2026-10-08T22:44:27.483078
Maharashtra,Kolhapur,Kolhapur,Potato,Jyoti,FAQ,2026-10-02,1822.51,2278.26,1997.28,100.8,sample,1,2026-10-08T22:44:27.483088
Maharashtra,Kolhapur,Kolhapur,Potato,Jyoti,FAQ,2026-10-03,1846.77,2309.54,1996.68,62.7,sample,1,2026-10-08T22:44:27.483098
Maharashtra,Kolhapur,Kolhapur,Potato,Jyoti,FAQ,2026-10-05,1784.73,2334.24,1984.95,100.0,sample,1,2026-10-08T22:44:27.483110
Maharashtra,Kolhapur,Kolhapur,Potato,Jyoti,FAQ,2026-10-06,1838.26,2305.11,1994.44,264.4,sample,1,2026-10-08T22:44:27.483119
Maharashtra,Kolhapur,Kolhapur,Potato,Jyoti,FAQ,2026-10-07,1767.47,2323.81,1981.39,153.3,sample,1,2026-10-08T22:44:27.483132
Maharashtra,Kolhapur,Kolhapur,Potato,Jyoti,FAQ,2026-10-08,1814.82,2313.24,1963.42,188.8,sample,1,2026-10-08T22:44:27.483142
Maharashtra,Kolhapur,Kolhapur,Tomato,Hybrid,FAQ,2026-07-10,1605.04,2214.74,1880.8,200.2,sample,1,2026-10-08T22:44:27.483154
Maharashtra,Kolhapur,Kolhapur,Tomato,Hybrid,FAQ,2026-07-11,1640.25,2233.07,1863.36,51.1,sample,1,2026-10-08T22:44:27.483164
Maharashtra,Kolhapur,Kolhapur,Tomato,Hybrid,FAQ,2026-07-13,1515.18,2235.54,1782.61,243.4,sample,1,2026-10-08T22:44:27.483198
Maharashtra,Kolhapur,Kolhapur,Tomato,Hybrid,FAQ,2026-07-14,1812.34,2263.63,2009.21,416.4,sample,1,2026-10-08T22:44:27.483211
Maharashtra,Kolhapur,Kolhapur,Tomato,Hybrid,FAQ,2026-07-15,1736.66,2449.4,2025.32,91.7,sample,1,2026-10-08T22:44:27.483221
Maharashtra,Kolhapur,Kolhapur,Tomato,Hybrid,FAQ,2026-07-16,1906.95,2534.41,2090.13,466.3,sample,1,2026-10-08T22:44:27.483231
Maharashtra,Kolhapur,Kolhapur,Tomato,Hybrid,FAQ,2026-07-17,2001.65,2569.41,2178.71,91.2,sample,1,2026-10-08T22:44:27.483241
Maharashtra,Kolhapur,Kolhapur,Tomato,Hybrid,FAQ,2026-07-18,1810.95,2303.24,2053.46,136.1,sample,1,2026-10-08T22:44:27.483252
Maharashtra,Kolhapur,Kolhapur,Tomato,Hybrid,FAQ,2026-07-20,1737.32,2290.13,1990.81,262.2,sample,1,2026-10-08T22:44:27.483265
Maharashtra,Kolhapur,Kolhapur,Tomato,Hybrid,FAQ,2026-07-21,1686.5,2245.67,1970.99,361.4,sample,1,2026-10-08T22:44:27.483275
Maharashtra,Kolhapur,Kolhapur,Tomato,Hybrid,FAQ,2026-07-22,1795.52,2324.18,2070.05,118.3,sample,1,2026-10-08T22:44:27.483285
Maharashtra,Kolhapur,Kolhapur,Tomato,Hybrid,FAQ,2026-07-23,1853.65,2481.98,2071.25,324.3,sample,1,2026-10-08T22:44:27.483295
Maharashtra,Kolhapur,Kolhapur,Tomato,Hybrid,FAQ,2026-07-24,1994.18,2497.05,2170.43,164.8,sample,1,2026-10-08T22:44:27.483305
Maharashtra,Kolhapur,Kolhapur,Tomato,Hybrid,FAQ,2026-07-25,1889.8,2576.23,2192.61,437.6,sample,1,2026-10-08T22:44:27.483322
Maharashtra,Kolhapur,Kolhapur,Tomato,Hybrid,FAQ,2026-07-27,2062.73,2628.69,2335.14,215.1,sample,1,2026-10-08T22:44:27.483333
Maharashtra,Kolhapur,Kolhapur,Tomato,Hybrid,FAQ,2026-07-28,2008.62,2596.03,2330.11,185.1,sample,1,2026-10-08T22:44:27.483344
Maharashtra,Kolhapur,Kolhapur,Tomato,Hybrid,FAQ,2026-07-29,2169.12,2722.22,2372.08,250.7,sample,1,2026-10-08T22:44:27.483353
Maharashtra,Kolhapur,Kolhapur,Tomato,Hybrid,FAQ,2026-07-30,1958.85,2522.31,2272.8,153.8,sample,1,2026-10-08T22:44:27.483363
Maharashtra,Kolhapur,Kolhapur,Tomato,Hybrid,FAQ,2026-07-31,1946.8,2458.78,2180.81,199.5,sample,1,2026-10-08T22:44:27.483375
Maharashtra,Kolhapur,Kolhapur,Tomato,Hybrid,FAQ,2026-08-01,1923.23,2527.32,2151.02,148.7,sample,1,2026-10-08T22:44:27.483386
Maharashtra,Kolhapur,Kolhapur,Tomato,Hybrid,FAQ,2026-08-03,1932.67,2605.87,2229.45,444.2,sample,1,2026-10-08T22:44:27.483396
Maharashtra,Kolhapur,Kolhapur,Tomato,Hybrid,FAQ,2026-08-04,1889.06,2613.74,2197.62,53.6,sample,1,2026-10-08T22:44:27.483406
Maharashtra,Kolhapur,Kolhapur,Tomato,Hybrid,FAQ,2026-08-05,1921.43,2552.6,2119.19,342.2,sample,1,2026-10-08T22:44:27.483416
Maharashtra,Kolhapur,Kolhapur,Tomato,Hybrid,FAQ,2026-08-06,1895.61,2409.04,2083.78,481.9,sample,1,2026-10-08T22:44:27.483428
Maharashtra,Kolhapur,Kolhapur,Tomato,Hybrid,FAQ,2026-08-07,1777.7,2282.29,1986.81,110.3,sample,1,2026-10-08T22:44:27.483438
Maharashtra,Kolhapur,Kolhapur,Tomato,Hybrid,FAQ,2026-08-08,1586.6,2343.22,1907.18,191.5,sample,1,2026-10-08T22:44:27.483448
Maharashtra,Kolhapur,Kolhapur,Tomato,Hybrid,FAQ,2026-08-10,1655.99,2210.46,1851.78,408.0,sample,1,2026-10-08T22:44:27.483458
Maharashtra,Kolhapur,Kolhapur,Tomato,Hybrid,FAQ,2026-08-11,1533.02,2147.3,1837.41,364.4,sample,1,2026-10-08T22:44:27.483469
Maharashtra,Kolhapur,Kolhapur,Tomato,Hybrid,FAQ,2026-08-12,1471.04,2245.3,1795.39,106.8,sample,1,2026-10-08T22:44:27.483479
Maharashtra,Kolhapur,Kolhapur,Tomato,Hybrid,FAQ,2026-08-13,1476.74,2229.28,1791.69,186.0,sample,1,2026-10-08T22:44:27.483489
Maharashtra,Kolhapur,Kolhapur,Tomato,Hybrid,FAQ,2026-08-14,1419.44,1923.9,1612.2,444.6,sample,1,2026-10-08T22:44:27.483501
Maharashtra,Kolhapur,Kolhapur,Tomato,Hybrid,FAQ,2026-08-15,1271.32,1961.12,1555.38,444.9,sample,1,2026-10-08T22:44:27.483510
Maharashtra,Kolhapur,Kolhapur,Tomato,Hybrid,FAQ,2026-08-17,1258.04,1940.58,1499.49,451.3,sample,1,2026-10-08T22:44:27.483522
Maharashtra,Kolhapur,Kolhapur,Tomato,Hybrid,FAQ,2026-08-18,1244.37,1861.86,1559.36,398.4,sample,1,2026-10-08T22:44:27.483533
Maharashtra,Kolhapur,Kolhapur,Tomato,Hybrid,FAQ,2026-08-19,1324.57,1987.46,1613.94,162.8,sample,1,2026-10-08T22:44:27.483544
Maharashtra,Kolhapur,Kolhapur,Tomato,Hybrid,FAQ,2026-08-20,1397.47,1951.02,1657.53,146.8,sample,1,2026-10-08T22:44:27.483554
Maharashtra,Kolhapur,Kolhapur,Tomato,Hybrid,FAQ,2026-08-21,1359.99,1983.3,1638.21,271.1,sample,1,2026-10-08T22:44:27.483565
Maharashtra,Kolhapur,Kolhapur,Tomato,Hybrid,FAQ,2026-08-22,1313.37,1973.6,1579.08,212.0,sample,1,2026-10-08T22:44:27.483574
Maharashtra,Kolhapur,Kolhapur,Tomato,Hybrid,FAQ,2026-08-24,1452.68,1933.89,1648.31,54.8,sample,1,2026-10-08T22:44:27.483585
Maharashtra,Kolhapur,Kolhapur,Tomato,Hybrid,FAQ,2026-08-25,1294.19,1832.02,1583.87,164.1,sample,1,2026-10-08T22:44:27.483594
Maharashtra,Kolhapur,Kolhapur,Tomato,Hybrid,FAQ,2026-08-26,1161.36,1888.73,1484.6,70.4,sample,1,2026-10-08T22:44:27.483604
Maharashtra,Kolhapur,Kolhapur,Tomato,Hybrid,FAQ,2026-08-27,1257.26,2023.31,1571.33,438.9,sample,1,2026-10-08T22:44:27.483613
Maharashtra,Kolhapur,Kolhapur,Tomato,Hybrid,FAQ,2026-08-28,1270.86,1811.31,1514.49,226.2,sample,1,2026-10-08T22:44:27.483623
Maharashtra,Kolhapur,Kolhapur,Tomato,Hybrid,FAQ,2026-08-29,1354.47,1935.16,1535.74,215.0,sample,1,2026-10-08T22:44:27.483633
Maharashtra,Kolhapur,Kolhapur,Tomato,Hybrid,FAQ,2026-08-31,1222.73,1878.8,1509.1,281.6,sample,1,2026-10-08T22:44:27.483644
Maharashtra,Kolhapur,Kolhapur,Tomato,Hybrid,FAQ,2026-09-01,1321.31,2037.93,1627.68,279.5,sample,1,2026-10-08T22:44:27.483653
Maharashtra,Kolhapur,Kolhapur,Tomato,Hybrid,FAQ,2026-09-02,1314.45,1949.94,1495.81,278.6,sample,1,2026-10-08T22:44:27.483663
Maharashtra,Kolhapur,Kolhapur,Tomato,Hybrid,FAQ,2026-09-03,1324.04,1957.77,1558.38,296.5,sample,1,2026-10-08T22:44:27.483672
Maharashtra,Kolhapur,Kolhapur,Tomato,Hybrid,FAQ,2026-09-04,1278.24,1766.78,1460.63,223.1,sample,1,2026-10-08T22:44:27.483682
Maharashtra,Kolhapur,Kolhapur,Tomato,Hybrid,FAQ,2026-09-05,1248.0,1887.48,1468.68,252.2,sample,1,2026-10-08T22:44:27.483691
Maharashtra,Kolhapur,Kolhapur,Tomato,Hybrid,FAQ,2026-09-07,1207.14,1743.88,1390.32,105.4,sample,1,2026-10-08T22:44:27.483703
Maharashtra,Kolhapur,Kolhapur,Tomato,Hybrid,FAQ,2026-09-08,1165.44,1804.78,1464.92,372.4,sample,1,2026-10-08T22:44:27.483712
Maharashtra,Kolhapur,Kolhapur,Tomato,Hybrid,FAQ,2026-09-09,1273.77,1980.63,1589.45,102.2,sample,1,2026-10-08T22:44:27.483722
Maharashtra,Kolhapur,Kolhapur,Tomato,Hybrid,FAQ,2026-09-10,1456.13,2032.85,1693.16,122.3,sample,1,2026-10-08T22:44:27.483733
Maharashtra,Kolhapur,Kolhapur,Tomato,Hybrid,FAQ,2026-09-11,1389.17,1934.94,1594.46,155.0,sample,1,2026-10-08T22:44:27.483743
Maharashtra,Kolhapur,Kolhapur,Tomato,Hybrid,FAQ,2026-09-12,1260.57,1974.83,1539.33,406.4,sample,1,2026-10-08T22:44:27.483752
Maharashtra,Kolhapur,Kolhapur,Tomato,Hybrid,FAQ,2026-09-14,1354.63,1886.12,1546.75,207.0,sample,1,2026-10-08T22:44:27.483763
Maharashtra,Kolhapur,Kolhapur,Tomato,Hybrid,FAQ,2026-09-15,1268.07,1847.3,1521.64,403.9,sample,1,2026-10-08T22:44:27.483772
Maharashtra,Kolhapur,Kolhapur,Tomato,Hybrid,FAQ,2026-09-16,1111.12,1667.85,1342.92,393.4,sample,1,2026-10-08T22:44:27.483782
Maharashtra,Kolhapur,Kolhapur,Tomato,Hybrid,FAQ,2026-09-17,1042.1,1717.69,1353.94,343.4,sample,1,2026-10-08T22:44:27.483793
Maharashtra,Kolhapur,Kolhapur,Tomato,Hybrid,FAQ,2026-09-18,1271.62,1867.98,1473.45,233.0,sample,1,2026-10-08T22:44:27.483803
Maharashtra,Kolhapur,Kolhapur,Tomato,Hybrid,FAQ,2026-09-19,1401.35,2029.19,1622.78,245.3,sample,1,2026-10-08T22:44:27.483813
Maharashtra,Kolhapur,Kolhapur,Tomato,Hybrid,FAQ,2026-09-21,1411.37,1893.71,1606.11,326.4,sample,1,2026-10-08T22:44:27.483825
Maharashtra,Kolhapur,Kolhapur,Tomato,Hybrid,FAQ,2026-09-22,1376.79,1931.07,1589.76,433.5,sample,1,2026-10-08T22:44:27.483837
Maharashtra,Kolhapur,Kolhapur,Tomato,Hybrid,FAQ,2026-09-23,1287.09,1889.45,1594.5,310.9,sample,1,2026-10-08T22:44:27.483847
Maharashtra,Kolhapur,Kolhapur,Tomato,Hybrid,FAQ,2026-09-24,1358.6,1936.09,1604.96,76.5,sample,1,2026-10-08T22:44:27.483857
Maharashtra,Kolhapur,Kolhapur,Tomato,Hybrid,FAQ,2026-09-25,1311.64,1943.89,1568.74,296.5,sample,1,2026-10-08T22:44:27.483866
Maharashtra,Kolhapur,Kolhapur,Tomato,Hybrid,FAQ,2026-09-26,1248.75,1802.81,1547.54,108.2,sample,1,2026-10-08T22:44:27.483876
Maharashtra,Kolhapur,Kolhapur,Tomato,Hybrid,FAQ,2026-09-28,1247.1,1935.24,1550.17,425.5,sample,1,2026-10-08T22:44:27.483887
Maharashtra,Kolhapur,Kolhapur,Tomato,Hybrid,FAQ,2026-09-29,1327.43,1985.48,1547.2,62.6,sample,1,2026-10-08T22:44:27.483896
Maharashtra,Kolhapur,Kolhapur,Tomato,Hybrid,FAQ,2026-09-30,1243.07,1892.21,1518.88,358.1,sample,1,2026-10-08T22:44:27.483907
Maharashtra,Kolhapur,Kolhapur,Tomato,Hybrid,FAQ,2026-10-01,1296.17,1970.75,1560.42,121.6,sample,1,2026-10-08T22:44:27.483916
Maharashtra,Kolhapur,Kolhapur,Tomato,Hybrid,FAQ,2026-10-02,1159.07,1738.35,1473.79,177.7,sample,1,2026-10-08T22:44:27.483926
Maharashtra,Kolhapur,Kolhapur,Tomato,Hybrid,FAQ,2026-10-03,1291.45,1846.32,1521.74,71.1,sample,1,2026-10-08T22:44:27.483937
Maharashtra,Kolhapur,Kolhapur,Tomato,Hybrid,FAQ,2026-10-05,1228.43,1720.6,1447.35,359.5,sample,1,2026-10-08T22:44:27.483948
Maharashtra,Kolhapur,Kolhapur,Tomato,Hybrid,FAQ,2026-10-06,1295.93,1867.77,1512.09,281.3,sample,1,2026-10-08T22:44:27.483966
Maharashtra,Kolhapur,Kolhapur,Tomato,Hybrid,FAQ,2026-10-07,1300.83,1890.47,1492.23,329.3,sample,1,2026-10-08T22:44:27.483976
Maharashtra,Kolhapur,Kolhapur,Tomato,Hybrid,FAQ,2026-10-08,1083.26,1752.91,1406.34,356.8,sample,1,2026-10-08T22:44:27.483985
Maharashtra,Kolhapur,Kolhapur,Wheat,Lokwan,FAQ,2026-07-10,2762.31,3058.75,2866.99,185.6,sample,1,2026-10-08T22:44:27.483997
Maharashtra,Kolhapur,Kolhapur,Wheat,Lokwan,FAQ,2026-07-11,2712.26,3067.55,2834.09,202.8,sample,1,2026-10-08T22:44:27.484006
Maharashtra,Kolhapur,Kolhapur,Wheat,Lokwan,FAQ,2026-07-13,2733.02,3048.68,2854.44,266.6,sample,1,2026-10-08T22:44:27.484017
Maharashtra,Kolhapur,Kolhapur,Wheat,Lokwan,FAQ,2026-07-14,2778.17,3066.94,2875.12,366.0,sample,1,2026-10-08T22:44:27.484027
Maharashtra,Kolhapur,Kolhapur,Wheat,Lokwan,FAQ,2026-07-15,2787.03,3066.31,2872.76,94.2,sample,1,2026-10-08T22:44:27.484039
Maharashtra,Kolhapur,Kolhapur,Wheat,Lokwan,FAQ,2026-07-16,2723.88,3081.29,2868.94,499.5,sample,1,2026-10-08T22:44:27.484052
Maharashtra,Kolhapur,Kolhapur,Wheat,Lokwan,FAQ,2026-07-17,2721.82,3041.02,2846.17,45.2,sample,1,2026-10-08T22:44:27.484063
Maharashtra,Kolhapur,Kolhapur,Wheat,Lokwan,FAQ,2026-07-18,2756.96,3011.87,2855.45,403.5,sample,1,2026-10-08T22:44:27.484072
Maharashtra,Kolhapur,Kolhapur,Wheat,Lokwan,FAQ,2026-07-20,2734.8,2968.78,2842.12,355.5,sample,1,2026-10-08T22:44:27.484082
Maharashtra,Kolhapur,Kolhapur,Wheat,Lokwan,FAQ,2026-07-21,2759.22,3072.03,2867.8,323.4,sample,1,2026-10-08T22:44:27.484092
Maharashtra,Kolhapur,Kolhapur,Wheat,Lokwan,FAQ,2026-07-22,2771.89,3042.19,2879.69,349.3,sample,1,2026-10-08T22:44:27.484101
Maharashtra,Kolhapur,Kolhapur,Wheat,Lokwan,FAQ,2026-07-23,2728.57,3090.63,2878.53,337.0,sample,1,2026-10-08T22:44:27.484111
Maharashtra,Kolhapur,Kolhapur,Wheat,Lokwan,FAQ,2026-07-24,2691.49,3023.71,2839.72,194.2,sample,1,2026-10-08T22:44:27.484120
Maharashtra,Kolhapur,Kolhapur,Wheat,Lokwan,FAQ,2026-07-25,2701.36,3012.52,2841.81,381.6,sample,1,2026-10-08T22:44:27.484130
Maharashtra,Kolhapur,Kolhapur,Wheat,Lokwan,FAQ,2026-07-27,2714.27,3010.54,2850.47,286.5,sample,1,2026-10-08T22:44:27.484140
Maharashtra,Kolhapur,Kolhapur,Wheat,Lokwan,FAQ,2026-07-28,2730.81,3029.83,2829.8,407.8,sample,1,2026-10-08T22:44:27.484153
Maharashtra,Kolhapur,Kolhapur,Wheat,Lokwan,FAQ,2026-07-29,2692.31,3002.41,2846.12,54.3,sample,1,2026-10-08T22:44:27.484163
Maharashtra,Kolhapur,Kolhapur,Wheat,Lokwan,FAQ,2026-07-30,2673.89,3022.37,2828.71,427.5,sample,1,2026-10-08T22:44:27.484186
Maharashtra,Kolhapur,Kolhapur,Wheat,Lokwan,FAQ,2026-07-31,2678.02,3024.25,2804.87,385.7,sample,1,2026-10-08T22:44:27.484199
Maharashtra,Kolhapur,Kolhapur,Wheat,Lokwan,FAQ,2026-08-01,2659.13,2953.88,2793.91,54.5,sample,1,2026-10-08T22:44:27.484210
Maharashtra,Kolhapur,Kolhapur,Wheat,Lokwan,FAQ,2026-08-03,2667.98,2943.9,2769.09,477.3,sample,1,2026-10-08T22:44:27.484220
Maharashtra,Kolhapur,Kolhapur,Wheat,Lokwan,FAQ,2026-08-04,2686.17,2944.38,2785.73,91.6,sample,1,2026-10-08T22:44:27.484230
Maharashtra,Kolhapur,Kolhapur,Wheat,Lokwan,FAQ,2026-08-05,2646.13,2969.82,2795.89,51.5,sample,1,2026-10-08T22:44:27.484240
Maharashtra,Kolhapur,Kolhapur,Wheat,Lokwan,FAQ,2026-08-06,2635.03,2933.79,2753.78,127.5,sample,1,2026-10-08T22:44:27.484249
Maharashtra,Kolhapur,Kolhapur,Wheat,Lokwan,FAQ,2026-08-07,2670.4,3001.86,2792.1,105.9,sample,1,2026-10-08T22:44:27.484259
Maharashtra,Kolhapur,Kolhapur,Wheat,Lokwan,FAQ,2026-08-08,2626.99,2988.55,2773.76,471.5,sample,1,2026-10-08T22:44:27.484270
Maharashtra,Kolhapur,Kolhapur,Wheat,Lokwan,FAQ,2026-08-10,2632.97,2944.75,2769.14,368.3,sample,1,2026-10-08T22:44:27.484282
Maharashtra,Kolhapur,Kolhapur,Wheat,Lokwan,FAQ,2026-08-11,2637.12,2885.17,2758.73,468.9,sample,1,2026-10-08T22:44:27.484292
Maharashtra,Kolhapur,Kolhapur,Wheat,Lokwan,FAQ,2026-08-12,2657.59,2924.28,2747.86,61.2,sample,1,2026-10-08T22:44:27.484302
Maharashtra,Kolhapur,Kolhapur,Wheat,Lokwan,FAQ,2026-08-13,2598.0,2916.65,2719.48,183.7,sample,1,2026-10-08T22:44:27.484311
Maharashtra,Kolhapur,Kolhapur,Wheat,Lokwan,FAQ,2026-08-14,2556.17,2865.06,2704.4,128.6,sample,1,2026-10-08T22:44:27.484321
Maharashtra,Kolhapur,Kolhapur,Wheat,Lokwan,FAQ,2026-08-15,2595.13,2859.52,2699.05,242.9,sample,1,2026-10-08T22:44:27.484330
Maharashtra,Kolhapur,Kolhapur,Wheat,Lokwan,FAQ,2026-08-17,2610.9,2842.25,2714.6,326.6,sample,1,2026-10-08T22:44:27.484343
Maharashtra,Kolhapur,Kolhapur,Wheat,Lokwan,FAQ,2026-08-18,2607.44,2876.76,2728.45,201.1,sample,1,2026-10-08T22:44:27.484353
Maharashtra,Kolhapur,Kolhapur,Wheat,Lokwan,FAQ,2026-08-19,2591.56,2882.86,2726.27,152.6,sample,1,2026-10-08T22:44:27.484362
Maharashtra,Kolhapur,Kolhapur,Wheat,Lokwan,FAQ,2026-08-20,2653.38,2934.74,2742.51,195.8,sample,1,2026-10-08T22:44:27.484373
Maharashtra,Kolhapur,Kolhapur,Wheat,Lokwan,FAQ,2026-08-21,2615.12,2931.96,2733.01,88.7,sample,1,2026-10-08T22:44:27.484385
Maharashtra,Kolhapur,Kolhapur,Wheat,Lokwan,FAQ,2026-08-22,2653.07,2913.0,2740.94,122.3,sample,1,2026-10-08T22:44:27.484394
Maharashtra,Kolhapur,Kolhapur,Wheat,Lokwan,FAQ,2026-08-24,2572.11,2917.84,2716.31,323.5,sample,1,2026-10-08T22:44:27.484405
Maharashtra,Kolhapur,Kolhapur,Wheat,Lokwan,FAQ,2026-08-25,2594.96,2915.74,2701.46,367.9,sample,1,2026-10-08T22:44:27.484415
Maharashtra,Kolhapur,Kolhapur,Wheat,Lokwan,FAQ,2026-08-26,2537.55,2899.28,2691.66,254.2,sample,1,2026-10-08T22:44:27.484424
Maharashtra,Kolhapur,Kolhapur,Wheat,Lokwan,FAQ,2026-08-27,2576.45,2883.73,2669.94,463.1,sample,1,2026-10-08T22:44:27.484433
Maharashtra,Kolhapur,Kolhapur,Wheat,Lokwan,FAQ,2026-08-28,2516.14,2852.12,2649.42,254.1,sample,1,2026-10-08T22:44:27.484443
Maharashtra,Kolhapur,Kolhapur,Wheat,Lokwan,FAQ,2026-08-29,2561.73,2812.58,2662.41,436.1,sample,1,2026-10-08T22:44:27.484453
Maharashtra,Kolhapur,Kolhapur,Wheat,Lokwan,FAQ,2026-08-31,2516.08,2829.87,2628.31,346.0,sample,1,2026-10-08T22:44:27.484464
Maharashtra,Kolhapur,Kolhapur,Wheat,Lokwan,FAQ,2026-09-01,2459.08,2821.17,2599.87,248.5,sample,1,2026-10-08T22:44:27.484475
Maharashtra,Kolhapur,Kolhapur,Wheat,Lokwan,FAQ,2026-09-02,2528.46,2813.57,2637.76,118.6,sample,1,2026-10-08T22:44:27.484485
Maharashtra,Kolhapur,Kolhapur,Wheat,Lokwan,FAQ,2026-09-03,2511.95,2842.52,2651.24,98.6,sample,1,2026-10-08T22:44:27.484496
Maharashtra,Kolhapur,Kolhapur,Wheat,Lokwan,FAQ,2026-09-04,2554.11,2856.67,2695.48,338.7,sample,1,2026-10-08T22:44:27.484506
Maharashtra,Kolhapur,Kolhapur,Wheat,Lokwan,FAQ,2026-09-05,2587.43,2912.03,2728.49,224.4,sample,1,2026-10-08T22:44:27.484515
Maharashtra,Kolhapur,Kolhapur,Wheat,Lokwan,FAQ,2026-09-07,2578.82,2933.45,2702.27,216.6,sample,1,2026-10-08T22:44:27.484526
Maharashtra,Kolhapur,Kolhapur,Wheat,Lokwan,FAQ,2026-09-08,2616.64,2939.07,2725.17,311.8,sample,1,2026-10-08T22:44:27.484536
Maharashtra,Kolhapur,Kolhapur,Wheat,Lokwan,FAQ,2026-09-09,2593.94,2919.44,2734.63,148.6,sample,1,2026-10-08T22:44:27.484547
Maharashtra,Kolhapur,Kolhapur,Wheat,Lokwan,FAQ,2026-09-10,2580.08,2846.2,2711.79,468.2,sample,1,2026-10-08T22:44:27.484557
Maharashtra,Kolhapur,Kolhapur,Wheat,Lokwan,FAQ,2026-09-11,2563.77,2866.4,2690.41,295.3,sample,1,2026-10-08T22:44:27.484566
Maharashtra,Kolhapur,Kolhapur,Wheat,Lokwan,FAQ,2026-09-12,2539.72,2827.94,2682.91,479.7,sample,1,2026-10-08T22:44:27.484580
Maharashtra,Kolhapur,Kolhapur,Wheat,Lokwan,FAQ,2026-09-14,2557.02,2908.94,2699.63,214.3,sample,1,2026-10-08T22:44:27.484591
Maharashtra,Kolhapur,Kolhapur,Wheat,Lokwan,FAQ,2026-09-15,2590.14,2907.03,2709.73,81.6,sample,1,2026-10-08T22:44:27.484600
Maharashtra,Kolhapur,Kolhapur,Wheat,Lokwan,FAQ,2026-09-16,2586.57,2930.3,2735.6,40.1,sample,1,2026-10-08T22:44:27.484609
Maharashtra,Kolhapur,Kolhapur,Wheat,Lokwan,FAQ,2026-09-17,2596.59,2833.27,2691.15,284.4,sample,1,2026-10-08T22:44:27.484619
Maharashtra,Kolhapur,Kolhapur,Wheat,Lokwan,FAQ,2026-09-18,2573.2,2870.89,2671.29,185.6,sample,1,2026-10-08T22:44:27.484628
Maharashtra,Kolhapur,Kolhapur,Wheat,Lokwan,FAQ,2026-09-19,2573.6,2923.29,2698.66,180.1,sample,1,2026-10-08T22:44:27.484637
Maharashtra,Kolhapur,Kolhapur,Wheat,Lokwan,FAQ,2026-09-21,2574.01,2891.94,2728.76,81.1,sample,1,2026-10-08T22:44:27.484647
Maharashtra,Kolhapur,Kolhapur,Wheat,Lokwan,FAQ,2026-09-22,2638.43,2955.54,2723.01,225.9,sample,1,2026-10-08T22:44:27.484657
Maharashtra,Kolhapur,Kolhapur,Wheat,Lokwan,FAQ,2026-09-23,2630.8,2926.66,2741.38,64.4,sample,1,2026-10-08T22:44:27.484667
Maharashtra,Kolhapur,Kolhapur,Wheat,Lokwan,FAQ,2026-09-24,2624.66,2973.94,2759.3,205.3,sample,1,2026-10-08T22:44:27.484678
Maharashtra,Kolhapur,Kolhapur,Wheat,Lokwan,FAQ,2026-09-25,2692.63,2995.41,2793.57,221.4,sample,1,2026-10-08T22:44:27.484688
Maharashtra,Kolhapur,Kolhapur,Wheat,Lokwan,FAQ,2026-09-26,2648.63,2922.88,2755.54,215.5,sample,1,2026-10-08T22:44:27.484700
Maharashtra,Kolhapur,Kolhapur,Wheat,Lokwan,FAQ,2026-09-28,2604.2,2868.72,2722.39,216.9,sample,1,2026-10-08T22:44:27.484711
Maharashtra,Kolhapur,Kolhapur,Wheat,Lokwan,FAQ,2026-09-29,2565.4,2932.68,2715.96,111.0,sample,1,2026-10-08T22:44:27.484720
Maharashtra,Kolhapur,Kolhapur,Wheat,Lokwan,FAQ,2026-09-30,2663.72,2891.14,2757.39,47.2,sample,1,2026-10-08T22:44:27.484729
Maharashtra,Kolhapur,Kolhapur,Wheat,Lokwan,FAQ,2026-10-01,2622.99,2937.49,2758.93,240.9,sample,1,2026-10-08T22:44:27.484739
Maharashtra,Kolhapur,Kolhapur,Wheat,Lokwan,FAQ,2026-10-02,2641.24,2942.39,2771.48,249.8,sample,1,2026-10-08T22:44:27.484749
Maharashtra,Kolhapur,Kolhapur,Wheat,Lokwan,FAQ,2026-10-03,2631.46,2963.54,2772.26,235.8,sample,1,2026-10-08T22:44:27.484758
Maharashtra,Kolhapur,Kolhapur,Wheat,Lokwan,FAQ,2026-10-05,2662.63,2960.98,2786.38,203.4,sample,1,2026-10-08T22:44:27.484769
Maharashtra,Kolhapur,Kolhapur,Wheat,Lokwan,FAQ,2026-10-06,2716.66,3005.33,2814.04,305.9,sample,1,2026-10-08T22:44:27.484781
Maharashtra,Kolhapur,Kolhapur,Wheat,Lokwan,FAQ,2026-10-07,2703.72,2994.21,2823.84,291.2,sample,1,2026-10-08T22:44:27.484790
Maharashtra,Kolhapur,Kolhapur,Wheat,Lokwan,FAQ,2026-10-08,2697.15,3039.22,2807.57,301.3,sample,1,2026-10-08T22:44:27.484800
Maharashtra,Mumbai,Mumbai,Onion,Red/Nasik,FAQ,2026-07-10,1926.47,2668.87,2223.15,105.4,sample,1,2026-10-08T22:44:27.484816
Maharashtra,Mumbai,Mumbai,Onion,Red/Nasik,FAQ,2026-07-11,1858.34,2716.03,2199.97,492.5,sample,1,2026-10-08T22:44:27.484828
Maharashtra,Mumbai,Mumbai,Onion,Red/Nasik,FAQ,2026-07-13,1987.48,2705.14,2211.56,80.7,sample,1,2026-10-08T22:44:27.484838
Maharashtra,Mumbai,Mumbai,Onion,Red/Nasik,FAQ,2026-07-14,1862.44,2615.48,2157.48,481.8,sample,1,2026-10-08T22:44:27.484848
Maharashtra,Mumbai,Mumbai,Onion,Red/Nasik,FAQ,2026-07-15,1869.95,2578.61,2223.61,64.3,sample,1,2026-10-08T22:44:27.484857
Maharashtra,Mumbai,Mumbai,Onion,Red/Nasik,FAQ,2026-07-16,1985.48,2724.17,2257.32,255.7,sample,1,2026-10-08T22:44:27.484867
Maharashtra,Mumbai,Mumbai,Onion,Red/Nasik,FAQ,2026-07-17,1857.76,2580.89,2199.85,481.9,sample,1,2026-10-08T22:44:27.484880
Maharashtra,Mumbai,Mumbai,Onion,Red/Nasik,FAQ,2026-07-18,1843.2,2546.29,2196.88,56.3,sample,1,2026-10-08T22:44:27.484892
Maharashtra,Mumbai,Mumbai,Onion,Red/Nasik,FAQ,2026-07-20,1931.29,2687.43,2272.14,68.3,sample,1,2026-10-08T22:44:27.484902
Maharashtra,Mumbai,Mumbai,Onion,Red/Nasik,FAQ,2026-07-21,1936.11,2551.86,2231.28,63.7,sample,1,2026-10-08T22:44:27.484911
Maharashtra,Mumbai,Mumbai,Onion,Red/Nasik,FAQ,2026-07-22,1999.63,2670.85,2322.01,78.0,sample,1,2026-10-08T22:44:27.484921
Maharashtra,Mumbai,Mumbai,Onion,Red/Nasik,FAQ,2026-07-23,2010.9,2796.26,2311.91,167.8,sample,1,2026-10-08T22:44:27.484930
Maharashtra,Mumbai,Mumbai,Onion,Red/Nasik,FAQ,2026-07-24,1970.73,2618.55,2335.14,91.3,sample,1,2026-10-08T22:44:27.484940
Maharashtra,Mumbai,Mumbai,Onion,Red/Nasik,FAQ,2026-07-25,2118.5,2781.95,2359.93,109.5,sample,1,2026-10-08T22:44:27.484949
Maharashtra,Mumbai,Mumbai,Onion,Red/Nasik,FAQ,2026-07-27,2010.64,2715.86,2267.67,263.1,sample,1,2026-10-08T22:44:27.484959
Maharashtra,Mumbai,Mumbai,Onion,Red/Nasik,FAQ,2026-07-28,1941.77,2782.54,2295.66,197.7,sample,1,2026-10-08T22:44:27.484968
Maharashtra,Mumbai,Mumbai,Onion,Red/Nasik,FAQ,2026-07-29,1938.42,2633.53,2316.53,268.1,sample,1,2026-10-08T22:44:27.484978
Maharashtra,Mumbai,Mumbai,Onion,Red/Nasik,FAQ,2026-07-30,1937.51,2791.25,2326.36,149.5,sample,1,2026-10-08T22:44:27.484989
Maharashtra,Mumbai,Mumbai,Onion,Red/Nasik,FAQ,2026-07-31,2007.33,2711.53,2255.28,198.7,sample,1,2026-10-08T22:44:27.484998
Maharashtra,Mumbai,Mumbai,Onion,Red/Nasik,FAQ,2026-08-01,1954.55,2741.48,2280.16,93.4,sample,1,2026-10-08T22:44:27.485007
Maharashtra,Mumbai,Mumbai,Onion,Red/Nasik,FAQ,2026-08-03,2038.36,2761.69,2302.61,386.1,sample,1,2026-10-08T22:44:27.485017
Maharashtra,Mumbai,Mumbai,Onion,Red/Nasik,FAQ,2026-08-04,2036.95,2713.95,2342.8,364.6,sample,1,2026-10-08T22:44:27.485028
Maharashtra,Mumbai,Mumbai,Onion,Red/Nasik,FAQ,2026-08-05,1942.86,2592.36,2309.51,466.5,sample,1,2026-10-08T22:44:27.485038
Maharashtra,Mumbai,Mumbai,Onion,Red/Nasik,FAQ,2026-08-06,2019.2,2752.83,2309.99,482.4,sample,1,2026-10-08T22:44:27.485048
Maharashtra,Mumbai,Mumbai,Onion,Red/Nasik,FAQ,2026-08-07,1924.88,2733.05,2300.07,479.8,sample,1,2026-10-08T22:44:27.485057
Maharashtra,Mumbai,Mumbai,Onion,Red/Nasik,FAQ,2026-08-08,1995.64,2783.69,2283.36,434.8,sample,1,2026-10-08T22:44:27.485066
Maharashtra,Mumbai,Mumbai,Onion,Red/Nasik,FAQ,2026-08-10,2032.94,2697.67,2260.63,219.9,sample,1,2026-10-08T22:44:27.485076
Maharashtra,Mumbai,Mumbai,Onion,Red/Nasik,FAQ,2026-08-11,1943.86,2752.81,2293.03,377.8,sample,1,2026-10-08T22:44:27.485087
Maharashtra,Mumbai,Mumbai,Onion,Red/Nasik,FAQ,2026-08-12,1991.21,2707.61,2261.94,122.8,sample,1,2026-10-08T22:44:27.485096
Maharashtra,Mumbai,Mumbai,Onion,Red/Nasik,FAQ,2026-08-13,1934.35,2684.39,2242.92,422.6,sample,1,2026-10-08T22:44:27.485105
Maharashtra,Mumbai,Mumbai,Onion,Red/Nasik,FAQ,2026-08-14,2036.18,2651.91,2264.88,140.9,sample,1,2026-10-08T22:44:27.485114
Maharashtra,Mumbai,Mumbai,Onion,Red/Nasik,FAQ,2026-08-15,2003.85,2591.18,2264.84,50.9,sample,1,2026-10-08T22:44:27.485124
Maharashtra,Mumbai,Mumbai,Onion,Red/Nasik,FAQ,2026-08-17,2033.83,2842.53,2362.02,477.2,sample,1,2026-10-08T22:44:27.485135
Maharashtra,Mumbai,Mumbai,Onion,Red/Nasik,FAQ,2026-08-18,2095.05,2869.84,2419.9,95.2,sample,1,2026-10-08T22:44:27.485146
Maharashtra,Mumbai,Mumbai,Onion,Red/Nasik,FAQ,2026-08-19,2098.61,2922.74,2426.76,300.4,sample,1,2026-10-08T22:44:27.485156
Maharashtra,Mumbai,Mumbai,Onion,Red/Nasik,FAQ,2026-08-20,2012.14,2891.27,2396.23,360.0,sample,1,2026-10-08T22:44:27.485165
Maharashtra,Mumbai,Mumbai,Onion,Red/Nasik,FAQ,2026-08-21,2008.23,2820.05,2386.74,464.4,sample,1,2026-10-08T22:44:27.485174
Maharashtra,Mumbai,Mumbai,Onion,Red/Nasik,FAQ,2026-08-22,2175.23,2817.46,2434.98,455.6,sample,1,2026-10-08T22:44:27.485185
Maharashtra,Mumbai,Mumbai,Onion,Red/Nasik,FAQ,2026-08-24,2191.09,2728.0,2430.24,397.5,sample,1,2026-10-08T22:44:27.485196
Maharashtra,Mumbai,Mumbai,Onion,Red/Nasik,FAQ,2026-08-25,2097.48,2736.22,2376.38,67.6,sample,1,2026-10-08T22:44:27.485205
Maharashtra,Mumbai,Mumbai,Onion,Red/Nasik,FAQ,2026-08-26,2117.45,2804.76,2406.75,467.1,sample,1,2026-10-08T22:44:27.485214
Maharashtra,Mumbai,Mumbai,Onion,Red/Nasik,FAQ,2026-08-27,2067.27,2709.95,2387.12,266.3,sample,1,2026-10-08T22:44:27.485223
Maharashtra,Mumbai,Mumbai,Onion,Red/Nasik,FAQ,2026-08-28,2182.87,2866.58,2432.18,459.8,sample,1,2026-10-08T22:44:27.485232
Maharashtra,Mumbai,Mumbai,Onion,Red/Nasik,FAQ,2026-08-29,2150.53,2794.09,2489.3,73.5,sample,1,2026-10-08T22:44:27.485242
Maharashtra,Mumbai,Mumbai,Onion,Red/Nasik,FAQ,2026-08-31,2151.85,2937.27,2442.11,108.5,sample,1,2026-10-08T22:44:27.485251
Maharashtra,Mumbai,Mumbai,Onion,Red/Nasik,FAQ,2026-09-01,2089.78,2918.93,2415.04,345.7,sample,1,2026-10-08T22:44:27.485260
Maharashtra,Mumbai,Mumbai,Onion,Red/Nasik,FAQ,2026-09-02,2024.96,2815.7,2397.79,277.1,sample,1,2026-10-08T22:44:27.485269
Maharashtra,Mumbai,Mumbai,Onion,Red/Nasik,FAQ,2026-09-03,2087.4,2864.34,2466.58,240.6,sample,1,2026-10-08T22:44:27.485280
Maharashtra,Mumbai,Mumbai,Onion,Red/Nasik,FAQ,2026-09-04,2151.93,2912.93,2503.3,41.5,sample,1,2026-10-08T22:44:27.485289
Maharashtra,Mumbai,Mumbai,Onion,Red/Nasik,FAQ,2026-09-05,2035.53,2893.59,2417.28,261.8,sample,1,2026-10-08T22:44:27.485299
Maharashtra,Mumbai,Mumbai,Onion,Red/Nasik,FAQ,2026-09-07,2026.67,2744.92,2301.28,224.3,sample,1,2026-10-08T22:44:27.485310
Maharashtra,Mumbai,Mumbai,Onion,Red/Nasik,FAQ,2026-09-08,1925.96,2759.89,2249.77,81.7,sample,1,2026-10-08T22:44:27.485319
Maharashtra,Mumbai,Mumbai,Onion,Red/Nasik,FAQ,2026-09-09,1899.98,2514.77,2124.46,392.6,sample,1,2026-10-08T22:44:27.485328
Maharashtra,Mumbai,Mumbai,Onion,Red/Nasik,FAQ,2026-09-10,1775.65,2424.64,2102.25,58.1,sample,1,2026-10-08T22:44:27.485339
Maharashtra,Mumbai,Mumbai,Onion,Red/Nasik,FAQ,2026-09-11,1749.07,2579.48,2084.33,330.1,sample,1,2026-10-08T22:44:27.485349
Maharashtra,Mumbai,Mumbai,Onion,Red/Nasik,FAQ,2026-09-12,1838.6,2413.64,2113.27,331.1,sample,1,2026-10-08T22:44:27.485358
Maharashtra,Mumbai,Mumbai,Onion,Red/Nasik,FAQ,2026-09-14,1871.82,2569.32,2116.58,312.8,sample,1,2026-10-08T22:44:27.485370
Maharashtra,Mumbai,Mumbai,Onion,Red/Nasik,FAQ,2026-09-15,1796.85,2390.03,2094.91,288.7,sample,1,2026-10-08T22:44:27.485382
Maharashtra,Mumbai,Mumbai,Onion,Red/Nasik,FAQ,2026-09-16,1719.57,2467.57,2079.74,498.1,sample,1,2026-10-08T22:44:27.485391
Maharashtra,Mumbai,Mumbai,Onion,Red/Nasik,FAQ,2026-09-17,1928.35,2438.47,2145.02,402.4,sample,1,2026-10-08T22:44:27.485400
Maharashtra,Mumbai,Mumbai,Onion,Red/Nasik,FAQ,2026-09-18,1818.16,2613.6,2173.44,250.9,sample,1,2026-10-08T22:44:27.485410
Maharashtra,Mumbai,Mumbai,Onion,Red/Nasik,FAQ,2026-09-19,1850.88,2672.75,2182.93,108.5,sample,1,2026-10-08T22:44:27.485419
Maharashtra,Mumbai,Mumbai,Onion,Red/Nasik,FAQ,2026-09-21,1868.74,2399.36,2085.38,340.8,sample,1,2026-10-08T22:44:27.485429
Maharashtra,Mumbai,Mumbai,Onion,Red/Nasik,FAQ,2026-09-22,1743.4,2538.54,2038.22,61.1,sample,1,2026-10-08T22:44:27.485439
Maharashtra,Mumbai,Mumbai,Onion,Red/Nasik,FAQ,2026-09-23,1798.84,2331.83,2039.84,181.4,sample,1,2026-10-08T22:44:27.485453
Maharashtra,Mumbai,Mumbai,Onion,Red/Nasik,FAQ,2026-09-24,1671.26,2413.61,2024.13,118.5,sample,1,2026-10-08T22:44:27.485462
Maharashtra,Mumbai,Mumbai,Onion,Red/Nasik,FAQ,2026-09-25,1727.71,2356.16,1956.85,407.6,sample,1,2026-10-08T22:44:27.485471
Maharashtra,Mumbai,Mumbai,Onion,Red/Nasik,FAQ,2026-09-26,1670.86,2393.63,1920.56,236.1,sample,1,2026-10-08T22:44:27.485484
Maharashtra,Mumbai,Mumbai,Onion,Red/Nasik,FAQ,2026-09-28,1657.42,2347.35,1989.53,488.9,sample,1,2026-10-08T22:44:27.485494
Maharashtra,Mumbai,Mumbai,Onion,Red/Nasik,FAQ,2026-09-29,1556.44,2183.07,1870.11,424.8,sample,1,2026-10-08T22:44:27.485503
Maharashtra,Mumbai,Mumbai,Onion,Red/Nasik,FAQ,2026-09-30,1594.08,2271.36,1910.84,95.5,sample,1,2026-10-08T22:44:27.485513
Maharashtra,Mumbai,Mumbai,Onion,Red/Nasik,FAQ,2026-10-01,1609.48,2224.54,1844.9,360.3,sample,1,2026-10-08T22:44:27.485522
Maharashtra,Mumbai,Mumbai,Onion,Red/Nasik,FAQ,2026-10-02,1436.8,2103.19,1813.42,86.0,sample,1,2026-10-08T22:44:27.485532
Maharashtra,Mumbai,Mumbai,Onion,Red/Nasik,FAQ,2026-10-03,1454.02,2243.54,1816.55,397.7,sample,1,2026-10-08T22:44:27.485541
Maharashtra,Mumbai,Mumbai,Onion,Red/Nasik,FAQ,2026-10-05,1683.57,2217.77,1894.71,81.0,sample,1,2026-10-08T22:44:27.485552
Maharashtra,Mumbai,Mumbai,Onion,Red/Nasik,FAQ,2026-10-06,1589.82,2410.0,1917.14,231.5,sample,1,2026-10-08T22:44:27.485561
Maharashtra,Mumbai,Mumbai,Onion,Red/Nasik,FAQ,2026-10-07,1628.53,2292.63,1963.15,334.3,sample,1,2026-10-08T22:44:27.485571
Maharashtra,Mumbai,Mumbai,Onion,Red/Nasik,FAQ,2026-10-08,1591.82,2274.87,1895.98,471.5,sample,1,2026-10-08T22:44:27.485584
Maharashtra,Mumbai,Mumbai,Potato,Jyoti,FAQ,2026-07-10,1710.95,2172.53,1872.55,477.1,sample,1,2026-10-08T22:44:27.485595
Maharashtra,Mumbai,Mumbai,Potato,Jyoti,FAQ,2026-07-11,1651.46,2217.58,1866.72,200.0,sample,1,2026-10-08T22:44:27.485610
Maharashtra,Mumbai,Mumbai,Potato,Jyoti,FAQ,2026-07-13,1738.93,2198.47,1893.03,84.0,sample,1,2026-10-08T22:44:27.485621
Maharashtra,Mumbai,Mumbai,Potato,Jyoti,FAQ,2026-07-14,1709.69,2240.12,1893.12,288.3,sample,1,2026-10-08T22:44:27.485630
Maharashtra,Mumbai,Mumbai,Potato,Jyoti,FAQ,2026-07-15,1684.86,2163.74,1903.98,129.1,sample,1,2026-10-08T22:44:27.485640
Maharashtra,Mumbai,Mumbai,Potato,Jyoti,FAQ,2026-07-16,1726.11,2295.04,1961.7,485.5,sample,1,2026-10-08T22:44:27.485649
Maharashtra,Mumbai,Mumbai,Potato,Jyoti,FAQ,2026-07-17,1715.68,2153.86,1936.1,336.6,sample,1,2026-10-08T22:44:27.485658
Maharashtra,Mumbai,Mumbai,Potato,Jyoti,FAQ,2026-07-18,1762.57,2225.02,1936.78,193.8,sample,1,2026-10-08T22:44:27.485668
Maharashtra,Mumbai,Mumbai,Potato,Jyoti,FAQ,2026-07-20,1808.78,2297.26,1953.98,465.4,sample,1,2026-10-08T22:44:27.485700
Maharashtra,Mumbai,Mumbai,Potato,Jyoti,FAQ,2026-07-21,1733.68,2246.18,1894.79,263.1,sample,1,2026-10-08T22:44:27.485712
Maharashtra,Mumbai,Mumbai,Potato,Jyoti,FAQ,2026-07-22,1722.9,2266.16,1949.47,189.9,sample,1,2026-10-08T22:44:27.485721
Maharashtra,Mumbai,Mumbai,Potato,Jyoti,FAQ,2026-07-23,1831.67,2327.35,1995.52,189.8,sample,1,2026-10-08T22:44:27.485730
Maharashtra,Mumbai,Mumbai,Potato,Jyoti,FAQ,2026-07-24,1843.6,2338.16,1995.37,440.1,sample,1,2026-10-08T22:44:27.485739
Maharashtra,Mumbai,Mumbai,Potato,Jyoti,FAQ,2026-07-25,1773.96,2208.74,1959.02,256.7,sample,1,2026-10-08T22:44:27.485747
Maharashtra,Mumbai,Mumbai,Potato,Jyoti,FAQ,2026-07-27,1724.42,2258.83,1881.81,249.3,sample,1,2026-10-08T22:44:27.485757
Maharashtra,Mumbai,Mumbai,Potato,Jyoti,FAQ,2026-07-28,1702.44,2123.47,1888.92,371.1,sample,1,2026-10-08T22:44:27.485765
Maharashtra,Mumbai,Mumbai,Potato,Jyoti,FAQ,2026-07-29,1659.82,2056.99,1824.09,358.4,sample,1,2026-10-08T22:44:27.485774
Maharashtra,Mumbai,Mumbai,Potato,Jyoti,FAQ,2026-07-30,1609.39,1991.12,1756.55,431.8,sample,1,2026-10-08T22:44:27.485783
Maharashtra,Mumbai,Mumbai,Potato,Jyoti,FAQ,2026-07-31,1560.77,2111.55,1742.0,317.7,sample,1,2026-10-08T22:44:27.485794
Maharashtra,Mumbai,Mumbai,Potato,Jyoti,FAQ,2026-08-01,1519.67,2079.26,1754.42,321.3,sample,1,2026-10-08T22:44:27.485804
Maharashtra,Mumbai,Mumbai,Potato,Jyoti,FAQ,2026-08-03,1562.81,2030.98,1805.41,434.2,sample,1,2026-10-08T22:44:27.485814
Maharashtra,Mumbai,Mumbai,Potato,Jyoti,FAQ,2026-08-04,1691.69,2279.62,1890.4,312.1,sample,1,2026-10-08T22:44:27.485824
Maharashtra,Mumbai,Mumbai,Potato,Jyoti,FAQ,2026-08-05,1677.0,2247.11,1904.6,153.5,sample,1,2026-10-08T22:44:27.485833
Maharashtra,Mumbai,Mumbai,Potato,Jyoti,FAQ,2026-08-06,1699.9,2193.48,1879.18,450.2,sample,1,2026-10-08T22:44:27.485842
Maharashtra,Mumbai,Mumbai,Potato,Jyoti,FAQ,2026-08-07,1653.72,2073.47,1862.56,490.9,sample,1,2026-10-08T22:44:27.485852
Maharashtra,Mumbai,Mumbai,Potato,Jyoti,FAQ,2026-08-08,1707.78,2147.31,1852.59,393.6,sample,1,2026-10-08T22:44:27.485861
Maharashtra,Mumbai,Mumbai,Potato,Jyoti,FAQ,2026-08-10,1698.57,2249.72,1896.08,417.8,sample,1,2026-10-08T22:44:27.485871
Maharashtra,Mumbai,Mumbai,Potato,Jyoti,FAQ,2026-08-11,1710.02,2157.6,1904.31,296.9,sample,1,2026-10-08T22:44:27.485880
Maharashtra,Mumbai,Mumbai,Potato,Jyoti,FAQ,2026-08-12,1705.71,2193.59,1959.7,176.1,sample,1,2026-10-08T22:44:27.485889
Maharashtra,Mumbai,Mumbai,Potato,Jyoti,FAQ,2026-08-13,1742.42,2186.47,1960.14,260.7,sample,1,2026-10-08T22:44:27.485902
Maharashtra,Mumbai,Mumbai,Potato,Jyoti,FAQ,2026-08-14,1694.75,2282.21,1937.7,51.2,sample,1,2026-10-08T22:44:27.485911
Maharashtra,Mumbai,Mumbai,Potato,Jyoti,FAQ,2026-08-15,1791.59,2335.1,1986.17,442.1,sample,1,2026-10-08T22:44:27.485920
Maharashtra,Mumbai,Mumbai,Potato,Jyoti,FAQ,2026-08-17,1745.2,2223.22,1929.65,331.4,sample,1,2026-10-08T22:44:27.485930
Maharashtra,Mumbai,Mumbai,Potato,Jyoti,FAQ,2026-08-18,1718.55,2184.53,1961.8,451.0,sample,1,2026-10-08T22:44:27.485939
Maharashtra,Mumbai,Mumbai,Potato,Jyoti,FAQ,2026-08-19,1762.11,2211.78,1953.22,475.2,sample,1,2026-10-08T22:44:27.485948
Maharashtra,Mumbai,Mumbai,Potato,Jyoti,FAQ,2026-08-20,1752.3,2310.4,1957.39,402.3,sample,1,2026-10-08T22:44:27.485957
Maharashtra,Mumbai,Mumbai,Potato,Jyoti,FAQ,2026-08-21,1788.28,2236.44,2016.57,474.8,sample,1,2026-10-08T22:44:27.485966
Maharashtra,Mumbai,Mumbai,Potato,Jyoti,FAQ,2026-08-22,1823.94,2414.74,2044.9,91.0,sample,1,2026-10-08T22:44:27.485975
Maharashtra,Mumbai,Mumbai,Potato,Jyoti,FAQ,2026-08-24,1820.49,2245.91,2004.36,297.0,sample,1,2026-10-08T22:44:27.485985
Maharashtra,Mumbai,Mumbai,Potato,Jyoti,FAQ,2026-08-25,1886.46,2372.18,2034.5,134.2,sample,1,2026-10-08T22:44:27.485996
Maharashtra,Mumbai,Mumbai,Potato,Jyoti,FAQ,2026-08-26,1898.81,2348.57,2052.44,472.0,sample,1,2026-10-08T22:44:27.486005
Maharashtra,Mumbai,Mumbai,Potato,Jyoti,FAQ,2026-08-27,1831.17,2423.42,2040.78,136.5,sample,1,2026-10-08T22:44:27.486014
Maharashtra,Mumbai,Mumbai,Potato,Jyoti,FAQ,2026-08-28,1849.63,2290.08,2031.96,352.9,sample,1,2026-10-08T22:44:27.486022
Maharashtra,Mumbai,Mumbai,Potato,Jyoti,FAQ,2026-08-29,1826.1,2220.77,1999.36,198.8,sample,1,2026-10-08T22:44:27.486031
Maharashtra,Mumbai,Mumbai,Potato,Jyoti,FAQ,2026-08-31,1796.01,2288.51,1950.74,352.0,sample,1,2026-10-08T22:44:27.486042
Maharashtra,Mumbai,Mumbai,Potato,Jyoti,FAQ,2026-09-01,1746.96,2213.51,1950.9,325.6,sample,1,2026-10-08T22:44:27.486050
Maharashtra,Mumbai,Mumbai,Potato,Jyoti,FAQ,2026-09-02,1736.33,2352.75,1973.39,70.2,sample,1,2026-10-08T22:44:27.486059
Maharashtra,Mumbai,Mumbai,Potato,Jyoti,FAQ,2026-09-03,1641.41,2180.86,1888.44,76.9,sample,1,2026-10-08T22:44:27.486068
Maharashtra,Mumbai,Mumbai,Potato,Jyoti,FAQ,2026-09-04,1656.35,2140.84,1911.15,166.9,sample,1,2026-10-08T22:44:27.486078
Maharashtra,Mumbai,Mumbai,Potato,Jyoti,FAQ,2026-09-05,1668.67,2191.66,1892.32,442.5,sample,1,2026-10-08T22:44:27.486088
Maharashtra,Mumbai,Mumbai,Potato,Jyoti,FAQ,2026-09-07,1667.77,2227.47,1842.95,289.1,sample,1,2026-10-08T22:44:27.486099
Maharashtra,Mumbai,Mumbai,Potato,Jyoti,FAQ,2026-09-08,1682.59,2110.84,1838.43,244.2,sample,1,2026-10-08T22:44:27.486107
Maharashtra,Mumbai,Mumbai,Potato,Jyoti,FAQ,2026-09-09,1675.1,2189.57,1822.65,146.9,sample,1,2026-10-08T22:44:27.486116
Maharashtra,Mumbai,Mumbai,Potato,Jyoti,FAQ,2026-09-10,1548.9,2128.63,1802.59,229.4,sample,1,2026-10-08T22:44:27.486125
Maharashtra,Mumbai,Mumbai,Potato,Jyoti,FAQ,2026-09-11,1599.53,2095.49,1778.69,360.6,sample,1,2026-10-08T22:44:27.486134
Maharashtra,Mumbai,Mumbai,Potato,Jyoti,FAQ,2026-09-12,1584.84,2116.02,1825.87,179.9,sample,1,2026-10-08T22:44:27.486142
Maharashtra,Mumbai,Mumbai,Potato,Jyoti,FAQ,2026-09-14,1709.7,2127.11,1870.31,262.8,sample,1,2026-10-08T22:44:27.486152
Maharashtra,Mumbai,Mumbai,Potato,Jyoti,FAQ,2026-09-15,1659.85,2264.89,1916.34,61.8,sample,1,2026-10-08T22:44:27.486161
Maharashtra,Mumbai,Mumbai,Potato,Jyoti,FAQ,2026-09-16,1731.26,2267.56,1891.22,367.4,sample,1,2026-10-08T22:44:27.486169
Maharashtra,Mumbai,Mumbai,Potato,Jyoti,FAQ,2026-09-17,1747.22,2306.63,1921.45,426.1,sample,1,2026-10-08T22:44:27.486180
Maharashtra,Mumbai,Mumbai,Potato,Jyoti,FAQ,2026-09-18,1742.74,2153.98,1901.16,58.9,sample,1,2026-10-08T22:44:27.486201
Maharashtra,Mumbai,Mumbai,Potato,Jyoti,FAQ,2026-09-19,1673.55,2084.32,1851.55,159.8,sample,1,2026-10-08T22:44:27.486216
Maharashtra,Mumbai,Mumbai,Potato,Jyoti,FAQ,2026-09-21,1726.82,2138.03,1870.98,198.2,sample,1,2026-10-08T22:44:27.486226
Maharashtra,Mumbai,Mumbai,Potato,Jyoti,FAQ,2026-09-22,1727.93,2219.86,1912.68,114.8,sample,1,2026-10-08T22:44:27.486234
Maharashtra,Mumbai,Mumbai,Potato,Jyoti,FAQ,2026-09-23,1697.43,2185.88,1885.98,106.9,sample,1,2026-10-08T22:44:27.486243
Maharashtra,Mumbai,Mumbai,Potato,Jyoti,FAQ,2026-09-24,1765.37,2227.97,1960.33,42.0,sample,1,2026-10-08T22:44:27.486251
Maharashtra,Mumbai,Mumbai,Potato,Jyoti,FAQ,2026-09-25,1769.67,2286.4,1949.42,258.0,sample,1,2026-10-08T22:44:27.486260
Maharashtra,Mumbai,Mumbai,Potato,Jyoti,FAQ,2026-09-26,1676.04,2230.74,1850.82,491.1,sample,1,2026-10-08T22:44:27.486268
Maharashtra,Mumbai,Mumbai,Potato,Jyoti,FAQ,2026-09-28,1626.79,2207.86,1834.62,243.4,sample,1,2026-10-08T22:44:27.486277
Maharashtra,Mumbai,Mumbai,Potato,Jyoti,FAQ,2026-09-29,1605.37,2169.77,1828.07,454.1,sample,1,2026-10-08T22:44:27.486287
Maharashtra,Mumbai,Mumbai,Potato,Jyoti,FAQ,2026-09-30,1682.05,2141.31,1859.02,426.8,sample,1,2026-10-08T22:44:27.486295
Maharashtra,Mumbai,Mumbai,Potato,Jyoti,FAQ,2026-10-01,1700.57,2120.74,1894.09,65.3,sample,1,2026-10-08T22:44:27.486305
Maharashtra,Mumbai,Mumbai,Potato,Jyoti,FAQ,2026-10-02,1697.5,2242.58,1864.16,167.8,sample,1,2026-10-08T22:44:27.486314
Maharashtra,Mumbai,Mumbai,Potato,Jyoti,FAQ,2026-10-03,1686.31,2135.93,1829.02,244.9,sample,1,2026-10-08T22:44:27.486322
Maharashtra,Mumbai,Mumbai,Potato,Jyoti,FAQ,2026-10-05,1623.08,2069.49,1824.49,186.2,sample,1,2026-10-08T22:44:27.486332
Maharashtra,Mumbai,Mumbai,Potato,Jyoti,FAQ,2026-10-06,1601.47,2193.89,1814.08,457.9,sample,1,2026-10-08T22:44:27.486340
Maharashtra,Mumbai,Mumbai,Potato,Jyoti,FAQ,2026-10-07,1562.19,2081.18,1804.65,211.5,sample,1,2026-10-08T22:44:27.486349
Maharashtra,Mumbai,Mumbai,Potato,Jyoti,FAQ,2026-10-08,1649.43,2096.83,1823.59,489.7,sample,1,2026-10-08T22:44:27.486357
Maharashtra,Mumbai,Mumbai,Tomato,Hybrid,FAQ,2026-07-10,1469.94,2092.41,1754.12,496.6,sample,1,2026-10-08T22:44:27.486367
Maharashtra,Mumbai,Mumbai,Tomato,Hybrid,FAQ,2026-07-11,1433.04,2034.2,1728.59,410.6,sample,1,2026-10-08T22:44:27.486377
Maharashtra,Mumbai,Mumbai,Tomato,Hybrid,FAQ,2026-07-13,1501.76,2085.53,1811.22,310.1,sample,1,2026-10-08T22:44:27.486387
Maharashtra,Mumbai,Mumbai,Tomato,Hybrid,FAQ,2026-07-14,1603.69,2080.23,1791.6,258.3,sample,1,2026-10-08T22:44:27.486395
Maharashtra,Mumbai,Mumbai,Tomato,Hybrid,FAQ,2026-07-15,1761.8,2393.34,1946.72,387.8,sample,1,2026-10-08T22:44:27.486406
Maharashtra,Mumbai,Mumbai,Tomato,Hybrid,FAQ,2026-07-16,1573.81,2093.07,1762.08,460.6,sample,1,2026-10-08T22:44:27.486415
Maharashtra,Mumbai,Mumbai,Tomato,Hybrid,FAQ,2026-07-17,1391.37,2076.51,1672.91,103.0,sample,1,2026-10-08T22:44:27.486423
Maharashtra,Mumbai,Mumbai,Tomato,Hybrid,FAQ,2026-07-18,1525.01,2053.08,1727.91,294.8,sample,1,2026-10-08T22:44:27.486431
Maharashtra,Mumbai,Mumbai,Tomato,Hybrid,FAQ,2026-07-20,1572.26,2181.27,1872.45,297.3,sample,1,2026-10-08T22:44:27.486440
Maharashtra,Mumbai,Mumbai,Tomato,Hybrid,FAQ,2026-07-21,1660.06,2155.22,1904.58,41.1,sample,1,2026-10-08T22:44:27.486449
Maharashtra,Mumbai,Mumbai,Tomato,Hybrid,FAQ,2026-07-22,1579.8,2224.17,1879.94,340.8,sample,1,2026-10-08T22:44:27.486457
Maharashtra,Mumbai,Mumbai,Tomato,Hybrid,FAQ,2026-07-23,1762.88,2404.38,2071.78,266.3,sample,1,2026-10-08T22:44:27.486467
Maharashtra,Mumbai,Mumbai,Tomato,Hybrid,FAQ,2026-07-24,1838.97,2335.09,2031.87,497.4,sample,1,2026-10-08T22:44:27.486476
Maharashtra,Mumbai,Mumbai,Tomato,Hybrid,FAQ,2026-07-25,1776.34,2362.92,1961.35,307.3,sample,1,2026-10-08T22:44:27.486484
Maharashtra,Mumbai,Mumbai,Tomato,Hybrid,FAQ,2026-07-27,1532.96,2147.13,1802.16,359.4,sample,1,2026-10-08T22:44:27.486493
Maharashtra,Mumbai,Mumbai,Tomato,Hybrid,FAQ,2026-07-28,1541.1,2086.67,1734.04,304.6,sample,1,2026-10-08T22:44:27.486501
Maharashtra,Mumbai,Mumbai,Tomato,Hybrid,FAQ,2026-07-29,1576.94,2072.85,1760.72,444.0,sample,1,2026-10-08T22:44:27.486510
Maharashtra,Mumbai,Mumbai,Tomato,Hybrid,FAQ,2026-07-30,1524.46,1999.07,1719.78,165.4,sample,1,2026-10-08T22:44:27.486518
Maharashtra,Mumbai,Mumbai,Tomato,Hybrid,FAQ,2026-07-31,1337.55,1871.82,1565.95,283.6,sample,1,2026-10-08T22:44:27.486527
Maharashtra,Mumbai,Mumbai,Tomato,Hybrid,FAQ,2026-08-01,1344.17,2012.53,1659.62,392.6,sample,1,2026-10-08T22:44:27.486535
Maharashtra,Mumbai,Mumbai,Tomato,Hybrid,FAQ,2026-08-03,1389.77,2036.84,1677.66,441.3,sample,1,2026-10-08T22:44:27.486544
Maharashtra,Mumbai,Mumbai,Tomato,Hybrid,FAQ,2026-08-04,1413.81,2101.67,1712.83,178.5,sample,1,2026-10-08T22:44:27.486554
Maharashtra,Mumbai,Mumbai,Tomato,Hybrid,FAQ,2026-08-05,1476.11,2032.3,1665.49,418.7,sample,1,2026-10-08T22:44:27.486562
Maharashtra,Mumbai,Mumbai,Tomato,Hybrid,FAQ,2026-08-06,1379.54,1910.29,1556.47,211.6,sample,1,2026-10-08T22:44:27.486571
Maharashtra,Mumbai,Mumbai,Tomato,Hybrid,FAQ,2026-08-07,1180.88,1759.01,1492.5,111.1,sample,1,2026-10-08T22:44:27.486579
Maharashtra,Mumbai,Mumbai,Tomato,Hybrid,FAQ,2026-08-08,1303.12,1795.86,1511.29,452.6,sample,1,2026-10-08T22:44:27.486588
Maharashtra,Mumbai,Mumbai,Tomato,Hybrid,FAQ,2026-08-10,1154.16,1764.75,1408.01,293.5,sample,1,2026-10-08T22:44:27.486598
Maharashtra,Mumbai,Mumbai,Tomato,Hybrid,FAQ,2026-08-11,1036.95,1594.33,1325.4,251.8,sample,1,2026-10-08T22:44:27.486606
Maharashtra,Mumbai,Mumbai,Tomato,Hybrid,FAQ,2026-08-12,1163.28,1822.49,1476.79,183.3,sample,1,2026-10-08T22:44:27.486614
Maharashtra,Mumbai,Mumbai,Tomato,Hybrid,FAQ,2026-08-13,1328.35,1974.32,1557.74,449.3,sample,1,2026-10-08T22:44:27.486622
Maharashtra,Mumbai,Mumbai,Tomato,Hybrid,FAQ,2026-08-14,1228.96,1849.35,1455.27,53.2,sample,1,2026-10-08T22:44:27.486631
Maharashtra,Mumbai,Mumbai,Tomato,Hybrid,FAQ,2026-08-15,1093.59,1682.48,1390.78,434.1,sample,1,2026-10-08T22:44:27.486640
Maharashtra,Mumbai,Mumbai,Tomato,Hybrid,FAQ,2026-08-17,1249.84,1715.99,1443.64,76.2,sample,1,2026-10-08T22:44:27.486649
Maharashtra,Mumbai,Mumbai,Tomato,Hybrid,FAQ,2026-08-18,1224.06,1912.33,1502.68,75.8,sample,1,2026-10-08T22:44:27.486660
Maharashtra,Mumbai,Mumbai,Tomato,Hybrid,FAQ,2026-08-19,1353.47,1802.49,1534.85,404.8,sample,1,2026-10-08T22:44:27.486669
Maharashtra,Mumbai,Mumbai,Tomato,Hybrid,FAQ,2026-08-20,1159.57,1669.04,1411.59,94.7,sample,1,2026-10-08T22:44:27.486676
Maharashtra,Mumbai,Mumbai,Tomato,Hybrid,FAQ,2026-08-21,1151.81,1830.41,1426.95,399.9,sample,1,2026-10-08T22:44:27.486758
Maharashtra,Mumbai,Mumbai,Tomato,Hybrid,FAQ,2026-08-22,1158.71,1759.85,1471.72,454.5,sample,1,2026-10-08T22:44:27.486777
Maharashtra,Mumbai,Mumbai,Tomato,Hybrid,FAQ,2026-08-24,1325.68,1936.93,1514.3,473.2,sample,1,2026-10-08T22:44:27.486792
Maharashtra,Mumbai,Mumbai,Tomato,Hybrid,FAQ,2026-08-25,1276.06,1911.43,1593.38,113.9,sample,1,2026-10-08T22:44:27.486801
Maharashtra,Mumbai,Mumbai,Tomato,Hybrid,FAQ,2026-08-26,1259.75,1835.77,1471.02,85.6,sample,1,2026-10-08T22:44:27.486810
Maharashtra,Mumbai,Mumbai,Tomato,Hybrid,FAQ,2026-08-27,1221.73,1731.39,1483.45,139.8,sample,1,2026-10-08T22:44:27.486821
Maharashtra,Mumbai,Mumbai,Tomato,Hybrid,FAQ,2026-08-28,1208.9,1876.95,1519.15,487.8,sample,1,2026-10-08T22:44:27.486829
Maharashtra,Mumbai,Mumbai,Tomato,Hybrid,FAQ,2026-08-29,1400.65,1880.39,1590.45,271.9,sample,1,2026-10-08T22:44:27.486838
Maharashtra,Mumbai,Mumbai,Tomato,Hybrid,FAQ,2026-08-31,1313.97,1914.71,1577.38,480.6,sample,1,2026-10-08T22:44:27.486847
Maharashtra,Mumbai,Mumbai,Tomato,Hybrid,FAQ,2026-09-01,1309.12,1830.76,1511.25,214.6,sample,1,2026-10-08T22:44:27.486855
Maharashtra,Mumbai,Mumbai,Tomato,Hybrid,FAQ,2026-09-02,1343.05,1986.75,1534.98,96.9,sample,1,2026-10-08T22:44:27.486864
Maharashtra,Mumbai,Mumbai,Tomato,Hybrid,FAQ,2026-09-03,1409.23,1874.32,1600.78,390.6,sample,1,2026-10-08T22:44:27.486871
Maharashtra,Mumbai,Mumbai,Tomato,Hybrid,FAQ,2026-09-04,1397.5,1892.49,1578.59,93.2,sample,1,2026-10-08T22:44:27.486880
Maharashtra,Mumbai,Mumbai,Tomato,Hybrid,FAQ,2026-09-05,1270.62,1859.24,1488.16,183.5,sample,1,2026-10-08T22:44:27.486888
Maharashtra,Mumbai,Mumbai,Tomato,Hybrid,FAQ,2026-09-07,1327.87,1891.98,1585.96,433.5,sample,1,2026-10-08T22:44:27.486896
Maharashtra,Mumbai,Mumbai,Tomato,Hybrid,FAQ,2026-09-08,1376.92,1839.86,1580.24,426.9,sample,1,2026-10-08T22:44:27.486906
Maharashtra,Mumbai,Mumbai,Tomato,Hybrid,FAQ,2026-09-09,1266.62,1923.24,1468.51,266.2,sample,1,2026-10-08T22:44:27.486914
Maharashtra,Mumbai,Mumbai,Tomato,Hybrid,FAQ,2026-09-10,1309.17,1836.94,1499.95,342.9,sample,1,2026-10-08T22:44:27.486922
Maharashtra,Mumbai,Mumbai,Tomato,Hybrid,FAQ,2026-09-11,1314.67,1918.78,1549.76,86.8,sample,1,2026-10-08T22:44:27.486938
Maharashtra,Mumbai,Mumbai,Tomato,Hybrid,FAQ,2026-09-12,1267.64,2031.78,1581.43,69.8,sample,1,2026-10-08T22:44:27.486946
Maharashtra,Mumbai,Mumbai,Tomato,Hybrid,FAQ,2026-09-14,1396.48,2113.76,1660.72,96.5,sample,1,2026-10-08T22:44:27.486956
Maharashtra,Mumbai,Mumbai,Tomato,Hybrid,FAQ,2026-09-15,1352.18,2050.19,1652.9,168.1,sample,1,2026-10-08T22:44:27.486966
Maharashtra,Mumbai,Mumbai,Tomato,Hybrid,FAQ,2026-09-16,1416.78,2043.52,1632.73,336.2,sample,1,2026-10-08T22:44:27.486974
Maharashtra,Mumbai,Mumbai,Tomato,Hybrid,FAQ,2026-09-17,1299.67,1879.63,1534.71,317.5,sample,1,2026-10-08T22:44:27.486983
Maharashtra,Mumbai,Mumbai,Tomato,Hybrid,FAQ,2026-09-18,1251.65,1874.76,1468.48,89.7,sample,1,2026-10-08T22:44:27.486991
Maharashtra,Mumbai,Mumbai,Tomato,Hybrid,FAQ,2026-09-19,1320.99,1883.02,1533.59,329.1,sample,1,2026-10-08T22:44:27.487001
Maharashtra,Mumbai,Mumbai,Tomato,Hybrid,FAQ,2026-09-21,1384.78,1827.04,1567.71,351.9,sample,1,2026-10-08T22:44:27.487010
Maharashtra,Mumbai,Mumbai,Tomato,Hybrid,FAQ,2026-09-22,1282.44,1928.6,1603.25,352.4,sample,1,2026-10-08T22:44:27.487018
Maharashtra,Mumbai,Mumbai,Tomato,Hybrid,FAQ,2026-09-23,1484.16,1934.68,1673.61,385.7,sample,1,2026-10-08T22:44:27.487027
Maharashtra,Mumbai,Mumbai,Tomato,Hybrid,FAQ,2026-09-24,1477.68,2179.29,1767.82,132.9,sample,1,2026-10-08T22:44:27.487035
Maharashtra,Mumbai,Mumbai,Tomato,Hybrid,FAQ,2026-09-25,1502.95,2034.36,1717.2,435.4,sample,1,2026-10-08T22:44:27.487043
Maharashtra,Mumbai,Mumbai,Tomato,Hybrid,FAQ,2026-09-26,1381.79,2083.82,1638.78,54.5,sample,1,2026-10-08T22:44:27.487051
Maharashtra,Mumbai,Mumbai,Tomato,Hybrid,FAQ,2026-09-28,1249.9,1793.5,1482.44,213.1,sample,1,2026-10-08T22:44:27.487062
Maharashtra,Mumbai,Mumbai,Tomato,Hybrid,FAQ,2026-09-29,1326.08,1821.93,1570.03,296.1,sample,1,2026-10-08T22:44:27.487070
Maharashtra,Mumbai,Mumbai,Tomato,Hybrid,FAQ,2026-09-30,1340.57,1969.69,1621.48,101.9,sample,1,2026-10-08T22:44:27.487079
Maharashtra,Mumbai,Mumbai,Tomato,Hybrid,FAQ,2026-10-01,1292.27,1922.0,1574.63,90.3,sample,1,2026-10-08T22:44:27.487088
Maharashtra,Mumbai,Mumbai,Tomato,Hybrid,FAQ,2026-10-02,1251.25,1894.22,1529.06,258.9,sample,1,2026-10-08T22:44:27.487097
Maharashtra,Mumbai,Mumbai,Tomato,Hybrid,FAQ,2026-10-03,1131.23,1785.78,1434.38,220.0,sample,1,2026-10-08T22:44:27.487105
Maharashtra,Mumbai,Mumbai,Tomato,Hybrid,FAQ,2026-10-05,968.99,1555.61,1236.53,489.8,sample,1,2026-10-08T22:44:27.487115
Maharashtra,Mumbai,Mumbai,Tomato,Hybrid,FAQ,2026-10-06,1045.23,1519.21,1268.3,60.8,sample,1,2026-10-08T22:44:27.487123
Maharashtra,Mumbai,Mumbai,Tomato,Hybrid,FAQ,2026-10-07,1043.57,1580.53,1329.88,450.0,sample,1,2026-10-08T22:44:27.487131
Maharashtra,Mumbai,Mumbai,Tomato,Hybrid,FAQ,2026-10-08,1060.37,1552.0,1286.56,198.8,sample,1,2026-10-08T22:44:27.487140
Maharashtra,Mumbai,Mumbai,Wheat,Lokwan,FAQ,2026-07-10,2533.86,2818.21,2665.47,338.1,sample,1,2026-10-08T22:44:27.487151
Maharashtra,Mumbai,Mumbai,Wheat,Lokwan,FAQ,2026-07-11,2557.7,2908.68,2684.36,70.1,sample,1,2026-10-08T22:44:27.487159
Maharashtra,Mumbai,Mumbai,Wheat,Lokwan,FAQ,2026-07-13,2591.05,2837.69,2676.47,252.0,sample,1,2026-10-08T22:44:27.487169
Maharashtra,Mumbai,Mumbai,Wheat,Lokwan,FAQ,2026-07-14,2551.84,2885.35,2698.0,454.6,sample,1,2026-10-08T22:44:27.487180
Maharashtra,Mumbai,Mumbai,Wheat,Lokwan,FAQ,2026-07-15,2566.74,2925.54,2693.08,213.8,sample,1,2026-10-08T22:44:27.487188
Maharashtra,Mumbai,Mumbai,Wheat,Lokwan,FAQ,2026-07-16,2618.69,2918.62,2730.79,411.8,sample,1,2026-10-08T22:44:27.487196
Maharashtra,Mumbai,Mumbai,Wheat,Lokwan,FAQ,2026-07-17,2650.38,2938.87,2758.57,391.9,sample,1,2026-10-08T22:44:27.487205
Maharashtra,Mumbai,Mumbai,Wheat,Lokwan,FAQ,2026-07-18,2668.24,2969.09,2776.69,207.1,sample,1,2026-10-08T22:44:27.487213
Maharashtra,Mumbai,Mumbai,Wheat,Lokwan,FAQ,2026-07-20,2599.88,2955.9,2744.89,426.6,sample,1,2026-10-08T22:44:27.487222
Maharashtra,Mumbai,Mumbai,Wheat,Lokwan,FAQ,2026-07-21,2630.54,2910.15,2753.12,61.9,sample,1,2026-10-08T22:44:27.487230
Maharashtra,Mumbai,Mumbai,Wheat,Lokwan,FAQ,2026-07-22,2674.55,2981.04,2774.81,82.3,sample,1,2026-10-08T22:44:27.487240
Maharashtra,Mumbai,Mumbai,Wheat,Lokwan,FAQ,2026-07-23,2624.69,2905.7,2769.47,194.9,sample,1,2026-10-08T22:44:27.487248
Maharashtra,Mumbai,Mumbai,Wheat,Lokwan,FAQ,2026-07-24,2687.76,2954.63,2805.98,406.0,sample,1,2026-10-08T22:44:27.487256
Maharashtra,Mumbai,Mumbai,Wheat,Lokwan,FAQ,2026-07-25,2687.2,2976.71,2818.11,409.9,sample,1,2026-10-08T22:44:27.487265
Maharashtra,Mumbai,Mumbai,Wheat,Lokwan,FAQ,2026-07-27,2684.37,2952.23,2782.78,327.5,sample,1,2026-10-08T22:44:27.487275
Maharashtra,Mumbai,Mumbai,Wheat,Lokwan,FAQ,2026-07-28,2673.76,2998.84,2790.39,123.1,sample,1,2026-10-08T22:44:27.487282
Maharashtra,Mumbai,Mumbai,Wheat,Lokwan,FAQ,2026-07-29,2677.46,3011.88,2823.58,138.0,sample,1,2026-10-08T22:44:27.487291
Maharashtra,Mumbai,Mumbai,Wheat,Lokwan,FAQ,2026-07-30,2667.68,3027.11,2820.95,255.0,sample,1,2026-10-08T22:44:27.487298
Maharashtra,Mumbai,Mumbai,Wheat,Lokwan,FAQ,2026-07-31,2714.13,3051.43,2842.37,239.5,sample,1,2026-10-08T22:44:27.487307
Maharashtra,Mumbai,Mumbai,Wheat,Lokwan,FAQ,2026-08-01,2697.63,3016.08,2822.39,280.2,sample,1,2026-10-08T22:44:27.487315
Maharashtra,Mumbai,Mumbai,Wheat,Lokwan,FAQ,2026-08-03,2711.14,3005.98,2805.97,178.1,sample,1,2026-10-08T22:44:27.487324
Maharashtra,Mumbai,Mumbai,Wheat,Lokwan,FAQ,2026-08-04,2694.97,2970.73,2810.32,421.9,sample,1,2026-10-08T22:44:27.487332
Maharashtra,Mumbai,Mumbai,Wheat,Lokwan,FAQ,2026-08-05,2705.61,3034.27,2819.31,337.2,sample,1,2026-10-08T22:44:27.487342
Maharashtra,Mumbai,Mumbai,Wheat,Lokwan,FAQ,2026-08-06,2716.53,3009.92,2818.99,226.7,sample,1,2026-10-08T22:44:27.487351
Maharashtra,Mumbai,Mumbai,Wheat,Lokwan,FAQ,2026-08-07,2722.7,3039.72,2824.38,253.5,sample,1,2026-10-08T22:44:27.487359
Maharashtra,Mumbai,Mumbai,Wheat,Lokwan,FAQ,2026-08-08,2703.53,3000.94,2827.84,337.6,sample,1,2026-10-08T22:44:27.487373
Maharashtra,Mumbai,Mumbai,Wheat,Lokwan,FAQ,2026-08-10,2740.96,2988.69,2834.78,409.6,sample,1,2026-10-08T22:44:27.487383
Maharashtra,Mumbai,Mumbai,Wheat,Lokwan,FAQ,2026-08-11,2699.02,2975.45,2830.44,432.2,sample,1,2026-10-08T22:44:27.487391
Maharashtra,Mumbai,Mumbai,Wheat,Lokwan,FAQ,2026-08-12,2765.58,3069.85,2851.01,78.6,sample,1,2026-10-08T22:44:27.487399
Maharashtra,Mumbai,Mumbai,Wheat,Lokwan,FAQ,2026-08-13,2708.63,3055.6,2835.95,454.3,sample,1,2026-10-08T22:44:27.487407
Maharashtra,Mumbai,Mumbai,Wheat,Lokwan,FAQ,2026-08-14,2676.99,2944.08,2808.33,473.9,sample,1,2026-10-08T22:44:27.487416
Maharashtra,Mumbai,Mumbai,Wheat,Lokwan,FAQ,2026-08-15,2678.88,2956.2,2815.02,91.5,sample,1,2026-10-08T22:44:27.487424
Maharashtra,Mumbai,Mumbai,Wheat,Lokwan,FAQ,2026-08-17,2681.03,3018.14,2802.61,476.9,sample,1,2026-10-08T22:44:27.487433
Maharashtra,Mumbai,Mumbai,Wheat,Lokwan,FAQ,2026-08-18,2587.57,2891.84,2738.64,446.9,sample,1,2026-10-08T22:44:27.487442
Maharashtra,Mumbai,Mumbai,Wheat,Lokwan,FAQ,2026-08-19,2594.58,2898.22,2736.66,308.8,sample,1,2026-10-08T22:44:27.487455
Maharashtra,Mumbai,Mumbai,Wheat,Lokwan,FAQ,2026-08-20,2634.48,2953.38,2746.56,148.5,sample,1,2026-10-08T22:44:27.487463
Maharashtra,Mumbai,Mumbai,Wheat,Lokwan,FAQ,2026-08-21,2634.27,2961.63,2730.88,242.2,sample,1,2026-10-08T22:44:27.487471
Maharashtra,Mumbai,Mumbai,Wheat,Lokwan,FAQ,2026-08-22,2632.53,2924.5,2734.84,265.6,sample,1,2026-10-08T22:44:27.487479
Maharashtra,Mumbai,Mumbai,Wheat,Lokwan,FAQ,2026-08-24,2582.3,2860.86,2689.09,354.1,sample,1,2026-10-08T22:44:27.487488
Maharashtra,Mumbai,Mumbai,Wheat,Lokwan,FAQ,2026-08-25,2578.44,2952.78,2731.8,471.0,sample,1,2026-10-08T22:44:27.487495
Maharashtra,Mumbai,Mumbai,Wheat,Lokwan,FAQ,2026-08-26,2560.23,2831.65,2703.37,484.7,sample,1,2026-10-08T22:44:27.487504
Maharashtra,Mumbai,Mumbai,Wheat,Lokwan,FAQ,2026-08-27,2604.65,2949.15,2732.27,344.6,sample,1,2026-10-08T22:44:27.487512
Maharashtra,Mumbai,Mumbai,Wheat,Lokwan,FAQ,2026-08-28,2624.55,2917.22,2765.34,294.3,sample,1,2026-10-08T22:44:27.487522
Maharashtra,Mumbai,Mumbai,Wheat,Lokwan,FAQ,2026-08-29,2640.89,2976.68,2747.16,206.9,sample,1,2026-10-08T22:44:27.487534
Maharashtra,Mumbai,Mumbai,Wheat,Lokwan,FAQ,2026-08-31,2602.24,2967.29,2748.66,218.7,sample,1,2026-10-08T22:44:27.487544
Maharashtra,Mumbai,Mumbai,Wheat,Lokwan,FAQ,2026-09-01,2583.93,2901.87,2733.43,489.9,sample,1,2026-10-08T22:44:27.487552
Maharashtra,Mumbai,Mumbai,Wheat,Lokwan,FAQ,2026-09-02,2587.15,2881.81,2730.38,136.8,sample,1,2026-10-08T22:44:27.487560
Maharashtra,Mumbai,Mumbai,Wheat,Lokwan,FAQ,2026-09-03,2590.63,2963.65,2738.73,330.4,sample,1,2026-10-08T22:44:27.487568
Maharashtra,Mumbai,Mumbai,Wheat,Lokwan,FAQ,2026-09-04,2653.54,2896.45,2766.79,438.6,sample,1,2026-10-08T22:44:27.487576
Maharashtra,Mumbai,Mumbai,Wheat,Lokwan,FAQ,2026-09-05,2589.88,2960.72,2733.15,256.7,sample,1,2026-10-08T22:44:27.487584
Maharashtra,Mumbai,Mumbai,Wheat,Lokwan,FAQ,2026-09-07,2553.88,2910.22,2689.53,417.3,sample,1,2026-10-08T22:44:27.487593
Maharashtra,Mumbai,Mumbai,Wheat,Lokwan,FAQ,2026-09-08,2570.63,2915.43,2713.99,272.9,sample,1,2026-10-08T22:44:27.487601
Maharashtra,Mumbai,Mumbai,Wheat,Lokwan,FAQ,2026-09-09,2549.45,2897.7,2692.02,248.5,sample,1,2026-10-08T22:44:27.487609
Maharashtra,Mumbai,Mumbai,Wheat,Lokwan,FAQ,2026-09-10,2632.67,2850.27,2718.64,335.1,sample,1,2026-10-08T22:44:27.487618
Maharashtra,Mumbai,Mumbai,Wheat,Lokwan,FAQ,2026-09-11,2592.66,2855.73,2686.46,329.0,sample,1,2026-10-08T22:44:27.487639
Maharashtra,Mumbai,Mumbai,Wheat,Lokwan,FAQ,2026-09-12,2547.27,2788.74,2653.86,112.6,sample,1,2026-10-08T22:44:27.487647
Maharashtra,Mumbai,Mumbai,Wheat,Lokwan,FAQ,2026-09-14,2445.62,2797.84,2589.42,429.6,sample,1,2026-10-08T22:44:27.487657
Maharashtra,Mumbai,Mumbai,Wheat,Lokwan,FAQ,2026-09-15,2453.79,2798.77,2587.16,186.9,sample,1,2026-10-08T22:44:27.487665
Maharashtra,Mumbai,Mumbai,Wheat,Lokwan,FAQ,2026-09-16,2448.65,2751.67,2551.42,420.3,sample,1,2026-10-08T22:44:27.487673
Maharashtra,Mumbai,Mumbai,Wheat,Lokwan,FAQ,2026-09-17,2421.8,2710.83,2563.37,230.7,sample,1,2026-10-08T22:44:27.487681
Maharashtra,Mumbai,Mumbai,Wheat,Lokwan,FAQ,2026-09-18,2438.4,2811.93,2590.42,143.3,sample,1,2026-10-08T22:44:27.487707
Maharashtra,Mumbai,Mumbai,Wheat,Lokwan,FAQ,2026-09-19,2489.15,2867.11,2641.41,337.7,sample,1,2026-10-08T22:44:27.487716
Maharashtra,Mumbai,Mumbai,Wheat,Lokwan,FAQ,2026-09-21,2451.08,2752.63,2605.22,362.6,sample,1,2026-10-08T22:44:27.487725
Maharashtra,Mumbai,Mumbai,Wheat,Lokwan,FAQ,2026-09-22,2473.9,2739.36,2570.05,237.3,sample,1,2026-10-08T22:44:27.487737
Maharashtra,Mumbai,Mumbai,Wheat,Lokwan,FAQ,2026-09-23,2464.37,2803.16,2574.86,94.0,sample,1,2026-10-08T22:44:27.487745
Maharashtra,Mumbai,Mumbai,Wheat,Lokwan,FAQ,2026-09-24,2455.15,2763.89,2590.89,463.2,sample,1,2026-10-08T22:44:27.487753
Maharashtra,Mumbai,Mumbai,Wheat,Lokwan,FAQ,2026-09-25,2466.98,2762.57,2559.51,127.7,sample,1,2026-10-08T22:44:27.487762
Maharashtra,Mumbai,Mumbai,Wheat,Lokwan,FAQ,2026-09-26,2430.2,2786.73,2576.26,172.5,sample,1,2026-10-08T22:44:27.487769
Maharashtra,Mumbai,Mumbai,Wheat,Lokwan,FAQ,2026-09-28,2422.59,2759.06,2568.25,497.8,sample,1,2026-10-08T22:44:27.487778
Maharashtra,Mumbai,Mumbai,Wheat,Lokwan,FAQ,2026-09-29,2469.95,2773.46,2574.32,232.4,sample,1,2026-10-08T22:44:27.487786
Maharashtra,Mumbai,Mumbai,Wheat,Lokwan,FAQ,2026-09-30,2462.93,2722.09,2567.82,324.1,sample,1,2026-10-08T22:44:27.487795
Maharashtra,Mumbai,Mumbai,Wheat,Lokwan,FAQ,2026-10-01,2431.73,2746.98,2581.06,354.8,sample,1,2026-10-08T22:44:27.487803
Maharashtra,Mumbai,Mumbai,Wheat,Lokwan,FAQ,2026-10-02,2488.94,2743.44,2582.53,358.8,sample,1,2026-10-08T22:44:27.487811
Maharashtra,Mumbai,Mumbai,Wheat,Lokwan,FAQ,2026-10-03,2454.89,2791.38,2588.34,365.9,sample,1,2026-10-08T22:44:27.487824
Maharashtra,Mumbai,Mumbai,Wheat,Lokwan,FAQ,2026-10-05,2500.39,2723.6,2591.25,193.1,sample,1,2026-10-08T22:44:27.487836
Maharashtra,Mumbai,Mumbai,Wheat,Lokwan,FAQ,2026-10-06,2475.61,2800.61,2576.52,498.5,sample,1,2026-10-08T22:44:27.487844
Maharashtra,Mumbai,Mumbai,Wheat,Lokwan,FAQ,2026-10-07,2515.29,2849.17,2642.36,60.9,sample,1,2026-10-08T22:44:27.487853
Maharashtra,Mumbai,Mumbai,Wheat,Lokwan,FAQ,2026-10-08,2517.66,2812.84,2619.92,179.2,sample,1,2026-10-08T22:44:27.487863
Maharashtra,Jalgaon,Jalgaon,Cotton,Medium Staple,FAQ,2026-07-10,7044.21,7726.93,7364.42,307.0,sample,1,2026-10-08T22:44:27.487877
Maharashtra,Jalgaon,Jalgaon,Cotton,Medium Staple,FAQ,2026-07-11,7188.15,7752.98,7402.19,468.0,sample,1,2026-10-08T22:44:27.487887
Maharashtra,Jalgaon,Jalgaon,Cotton,Medium Staple,FAQ,2026-07-13,7202.96,7781.95,7425.56,105.2,sample,1,2026-10-08T22:44:27.487897
Maharashtra,Jalgaon,Jalgaon,Cotton,Medium Staple,FAQ,2026-07-14,7210.1,7656.9,7402.63,98.8,sample,1,2026-10-08T22:44:27.487907
Maharashtra,Jalgaon,Jalgaon,Cotton,Medium Staple,FAQ,2026-07-15,7194.64,7921.32,7481.81,170.1,sample,1,2026-10-08T22:44:27.487916
Maharashtra,Jalgaon,Jalgaon,Cotton,Medium Staple,FAQ,2026-07-16,7089.51,7769.77,7396.05,390.3,sample,1,2026-10-08T22:44:27.487927
Maharashtra,Jalgaon,Jalgaon,Cotton,Medium Staple,FAQ,2026-07-17,7083.36,7703.52,7392.26,497.5,sample,1,2026-10-08T22:44:27.487937
Maharashtra,Jalgaon,Jalgaon,Cotton,Medium Staple,FAQ,2026-07-18,7155.39,7721.71,7444.94,432.4,sample,1,2026-10-08T22:44:27.487945
Maharashtra,Jalgaon,Jalgaon,Cotton,Medium Staple,FAQ,2026-07-20,7201.23,7660.42,7384.21,145.7,sample,1,2026-10-08T22:44:27.487956
Maharashtra,Jalgaon,Jalgaon,Cotton,Medium Staple,FAQ,2026-07-21,7115.42,7595.45,7295.8,364.7,sample,1,2026-10-08T22:44:27.487964
Maharashtra,Jalgaon,Jalgaon,Cotton,Medium Staple,FAQ,2026-07-22,6806.79,7374.44,7120.87,204.0,sample,1,2026-10-08T22:44:27.487973
Maharashtra,Jalgaon,Jalgaon,Cotton,Medium Staple,FAQ,2026-07-23,6930.23,7558.47,7211.58,266.8,sample,1,2026-10-08T22:44:27.487981
Maharashtra,Jalgaon,Jalgaon,Cotton,Medium Staple,FAQ,2026-07-24,7096.2,7554.4,7289.75,439.4,sample,1,2026-10-08T22:44:27.487989
Maharashtra,Jalgaon,Jalgaon,Cotton,Medium Staple,FAQ,2026-07-25,6994.36,7476.8,7196.46,274.0,sample,1,2026-10-08T22:44:27.487998
Maharashtra,Jalgaon,Jalgaon,Cotton,Medium Staple,FAQ,2026-07-27,6926.26,7556.65,7189.11,486.9,sample,1,2026-10-08T22:44:27.488007
Maharashtra,Jalgaon,Jalgaon,Cotton,Medium Staple,FAQ,2026-07-28,7071.26,7690.03,7325.16,231.6,sample,1,2026-10-08T22:44:27.488017
Maharashtra,Jalgaon,Jalgaon,Cotton,Medium Staple,FAQ,2026-07-29,7143.74,7851.63,7420.28,51.9,sample,1,2026-10-08T22:44:27.488025
Maharashtra,Jalgaon,Jalgaon,Cotton,Medium Staple,FAQ,2026-07-30,7190.2,7855.33,7467.4,221.3,sample,1,2026-10-08T22:44:27.488034
Maharashtra,Jalgaon,Jalgaon,Cotton,Medium Staple,FAQ,2026-07-31,7039.64,7617.48,7340.19,77.3,sample,1,2026-10-08T22:44:27.488042
Maharashtra,Jalgaon,Jalgaon,Cotton,Medium Staple,FAQ,2026-08-01,6964.8,7647.9,7264.4,248.9,sample,1,2026-10-08T22:44:27.488050
Maharashtra,Jalgaon,Jalgaon,Cotton,Medium Staple,FAQ,2026-08-03,7173.22,7797.74,7349.09,341.8,sample,1,2026-10-08T22:44:27.488059
Maharashtra,Jalgaon,Jalgaon,Cotton,Medium Staple,FAQ,2026-08-04,7012.12,7642.98,7329.75,376.5,sample,1,2026-10-08T22:44:27.488067
Maharashtra,Jalgaon,Jalgaon,Cotton,Medium Staple,FAQ,2026-08-05,7058.57,7608.33,7318.94,62.4,sample,1,2026-10-08T22:44:27.488075
Maharashtra,Jalgaon,Jalgaon,Cotton,Medium Staple,FAQ,2026-08-06,6901.93,7486.35,7173.48,65.5,sample,1,2026-10-08T22:44:27.488084
Maharashtra,Jalgaon,Jalgaon,Cotton,Medium Staple,FAQ,2026-08-07,7086.55,7647.52,7318.76,121.9,sample,1,2026-10-08T22:44:27.488092
Maharashtra,Jalgaon,Jalgaon,Cotton,Medium Staple,FAQ,2026-08-08,7067.1,7813.62,7386.86,81.0,sample,1,2026-10-08T22:44:27.488102
Maharashtra,Jalgaon,Jalgaon,Cotton,Medium Staple,FAQ,2026-08-10,7117.56,7714.32,7409.48,386.2,sample,1,2026-10-08T22:44:27.488110
Maharashtra,Jalgaon,Jalgaon,Cotton,Medium Staple,FAQ,2026-08-11,7107.76,7651.2,7380.87,265.8,sample,1,2026-10-08T22:44:27.488119
Maharashtra,Jalgaon,Jalgaon,Cotton,Medium Staple,FAQ,2026-08-12,7061.76,7672.12,7283.28,100.4,sample,1,2026-10-08T22:44:27.488129
Maharashtra,Jalgaon,Jalgaon,Cotton,Medium Staple,FAQ,2026-08-13,7059.61,7754.17,7334.44,275.8,sample,1,2026-10-08T22:44:27.488137
Maharashtra,Jalgaon,Jalgaon,Cotton,Medium Staple,FAQ,2026-08-14,6967.12,7576.83,7213.59,234.6,sample,1,2026-10-08T22:44:27.488145
Maharashtra,Jalgaon,Jalgaon,Cotton,Medium Staple,FAQ,2026-08-15,6943.08,7646.86,7231.55,322.4,sample,1,2026-10-08T22:44:27.488153
Maharashtra,Jalgaon,Jalgaon,Cotton,Medium Staple,FAQ,2026-08-17,7001.52,7499.36,7182.59,253.2,sample,1,2026-10-08T22:44:27.488162
Maharashtra,Jalgaon,Jalgaon,Cotton,Medium Staple,FAQ,2026-08-18,7010.76,7608.5,7219.39,111.3,sample,1,2026-10-08T22:44:27.488170
Maharashtra,Jalgaon,Jalgaon,Cotton,Medium Staple,FAQ,2026-08-19,6890.7,7450.45,7144.4,241.2,sample,1,2026-10-08T22:44:27.488178
Maharashtra,Jalgaon,Jalgaon,Cotton,Medium Staple,FAQ,2026-08-20,6849.08,7505.46,7160.16,108.4,sample,1,2026-10-08T22:44:27.488189
Maharashtra,Jalgaon,Jalgaon,Cotton,Medium Staple,FAQ,2026-08-21,6961.43,7617.51,7262.66,175.9,sample,1,2026-10-08T22:44:27.488198
Maharashtra,Jalgaon,Jalgaon,Cotton,Medium Staple,FAQ,2026-08-22,7181.09,7624.32,7363.25,60.7,sample,1,2026-10-08T22:44:27.488205
Maharashtra,Jalgaon,Jalgaon,Cotton,Medium Staple,FAQ,2026-08-24,7225.64,7798.59,7414.81,301.5,sample,1,2026-10-08T22:44:27.488214
Maharashtra,Jalgaon,Jalgaon,Cotton,Medium Staple,FAQ,2026-08-25,7241.06,7752.59,7454.07,77.6,sample,1,2026-10-08T22:44:27.488221
Maharashtra,Jalgaon,Jalgaon,Cotton,Medium Staple,FAQ,2026-08-26,7148.12,7705.07,7422.36,123.8,sample,1,2026-10-08T22:44:27.488230
Maharashtra,Jalgaon,Jalgaon,Cotton,Medium Staple,FAQ,2026-08-27,7187.16,7683.59,7421.1,443.3,sample,1,2026-10-08T22:44:27.488238
Maharashtra,Jalgaon,Jalgaon,Cotton,Medium Staple,FAQ,2026-08-28,7153.76,7782.76,7397.01,327.0,sample,1,2026-10-08T22:44:27.488246
Maharashtra,Jalgaon,Jalgaon,Cotton,Medium Staple,FAQ,2026-08-29,7259.17,7921.94,7473.93,440.8,sample,1,2026-10-08T22:44:27.488254
Maharashtra,Jalgaon,Jalgaon,Cotton,Medium Staple,FAQ,2026-08-31,7198.44,7857.34,7485.49,440.9,sample,1,2026-10-08T22:44:27.488264
Maharashtra,Jalgaon,Jalgaon,Cotton,Medium Staple,FAQ,2026-09-01,7326.2,7874.37,7517.15,42.7,sample,1,2026-10-08T22:44:27.488273
Maharashtra,Jalgaon,Jalgaon,Cotton,Medium Staple,FAQ,2026-09-02,7292.59,7929.44,7539.16,439.6,sample,1,2026-10-08T22:44:27.488281
Maharashtra,Jalgaon,Jalgaon,Cotton,Medium Staple,FAQ,2026-09-03,7237.48,7928.75,7557.35,263.9,sample,1,2026-10-08T22:44:27.488288
Maharashtra,Jalgaon,Jalgaon,Cotton,Medium Staple,FAQ,2026-09-04,7201.71,7817.32,7430.82,357.5,sample,1,2026-10-08T22:44:27.488296
Maharashtra,Jalgaon,Jalgaon,Cotton,Medium Staple,FAQ,2026-09-05,7085.73,7628.54,7319.98,97.5,sample,1,2026-10-08T22:44:27.488303
Maharashtra,Jalgaon,Jalgaon,Cotton,Medium Staple,FAQ,2026-09-07,7176.22,7802.41,7353.6,435.1,sample,1,2026-10-08T22:44:27.488313
Maharashtra,Jalgaon,Jalgaon,Cotton,Medium Staple,FAQ,2026-09-08,7152.59,7740.18,7358.97,338.9,sample,1,2026-10-08T22:44:27.488320
Maharashtra,Jalgaon,Jalgaon,Cotton,Medium Staple,FAQ,2026-09-09,6990.62,7569.21,7284.12,178.4,sample,1,2026-10-08T22:44:27.488328
Maharashtra,Jalgaon,Jalgaon,Cotton,Medium Staple,FAQ,2026-09-10,7078.94,7667.99,7323.45,50.0,sample,1,2026-10-08T22:44:27.488335
Maharashtra,Jalgaon,Jalgaon,Cotton,Medium Staple,FAQ,2026-09-11,7064.75,7792.55,7345.14,256.9,sample,1,2026-10-08T22:44:27.488343
Maharashtra,Jalgaon,Jalgaon,Cotton,Medium Staple,FAQ,2026-09-12,7074.24,7746.11,7378.21,132.6,sample,1,2026-10-08T22:44:27.488352
Maharashtra,Jalgaon,Jalgaon,Cotton,Medium Staple,FAQ,2026-09-14,7094.13,7523.42,7276.77,330.0,sample,1,2026-10-08T22:44:27.488361
Maharashtra,Jalgaon,Jalgaon,Cotton,Medium Staple,FAQ,2026-09-15,6953.44,7686.09,7235.4,430.4,sample,1,2026-10-08T22:44:27.488369
Maharashtra,Jalgaon,Jalgaon,Cotton,Medium Staple,FAQ,2026-09-16,6979.43,7543.64,7237.58,264.2,sample,1,2026-10-08T22:44:27.488377
Maharashtra,Jalgaon,Jalgaon,Cotton,Medium Staple,FAQ,2026-09-17,6917.78,7534.82,7165.7,321.3,sample,1,2026-10-08T22:44:27.488385
Maharashtra,Jalgaon,Jalgaon,Cotton,Medium Staple,FAQ,2026-09-18,6881.83,7525.02,7130.02,283.0,sample,1,2026-10-08T22:44:27.488395
Maharashtra,Jalgaon,Jalgaon,Cotton,Medium Staple,FAQ,2026-09-19,6806.11,7355.74,7044.41,69.2,sample,1,2026-10-08T22:44:27.488403
Maharashtra,Jalgaon,Jalgaon,Cotton,Medium Staple,FAQ,2026-09-21,6865.44,7460.35,7111.44,471.9,sample,1,2026-10-08T22:44:27.488411
Maharashtra,Jalgaon,Jalgaon,Cotton,Medium Staple,FAQ,2026-09-22,6860.49,7478.98,7087.5,49.6,sample,1,2026-10-08T22:44:27.488418
Maharashtra,Jalgaon,Jalgaon,Cotton,Medium Staple,FAQ,2026-09-23,6867.77,7388.09,7094.35,141.1,sample,1,2026-10-08T22:44:27.488426
Maharashtra,Jalgaon,Jalgaon,Cotton,Medium Staple,FAQ,2026-09-24,6836.86,7464.44,7148.22,317.0,sample,1,2026-10-08T22:44:27.488435
Maharashtra,Jalgaon,Jalgaon,Cotton,Medium Staple,FAQ,2026-09-25,7014.81,7516.09,7209.48,367.2,sample,1,2026-10-08T22:44:27.488442
Maharashtra,Jalgaon,Jalgaon,Cotton,Medium Staple,FAQ,2026-09-26,6827.17,7566.09,7146.14,349.6,sample,1,2026-10-08T22:44:27.488450
Maharashtra,Jalgaon,Jalgaon,Cotton,Medium Staple,FAQ,2026-09-28,6854.03,7571.34,7148.99,326.0,sample,1,2026-10-08T22:44:27.488459
Maharashtra,Jalgaon,Jalgaon,Cotton,Medium Staple,FAQ,2026-09-29,6838.19,7457.9,7055.56,346.8,sample,1,2026-10-08T22:44:27.488466
Maharashtra,Jalgaon,Jalgaon,Cotton,Medium Staple,FAQ,2026-09-30,6834.99,7367.04,7100.85,231.4,sample,1,2026-10-08T22:44:27.488474
Maharashtra,Jalgaon,Jalgaon,Cotton,Medium Staple,FAQ,2026-10-01,6821.26,7454.1,7145.33,136.3,sample,1,2026-10-08T22:44:27.488481
Maharashtra,Jalgaon,Jalgaon,Cotton,Medium Staple,FAQ,2026-10-02,6862.4,7489.52,7169.54,113.0,sample,1,2026-10-08T22:44:27.488490
Maharashtra,Jalgaon,Jalgaon,Cotton,Medium Staple,FAQ,2026-10-03,6885.72,7617.75,7184.91,54.7,sample,1,2026-10-08T22:44:27.488498
Maharashtra,Jalgaon,Jalgaon,Cotton,Medium Staple,FAQ,2026-10-05,6987.19,7525.16,7254.82,143.1,sample,1,2026-10-08T22:44:27.488506
Maharashtra,Jalgaon,Jalgaon,Cotton,Medium Staple,FAQ,2026-10-06,7073.71,7603.85,7287.38,203.4,sample,1,2026-10-08T22:44:27.488515
Maharashtra,Jalgaon,Jalgaon,Cotton,Medium Staple,FAQ,2026-10-07,7196.14,7688.01,7411.26,357.5,sample,1,2026-10-08T22:44:27.488523
Maharashtra,Jalgaon,Jalgaon,Cotton,Medium Staple,FAQ,2026-10-08,7194.45,7832.35,7446.76,364.9,sample,1,2026-10-08T22:44:27.488530
Maharashtra,Jalgaon,Jalgaon,Onion,Red/Nasik,FAQ,2026-07-10,2065.78,2840.04,2358.06,91.0,sample,1,2026-10-08T22:44:27.488539
Maharashtra,Jalgaon,Jalgaon,Onion,Red/Nasik,FAQ,2026-07-11,2102.73,2758.33,2331.79,399.8,sample,1,2026-10-08T22:44:27.488546
Maharashtra,Jalgaon,Jalgaon,Onion,Red/Nasik,FAQ,2026-07-13,2201.25,2724.1,2418.8,329.8,sample,1,2026-10-08T22:44:27.488555
Maharashtra,Jalgaon,Jalgaon,Onion,Red/Nasik,FAQ,2026-07-14,2016.37,2881.77,2383.13,112.2,sample,1,2026-10-08T22:44:27.488563
Maharashtra,Jalgaon,Jalgaon,Onion,Red/Nasik,FAQ,2026-07-15,2064.3,2821.17,2365.36,85.7,sample,1,2026-10-08T22:44:27.488570
Maharashtra,Jalgaon,Jalgaon,Onion,Red/Nasik,FAQ,2026-07-16,2088.2,2774.99,2414.68,103.4,sample,1,2026-10-08T22:44:27.488578
Maharashtra,Jalgaon,Jalgaon,Onion,Red/Nasik,FAQ,2026-07-17,2155.84,2905.24,2440.67,152.8,sample,1,2026-10-08T22:44:27.488585
Maharashtra,Jalgaon,Jalgaon,Onion,Red/Nasik,FAQ,2026-07-18,2034.71,2752.28,2390.36,272.3,sample,1,2026-10-08T22:44:27.488594
Maharashtra,Jalgaon,Jalgaon,Onion,Red/Nasik,FAQ,2026-07-20,2081.98,2794.4,2427.85,345.9,sample,1,2026-10-08T22:44:27.488602
Maharashtra,Jalgaon,Jalgaon,Onion,Red/Nasik,FAQ,2026-07-21,2209.3,2907.43,2446.59,234.0,sample,1,2026-10-08T22:44:27.488610
Maharashtra,Jalgaon,Jalgaon,Onion,Red/Nasik,FAQ,2026-07-22,2167.64,2830.28,2452.05,251.0,sample,1,2026-10-08T22:44:27.488617
Maharashtra,Jalgaon,Jalgaon,Onion,Red/Nasik,FAQ,2026-07-23,2170.63,3004.77,2534.06,206.4,sample,1,2026-10-08T22:44:27.488625
Maharashtra,Jalgaon,Jalgaon,Onion,Red/Nasik,FAQ,2026-07-24,2338.63,3023.92,2550.42,474.1,sample,1,2026-10-08T22:44:27.488632
Maharashtra,Jalgaon,Jalgaon,Onion,Red/Nasik,FAQ,2026-07-25,2318.35,2899.16,2543.61,491.7,sample,1,2026-10-08T22:44:27.488640
Maharashtra,Jalgaon,Jalgaon,Onion,Red/Nasik,FAQ,2026-07-27,2194.41,2979.5,2541.06,335.1,sample,1,2026-10-08T22:44:27.488649
Maharashtra,Jalgaon,Jalgaon,Onion,Red/Nasik,FAQ,2026-07-28,2172.35,2838.67,2544.8,330.5,sample,1,2026-10-08T22:44:27.488657
Maharashtra,Jalgaon,Jalgaon,Onion,Red/Nasik,FAQ,2026-07-29,2212.74,2867.27,2516.3,224.9,sample,1,2026-10-08T22:44:27.488664
Maharashtra,Jalgaon,Jalgaon,Onion,Red/Nasik,FAQ,2026-07-30,2101.88,2847.31,2434.44,180.0,sample,1,2026-10-08T22:44:27.488673
Maharashtra,Jalgaon,Jalgaon,Onion,Red/Nasik,FAQ,2026-07-31,2211.77,2770.34,2423.19,282.8,sample,1,2026-10-08T22:44:27.488681
Maharashtra,Jalgaon,Jalgaon,Onion,Red/Nasik,FAQ,2026-08-01,1932.43,2756.18,2308.11,245.2,sample,1,2026-10-08T22:44:27.488704
Maharashtra,Jalgaon,Jalgaon,Onion,Red/Nasik,FAQ,2026-08-03,1973.75,2762.14,2325.65,360.8,sample,1,2026-10-08T22:44:27.488713
Maharashtra,Jalgaon,Jalgaon,Onion,Red/Nasik,FAQ,2026-08-04,2015.31,2852.67,2385.09,226.1,sample,1,2026-10-08T22:44:27.488721
Maharashtra,Jalgaon,Jalgaon,Onion,Red/Nasik,FAQ,2026-08-05,2178.46,2755.39,2395.11,373.5,sample,1,2026-10-08T22:44:27.488729
Maharashtra,Jalgaon,Jalgaon,Onion,Red/Nasik,FAQ,2026-08-06,2087.7,2741.15,2430.91,496.3,sample,1,2026-10-08T22:44:27.488737
Maharashtra,Jalgaon,Jalgaon,Onion,Red/Nasik,FAQ,2026-08-07,2110.88,2825.32,2420.2,388.2,sample,1,2026-10-08T22:44:27.488747
Maharashtra,Jalgaon,Jalgaon,Onion,Red/Nasik,FAQ,2026-08-08,2197.46,2722.95,2436.26,406.4,sample,1,2026-10-08T22:44:27.488755
Maharashtra,Jalgaon,Jalgaon,Onion,Red/Nasik,FAQ,2026-08-10,2049.54,2853.25,2398.89,494.0,sample,1,2026-10-08T22:44:27.488764
Maharashtra,Jalgaon,Jalgaon,Onion,Red/Nasik,FAQ,2026-08-11,2144.16,2668.43,2374.04,211.6,sample,1,2026-10-08T22:44:27.488773
Maharashtra,Jalgaon,Jalgaon,Onion,Red/Nasik,FAQ,2026-08-12,2119.59,2774.41,2338.18,97.4,sample,1,2026-10-08T22:44:27.488781
Maharashtra,Jalgaon,Jalgaon,Onion,Red/Nasik,FAQ,2026-08-13,2039.65,2760.13,2303.28,248.4,sample,1,2026-10-08T22:44:27.488788
Maharashtra,Jalgaon,Jalgaon,Onion,Red/Nasik,FAQ,2026-08-14,2005.54,2809.3,2393.56,451.4,sample,1,2026-10-08T22:44:27.488798
Maharashtra,Jalgaon,Jalgaon,Onion,Red/Nasik,FAQ,2026-08-15,2056.72,2787.7,2379.71,314.0,sample,1,2026-10-08T22:44:27.488805
Maharashtra,Jalgaon,Jalgaon,Onion,Red/Nasik,FAQ,2026-08-17,2000.84,2803.67,2352.1,349.3,sample,1,2026-10-08T22:44:27.488814
Maharashtra,Jalgaon,Jalgaon,Onion,Red/Nasik,FAQ,2026-08-18,2044.47,2787.77,2383.05,153.9,sample,1,2026-10-08T22:44:27.488821
Maharashtra,Jalgaon,Jalgaon,Onion,Red/Nasik,FAQ,2026-08-19,1990.24,2715.05,2348.35,85.1,sample,1,2026-10-08T22:44:27.488828
Maharashtra,Jalgaon,Jalgaon,Onion,Red/Nasik,FAQ,2026-08-20,2066.66,2883.59,2404.76,77.7,sample,1,2026-10-08T22:44:27.488835
Maharashtra,Jalgaon,Jalgaon,Onion,Red/Nasik,FAQ,2026-08-21,2201.13,2883.94,2496.86,209.9,sample,1,2026-10-08T22:44:27.488843
Maharashtra,Jalgaon,Jalgaon,Onion,Red/Nasik,FAQ,2026-08-22,2222.68,2948.59,2527.41,278.7,sample,1,2026-10-08T22:44:27.488851
Maharashtra,Jalgaon,Jalgaon,Onion,Red/Nasik,FAQ,2026-08-24,2185.87,2867.28,2485.66,242.4,sample,1,2026-10-08T22:44:27.488860
Maharashtra,Jalgaon,Jalgaon,Onion,Red/Nasik,FAQ,2026-08-25,2123.31,2898.39,2500.9,487.7,sample,1,2026-10-08T22:44:27.488868
Maharashtra,Jalgaon,Jalgaon,Onion,Red/Nasik,FAQ,2026-08-26,2270.96,2954.52,2503.84,99.5,sample,1,2026-10-08T22:44:27.488875
Maharashtra,Jalgaon,Jalgaon,Onion,Red/Nasik,FAQ,2026-08-27,2132.37,2956.37,2469.18,94.3,sample,1,2026-10-08T22:44:27.488883
Maharashtra,Jalgaon,Jalgaon,Onion,Red/Nasik,FAQ,2026-08-28,2130.02,2980.97,2474.39,209.9,sample,1,2026-10-08T22:44:27.488890
Maharashtra,Jalgaon,Jalgaon,Onion,Red/Nasik,FAQ,2026-08-29,2139.91,2945.62,2521.24,228.0,sample,1,2026-10-08T22:44:27.488897
Maharashtra,Jalgaon,Jalgaon,Onion,Red/Nasik,FAQ,2026-08-31,2340.65,2874.69,2557.9,210.9,sample,1,2026-10-08T22:44:27.488905
Maharashtra,Jalgaon,Jalgaon,Onion,Red/Nasik,FAQ,2026-09-01,2201.96,2943.12,2590.34,263.5,sample,1,2026-10-08T22:44:27.488913
Maharashtra,Jalgaon,Jalgaon,Onion,Red/Nasik,FAQ,2026-09-02,2267.28,2875.09,2583.41,451.4,sample,1,2026-10-08T22:44:27.488989
Maharashtra,Jalgaon,Jalgaon,Onion,Red/Nasik,FAQ,2026-09-03,2172.95,2874.72,2542.98,416.8,sample,1,2026-10-08T22:44:27.488997
Maharashtra,Jalgaon,Jalgaon,Onion,Red/Nasik,FAQ,2026-09-04,2233.09,2994.75,2505.85,232.1,sample,1,2026-10-08T22:44:27.489006
Maharashtra,Jalgaon,Jalgaon,Onion,Red/Nasik,FAQ,2026-09-05,2184.7,2913.63,2497.85,454.1,sample,1,2026-10-08T22:44:27.489014
Maharashtra,Jalgaon,Jalgaon,Onion,Red/Nasik,FAQ,2026-09-07,2159.96,2924.94,2499.57,390.5,sample,1,2026-10-08T22:44:27.489024
Maharashtra,Jalgaon,Jalgaon,Onion,Red/Nasik,FAQ,2026-09-08,2133.55,2825.03,2434.41,247.0,sample,1,2026-10-08T22:44:27.489032
Maharashtra,Jalgaon,Jalgaon,Onion,Red/Nasik,FAQ,2026-09-09,2064.43,2804.92,2332.97,345.7,sample,1,2026-10-08T22:44:27.489039
Maharashtra,Jalgaon,Jalgaon,Onion,Red/Nasik,FAQ,2026-09-10,2079.64,2699.25,2363.37,221.9,sample,1,2026-10-08T22:44:27.489046
Maharashtra,Jalgaon,Jalgaon,Onion,Red/Nasik,FAQ,2026-09-11,1868.71,2695.54,2238.92,337.1,sample,1,2026-10-08T22:44:27.489054
Maharashtra,Jalgaon,Jalgaon,Onion,Red/Nasik,FAQ,2026-09-12,1844.52,2660.12,2210.39,303.1,sample,1,2026-10-08T22:44:27.489062
Maharashtra,Jalgaon,Jalgaon,Onion,Red/Nasik,FAQ,2026-09-14,1926.8,2547.5,2237.79,297.3,sample,1,2026-10-08T22:44:27.489113
Maharashtra,Jalgaon,Jalgaon,Onion,Red/Nasik,FAQ,2026-09-15,1921.65,2594.78,2166.29,305.4,sample,1,2026-10-08T22:44:27.489186
Maharashtra,Jalgaon,Jalgaon,Onion,Red/Nasik,FAQ,2026-09-16,1990.81,2629.1,2234.9,452.6,sample,1,2026-10-08T22:44:27.489272
Maharashtra,Jalgaon,Jalgaon,Onion,Red/Nasik,FAQ,2026-09-17,2028.2,2764.53,2259.85,122.7,sample,1,2026-10-08T22:44:27.489305
Maharashtra,Jalgaon,Jalgaon,Onion,Red/Nasik,FAQ,2026-09-18,2095.48,2798.98,2349.63,448.3,sample,1,2026-10-08T22:44:27.489457
Maharashtra,Jalgaon,Jalgaon,Onion,Red/Nasik,FAQ,2026-09-19,2068.14,2831.76,2358.1,319.2,sample,1,2026-10-08T22:44:27.489466
Maharashtra,Jalgaon,Jalgaon,Onion,Red/Nasik,FAQ,2026-09-21,1978.16,2628.9,2343.32,241.0,sample,1,2026-10-08T22:44:27.489506
Maharashtra,Jalgaon,Jalgaon,Onion,Red/Nasik,FAQ,2026-09-22,2065.74,2836.75,2350.43,186.0,sample,1,2026-10-08T22:44:27.489517
Maharashtra,Jalgaon,Jalgaon,Onion,Red/Nasik,FAQ,2026-09-23,2119.42,2667.66,2347.3,106.3,sample,1,2026-10-08T22:44:27.489527
Maharashtra,Jalgaon,Jalgaon,Onion,Red/Nasik,FAQ,2026-09-24,2114.08,2671.59,2370.08,181.1,sample,1,2026-10-08T22:44:27.489535
Maharashtra,Jalgaon,Jalgaon,Onion,Red/Nasik,FAQ,2026-09-25,2021.05,2699.73,2341.66,52.5,sample,1,2026-10-08T22:44:27.489543
Maharashtra,Jalgaon,Jalgaon,Onion,Red/Nasik,FAQ,2026-09-26,2136.3,2730.42,2356.83,187.2,sample,1,2026-10-08T22:44:27.489556
Maharashtra,Jalgaon,Jalgaon,Onion,Red/Nasik,FAQ,2026-09-28,2039.11,2795.36,2316.7,95.6,sample,1,2026-10-08T22:44:27.489564
Maharashtra,Jalgaon,Jalgaon,Onion,Red/Nasik,FAQ,2026-09-29,2092.96,2799.93,2339.42,309.6,sample,1,2026-10-08T22:44:27.489572
Maharashtra,Jalgaon,Jalgaon,Onion,Red/Nasik,FAQ,2026-09-30,1975.18,2562.11,2254.49,67.9,sample,1,2026-10-08T22:44:27.489580
Maharashtra,Jalgaon,Jalgaon,Onion,Red/Nasik,FAQ,2026-10-01,1967.28,2638.65,2260.95,262.7,sample,1,2026-10-08T22:44:27.489588
Maharashtra,Jalgaon,Jalgaon,Onion,Red/Nasik,FAQ,2026-10-02,1863.4,2577.51,2232.91,483.2,sample,1,2026-10-08T22:44:27.489596
Maharashtra,Jalgaon,Jalgaon,Onion,Red/Nasik,FAQ,2026-10-03,1925.28,2595.92,2256.8,295.2,sample,1,2026-10-08T22:44:27.489606
Maharashtra,Jalgaon,Jalgaon,Onion,Red/Nasik,FAQ,2026-10-05,1985.6,2568.95,2268.81,332.5,sample,1,2026-10-08T22:44:27.489617
Maharashtra,Jalgaon,Jalgaon,Onion,Red/Nasik,FAQ,2026-10-06,1982.67,2741.59,2229.29,211.7,sample,1,2026-10-08T22:44:27.489625
Maharashtra,Jalgaon,Jalgaon,Onion,Red/Nasik,FAQ,2026-10-07,2013.47,2701.93,2320.23,459.3,sample,1,2026-10-08T22:44:27.489633
Maharashtra,Jalgaon,Jalgaon,Onion,Red/Nasik,FAQ,2026-10-08,2020.36,2591.91,2311.67,253.7,sample,1,2026-10-08T22:44:27.489642
Maharashtra,Jalgaon,Jalgaon,Soyabean,Yellow,FAQ,2026-07-10,4583.32,4915.88,4775.81,469.4,sample,1,2026-10-08T22:44:27.489655
Maharashtra,Jalgaon,Jalgaon,Soyabean,Yellow,FAQ,2026-07-11,4597.59,4957.73,4745.99,426.2,sample,1,2026-10-08T22:44:27.489664
Maharashtra,Jalgaon,Jalgaon,Soyabean,Yellow,FAQ,2026-07-13,4557.63,4929.75,4719.53,274.8,sample,1,2026-10-08T22:44:27.489673
Maharashtra,Jalgaon,Jalgaon,Soyabean,Yellow,FAQ,2026-07-14,4637.92,4975.71,4747.01,299.0,sample,1,2026-10-08T22:44:27.489681
Maharashtra,Jalgaon,Jalgaon,Soyabean,Yellow,FAQ,2026-07-15,4619.04,4891.87,4735.11,296.0,sample,1,2026-10-08T22:44:27.489690
Maharashtra,Jalgaon,Jalgaon,Soyabean,Yellow,FAQ,2026-07-16,4644.31,4966.3,4774.46,320.8,sample,1,2026-10-08T22:44:27.489698
Maharashtra,Jalgaon,Jalgaon,Soyabean,Yellow,FAQ,2026-07-17,4641.12,4988.63,4807.51,160.2,sample,1,2026-10-08T22:44:27.489706
Maharashtra,Jalgaon,Jalgaon,Soyabean,Yellow,FAQ,2026-07-18,4623.14,4990.21,4795.88,153.1,sample,1,2026-10-08T22:44:27.489714
Maharashtra,Jalgaon,Jalgaon,Soyabean,Yellow,FAQ,2026-07-20,4684.07,5042.39,4830.45,47.3,sample,1,2026-10-08T22:44:27.489723
Maharashtra,Jalgaon,Jalgaon,Soyabean,Yellow,FAQ,2026-07-21,4655.76,5040.6,4823.03,40.9,sample,1,2026-10-08T22:44:27.489731
Maharashtra,Jalgaon,Jalgaon,Soyabean,Yellow,FAQ,2026-07-22,4569.16,4924.28,4734.7,451.8,sample,1,2026-10-08T22:44:27.489739
Maharashtra,Jalgaon,Jalgaon,Soyabean,Yellow,FAQ,2026-07-23,4580.32,4980.12,4748.62,287.5,sample,1,2026-10-08T22:44:27.489748
Maharashtra,Jalgaon,Jalgaon,Soyabean,Yellow,FAQ,2026-07-24,4650.65,4906.34,4762.63,422.8,sample,1,2026-10-08T22:44:27.489756
Maharashtra,Jalgaon,Jalgaon,Soyabean,Yellow,FAQ,2026-07-25,4540.74,4926.86,4706.19,202.4,sample,1,2026-10-08T22:44:27.489764
Maharashtra,Jalgaon,Jalgaon,Soyabean,Yellow,FAQ,2026-07-27,4600.48,4898.96,4737.7,393.3,sample,1,2026-10-08T22:44:27.489773
Maharashtra,Jalgaon,Jalgaon,Soyabean,Yellow,FAQ,2026-07-28,4501.86,4810.6,4669.59,252.8,sample,1,2026-10-08T22:44:27.489781
Maharashtra,Jalgaon,Jalgaon,Soyabean,Yellow,FAQ,2026-07-29,4589.12,4856.43,4714.06,169.3,sample,1,2026-10-08T22:44:27.489789
Maharashtra,Jalgaon,Jalgaon,Soyabean,Yellow,FAQ,2026-07-30,4511.51,4882.38,4699.44,81.4,sample,1,2026-10-08T22:44:27.489797
Maharashtra,Jalgaon,Jalgaon,Soyabean,Yellow,FAQ,2026-07-31,4507.15,4844.86,4676.75,267.2,sample,1,2026-10-08T22:44:27.489804
Maharashtra,Jalgaon,Jalgaon,Soyabean,Yellow,FAQ,2026-08-01,4521.01,4832.37,4658.68,456.1,sample,1,2026-10-08T22:44:27.489818
Maharashtra,Jalgaon,Jalgaon,Soyabean,Yellow,FAQ,2026-08-03,4533.78,4894.96,4656.43,222.2,sample,1,2026-10-08T22:44:27.489826
Maharashtra,Jalgaon,Jalgaon,Soyabean,Yellow,FAQ,2026-08-04,4451.92,4843.5,4635.21,267.2,sample,1,2026-10-08T22:44:27.489834
Maharashtra,Jalgaon,Jalgaon,Soyabean,Yellow,FAQ,2026-08-05,4429.88,4807.68,4585.79,300.0,sample,1,2026-10-08T22:44:27.489842
Maharashtra,Jalgaon,Jalgaon,Soyabean,Yellow,FAQ,2026-08-06,4464.84,4731.11,4575.72,69.9,sample,1,2026-10-08T22:44:27.489850
Maharashtra,Jalgaon,Jalgaon,Soyabean,Yellow,FAQ,2026-08-07,4456.27,4784.56,4581.79,399.8,sample,1,2026-10-08T22:44:27.489857
Maharashtra,Jalgaon,Jalgaon,Soyabean,Yellow,FAQ,2026-08-08,4520.3,4863.93,4642.57,496.3,sample,1,2026-10-08T22:44:27.489865
Maharashtra,Jalgaon,Jalgaon,Soyabean,Yellow,FAQ,2026-08-10,4503.38,4838.35,4631.14,248.8,sample,1,2026-10-08T22:44:27.489874
Maharashtra,Jalgaon,Jalgaon,Soyabean,Yellow,FAQ,2026-08-11,4401.95,4808.28,4591.36,473.8,sample,1,2026-10-08T22:44:27.489881
Maharashtra,Jalgaon,Jalgaon,Soyabean,Yellow,FAQ,2026-08-12,4545.42,4948.76,4689.35,166.1,sample,1,2026-10-08T22:44:27.489889
Maharashtra,Jalgaon,Jalgaon,Soyabean,Yellow,FAQ,2026-08-13,4556.93,4919.14,4723.15,206.3,sample,1,2026-10-08T22:44:27.489898
Maharashtra,Jalgaon,Jalgaon,Soyabean,Yellow,FAQ,2026-08-14,4604.48,4903.04,4729.69,233.2,sample,1,2026-10-08T22:44:27.489905
Maharashtra,Jalgaon,Jalgaon,Soyabean,Yellow,FAQ,2026-08-15,4502.95,4788.97,4648.35,129.5,sample,1,2026-10-08T22:44:27.489914
Maharashtra,Jalgaon,Jalgaon,Soyabean,Yellow,FAQ,2026-08-17,4592.02,4927.79,4699.3,489.9,sample,1,2026-10-08T22:44:27.489923
Maharashtra,Jalgaon,Jalgaon,Soyabean,Yellow,FAQ,2026-08-18,4584.81,4876.88,4727.95,155.0,sample,1,2026-10-08T22:44:27.489930
Maharashtra,Jalgaon,Jalgaon,Soyabean,Yellow,FAQ,2026-08-19,4585.88,4898.83,4747.22,260.8,sample,1,2026-10-08T22:44:27.489938
Maharashtra,Jalgaon,Jalgaon,Soyabean,Yellow,FAQ,2026-08-20,4599.78,4988.61,4777.51,328.1,sample,1,2026-10-08T22:44:27.489945
Maharashtra,Jalgaon,Jalgaon,Soyabean,Yellow,FAQ,2026-08-21,4646.58,4929.89,4761.29,196.8,sample,1,2026-10-08T22:44:27.489953
Maharashtra,Jalgaon,Jalgaon,Soyabean,Yellow,FAQ,2026-08-22,4677.53,4967.46,4787.43,405.3,sample,1,2026-10-08T22:44:27.489961
Maharashtra,Jalgaon,Jalgaon,Soyabean,Yellow,FAQ,2026-08-24,4690.16,5082.61,4850.92,327.7,sample,1,2026-10-08T22:44:27.489969
Maharashtra,Jalgaon,Jalgaon,Soyabean,Yellow,FAQ,2026-08-25,4665.25,4972.61,4822.35,67.9,sample,1,2026-10-08T22:44:27.489978
Maharashtra,Jalgaon,Jalgaon,Soyabean,Yellow,FAQ,2026-08-26,4671.86,5000.95,4853.15,98.7,sample,1,2026-10-08T22:44:27.489985
Maharashtra,Jalgaon,Jalgaon,Soyabean,Yellow,FAQ,2026-08-27,4667.98,5048.73,4855.7,178.7,sample,1,2026-10-08T22:44:27.489994
Maharashtra,Jalgaon,Jalgaon,Soyabean,Yellow,FAQ,2026-08-28,4674.58,5047.67,4840.56,175.7,sample,1,2026-10-08T22:44:27.490002
Maharashtra,Jalgaon,Jalgaon,Soyabean,Yellow,FAQ,2026-08-29,4686.69,4977.52,4826.02,385.9,sample,1,2026-10-08T22:44:27.490010
Maharashtra,Jalgaon,Jalgaon,Soyabean,Yellow,FAQ,2026-08-31,4664.07,4969.72,4828.45,216.6,sample,1,2026-10-08T22:44:27.490019
Maharashtra,Jalgaon,Jalgaon,Soyabean,Yellow,FAQ,2026-09-01,4702.28,5124.43,4878.84,324.8,sample,1,2026-10-08T22:44:27.490026
Maharashtra,Jalgaon,Jalgaon,Soyabean,Yellow,FAQ,2026-09-02,4647.15,5017.1,4822.61,191.0,sample,1,2026-10-08T22:44:27.490034
Maharashtra,Jalgaon,Jalgaon,Soyabean,Yellow,FAQ,2026-09-03,4776.83,5051.47,4899.15,313.8,sample,1,2026-10-08T22:44:27.490043
Maharashtra,Jalgaon,Jalgaon,Soyabean,Yellow,FAQ,2026-09-04,4834.1,5165.32,4956.53,333.2,sample,1,2026-10-08T22:44:27.490051
Maharashtra,Jalgaon,Jalgaon,Soyabean,Yellow,FAQ,2026-09-05,4847.71,5166.3,4975.78,373.3,sample,1,2026-10-08T22:44:27.490060
Maharashtra,Jalgaon,Jalgaon,Soyabean,Yellow,FAQ,2026-09-07,4760.19,5084.18,4936.92,183.4,sample,1,2026-10-08T22:44:27.490068
Maharashtra,Jalgaon,Jalgaon,Soyabean,Yellow,FAQ,2026-09-08,4794.02,5193.42,4938.25,387.0,sample,1,2026-10-08T22:44:27.490076
Maharashtra,Jalgaon,Jalgaon,Soyabean,Yellow,FAQ,2026-09-09,4723.33,5055.81,4898.12,182.0,sample,1,2026-10-08T22:44:27.490083
Maharashtra,Jalgaon,Jalgaon,Soyabean,Yellow,FAQ,2026-09-10,4832.51,5152.63,4968.37,43.7,sample,1,2026-10-08T22:44:27.490091
Maharashtra,Jalgaon,Jalgaon,Soyabean,Yellow,FAQ,2026-09-11,4796.22,5107.23,4906.38,424.2,sample,1,2026-10-08T22:44:27.490098
Maharashtra,Jalgaon,Jalgaon,Soyabean,Yellow,FAQ,2026-09-12,4685.65,5058.58,4867.93,129.9,sample,1,2026-10-08T22:44:27.490106
Maharashtra,Jalgaon,Jalgaon,Soyabean,Yellow,FAQ,2026-09-14,4713.7,5070.36,4889.37,347.2,sample,1,2026-10-08T22:44:27.490114
Maharashtra,Jalgaon,Jalgaon,Soyabean,Yellow,FAQ,2026-09-15,4798.63,5223.99,4966.16,315.9,sample,1,2026-10-08T22:44:27.490122
Maharashtra,Jalgaon,Jalgaon,Soyabean,Yellow,FAQ,2026-09-16,4738.51,5144.12,4930.19,232.6,sample,1,2026-10-08T22:44:27.490130
Maharashtra,Jalgaon,Jalgaon,Soyabean,Yellow,FAQ,2026-09-17,4847.96,5162.09,4967.57,403.0,sample,1,2026-10-08T22:44:27.490138
Maharashtra,Jalgaon,Jalgaon,Soyabean,Yellow,FAQ,2026-09-18,4879.03,5151.12,4984.36,145.9,sample,1,2026-10-08T22:44:27.490146
Maharashtra,Jalgaon,Jalgaon,Soyabean,Yellow,FAQ,2026-09-19,4819.37,5149.2,4980.52,377.9,sample,1,2026-10-08T22:44:27.490154
Maharashtra,Jalgaon,Jalgaon,Soyabean,Yellow,FAQ,2026-09-21,4832.2,5168.45,5003.81,124.8,sample,1,2026-10-08T22:44:27.490162
Maharashtra,Jalgaon,Jalgaon,Soyabean,Yellow,FAQ,2026-09-22,4786.99,5164.62,4981.08,73.9,sample,1,2026-10-08T22:44:27.490173
Maharashtra,Jalgaon,Jalgaon,Soyabean,Yellow,FAQ,2026-09-23,4858.31,5152.79,4989.46,309.4,sample,1,2026-10-08T22:44:27.490181
Maharashtra,Jalgaon,Jalgaon,Soyabean,Yellow,FAQ,2026-09-24,4807.8,5126.97,4981.7,53.7,sample,1,2026-10-08T22:44:27.490189
Maharashtra,Jalgaon,Jalgaon,Soyabean,Yellow,FAQ,2026-09-25,4793.9,5204.84,4978.58,196.3,sample,1,2026-10-08T22:44:27.490196
Maharashtra,Jalgaon,Jalgaon,Soyabean,Yellow,FAQ,2026-09-26,4836.17,5152.5,4991.08,49.9,sample,1,2026-10-08T22:44:27.490204
Maharashtra,Jalgaon,Jalgaon,Soyabean,Yellow,FAQ,2026-09-28,4921.08,5249.26,5027.97,214.3,sample,1,2026-10-08T22:44:27.490212
Maharashtra,Jalgaon,Jalgaon,Soyabean,Yellow,FAQ,2026-09-29,4765.34,5094.53,4941.21,470.6,sample,1,2026-10-08T22:44:27.490221
Maharashtra,Jalgaon,Jalgaon,Soyabean,Yellow,FAQ,2026-09-30,4744.24,5141.4,4922.09,472.9,sample,1,2026-10-08T22:44:27.490229
Maharashtra,Jalgaon,Jalgaon,Soyabean,Yellow,FAQ,2026-10-01,4748.93,5201.59,4941.87,445.6,sample,1,2026-10-08T22:44:27.490236
Maharashtra,Jalgaon,Jalgaon,Soyabean,Yellow,FAQ,2026-10-02,4825.4,5194.3,4943.4,405.7,sample,1,2026-10-08T22:44:27.490245
Maharashtra,Jalgaon,Jalgaon,Soyabean,Yellow,FAQ,2026-10-03,4801.8,5109.43,4924.05,212.2,sample,1,2026-10-08T22:44:27.490253
Maharashtra,Jalgaon,Jalgaon,Soyabean,Yellow,FAQ,2026-10-05,4699.78,4972.33,4826.79,323.4,sample,1,2026-10-08T22:44:27.490261
Maharashtra,Jalgaon,Jalgaon,Soyabean,Yellow,FAQ,2026-10-06,4637.11,4963.39,4759.13,403.2,sample,1,2026-10-08T22:44:27.490270
Maharashtra,Jalgaon,Jalgaon,Soyabean,Yellow,FAQ,2026-10-07,4576.36,4997.71,4752.97,431.7,sample,1,2026-10-08T22:44:27.490279
Maharashtra,Jalgaon,Jalgaon,Soyabean,Yellow,FAQ,2026-10-08,4572.86,5011.31,4765.01,136.2,sample,1,2026-10-08T22:44:27.490287
Maharashtra,Jalgaon,Jalgaon,Wheat,Lokwan,FAQ,2026-07-10,2652.82,2917.6,2784.59,274.0,sample,1,2026-10-08T22:44:27.490296
Maharashtra,Jalgaon,Jalgaon,Wheat,Lokwan,FAQ,2026-07-11,2659.07,2992.83,2797.16,274.2,sample,1,2026-10-08T22:44:27.490305
Maharashtra,Jalgaon,Jalgaon,Wheat,Lokwan,FAQ,2026-07-13,2660.2,2933.75,2767.37,359.5,sample,1,2026-10-08T22:44:27.490314
Maharashtra,Jalgaon,Jalgaon,Wheat,Lokwan,FAQ,2026-07-14,2631.72,2946.69,2767.25,163.4,sample,1,2026-10-08T22:44:27.490321
Maharashtra,Jalgaon,Jalgaon,Wheat,Lokwan,FAQ,2026-07-15,2595.05,2851.05,2721.1,141.0,sample,1,2026-10-08T22:44:27.490329
Maharashtra,Jalgaon,Jalgaon,Wheat,Lokwan,FAQ,2026-07-16,2657.28,2975.12,2755.9,222.1,sample,1,2026-10-08T22:44:27.490337
Maharashtra,Jalgaon,Jalgaon,Wheat,Lokwan,FAQ,2026-07-17,2612.91,2965.08,2738.05,212.1,sample,1,2026-10-08T22:44:27.490345
Maharashtra,Jalgaon,Jalgaon,Wheat,Lokwan,FAQ,2026-07-18,2664.69,2928.84,2788.33,78.7,sample,1,2026-10-08T22:44:27.490352
Maharashtra,Jalgaon,Jalgaon,Wheat,Lokwan,FAQ,2026-07-20,2638.99,2941.29,2765.04,325.7,sample,1,2026-10-08T22:44:27.490360
Maharashtra,Jalgaon,Jalgaon,Wheat,Lokwan,FAQ,2026-07-21,2658.06,2949.24,2772.74,228.1,sample,1,2026-10-08T22:44:27.490367
Maharashtra,Jalgaon,Jalgaon,Wheat,Lokwan,FAQ,2026-07-22,2667.9,2924.82,2779.43,147.5,sample,1,2026-10-08T22:44:27.490375
Maharashtra,Jalgaon,Jalgaon,Wheat,Lokwan,FAQ,2026-07-23,2627.42,2922.67,2757.89,77.9,sample,1,2026-10-08T22:44:27.490384
Maharashtra,Jalgaon,Jalgaon,Wheat,Lokwan,FAQ,2026-07-24,2644.13,2985.34,2774.47,466.2,sample,1,2026-10-08T22:44:27.490391
Maharashtra,Jalgaon,Jalgaon,Wheat,Lokwan,FAQ,2026-07-25,2657.61,2882.41,2748.7,57.6,sample,1,2026-10-08T22:44:27.490400
Maharashtra,Jalgaon,Jalgaon,Wheat,Lokwan,FAQ,2026-07-27,2646.64,2913.04,2754.35,415.2,sample,1,2026-10-08T22:44:27.490408
Maharashtra,Jalgaon,Jalgaon,Wheat,Lokwan,FAQ,2026-07-28,2637.17,2926.02,2770.38,364.6,sample,1,2026-10-08T22:44:27.490416
Maharashtra,Jalgaon,Jalgaon,Wheat,Lokwan,FAQ,2026-07-29,2721.41,3065.48,2859.58,459.7,sample,1,2026-10-08T22:44:27.490424
Maharashtra,Jalgaon,Jalgaon,Wheat,Lokwan,FAQ,2026-07-30,2768.86,3011.81,2853.47,418.3,sample,1,2026-10-08T22:44:27.490433
Maharashtra,Jalgaon,Jalgaon,Wheat,Lokwan,FAQ,2026-07-31,2740.84,3042.69,2854.05,341.4,sample,1,2026-10-08T22:44:27.490441
Maharashtra,Jalgaon,Jalgaon,Wheat,Lokwan,FAQ,2026-08-01,2706.49,3005.84,2824.47,390.1,sample,1,2026-10-08T22:44:27.490448
Maharashtra,Jalgaon,Jalgaon,Wheat,Lokwan,FAQ,2026-08-03,2735.79,3043.04,2836.13,258.2,sample,1,2026-10-08T22:44:27.490460
Maharashtra,Jalgaon,Jalgaon,Wheat,Lokwan,FAQ,2026-08-04,2731.48,3063.51,2852.62,388.5,sample,1,2026-10-08T22:44:27.490469
Maharashtra,Jalgaon,Jalgaon,Wheat,Lokwan,FAQ,2026-08-05,2702.19,3003.02,2843.21,126.4,sample,1,2026-10-08T22:44:27.490477
Maharashtra,Jalgaon,Jalgaon,Wheat,Lokwan,FAQ,2026-08-06,2672.2,3013.03,2811.65,136.4,sample,1,2026-10-08T22:44:27.490484
Maharashtra,Jalgaon,Jalgaon,Wheat,Lokwan,FAQ,2026-08-07,2667.69,2967.04,2778.67,99.0,sample,1,2026-10-08T22:44:27.490492
Maharashtra,Jalgaon,Jalgaon,Wheat,Lokwan,FAQ,2026-08-08,2635.7,2914.67,2787.62,412.8,sample,1,2026-10-08T22:44:27.490500
Maharashtra,Jalgaon,Jalgaon,Wheat,Lokwan,FAQ,2026-08-10,2683.57,2997.81,2797.75,225.5,sample,1,2026-10-08T22:44:27.490513
Maharashtra,Jalgaon,Jalgaon,Wheat,Lokwan,FAQ,2026-08-11,2636.14,2960.26,2776.2,190.0,sample,1,2026-10-08T22:44:27.490525
Maharashtra,Jalgaon,Jalgaon,Wheat,Lokwan,FAQ,2026-08-12,2668.39,2961.38,2818.78,478.2,sample,1,2026-10-08T22:44:27.490539
Maharashtra,Jalgaon,Jalgaon,Wheat,Lokwan,FAQ,2026-08-13,2714.44,3016.24,2822.22,317.4,sample,1,2026-10-08T22:44:27.490555
Maharashtra,Jalgaon,Jalgaon,Wheat,Lokwan,FAQ,2026-08-14,2625.42,2928.04,2779.99,219.7,sample,1,2026-10-08T22:44:27.490569
Maharashtra,Jalgaon,Jalgaon,Wheat,Lokwan,FAQ,2026-08-15,2625.03,2893.85,2747.51,90.0,sample,1,2026-10-08T22:44:27.490584
Maharashtra,Jalgaon,Jalgaon,Wheat,Lokwan,FAQ,2026-08-17,2574.89,2859.38,2723.31,88.0,sample,1,2026-10-08T22:44:27.490599
Maharashtra,Jalgaon,Jalgaon,Wheat,Lokwan,FAQ,2026-08-18,2589.74,2843.01,2713.55,357.0,sample,1,2026-10-08T22:44:27.490612
Maharashtra,Jalgaon,Jalgaon,Wheat,Lokwan,FAQ,2026-08-19,2610.84,2929.84,2699.84,170.6,sample,1,2026-10-08T22:44:27.490625
Maharashtra,Jalgaon,Jalgaon,Wheat,Lokwan,FAQ,2026-08-20,2603.22,2901.23,2704.0,72.2,sample,1,2026-10-08T22:44:27.490639
Maharashtra,Jalgaon,Jalgaon,Wheat,Lokwan,FAQ,2026-08-21,2638.71,2953.93,2735.08,229.0,sample,1,2026-10-08T22:44:27.490652
Maharashtra,Jalgaon,Jalgaon,Wheat,Lokwan,FAQ,2026-08-22,2651.69,2884.96,2747.0,286.8,sample,1,2026-10-08T22:44:27.490665
Maharashtra,Jalgaon,Jalgaon,Wheat,Lokwan,FAQ,2026-08-24,2585.53,2957.8,2738.3,99.8,sample,1,2026-10-08T22:44:27.490681
Maharashtra,Jalgaon,Jalgaon,Wheat,Lokwan,FAQ,2026-08-25,2641.86,2913.35,2740.67,366.4,sample,1,2026-10-08T22:44:27.490694
Maharashtra,Jalgaon,Jalgaon,Wheat,Lokwan,FAQ,2026-08-26,2556.43,2897.5,2708.05,271.1,sample,1,2026-10-08T22:44:27.490708
Maharashtra,Jalgaon,Jalgaon,Wheat,Lokwan,FAQ,2026-08-27,2582.71,2871.77,2716.02,43.4,sample,1,2026-10-08T22:44:27.490724
Maharashtra,Jalgaon,Jalgaon,Wheat,Lokwan,FAQ,2026-08-28,2611.14,2937.11,2723.89,281.9,sample,1,2026-10-08T22:44:27.490737
Maharashtra,Jalgaon,Jalgaon,Wheat,Lokwan,FAQ,2026-08-29,2583.26,2953.76,2732.8,251.7,sample,1,2026-10-08T22:44:27.490750
Maharashtra,Jalgaon,Jalgaon,Wheat,Lokwan,FAQ,2026-08-31,2593.14,2919.02,2697.87,249.9,sample,1,2026-10-08T22:44:27.490765
Maharashtra,Jalgaon,Jalgaon,Wheat,Lokwan,FAQ,2026-09-01,2547.74,2885.02,2682.16,176.8,sample,1,2026-10-08T22:44:27.490777
Maharashtra,Jalgaon,Jalgaon,Wheat,Lokwan,FAQ,2026-09-02,2554.9,2804.42,2651.51,454.0,sample,1,2026-10-08T22:44:27.490790
Maharashtra,Jalgaon,Jalgaon,Wheat,Lokwan,FAQ,2026-09-03,2490.44,2802.68,2627.23,459.0,sample,1,2026-10-08T22:44:27.490803
Maharashtra,Jalgaon,Jalgaon,Wheat,Lokwan,FAQ,2026-09-04,2534.69,2875.16,2647.03,150.3,sample,1,2026-10-08T22:44:27.490817
Maharashtra,Jalgaon,Jalgaon,Wheat,Lokwan,FAQ,2026-09-05,2535.62,2837.87,2682.3,328.9,sample,1,2026-10-08T22:44:27.490832
Maharashtra,Jalgaon,Jalgaon,Wheat,Lokwan,FAQ,2026-09-07,2537.44,2875.72,2671.7,139.9,sample,1,2026-10-08T22:44:27.490847
Maharashtra,Jalgaon,Jalgaon,Wheat,Lokwan,FAQ,2026-09-08,2610.35,2963.06,2729.88,294.3,sample,1,2026-10-08T22:44:27.490863
Maharashtra,Jalgaon,Jalgaon,Wheat,Lokwan,FAQ,2026-09-09,2649.78,2950.15,2741.36,190.0,sample,1,2026-10-08T22:44:27.490877
Maharashtra,Jalgaon,Jalgaon,Wheat,Lokwan,FAQ,2026-09-10,2625.53,2895.3,2742.0,272.8,sample,1,2026-10-08T22:44:27.490893
Maharashtra,Jalgaon,Jalgaon,Wheat,Lokwan,FAQ,2026-09-11,2599.43,2940.4,2733.43,215.3,sample,1,2026-10-08T22:44:27.490907
Maharashtra,Jalgaon,Jalgaon,Wheat,Lokwan,FAQ,2026-09-12,2599.34,2955.47,2737.05,222.5,sample,1,2026-10-08T22:44:27.490919
Maharashtra,Jalgaon,Jalgaon,Wheat,Lokwan,FAQ,2026-09-14,2600.48,2911.84,2750.51,384.4,sample,1,2026-10-08T22:44:27.490934
Maharashtra,Jalgaon,Jalgaon,Wheat,Lokwan,FAQ,2026-09-15,2632.92,2885.19,2751.82,292.3,sample,1,2026-10-08T22:44:27.490946
Maharashtra,Jalgaon,Jalgaon,Wheat,Lokwan,FAQ,2026-09-16,2661.09,2969.8,2755.19,427.1,sample,1,2026-10-08T22:44:27.490959
Maharashtra,Jalgaon,Jalgaon,Wheat,Lokwan,FAQ,2026-09-17,2720.28,2944.51,2816.56,86.2,sample,1,2026-10-08T22:44:27.490972
Maharashtra,Jalgaon,Jalgaon,Wheat,Lokwan,FAQ,2026-09-18,2693.12,2939.64,2805.26,391.3,sample,1,2026-10-08T22:44:27.490987
Maharashtra,Jalgaon,Jalgaon,Wheat,Lokwan,FAQ,2026-09-19,2699.97,2975.32,2832.74,204.7,sample,1,2026-10-08T22:44:27.491002
Maharashtra,Jalgaon,Jalgaon,Wheat,Lokwan,FAQ,2026-09-21,2697.88,2979.83,2830.48,360.5,sample,1,2026-10-08T22:44:27.491017
Maharashtra,Jalgaon,Jalgaon,Wheat,Lokwan,FAQ,2026-09-22,2689.2,3047.07,2833.43,334.9,sample,1,2026-10-08T22:44:27.491029
Maharashtra,Jalgaon,Jalgaon,Wheat,Lokwan,FAQ,2026-09-23,2706.47,2977.89,2818.59,64.1,sample,1,2026-10-08T22:44:27.491043
Maharashtra,Jalgaon,Jalgaon,Wheat,Lokwan,FAQ,2026-09-24,2679.2,2972.96,2763.54,392.9,sample,1,2026-10-08T22:44:27.491056
Maharashtra,Jalgaon,Jalgaon,Wheat,Lokwan,FAQ,2026-09-25,2684.03,2921.07,2785.2,234.0,sample,1,2026-10-08T22:44:27.491069
Maharashtra,Jalgaon,Jalgaon,Wheat,Lokwan,FAQ,2026-09-26,2618.23,2935.87,2773.46,128.4,sample,1,2026-10-08T22:44:27.491082
Maharashtra,Jalgaon,Jalgaon,Wheat,Lokwan,FAQ,2026-09-28,2616.66,2976.25,2764.18,422.0,sample,1,2026-10-08T22:44:27.491096
Maharashtra,Jalgaon,Jalgaon,Wheat,Lokwan,FAQ,2026-09-29,2652.47,2892.6,2748.56,231.2,sample,1,2026-10-08T22:44:27.491109
Maharashtra,Jalgaon,Jalgaon,Wheat,Lokwan,FAQ,2026-09-30,2642.01,2912.95,2766.48,135.3,sample,1,2026-10-08T22:44:27.491122
Maharashtra,Jalgaon,Jalgaon,Wheat,Lokwan,FAQ,2026-10-01,2657.09,3007.49,2780.09,95.6,sample,1,2026-10-08T22:44:27.491138
Maharashtra,Jalgaon,Jalgaon,Wheat,Lokwan,FAQ,2026-10-02,2687.88,2953.81,2784.38,185.5,sample,1,2026-10-08T22:44:27.491181
Maharashtra,Jalgaon,Jalgaon,Wheat,Lokwan,FAQ,2026-10-03,2694.01,2981.58,2806.03,70.4,sample,1,2026-10-08T22:44:27.491195
Maharashtra,Jalgaon,Jalgaon,Wheat,Lokwan,FAQ,2026-10-05,2707.56,2951.4,2818.13,140.5,sample,1,2026-10-08T22:44:27.491210
Maharashtra,Jalgaon,Jalgaon,Wheat,Lokwan,FAQ,2026-10-06,2676.28,2972.67,2781.99,492.2,sample,1,2026-10-08T22:44:27.491223
Maharashtra,Jalgaon,Jalgaon,Wheat,Lokwan,FAQ,2026-10-07,2650.43,3023.6,2805.75,118.9,sample,1,2026-10-08T22:44:27.491237
Maharashtra,Jalgaon,Jalgaon,Wheat,Lokwan,FAQ,2026-10-08,2668.91,3012.75,2821.96,491.5,sample,1,2026-10-08T22:44:27.491250
Maharashtra,Nashik,Nashik,Onion,Red/Nasik,FAQ,2026-07-10,1840.06,2671.58,2225.09,192.7,sample,1,2026-10-08T22:44:27.491272
Maharashtra,Nashik,Nashik,Onion,Red/Nasik,FAQ,2026-07-11,1830.95,2647.46,2155.31,186.3,sample,1,2026-10-08T22:44:27.491286
Maharashtra,Nashik,Nashik,Onion,Red/Nasik,FAQ,2026-07-13,1923.89,2620.26,2194.21,309.1,sample,1,2026-10-08T22:44:27.491300
Maharashtra,Nashik,Nashik,Onion,Red/Nasik,FAQ,2026-07-14,1872.1,2584.67,2150.93,146.9,sample,1,2026-10-08T22:44:27.491322
Maharashtra,Nashik,Nashik,Onion,Red/Nasik,FAQ,2026-07-15,1776.74,2456.53,2028.61,452.5,sample,1,2026-10-08T22:44:27.491335
Maharashtra,Nashik,Nashik,Onion,Red/Nasik,FAQ,2026-07-16,1696.13,2418.82,1961.72,388.3,sample,1,2026-10-08T22:44:27.491348
Maharashtra,Nashik,Nashik,Onion,Red/Nasik,FAQ,2026-07-17,1685.89,2314.49,1963.3,109.8,sample,1,2026-10-08T22:44:27.491362
Maharashtra,Nashik,Nashik,Onion,Red/Nasik,FAQ,2026-07-18,1718.83,2254.72,1965.62,464.8,sample,1,2026-10-08T22:44:27.491375
Maharashtra,Nashik,Nashik,Onion,Red/Nasik,FAQ,2026-07-20,1538.22,2240.18,1881.29,167.9,sample,1,2026-10-08T22:44:27.491389
Maharashtra,Nashik,Nashik,Onion,Red/Nasik,FAQ,2026-07-21,1504.08,2292.45,1829.93,279.6,sample,1,2026-10-08T22:44:27.491401
Maharashtra,Nashik,Nashik,Onion,Red/Nasik,FAQ,2026-07-22,1660.56,2208.17,1922.48,429.6,sample,1,2026-10-08T22:44:27.491415
Maharashtra,Nashik,Nashik,Onion,Red/Nasik,FAQ,2026-07-23,1659.08,2266.85,1928.71,288.1,sample,1,2026-10-08T22:44:27.491427
Maharashtra,Nashik,Nashik,Onion,Red/Nasik,FAQ,2026-07-24,1751.66,2451.32,2006.36,371.0,sample,1,2026-10-08T22:44:27.491441
Maharashtra,Nashik,Nashik,Onion,Red/Nasik,FAQ,2026-07-25,1658.16,2349.17,1977.61,188.0,sample,1,2026-10-08T22:44:27.491456
Maharashtra,Nashik,Nashik,Onion,Red/Nasik,FAQ,2026-07-27,1619.5,2282.88,1986.08,128.5,sample,1,2026-10-08T22:44:27.491472
Maharashtra,Nashik,Nashik,Onion,Red/Nasik,FAQ,2026-07-28,1677.04,2315.2,2001.23,133.9,sample,1,2026-10-08T22:44:27.491485
Maharashtra,Nashik,Nashik,Onion,Red/Nasik,FAQ,2026-07-29,1710.23,2573.49,2069.85,148.7,sample,1,2026-10-08T22:44:27.491499
Maharashtra,Nashik,Nashik,Onion,Red/Nasik,FAQ,2026-07-30,1891.32,2569.39,2115.39,183.3,sample,1,2026-10-08T22:44:27.491511
Maharashtra,Nashik,Nashik,Onion,Red/Nasik,FAQ,2026-07-31,1873.73,2455.24,2115.49,171.3,sample,1,2026-10-08T22:44:27.491524
Maharashtra,Nashik,Nashik,Onion,Red/Nasik,FAQ,2026-08-01,1794.64,2517.87,2085.33,165.1,sample,1,2026-10-08T22:44:27.491538
Maharashtra,Nashik,Nashik,Onion,Red/Nasik,FAQ,2026-08-03,1712.49,2473.13,2097.55,117.2,sample,1,2026-10-08T22:44:27.491547
Maharashtra,Nashik,Nashik,Onion,Red/Nasik,FAQ,2026-08-04,1795.7,2486.42,2085.15,378.1,sample,1,2026-10-08T22:44:27.491554
Maharashtra,Nashik,Nashik,Onion,Red/Nasik,FAQ,2026-08-05,1746.55,2384.14,2099.39,215.5,sample,1,2026-10-08T22:44:27.491561
Maharashtra,Nashik,Nashik,Onion,Red/Nasik,FAQ,2026-08-06,1650.85,2476.71,2014.58,463.9,sample,1,2026-10-08T22:44:27.491570
Maharashtra,Nashik,Nashik,Onion,Red/Nasik,FAQ,2026-08-07,1661.75,2344.3,2002.55,253.3,sample,1,2026-10-08T22:44:27.491578
Maharashtra,Nashik,Nashik,Onion,Red/Nasik,FAQ,2026-08-08,1707.06,2368.75,1998.71,318.8,sample,1,2026-10-08T22:44:27.491586
Maharashtra,Nashik,Nashik,Onion,Red/Nasik,FAQ,2026-08-10,1741.19,2352.79,2035.66,127.2,sample,1,2026-10-08T22:44:27.491594
Maharashtra,Nashik,Nashik,Onion,Red/Nasik,FAQ,2026-08-11,1845.91,2458.39,2058.22,373.7,sample,1,2026-10-08T22:44:27.491602
Maharashtra,Nashik,Nashik,Onion,Red/Nasik,FAQ,2026-08-12,1574.72,2466.89,1953.97,211.6,sample,1,2026-10-08T22:44:27.491609
Maharashtra,Nashik,Nashik,Onion,Red/Nasik,FAQ,2026-08-13,1676.77,2408.74,1974.89,310.6,sample,1,2026-10-08T22:44:27.491617
Maharashtra,Nashik,Nashik,Onion,Red/Nasik,FAQ,2026-08-14,1600.93,2349.18,1976.82,300.2,sample,1,2026-10-08T22:44:27.491624
Maharashtra,Nashik,Nashik,Onion,Red/Nasik,FAQ,2026-08-15,1753.15,2382.82,1998.11,157.4,sample,1,2026-10-08T22:44:27.491632
Maharashtra,Nashik,Nashik,Onion,Red/Nasik,FAQ,2026-08-17,1777.37,2476.37,2079.1,356.7,sample,1,2026-10-08T22:44:27.491640
Maharashtra,Nashik,Nashik,Onion,Red/Nasik,FAQ,2026-08-18,1710.72,2482.3,2046.08,466.2,sample,1,2026-10-08T22:44:27.491649
Maharashtra,Nashik,Nashik,Onion,Red/Nasik,FAQ,2026-08-19,1836.72,2528.08,2052.93,330.2,sample,1,2026-10-08T22:44:27.491656
Maharashtra,Nashik,Nashik,Onion,Red/Nasik,FAQ,2026-08-20,1693.92,2473.07,2025.68,336.9,sample,1,2026-10-08T22:44:27.491667
Maharashtra,Nashik,Nashik,Onion,Red/Nasik,FAQ,2026-08-21,1700.38,2374.0,2032.97,317.0,sample,1,2026-10-08T22:44:27.491675
Maharashtra,Nashik,Nashik,Onion,Red/Nasik,FAQ,2026-08-22,1717.49,2580.77,2098.81,45.7,sample,1,2026-10-08T22:44:27.491683
Maharashtra,Nashik,Nashik,Onion,Red/Nasik,FAQ,2026-08-24,1740.78,2491.26,2115.82,309.6,sample,1,2026-10-08T22:44:27.491691
Maharashtra,Nashik,Nashik,Onion,Red/Nasik,FAQ,2026-08-25,1679.07,2455.7,2051.25,126.9,sample,1,2026-10-08T22:44:27.491699
Maharashtra,Nashik,Nashik,Onion,Red/Nasik,FAQ,2026-08-26,1722.39,2330.44,1977.91,485.1,sample,1,2026-10-08T22:44:27.491706
Maharashtra,Nashik,Nashik,Onion,Red/Nasik,FAQ,2026-08-27,1706.78,2407.18,2035.31,181.7,sample,1,2026-10-08T22:44:27.491714
Maharashtra,Nashik,Nashik,Onion,Red/Nasik,FAQ,2026-08-28,1618.19,2260.5,1959.17,332.6,sample,1,2026-10-08T22:44:27.491721
Maharashtra,Nashik,Nashik,Onion,Red/Nasik,FAQ,2026-08-29,1677.82,2390.27,2027.62,105.6,sample,1,2026-10-08T22:44:27.491730
Maharashtra,Nashik,Nashik,Onion,Red/Nasik,FAQ,2026-08-31,1756.19,2391.76,2037.82,494.0,sample,1,2026-10-08T22:44:27.491740
Maharashtra,Nashik,Nashik,Onion,Red/Nasik,FAQ,2026-09-01,1576.17,2213.5,1933.12,72.1,sample,1,2026-10-08T22:44:27.491747
Maharashtra,Nashik,Nashik,Onion,Red/Nasik,FAQ,2026-09-02,1600.96,2384.7,1928.77,118.5,sample,1,2026-10-08T22:44:27.491757
Maharashtra,Nashik,Nashik,Onion,Red/Nasik,FAQ,2026-09-03,1609.82,2336.23,1887.26,131.1,sample,1,2026-10-08T22:44:27.491764
Maharashtra,Nashik,Nashik,Onion,Red/Nasik,FAQ,2026-09-04,1664.75,2431.32,1955.87,125.4,sample,1,2026-10-08T22:44:27.491772
Maharashtra,Nashik,Nashik,Onion,Red/Nasik,FAQ,2026-09-05,1860.78,2405.26,2081.4,389.2,sample,1,2026-10-08T22:44:27.491779
Maharashtra,Nashik,Nashik,Onion,Red/Nasik,FAQ,2026-09-07,1799.92,2513.94,2083.5,327.2,sample,1,2026-10-08T22:44:27.491788
Maharashtra,Nashik,Nashik,Onion,Red/Nasik,FAQ,2026-09-08,1833.16,2519.34,2199.47,174.8,sample,1,2026-10-08T22:44:27.491795
Maharashtra,Nashik,Nashik,Onion,Red/Nasik,FAQ,2026-09-09,1901.46,2593.61,2173.05,259.8,sample,1,2026-10-08T22:44:27.491803
Maharashtra,Nashik,Nashik,Onion,Red/Nasik,FAQ,2026-09-10,1873.77,2509.06,2204.87,68.1,sample,1,2026-10-08T22:44:27.491811
Maharashtra,Nashik,Nashik,Onion,Red/Nasik,FAQ,2026-09-11,1892.35,2724.22,2207.19,84.5,sample,1,2026-10-08T22:44:27.491819
Maharashtra,Nashik,Nashik,Onion,Red/Nasik,FAQ,2026-09-12,1899.29,2485.05,2203.31,317.4,sample,1,2026-10-08T22:44:27.491826
Maharashtra,Nashik,Nashik,Onion,Red/Nasik,FAQ,2026-09-14,1912.22,2683.58,2290.0,195.0,sample,1,2026-10-08T22:44:27.491835
Maharashtra,Nashik,Nashik,Onion,Red/Nasik,FAQ,2026-09-15,1993.74,2650.03,2281.04,449.5,sample,1,2026-10-08T22:44:27.491842
Maharashtra,Nashik,Nashik,Onion,Red/Nasik,FAQ,2026-09-16,1992.23,2811.23,2371.61,214.1,sample,1,2026-10-08T22:44:27.491850
Maharashtra,Nashik,Nashik,Onion,Red/Nasik,FAQ,2026-09-17,2144.91,2730.66,2365.21,191.9,sample,1,2026-10-08T22:44:27.491858
Maharashtra,Nashik,Nashik,Onion,Red/Nasik,FAQ,2026-09-18,2068.41,2858.16,2404.11,448.5,sample,1,2026-10-08T22:44:27.491866
Maharashtra,Nashik,Nashik,Onion,Red/Nasik,FAQ,2026-09-19,2193.93,2853.39,2428.93,439.7,sample,1,2026-10-08T22:44:27.491873
Maharashtra,Nashik,Nashik,Onion,Red/Nasik,FAQ,2026-09-21,2049.0,2774.13,2405.71,324.4,sample,1,2026-10-08T22:44:27.491881
Maharashtra,Nashik,Nashik,Onion,Red/Nasik,FAQ,2026-09-22,2145.51,2868.16,2474.11,230.0,sample,1,2026-10-08T22:44:27.491890
Maharashtra,Nashik,Nashik,Onion,Red/Nasik,FAQ,2026-09-23,2136.17,2993.56,2518.53,47.6,sample,1,2026-10-08T22:44:27.491898
Maharashtra,Nashik,Nashik,Onion,Red/Nasik,FAQ,2026-09-24,2365.6,2931.42,2640.44,411.5,sample,1,2026-10-08T22:44:27.491905
Maharashtra,Nashik,Nashik,Onion,Red/Nasik,FAQ,2026-09-25,2276.93,2972.19,2596.15,321.8,sample,1,2026-10-08T22:44:27.491913
Maharashtra,Nashik,Nashik,Onion,Red/Nasik,FAQ,2026-09-26,2402.4,3009.75,2627.05,468.5,sample,1,2026-10-08T22:44:27.491923
Maharashtra,Nashik,Nashik,Onion,Red/Nasik,FAQ,2026-09-28,2377.43,3238.96,2741.71,377.8,sample,1,2026-10-08T22:44:27.491931
Maharashtra,Nashik,Nashik,Onion,Red/Nasik,FAQ,2026-09-29,2392.26,2981.98,2655.16,105.9,sample,1,2026-10-08T22:44:27.491938
Maharashtra,Nashik,Nashik,Onion,Red/Nasik,FAQ,2026-09-30,2206.07,2971.4,2570.29,98.8,sample,1,2026-10-08T22:44:27.491946
Maharashtra,Nashik,Nashik,Onion,Red/Nasik,FAQ,2026-10-01,2192.66,2898.41,2546.09,349.6,sample,1,2026-10-08T22:44:27.491954
Maharashtra,Nashik,Nashik,Onion,Red/Nasik,FAQ,2026-10-02,2193.85,2821.21,2434.1,93.2,sample,1,2026-10-08T22:44:27.491962
Maharashtra,Nashik,Nashik,Onion,Red/Nasik,FAQ,2026-10-03,2064.88,2731.98,2394.16,137.4,sample,1,2026-10-08T22:44:27.491970
Maharashtra,Nashik,Nashik,Onion,Red/Nasik,FAQ,2026-10-05,2162.35,2772.82,2388.45,369.3,sample,1,2026-10-08T22:44:27.491979
Maharashtra,Nashik,Nashik,Onion,Red/Nasik,FAQ,2026-10-06,2069.28,2811.07,2308.12,455.2,sample,1,2026-10-08T22:44:27.491986
Maharashtra,Nashik,Nashik,Onion,Red/Nasik,FAQ,2026-10-07,2052.45,2703.13,2308.82,452.9,sample,1,2026-10-08T22:44:27.491994
Maharashtra,Nashik,Nashik,Onion,Red/Nasik,FAQ,2026-10-08,2038.62,2583.36,2270.78,285.9,sample,1,2026-10-08T22:44:27.492002
Maharashtra,Nashik,Nashik,Potato,Jyoti,FAQ,2026-07-10,1674.65,2264.61,1897.66,468.6,sample,1,2026-10-08T22:44:27.492016
Maharashtra,Nashik,Nashik,Potato,Jyoti,FAQ,2026-07-11,1650.76,2200.84,1882.72,336.2,sample,1,2026-10-08T22:44:27.492024
Maharashtra,Nashik,Nashik,Potato,Jyoti,FAQ,2026-07-13,1615.42,2122.44,1843.74,335.4,sample,1,2026-10-08T22:44:27.492033
Maharashtra,Nashik,Nashik,Potato,Jyoti,FAQ,2026-07-14,1677.97,2249.51,1885.4,411.9,sample,1,2026-10-08T22:44:27.492041
Maharashtra,Nashik,Nashik,Potato,Jyoti,FAQ,2026-07-15,1738.48,2115.05,1889.0,380.7,sample,1,2026-10-08T22:44:27.492048
Maharashtra,Nashik,Nashik,Potato,Jyoti,FAQ,2026-07-16,1654.2,2250.7,1906.67,93.4,sample,1,2026-10-08T22:44:27.492058
Maharashtra,Nashik,Nashik,Potato,Jyoti,FAQ,2026-07-17,1605.62,2173.96,1860.11,40.8,sample,1,2026-10-08T22:44:27.492066
Maharashtra,Nashik,Nashik,Potato,Jyoti,FAQ,2026-07-18,1765.33,2219.17,1912.76,429.7,sample,1,2026-10-08T22:44:27.492073
Maharashtra,Nashik,Nashik,Potato,Jyoti,FAQ,2026-07-20,1758.79,2274.86,1942.59,406.4,sample,1,2026-10-08T22:44:27.492084
Maharashtra,Nashik,Nashik,Potato,Jyoti,FAQ,2026-07-21,1734.21,2254.87,1936.58,142.2,sample,1,2026-10-08T22:44:27.492092
Maharashtra,Nashik,Nashik,Potato,Jyoti,FAQ,2026-07-22,1705.05,2136.37,1900.32,473.7,sample,1,2026-10-08T22:44:27.492100
Maharashtra,Nashik,Nashik,Potato,Jyoti,FAQ,2026-07-23,1686.44,2226.88,1926.91,249.7,sample,1,2026-10-08T22:44:27.492108
Maharashtra,Nashik,Nashik,Potato,Jyoti,FAQ,2026-07-24,1689.93,2264.0,1909.77,363.4,sample,1,2026-10-08T22:44:27.492116
Maharashtra,Nashik,Nashik,Potato,Jyoti,FAQ,2026-07-25,1685.71,2163.18,1897.58,495.6,sample,1,2026-10-08T22:44:27.492124
Maharashtra,Nashik,Nashik,Potato,Jyoti,FAQ,2026-07-27,1757.73,2278.6,1982.51,421.2,sample,1,2026-10-08T22:44:27.492133
Maharashtra,Nashik,Nashik,Potato,Jyoti,FAQ,2026-07-28,1862.17,2398.32,2061.57,213.3,sample,1,2026-10-08T22:44:27.492142
Maharashtra,Nashik,Nashik,Potato,Jyoti,FAQ,2026-07-29,1845.43,2332.69,2084.78,377.0,sample,1,2026-10-08T22:44:27.492150
Maharashtra,Nashik,Nashik,Potato,Jyoti,FAQ,2026-07-30,1834.57,2407.89,2071.82,64.2,sample,1,2026-10-08T22:44:27.492159
Maharashtra,Nashik,Nashik,Potato,Jyoti,FAQ,2026-07-31,1879.31,2358.34,2077.81,492.8,sample,1,2026-10-08T22:44:27.492167
Maharashtra,Nashik,Nashik,Potato,Jyoti,FAQ,2026-08-01,1833.36,2415.2,2052.47,495.9,sample,1,2026-10-08T22:44:27.492174
Maharashtra,Nashik,Nashik,Potato,Jyoti,FAQ,2026-08-03,1793.17,2402.78,2014.52,388.5,sample,1,2026-10-08T22:44:27.492183
Maharashtra,Nashik,Nashik,Potato,Jyoti,FAQ,2026-08-04,1812.44,2304.38,1999.37,170.2,sample,1,2026-10-08T22:44:27.492192
Maharashtra,Nashik,Nashik,Potato,Jyoti,FAQ,2026-08-05,1744.03,2267.66,1986.78,100.2,sample,1,2026-10-08T22:44:27.492200
Maharashtra,Nashik,Nashik,Potato,Jyoti,FAQ,2026-08-06,1730.41,2275.15,1960.68,410.3,sample,1,2026-10-08T22:44:27.492208
Maharashtra,Nashik,Nashik,Potato,Jyoti,FAQ,2026-08-07,1795.04,2229.41,1989.94,103.3,sample,1,2026-10-08T22:44:27.492216
Maharashtra,Nashik,Nashik,Potato,Jyoti,FAQ,2026-08-08,1717.37,2203.27,1940.88,106.6,sample,1,2026-10-08T22:44:27.492225
Maharashtra,Nashik,Nashik,Potato,Jyoti,FAQ,2026-08-10,1722.16,2162.04,1950.4,373.9,sample,1,2026-10-08T22:44:27.492234
Maharashtra,Nashik,Nashik,Potato,Jyoti,FAQ,2026-08-11,1795.78,2336.96,2004.86,494.7,sample,1,2026-10-08T22:44:27.492241
Maharashtra,Nashik,Nashik,Potato,Jyoti,FAQ,2026-08-12,1859.83,2412.58,2051.08,466.0,sample,1,2026-10-08T22:44:27.492249
Maharashtra,Nashik,Nashik,Potato,Jyoti,FAQ,2026-08-13,1960.63,2497.51,2112.16,122.6,sample,1,2026-10-08T22:44:27.492257
Maharashtra,Nashik,Nashik,Potato,Jyoti,FAQ,2026-08-14,1976.33,2511.15,2194.34,486.1,sample,1,2026-10-08T22:44:27.492266
Maharashtra,Nashik,Nashik,Potato,Jyoti,FAQ,2026-08-15,1996.13,2494.09,2211.37,55.6,sample,1,2026-10-08T22:44:27.492273
Maharashtra,Nashik,Nashik,Potato,Jyoti,FAQ,2026-08-17,1975.57,2579.95,2198.13,340.3,sample,1,2026-10-08T22:44:27.492283
Maharashtra,Nashik,Nashik,Potato,Jyoti,FAQ,2026-08-18,2038.65,2558.21,2223.69,405.8,sample,1,2026-10-08T22:44:27.492291
Maharashtra,Nashik,Nashik,Potato,Jyoti,FAQ,2026-08-19,1930.72,2501.57,2174.51,166.6,sample,1,2026-10-08T22:44:27.492299
Maharashtra,Nashik,Nashik,Potato,Jyoti,FAQ,2026-08-20,1891.46,2385.96,2109.84,95.2,sample,1,2026-10-08T22:44:27.492307
Maharashtra,Nashik,Nashik,Potato,Jyoti,FAQ,2026-08-21,1914.31,2436.32,2134.57,50.6,sample,1,2026-10-08T22:44:27.492316
Maharashtra,Nashik,Nashik,Potato,Jyoti,FAQ,2026-08-22,1934.21,2456.04,2142.97,165.9,sample,1,2026-10-08T22:44:27.492323
Maharashtra,Nashik,Nashik,Potato,Jyoti,FAQ,2026-08-24,1967.28,2426.16,2129.01,336.5,sample,1,2026-10-08T22:44:27.492332
Maharashtra,Nashik,Nashik,Potato,Jyoti,FAQ,2026-08-25,1863.3,2368.2,2055.34,85.7,sample,1,2026-10-08T22:44:27.492340
Maharashtra,Nashik,Nashik,Potato,Jyoti,FAQ,2026-08-26,1882.74,2361.45,2118.17,413.9,sample,1,2026-10-08T22:44:27.492348
Maharashtra,Nashik,Nashik,Potato,Jyoti,FAQ,2026-08-27,1994.65,2447.11,2137.02,286.8,sample,1,2026-10-08T22:44:27.492355
Maharashtra,Nashik,Nashik,Potato,Jyoti,FAQ,2026-08-28,1938.34,2455.86,2140.61,368.3,sample,1,2026-10-08T22:44:27.492363
Maharashtra,Nashik,Nashik,Potato,Jyoti,FAQ,2026-08-29,1856.29,2323.44,2091.1,386.4,sample,1,2026-10-08T22:44:27.492371
Maharashtra,Nashik,Nashik,Potato,Jyoti,FAQ,2026-08-31,1992.86,2472.38,2154.54,122.8,sample,1,2026-10-08T22:44:27.492380
Maharashtra,Nashik,Nashik,Potato,Jyoti,FAQ,2026-09-01,1919.26,2479.92,2125.83,96.6,sample,1,2026-10-08T22:44:27.492389
Maharashtra,Nashik,Nashik,Potato,Jyoti,FAQ,2026-09-02,1971.6,2442.2,2130.95,431.7,sample,1,2026-10-08T22:44:27.492397
Maharashtra,Nashik,Nashik,Potato,Jyoti,FAQ,2026-09-03,1992.42,2523.01,2136.62,272.8,sample,1,2026-10-08T22:44:27.492405
Maharashtra,Nashik,Nashik,Potato,Jyoti,FAQ,2026-09-04,1905.29,2476.2,2096.06,40.0,sample,1,2026-10-08T22:44:27.492413
Maharashtra,Nashik,Nashik,Potato,Jyoti,FAQ,2026-09-05,1943.37,2499.76,2119.44,278.9,sample,1,2026-10-08T22:44:27.492421
Maharashtra,Nashik,Nashik,Potato,Jyoti,FAQ,2026-09-07,1925.59,2432.85,2118.98,359.7,sample,1,2026-10-08T22:44:27.492429
Maharashtra,Nashik,Nashik,Potato,Jyoti,FAQ,2026-09-08,1855.05,2445.25,2057.77,202.0,sample,1,2026-10-08T22:44:27.492437
Maharashtra,Nashik,Nashik,Potato,Jyoti,FAQ,2026-09-09,1874.67,2384.11,2026.55,149.1,sample,1,2026-10-08T22:44:27.492446
Maharashtra,Nashik,Nashik,Potato,Jyoti,FAQ,2026-09-10,1851.94,2278.46,2014.51,423.0,sample,1,2026-10-08T22:44:27.492454
Maharashtra,Nashik,Nashik,Potato,Jyoti,FAQ,2026-09-11,1888.69,2329.24,2054.61,99.1,sample,1,2026-10-08T22:44:27.492462
Maharashtra,Nashik,Nashik,Potato,Jyoti,FAQ,2026-09-12,1819.64,2257.7,2034.32,157.3,sample,1,2026-10-08T22:44:27.492470
Maharashtra,Nashik,Nashik,Potato,Jyoti,FAQ,2026-09-14,1783.82,2196.82,1971.83,156.9,sample,1,2026-10-08T22:44:27.492479
Maharashtra,Nashik,Nashik,Potato,Jyoti,FAQ,2026-09-15,1828.41,2354.46,2019.45,286.5,sample,1,2026-10-08T22:44:27.492487
Maharashtra,Nashik,Nashik,Potato,Jyoti,FAQ,2026-09-16,1805.39,2400.25,2064.83,128.6,sample,1,2026-10-08T22:44:27.492495
Maharashtra,Nashik,Nashik,Potato,Jyoti,FAQ,2026-09-17,1896.32,2409.3,2080.98,417.4,sample,1,2026-10-08T22:44:27.492502
Maharashtra,Nashik,Nashik,Potato,Jyoti,FAQ,2026-09-18,1884.65,2431.71,2043.07,239.5,sample,1,2026-10-08T22:44:27.492510
Maharashtra,Nashik,Nashik,Potato,Jyoti,FAQ,2026-09-19,1870.44,2332.2,2013.55,75.7,sample,1,2026-10-08T22:44:27.492518
Maharashtra,Nashik,Nashik,Potato,Jyoti,FAQ,2026-09-21,1814.05,2241.72,2019.85,334.5,sample,1,2026-10-08T22:44:27.492526
Maharashtra,Nashik,Nashik,Potato,Jyoti,FAQ,2026-09-22,1842.24,2295.81,2025.78,165.7,sample,1,2026-10-08T22:44:27.492534
Maharashtra,Nashik,Nashik,Potato,Jyoti,FAQ,2026-09-23,1895.32,2314.39,2036.5,485.6,sample,1,2026-10-08T22:44:27.492543
Maharashtra,Nashik,Nashik,Potato,Jyoti,FAQ,2026-09-24,1825.86,2240.2,2011.3,465.8,sample,1,2026-10-08T22:44:27.492552
Maharashtra,Nashik,Nashik,Potato,Jyoti,FAQ,2026-09-25,1854.37,2389.0,2031.16,265.2,sample,1,2026-10-08T22:44:27.492561
Maharashtra,Nashik,Nashik,Potato,Jyoti,FAQ,2026-09-26,1871.59,2411.15,2075.07,438.1,sample,1,2026-10-08T22:44:27.492569
Maharashtra,Nashik,Nashik,Potato,Jyoti,FAQ,2026-09-28,1773.35,2261.67,2020.94,475.4,sample,1,2026-10-08T22:44:27.492579
Maharashtra,Nashik,Nashik,Potato,Jyoti,FAQ,2026-09-29,1812.91,2271.79,1999.66,381.0,sample,1,2026-10-08T22:44:27.492587
Maharashtra,Nashik,Nashik,Potato,Jyoti,FAQ,2026-09-30,1825.57,2399.85,2036.92,259.4,sample,1,2026-10-08T22:44:27.492595
Maharashtra,Nashik,Nashik,Potato,Jyoti,FAQ,2026-10-01,1866.15,2233.17,2021.46,276.2,sample,1,2026-10-08T22:44:27.492603
Maharashtra,Nashik,Nashik,Potato,Jyoti,FAQ,2026-10-02,1840.11,2367.95,2025.57,64.3,sample,1,2026-10-08T22:44:27.492611
Maharashtra,Nashik,Nashik,Potato,Jyoti,FAQ,2026-10-03,1807.32,2419.78,2034.37,365.5,sample,1,2026-10-08T22:44:27.492618
Maharashtra,Nashik,Nashik,Potato,Jyoti,FAQ,2026-10-05,1803.11,2270.88,2027.92,493.7,sample,1,2026-10-08T22:44:27.492627
Maharashtra,Nashik,Nashik,Potato,Jyoti,FAQ,2026-10-06,1833.65,2369.87,2069.47,166.9,sample,1,2026-10-08T22:44:27.492637
Maharashtra,Nashik,Nashik,Potato,Jyoti,FAQ,2026-10-07,1740.23,2342.52,1986.0,180.4,sample,1,2026-10-08T22:44:27.492645
Maharashtra,Nashik,Nashik,Potato,Jyoti,FAQ,2026-10-08,1775.33,2398.82,2018.28,227.0,sample,1,2026-10-08T22:44:27.492653
Maharashtra,Nashik,Nashik,Tomato,Hybrid,FAQ,2026-07-10,1549.73,2134.94,1736.65,474.6,sample,1,2026-10-08T22:44:27.492663
Maharashtra,Nashik,Nashik,Tomato,Hybrid,FAQ,2026-07-11,1569.65,2026.48,1769.42,382.0,sample,1,2026-10-08T22:44:27.492671
Maharashtra,Nashik,Nashik,Tomato,Hybrid,FAQ,2026-07-13,1374.42,2127.62,1680.57,235.0,sample,1,2026-10-08T22:44:27.492680
Maharashtra,Nashik,Nashik,Tomato,Hybrid,FAQ,2026-07-14,1401.63,2051.4,1652.93,260.6,sample,1,2026-10-08T22:44:27.492688
Maharashtra,Nashik,Nashik,Tomato,Hybrid,FAQ,2026-07-15,1069.3,1769.07,1377.51,226.5,sample,1,2026-10-08T22:44:27.492696
Maharashtra,Nashik,Nashik,Tomato,Hybrid,FAQ,2026-07-16,1102.18,1805.91,1369.62,383.1,sample,1,2026-10-08T22:44:27.492704
Maharashtra,Nashik,Nashik,Tomato,Hybrid,FAQ,2026-07-17,1073.37,1657.11,1360.82,379.9,sample,1,2026-10-08T22:44:27.492714
Maharashtra,Nashik,Nashik,Tomato,Hybrid,FAQ,2026-07-18,941.21,1676.75,1258.84,445.0,sample,1,2026-10-08T22:44:27.492725
Maharashtra,Nashik,Nashik,Tomato,Hybrid,FAQ,2026-07-20,909.33,1623.02,1175.44,350.3,sample,1,2026-10-08T22:44:27.492734
Maharashtra,Nashik,Nashik,Tomato,Hybrid,FAQ,2026-07-21,877.61,1539.84,1184.9,143.5,sample,1,2026-10-08T22:44:27.492742
Maharashtra,Nashik,Nashik,Tomato,Hybrid,FAQ,2026-07-22,1097.38,1794.45,1349.43,234.5,sample,1,2026-10-08T22:44:27.492751
Maharashtra,Nashik,Nashik,Tomato,Hybrid,FAQ,2026-07-23,1207.17,1762.42,1439.03,92.1,sample,1,2026-10-08T22:44:27.492758
Maharashtra,Nashik,Nashik,Tomato,Hybrid,FAQ,2026-07-24,1250.73,1912.55,1506.6,94.2,sample,1,2026-10-08T22:44:27.492766
Maharashtra,Nashik,Nashik,Tomato,Hybrid,FAQ,2026-07-25,1267.7,1794.22,1487.58,138.0,sample,1,2026-10-08T22:44:27.492774
Maharashtra,Nashik,Nashik,Tomato,Hybrid,FAQ,2026-07-27,1285.28,1801.91,1492.9,469.2,sample,1,2026-10-08T22:44:27.492783
Maharashtra,Nashik,Nashik,Tomato,Hybrid,FAQ,2026-07-28,1130.83,1820.68,1402.28,56.3,sample,1,2026-10-08T22:44:27.492791
Maharashtra,Nashik,Nashik,Tomato,Hybrid,FAQ,2026-07-29,1063.45,1631.4,1311.69,323.1,sample,1,2026-10-08T22:44:27.492800
Maharashtra,Nashik,Nashik,Tomato,Hybrid,FAQ,2026-07-30,1134.85,1678.45,1359.13,42.4,sample,1,2026-10-08T22:44:27.492809
Maharashtra,Nashik,Nashik,Tomato,Hybrid,FAQ,2026-07-31,1190.1,1684.56,1418.28,266.3,sample,1,2026-10-08T22:44:27.492818
Maharashtra,Nashik,Nashik,Tomato,Hybrid,FAQ,2026-08-01,1214.47,1755.19,1402.18,110.7,sample,1,2026-10-08T22:44:27.492826
Maharashtra,Nashik,Nashik,Tomato,Hybrid,FAQ,2026-08-03,1287.1,1868.33,1485.44,144.0,sample,1,2026-10-08T22:44:27.492835
Maharashtra,Nashik,Nashik,Tomato,Hybrid,FAQ,2026-08-04,1329.29,1871.44,1563.59,237.0,sample,1,2026-10-08T22:44:27.492843
Maharashtra,Nashik,Nashik,Tomato,Hybrid,FAQ,2026-08-05,1442.02,1970.42,1633.32,426.1,sample,1,2026-10-08T22:44:27.492851
Maharashtra,Nashik,Nashik,Tomato,Hybrid,FAQ,2026-08-06,1572.96,2091.52,1772.24,239.6,sample,1,2026-10-08T22:44:27.492859
Maharashtra,Nashik,Nashik,Tomato,Hybrid,FAQ,2026-08-07,1463.85,1953.43,1668.62,58.5,sample,1,2026-10-08T22:44:27.492867
Maharashtra,Nashik,Nashik,Tomato,Hybrid,FAQ,2026-08-08,1563.64,2199.04,1797.82,454.5,sample,1,2026-10-08T22:44:27.492875
Maharashtra,Nashik,Nashik,Tomato,Hybrid,FAQ,2026-08-10,1577.01,2208.6,1823.9,162.3,sample,1,2026-10-08T22:44:27.492884
Maharashtra,Nashik,Nashik,Tomato,Hybrid,FAQ,2026-08-11,1627.1,2225.79,1865.26,407.9,sample,1,2026-10-08T22:44:27.492894
Maharashtra,Nashik,Nashik,Tomato,Hybrid,FAQ,2026-08-12,1554.07,2273.9,1843.73,270.9,sample,1,2026-10-08T22:44:27.492902
Maharashtra,Nashik,Nashik,Tomato,Hybrid,FAQ,2026-08-13,1456.37,2191.94,1769.9,218.9,sample,1,2026-10-08T22:44:27.492910
Maharashtra,Nashik,Nashik,Tomato,Hybrid,FAQ,2026-08-14,1620.23,2076.06,1798.4,270.0,sample,1,2026-10-08T22:44:27.492919
Maharashtra,Nashik,Nashik,Tomato,Hybrid,FAQ,2026-08-15,1530.19,2114.97,1820.3,352.0,sample,1,2026-10-08T22:44:27.492927
Maharashtra,Nashik,Nashik,Tomato,Hybrid,FAQ,2026-08-17,1411.33,2033.15,1696.94,173.2,sample,1,2026-10-08T22:44:27.492935
Maharashtra,Nashik,Nashik,Tomato,Hybrid,FAQ,2026-08-18,1635.04,2287.72,1882.93,154.0,sample,1,2026-10-08T22:44:27.492943
Maharashtra,Nashik,Nashik,Tomato,Hybrid,FAQ,2026-08-19,1718.91,2337.34,1931.33,437.5,sample,1,2026-10-08T22:44:27.492951
Maharashtra,Nashik,Nashik,Tomato,Hybrid,FAQ,2026-08-20,1676.44,2297.52,2000.58,417.5,sample,1,2026-10-08T22:44:27.492959
Maharashtra,Nashik,Nashik,Tomato,Hybrid,FAQ,2026-08-21,1731.45,2420.18,2027.94,271.1,sample,1,2026-10-08T22:44:27.492967
Maharashtra,Nashik,Nashik,Tomato,Hybrid,FAQ,2026-08-22,1930.6,2586.22,2132.78,312.0,sample,1,2026-10-08T22:44:27.492979
Maharashtra,Nashik,Nashik,Tomato,Hybrid,FAQ,2026-08-24,1880.47,2328.37,2075.31,495.6,sample,1,2026-10-08T22:44:27.492989
Maharashtra,Nashik,Nashik,Tomato,Hybrid,FAQ,2026-08-25,1701.49,2350.37,2015.85,323.6,sample,1,2026-10-08T22:44:27.492997
Maharashtra,Nashik,Nashik,Tomato,Hybrid,FAQ,2026-08-26,1788.23,2333.67,2024.32,331.3,sample,1,2026-10-08T22:44:27.493005
Maharashtra,Nashik,Nashik,Tomato,Hybrid,FAQ,2026-08-27,1814.89,2340.2,2024.6,260.4,sample,1,2026-10-08T22:44:27.493014
Maharashtra,Nashik,Nashik,Tomato,Hybrid,FAQ,2026-08-28,1675.49,2197.67,1896.13,169.1,sample,1,2026-10-08T22:44:27.493024
Maharashtra,Nashik,Nashik,Tomato,Hybrid,FAQ,2026-08-29,1654.05,2214.5,1881.7,187.1,sample,1,2026-10-08T22:44:27.493032
Maharashtra,Nashik,Nashik,Tomato,Hybrid,FAQ,2026-08-31,1714.39,2298.61,1897.21,137.5,sample,1,2026-10-08T22:44:27.493041
Maharashtra,Nashik,Nashik,Tomato,Hybrid,FAQ,2026-09-01,1650.84,2332.43,1896.65,86.4,sample,1,2026-10-08T22:44:27.493049
Maharashtra,Nashik,Nashik,Tomato,Hybrid,FAQ,2026-09-02,1737.3,2275.75,1966.84,84.6,sample,1,2026-10-08T22:44:27.493058
Maharashtra,Nashik,Nashik,Tomato,Hybrid,FAQ,2026-09-03,1957.6,2495.52,2134.65,436.5,sample,1,2026-10-08T22:44:27.493067
Maharashtra,Nashik,Nashik,Tomato,Hybrid,FAQ,2026-09-04,1821.96,2459.72,2051.17,283.3,sample,1,2026-10-08T22:44:27.493076
Maharashtra,Nashik,Nashik,Tomato,Hybrid,FAQ,2026-09-05,1920.17,2532.46,2150.91,136.6,sample,1,2026-10-08T22:44:27.493084
Maharashtra,Nashik,Nashik,Tomato,Hybrid,FAQ,2026-09-07,1811.59,2407.1,2006.16,95.4,sample,1,2026-10-08T22:44:27.493094
Maharashtra,Nashik,Nashik,Tomato,Hybrid,FAQ,2026-09-08,1841.64,2541.18,2104.62,341.0,sample,1,2026-10-08T22:44:27.493103
Maharashtra,Nashik,Nashik,Tomato,Hybrid,FAQ,2026-09-09,1818.74,2393.29,2132.57,291.4,sample,1,2026-10-08T22:44:27.493111
Maharashtra,Nashik,Nashik,Tomato,Hybrid,FAQ,2026-09-10,2003.31,2627.06,2229.74,495.2,sample,1,2026-10-08T22:44:27.493120
Maharashtra,Nashik,Nashik,Tomato,Hybrid,FAQ,2026-09-11,2062.14,2528.97,2243.71,293.2,sample,1,2026-10-08T22:44:27.493129
Maharashtra,Nashik,Nashik,Tomato,Hybrid,FAQ,2026-09-12,2128.16,2770.23,2341.04,432.6,sample,1,2026-10-08T22:44:27.493138
Maharashtra,Nashik,Nashik,Tomato,Hybrid,FAQ,2026-09-14,2183.47,2831.89,2492.71,370.0,sample,1,2026-10-08T22:44:27.493147
Maharashtra,Nashik,Nashik,Tomato,Hybrid,FAQ,2026-09-15,2023.78,2594.63,2335.41,232.7,sample,1,2026-10-08T22:44:27.493157
Maharashtra,Nashik,Nashik,Tomato,Hybrid,FAQ,2026-09-16,2213.9,2763.0,2392.18,360.5,sample,1,2026-10-08T22:44:27.493174
Maharashtra,Nashik,Nashik,Tomato,Hybrid,FAQ,2026-09-17,2126.12,2575.0,2320.46,300.4,sample,1,2026-10-08T22:44:27.493185
Maharashtra,Nashik,Nashik,Tomato,Hybrid,FAQ,2026-09-18,2039.71,2654.29,2325.82,355.0,sample,1,2026-10-08T22:44:27.493194
Maharashtra,Nashik,Nashik,Tomato,Hybrid,FAQ,2026-09-19,1873.16,2627.72,2178.7,116.1,sample,1,2026-10-08T22:44:27.493202
Maharashtra,Nashik,Nashik,Tomato,Hybrid,FAQ,2026-09-21,1865.72,2486.81,2157.63,164.9,sample,1,2026-10-08T22:44:27.493211
Maharashtra,Nashik,Nashik,Tomato,Hybrid,FAQ,2026-09-22,1855.87,2337.08,2058.48,140.2,sample,1,2026-10-08T22:44:27.493219
Maharashtra,Nashik,Nashik,Tomato,Hybrid,FAQ,2026-09-23,1695.42,2329.66,1989.02,365.6,sample,1,2026-10-08T22:44:27.493228
Maharashtra,Nashik,Nashik,Tomato,Hybrid,FAQ,2026-09-24,1567.97,2130.45,1821.73,141.4,sample,1,2026-10-08T22:44:27.493236
Maharashtra,Nashik,Nashik,Tomato,Hybrid,FAQ,2026-09-25,1591.18,2046.43,1791.85,149.6,sample,1,2026-10-08T22:44:27.493245
Maharashtra,Nashik,Nashik,Tomato,Hybrid,FAQ,2026-09-26,1510.96,1967.93,1691.82,446.5,sample,1,2026-10-08T22:44:27.493254
Maharashtra,Nashik,Nashik,Tomato,Hybrid,FAQ,2026-09-28,1458.15,2131.65,1751.74,154.5,sample,1,2026-10-08T22:44:27.493263
Maharashtra,Nashik,Nashik,Tomato,Hybrid,FAQ,2026-09-29,1425.1,2080.87,1723.61,40.6,sample,1,2026-10-08T22:44:27.493272
Maharashtra,Nashik,Nashik,Tomato,Hybrid,FAQ,2026-09-30,1431.87,1924.72,1662.24,364.5,sample,1,2026-10-08T22:44:27.493282
Maharashtra,Nashik,Nashik,Tomato,Hybrid,FAQ,2026-10-01,1498.48,2152.51,1755.87,227.8,sample,1,2026-10-08T22:44:27.493291
Maharashtra,Nashik,Nashik,Tomato,Hybrid,FAQ,2026-10-02,1517.8,2117.73,1701.39,419.0,sample,1,2026-10-08T22:44:27.493299
Maharashtra,Nashik,Nashik,Tomato,Hybrid,FAQ,2026-10-03,1450.24,2105.83,1658.13,121.3,sample,1,2026-10-08T22:44:27.493307
Maharashtra,Nashik,Nashik,Tomato,Hybrid,FAQ,2026-10-05,1438.67,2168.9,1760.48,399.0,sample,1,2026-10-08T22:44:27.493317
Maharashtra,Nashik,Nashik,Tomato,Hybrid,FAQ,2026-10-06,1551.36,2143.94,1742.33,215.7,sample,1,2026-10-08T22:44:27.493325
Maharashtra,Nashik,Nashik,Tomato,Hybrid,FAQ,2026-10-07,1380.74,2011.57,1650.89,415.7,sample,1,2026-10-08T22:44:27.493334
Maharashtra,Nashik,Nashik,Tomato,Hybrid,FAQ,2026-10-08,1314.76,1824.31,1522.86,307.6,sample,1,2026-10-08T22:44:27.493343
Maharashtra,Nashik,Nashik,Wheat,Lokwan,FAQ,2026-07-10,2619.62,2865.86,2714.83,374.1,sample,1,2026-10-08T22:44:27.493354
Maharashtra,Nashik,Nashik,Wheat,Lokwan,FAQ,2026-07-11,2564.47,2898.44,2675.01,83.1,sample,1,2026-10-08T22:44:27.493363
Maharashtra,Nashik,Nashik,Wheat,Lokwan,FAQ,2026-07-13,2536.84,2829.33,2682.93,265.6,sample,1,2026-10-08T22:44:27.493372
Maharashtra,Nashik,Nashik,Wheat,Lokwan,FAQ,2026-07-14,2561.8,2894.26,2698.32,49.7,sample,1,2026-10-08T22:44:27.493380
Maharashtra,Nashik,Nashik,Wheat,Lokwan,FAQ,2026-07-15,2594.16,2898.18,2706.54,71.9,sample,1,2026-10-08T22:44:27.493390
Maharashtra,Nashik,Nashik,Wheat,Lokwan,FAQ,2026-07-16,2630.38,2872.06,2719.57,458.2,sample,1,2026-10-08T22:44:27.493398
Maharashtra,Nashik,Nashik,Wheat,Lokwan,FAQ,2026-07-17,2607.95,2934.37,2729.88,411.7,sample,1,2026-10-08T22:44:27.493407
Maharashtra,Nashik,Nashik,Wheat,Lokwan,FAQ,2026-07-18,2598.82,2893.07,2726.26,49.5,sample,1,2026-10-08T22:44:27.493415
Maharashtra,Nashik,Nashik,Wheat,Lokwan,FAQ,2026-07-20,2614.19,2875.31,2744.59,154.2,sample,1,2026-10-08T22:44:27.493424
Maharashtra,Nashik,Nashik,Wheat,Lokwan,FAQ,2026-07-21,2614.71,2846.13,2704.73,328.6,sample,1,2026-10-08T22:44:27.493433
Maharashtra,Nashik,Nashik,Wheat,Lokwan,FAQ,2026-07-22,2616.43,2906.86,2769.38,378.6,sample,1,2026-10-08T22:44:27.493442
Maharashtra,Nashik,Nashik,Wheat,Lokwan,FAQ,2026-07-23,2663.07,2973.84,2771.43,133.1,sample,1,2026-10-08T22:44:27.493450
Maharashtra,Nashik,Nashik,Wheat,Lokwan,FAQ,2026-07-24,2619.95,2879.56,2735.94,192.6,sample,1,2026-10-08T22:44:27.493459
Maharashtra,Nashik,Nashik,Wheat,Lokwan,FAQ,2026-07-25,2642.97,2870.12,2738.09,358.3,sample,1,2026-10-08T22:44:27.493467
Maharashtra,Nashik,Nashik,Wheat,Lokwan,FAQ,2026-07-27,2583.88,2864.37,2727.27,176.5,sample,1,2026-10-08T22:44:27.493478
Maharashtra,Nashik,Nashik,Wheat,Lokwan,FAQ,2026-07-28,2595.88,2933.05,2716.71,105.2,sample,1,2026-10-08T22:44:27.493486
Maharashtra,Nashik,Nashik,Wheat,Lokwan,FAQ,2026-07-29,2605.82,2862.49,2720.57,341.5,sample,1,2026-10-08T22:44:27.493494
Maharashtra,Nashik,Nashik,Wheat,Lokwan,FAQ,2026-07-30,2616.39,2937.58,2716.65,217.0,sample,1,2026-10-08T22:44:27.493502
Maharashtra,Nashik,Nashik,Wheat,Lokwan,FAQ,2026-07-31,2658.46,2894.86,2750.55,90.7,sample,1,2026-10-08T22:44:27.493511
Maharashtra,Nashik,Nashik,Wheat,Lokwan,FAQ,2026-08-01,2625.77,2946.33,2717.1,204.4,sample,1,2026-10-08T22:44:27.493521
Maharashtra,Nashik,Nashik,Wheat,Lokwan,FAQ,2026-08-03,2556.39,2932.22,2706.87,452.0,sample,1,2026-10-08T22:44:27.493531
Maharashtra,Nashik,Nashik,Wheat,Lokwan,FAQ,2026-08-04,2570.67,2843.42,2698.19,284.0,sample,1,2026-10-08T22:44:27.493540
Maharashtra,Nashik,Nashik,Wheat,Lokwan,FAQ,2026-08-05,2572.9,2865.79,2667.72,178.7,sample,1,2026-10-08T22:44:27.493548
Maharashtra,Nashik,Nashik,Wheat,Lokwan,FAQ,2026-08-06,2504.38,2810.87,2647.24,87.8,sample,1,2026-10-08T22:44:27.493558
Maharashtra,Nashik,Nashik,Wheat,Lokwan,FAQ,2026-08-07,2530.54,2895.27,2681.71,367.2,sample,1,2026-10-08T22:44:27.493567
Maharashtra,Nashik,Nashik,Wheat,Lokwan,FAQ,2026-08-08,2574.63,2790.37,2664.13,469.2,sample,1,2026-10-08T22:44:27.493576
Maharashtra,Nashik,Nashik,Wheat,Lokwan,FAQ,2026-08-10,2580.58,2855.82,2687.64,371.8,sample,1,2026-10-08T22:44:27.493586
Maharashtra,Nashik,Nashik,Wheat,Lokwan,FAQ,2026-08-11,2577.06,2895.29,2717.62,71.0,sample,1,2026-10-08T22:44:27.493594
Maharashtra,Nashik,Nashik,Wheat,Lokwan,FAQ,2026-08-12,2556.78,2796.6,2660.83,497.6,sample,1,2026-10-08T22:44:27.493603
Maharashtra,Nashik,Nashik,Wheat,Lokwan,FAQ,2026-08-13,2535.94,2800.61,2633.03,186.9,sample,1,2026-10-08T22:44:27.493615
Maharashtra,Nashik,Nashik,Wheat,Lokwan,FAQ,2026-08-14,2488.45,2813.95,2602.25,193.4,sample,1,2026-10-08T22:44:27.493624
Maharashtra,Nashik,Nashik,Wheat,Lokwan,FAQ,2026-08-15,2483.09,2821.47,2624.84,153.1,sample,1,2026-10-08T22:44:27.493633
Maharashtra,Nashik,Nashik,Wheat,Lokwan,FAQ,2026-08-17,2480.6,2786.54,2603.03,417.8,sample,1,2026-10-08T22:44:27.493642
Maharashtra,Nashik,Nashik,Wheat,Lokwan,FAQ,2026-08-18,2510.53,2810.96,2622.22,234.0,sample,1,2026-10-08T22:44:27.493651
Maharashtra,Nashik,Nashik,Wheat,Lokwan,FAQ,2026-08-19,2454.29,2794.1,2592.17,148.2,sample,1,2026-10-08T22:44:27.493659
Maharashtra,Nashik,Nashik,Wheat,Lokwan,FAQ,2026-08-20,2495.28,2812.83,2579.49,47.9,sample,1,2026-10-08T22:44:27.493668
Maharashtra,Nashik,Nashik,Wheat,Lokwan,FAQ,2026-08-21,2376.53,2659.27,2526.84,200.7,sample,1,2026-10-08T22:44:27.493678
Maharashtra,Nashik,Nashik,Wheat,Lokwan,FAQ,2026-08-22,2367.85,2732.57,2512.96,416.7,sample,1,2026-10-08T22:44:27.493687
Maharashtra,Nashik,Nashik,Wheat,Lokwan,FAQ,2026-08-24,2373.01,2749.41,2518.45,460.0,sample,1,2026-10-08T22:44:27.493696
Maharashtra,Nashik,Nashik,Wheat,Lokwan,FAQ,2026-08-25,2439.47,2756.33,2540.93,65.7,sample,1,2026-10-08T22:44:27.493706
Maharashtra,Nashik,Nashik,Wheat,Lokwan,FAQ,2026-08-26,2455.63,2757.09,2590.32,52.1,sample,1,2026-10-08T22:44:27.493715
Maharashtra,Nashik,Nashik,Wheat,Lokwan,FAQ,2026-08-27,2491.04,2810.65,2644.51,362.6,sample,1,2026-10-08T22:44:27.493723
Maharashtra,Nashik,Nashik,Wheat,Lokwan,FAQ,2026-08-28,2497.88,2862.19,2642.18,53.9,sample,1,2026-10-08T22:44:27.493733
Maharashtra,Nashik,Nashik,Wheat,Lokwan,FAQ,2026-08-29,2526.42,2771.25,2636.72,75.5,sample,1,2026-10-08T22:44:27.493741
Maharashtra,Nashik,Nashik,Wheat,Lokwan,FAQ,2026-08-31,2503.53,2744.01,2598.31,382.0,sample,1,2026-10-08T22:44:27.493751
Maharashtra,Nashik,Nashik,Wheat,Lokwan,FAQ,2026-09-01,2446.23,2785.53,2584.09,177.8,sample,1,2026-10-08T22:44:27.493759
Maharashtra,Nashik,Nashik,Wheat,Lokwan,FAQ,2026-09-02,2430.36,2771.71,2570.62,171.9,sample,1,2026-10-08T22:44:27.493768
Maharashtra,Nashik,Nashik,Wheat,Lokwan,FAQ,2026-09-03,2493.84,2810.22,2589.06,54.8,sample,1,2026-10-08T22:44:27.493777
Maharashtra,Nashik,Nashik,Wheat,Lokwan,FAQ,2026-09-04,2510.04,2810.75,2594.82,352.8,sample,1,2026-10-08T22:44:27.493786
Maharashtra,Nashik,Nashik,Wheat,Lokwan,FAQ,2026-09-05,2423.43,2756.35,2570.5,421.6,sample,1,2026-10-08T22:44:27.493796
Maharashtra,Nashik,Nashik,Wheat,Lokwan,FAQ,2026-09-07,2467.69,2774.52,2602.76,112.1,sample,1,2026-10-08T22:44:27.493806
Maharashtra,Nashik,Nashik,Wheat,Lokwan,FAQ,2026-09-08,2439.21,2775.59,2593.27,489.8,sample,1,2026-10-08T22:44:27.493814
Maharashtra,Nashik,Nashik,Wheat,Lokwan,FAQ,2026-09-09,2482.22,2760.43,2610.79,124.5,sample,1,2026-10-08T22:44:27.493823
Maharashtra,Nashik,Nashik,Wheat,Lokwan,FAQ,2026-09-10,2489.75,2813.86,2627.46,427.2,sample,1,2026-10-08T22:44:27.493832
Maharashtra,Nashik,Nashik,Wheat,Lokwan,FAQ,2026-09-11,2535.95,2837.82,2642.5,420.5,sample,1,2026-10-08T22:44:27.493841
Maharashtra,Nashik,Nashik,Wheat,Lokwan,FAQ,2026-09-12,2523.82,2832.45,2619.69,337.5,sample,1,2026-10-08T22:44:27.493850
Maharashtra,Nashik,Nashik,Wheat,Lokwan,FAQ,2026-09-14,2538.18,2818.92,2627.78,429.4,sample,1,2026-10-08T22:44:27.493860
Maharashtra,Nashik,Nashik,Wheat,Lokwan,FAQ,2026-09-15,2556.63,2799.13,2642.65,289.1,sample,1,2026-10-08T22:44:27.493869
Maharashtra,Nashik,Nashik,Wheat,Lokwan,FAQ,2026-09-16,2537.96,2835.81,2676.43,293.8,sample,1,2026-10-08T22:44:27.493878
Maharashtra,Nashik,Nashik,Wheat,Lokwan,FAQ,2026-09-17,2561.1,2820.56,2691.06,163.8,sample,1,2026-10-08T22:44:27.493888
Maharashtra,Nashik,Nashik,Wheat,Lokwan,FAQ,2026-09-18,2598.82,2934.75,2723.41,61.0,sample,1,2026-10-08T22:44:27.493896
Maharashtra,Nashik,Nashik,Wheat,Lokwan,FAQ,2026-09-19,2610.88,2945.43,2717.53,43.9,sample,1,2026-10-08T22:44:27.493905
Maharashtra,Nashik,Nashik,Wheat,Lokwan,FAQ,2026-09-21,2591.33,2851.05,2704.0,385.8,sample,1,2026-10-08T22:44:27.493914
Maharashtra,Nashik,Nashik,Wheat,Lokwan,FAQ,2026-09-22,2583.51,2950.94,2719.76,363.2,sample,1,2026-10-08T22:44:27.493923
Maharashtra,Nashik,Nashik,Wheat,Lokwan,FAQ,2026-09-23,2602.32,2876.61,2739.7,411.4,sample,1,2026-10-08T22:44:27.493932
Maharashtra,Nashik,Nashik,Wheat,Lokwan,FAQ,2026-09-24,2657.59,2941.81,2752.4,215.8,sample,1,2026-10-08T22:44:27.493942
Maharashtra,Nashik,Nashik,Wheat,Lokwan,FAQ,2026-09-25,2603.04,2850.3,2707.93,253.0,sample,1,2026-10-08T22:44:27.493951
Maharashtra,Nashik,Nashik,Wheat,Lokwan,FAQ,2026-09-26,2534.57,2818.38,2682.3,370.5,sample,1,2026-10-08T22:44:27.493961
Maharashtra,Nashik,Nashik,Wheat,Lokwan,FAQ,2026-09-28,2586.01,2926.14,2717.11,114.1,sample,1,2026-10-08T22:44:27.493971
Maharashtra,Nashik,Nashik,Wheat,Lokwan,FAQ,2026-09-29,2532.74,2867.88,2686.12,375.2,sample,1,2026-10-08T22:44:27.493981
Maharashtra,Nashik,Nashik,Wheat,Lokwan,FAQ,2026-09-30,2544.74,2864.14,2653.32,195.9,sample,1,2026-10-08T22:44:27.493991
Maharashtra,Nashik,Nashik,Wheat,Lokwan,FAQ,2026-10-01,2498.75,2827.13,2608.69,238.2,sample,1,2026-10-08T22:44:27.494001
Maharashtra,Nashik,Nashik,Wheat,Lokwan,FAQ,2026-10-02,2534.69,2795.15,2646.6,320.8,sample,1,2026-10-08T22:44:27.494011
Maharashtra,Nashik,Nashik,Wheat,Lokwan,FAQ,2026-10-03,2532.52,2764.38,2621.92,328.8,sample,1,2026-10-08T22:44:27.494026
Maharashtra,Nashik,Nashik,Wheat,Lokwan,FAQ,2026-10-05,2486.37,2800.65,2580.64,291.7,sample,1,2026-10-08T22:44:27.494043
Maharashtra,Nashik,Nashik,Wheat,Lokwan,FAQ,2026-10-06,2433.55,2797.71,2587.31,80.1,sample,1,2026-10-08T22:44:27.494054
Maharashtra,Nashik,Nashik,Wheat,Lokwan,FAQ,2026-10-07,2459.7,2754.39,2610.95,168.9,sample,1,2026-10-08T22:44:27.494063
Maharashtra,Nashik,Nashik,Wheat,Lokwan,FAQ,2026-10-08,2517.34,2763.14,2627.5,122.4,sample,1,2026-10-08T22:44:27.494072
Maharashtra,Nagpur,Nagpur,Cotton,Medium Staple,FAQ,2026-07-10,7170.38,7715.14,7416.37,443.3,sample,1,2026-10-08T22:44:27.494086
Maharashtra,Nagpur,Nagpur,Cotton,Medium Staple,FAQ,2026-07-11,7097.6,7644.63,7370.14,97.0,sample,1,2026-10-08T22:44:27.494097
Maharashtra,Nagpur,Nagpur,Cotton,Medium Staple,FAQ,2026-07-13,7052.79,7685.84,7356.64,434.2,sample,1,2026-10-08T22:44:27.494108
Maharashtra,Nagpur,Nagpur,Cotton,Medium Staple,FAQ,2026-07-14,7039.6,7624.26,7352.17,208.7,sample,1,2026-10-08T22:44:27.494117
Maharashtra,Nagpur,Nagpur,Cotton,Medium Staple,FAQ,2026-07-15,7207.01,7826.32,7438.06,272.7,sample,1,2026-10-08T22:44:27.494126
Maharashtra,Nagpur,Nagpur,Cotton,Medium Staple,FAQ,2026-07-16,7099.84,7743.12,7314.26,354.0,sample,1,2026-10-08T22:44:27.494135
Maharashtra,Nagpur,Nagpur,Cotton,Medium Staple,FAQ,2026-07-17,6970.26,7552.83,7256.42,417.8,sample,1,2026-10-08T22:44:27.494144
Maharashtra,Nagpur,Nagpur,Cotton,Medium Staple,FAQ,2026-07-18,7028.65,7628.98,7204.84,173.7,sample,1,2026-10-08T22:44:27.494153
Maharashtra,Nagpur,Nagpur,Cotton,Medium Staple,FAQ,2026-07-20,7062.18,7574.66,7248.13,252.6,sample,1,2026-10-08T22:44:27.494163
Maharashtra,Nagpur,Nagpur,Cotton,Medium Staple,FAQ,2026-07-21,7117.97,7649.83,7307.0,335.5,sample,1,2026-10-08T22:44:27.494173
Maharashtra,Nagpur,Nagpur,Cotton,Medium Staple,FAQ,2026-07-22,7178.59,7765.13,7366.46,462.0,sample,1,2026-10-08T22:44:27.494182
Maharashtra,Nagpur,Nagpur,Cotton,Medium Staple,FAQ,2026-07-23,7015.87,7735.57,7329.24,131.8,sample,1,2026-10-08T22:44:27.494194
Maharashtra,Nagpur,Nagpur,Cotton,Medium Staple,FAQ,2026-07-24,6983.92,7655.51,7308.39,363.1,sample,1,2026-10-08T22:44:27.494203
Maharashtra,Nagpur,Nagpur,Cotton,Medium Staple,FAQ,2026-07-25,7113.18,7663.07,7359.61,57.6,sample,1,2026-10-08T22:44:27.494212
Maharashtra,Nagpur,Nagpur,Cotton,Medium Staple,FAQ,2026-07-27,7128.84,7712.11,7399.87,54.4,sample,1,2026-10-08T22:44:27.494222
Maharashtra,Nagpur,Nagpur,Cotton,Medium Staple,FAQ,2026-07-28,7191.31,7781.33,7456.47,470.8,sample,1,2026-10-08T22:44:27.494231
Maharashtra,Nagpur,Nagpur,Cotton,Medium Staple,FAQ,2026-07-29,7167.12,7669.49,7413.13,439.3,sample,1,2026-10-08T22:44:27.494243
Maharashtra,Nagpur,Nagpur,Cotton,Medium Staple,FAQ,2026-07-30,7143.72,7850.19,7461.62,164.1,sample,1,2026-10-08T22:44:27.494253
Maharashtra,Nagpur,Nagpur,Cotton,Medium Staple,FAQ,2026-07-31,7257.15,7772.6,7442.54,177.2,sample,1,2026-10-08T22:44:27.494262
Maharashtra,Nagpur,Nagpur,Cotton,Medium Staple,FAQ,2026-08-01,7140.21,7850.01,7422.04,281.4,sample,1,2026-10-08T22:44:27.494271
Maharashtra,Nagpur,Nagpur,Cotton,Medium Staple,FAQ,2026-08-03,7099.36,7663.35,7398.94,454.8,sample,1,2026-10-08T22:44:27.494281
Maharashtra,Nagpur,Nagpur,Cotton,Medium Staple,FAQ,2026-08-04,7132.49,7761.96,7358.79,115.7,sample,1,2026-10-08T22:44:27.494293
Maharashtra,Nagpur,Nagpur,Cotton,Medium Staple,FAQ,2026-08-05,7078.5,7714.47,7324.82,113.9,sample,1,2026-10-08T22:44:27.494303
Maharashtra,Nagpur,Nagpur,Cotton,Medium Staple,FAQ,2026-08-06,7100.34,7699.33,7379.84,358.7,sample,1,2026-10-08T22:44:27.494312
Maharashtra,Nagpur,Nagpur,Cotton,Medium Staple,FAQ,2026-08-07,7082.39,7745.25,7374.85,75.8,sample,1,2026-10-08T22:44:27.494321
Maharashtra,Nagpur,Nagpur,Cotton,Medium Staple,FAQ,2026-08-08,7106.86,7756.52,7382.05,188.9,sample,1,2026-10-08T22:44:27.494330
Maharashtra,Nagpur,Nagpur,Cotton,Medium Staple,FAQ,2026-08-10,7238.39,7924.53,7524.82,185.6,sample,1,2026-10-08T22:44:27.494340
Maharashtra,Nagpur,Nagpur,Cotton,Medium Staple,FAQ,2026-08-11,7309.36,7848.26,7506.94,107.8,sample,1,2026-10-08T22:44:27.494349
Maharashtra,Nagpur,Nagpur,Cotton,Medium Staple,FAQ,2026-08-12,7200.98,7851.82,7521.48,279.5,sample,1,2026-10-08T22:44:27.494358
Maharashtra,Nagpur,Nagpur,Cotton,Medium Staple,FAQ,2026-08-13,7318.17,7833.34,7493.72,423.0,sample,1,2026-10-08T22:44:27.494367
Maharashtra,Nagpur,Nagpur,Cotton,Medium Staple,FAQ,2026-08-14,7215.25,7801.13,7535.67,140.6,sample,1,2026-10-08T22:44:27.494376
Maharashtra,Nagpur,Nagpur,Cotton,Medium Staple,FAQ,2026-08-15,7254.09,7909.18,7575.94,291.2,sample,1,2026-10-08T22:44:27.494387
Maharashtra,Nagpur,Nagpur,Cotton,Medium Staple,FAQ,2026-08-17,7369.83,8042.04,7597.04,487.0,sample,1,2026-10-08T22:44:27.494397
Maharashtra,Nagpur,Nagpur,Cotton,Medium Staple,FAQ,2026-08-18,7376.65,7886.2,7638.18,414.3,sample,1,2026-10-08T22:44:27.494406
Maharashtra,Nagpur,Nagpur,Cotton,Medium Staple,FAQ,2026-08-19,7503.63,8181.17,7753.94,361.7,sample,1,2026-10-08T22:44:27.494415
Maharashtra,Nagpur,Nagpur,Cotton,Medium Staple,FAQ,2026-08-20,7477.39,8090.49,7749.73,228.8,sample,1,2026-10-08T22:44:27.494423
Maharashtra,Nagpur,Nagpur,Cotton,Medium Staple,FAQ,2026-08-21,7434.32,8093.47,7687.8,92.2,sample,1,2026-10-08T22:44:27.494433
Maharashtra,Nagpur,Nagpur,Cotton,Medium Staple,FAQ,2026-08-22,7532.62,8068.95,7733.99,121.4,sample,1,2026-10-08T22:44:27.494442
Maharashtra,Nagpur,Nagpur,Cotton,Medium Staple,FAQ,2026-08-24,7423.45,8078.15,7655.68,356.7,sample,1,2026-10-08T22:44:27.494456
Maharashtra,Nagpur,Nagpur,Cotton,Medium Staple,FAQ,2026-08-25,7360.63,7905.73,7601.25,325.4,sample,1,2026-10-08T22:44:27.494465
Maharashtra,Nagpur,Nagpur,Cotton,Medium Staple,FAQ,2026-08-26,7372.87,8111.42,7697.17,87.8,sample,1,2026-10-08T22:44:27.494474
Maharashtra,Nagpur,Nagpur,Cotton,Medium Staple,FAQ,2026-08-27,7356.74,8003.59,7629.18,229.2,sample,1,2026-10-08T22:44:27.494486
Maharashtra,Nagpur,Nagpur,Cotton,Medium Staple,FAQ,2026-08-28,7204.01,7784.03,7518.09,244.3,sample,1,2026-10-08T22:44:27.494495
Maharashtra,Nagpur,Nagpur,Cotton,Medium Staple,FAQ,2026-08-29,7252.76,7766.8,7514.95,173.4,sample,1,2026-10-08T22:44:27.494504
Maharashtra,Nagpur,Nagpur,Cotton,Medium Staple,FAQ,2026-08-31,7229.09,7797.31,7472.28,130.0,sample,1,2026-10-08T22:44:27.494514
Maharashtra,Nagpur,Nagpur,Cotton,Medium Staple,FAQ,2026-09-01,7244.1,7760.67,7489.54,485.1,sample,1,2026-10-08T22:44:27.494523
Maharashtra,Nagpur,Nagpur,Cotton,Medium Staple,FAQ,2026-09-02,7240.61,7931.48,7538.67,380.9,sample,1,2026-10-08T22:44:27.494532
Maharashtra,Nagpur,Nagpur,Cotton,Medium Staple,FAQ,2026-09-03,7324.25,7824.07,7500.39,143.0,sample,1,2026-10-08T22:44:27.494542
Maharashtra,Nagpur,Nagpur,Cotton,Medium Staple,FAQ,2026-09-04,7255.33,7891.08,7470.0,405.8,sample,1,2026-10-08T22:44:27.494552
Maharashtra,Nagpur,Nagpur,Cotton,Medium Staple,FAQ,2026-09-05,7350.51,7883.45,7587.72,454.1,sample,1,2026-10-08T22:44:27.494562
Maharashtra,Nagpur,Nagpur,Cotton,Medium Staple,FAQ,2026-09-07,7371.7,7893.34,7569.71,415.7,sample,1,2026-10-08T22:44:27.494572
Maharashtra,Nagpur,Nagpur,Cotton,Medium Staple,FAQ,2026-09-08,7269.14,7938.14,7567.15,194.1,sample,1,2026-10-08T22:44:27.494583
Maharashtra,Nagpur,Nagpur,Cotton,Medium Staple,FAQ,2026-09-09,7530.4,8191.1,7741.67,128.6,sample,1,2026-10-08T22:44:27.494593
Maharashtra,Nagpur,Nagpur,Cotton,Medium Staple,FAQ,2026-09-10,7405.56,8096.23,7677.23,408.6,sample,1,2026-10-08T22:44:27.494604
Maharashtra,Nagpur,Nagpur,Cotton,Medium Staple,FAQ,2026-09-11,7365.61,8086.29,7636.05,119.9,sample,1,2026-10-08T22:44:27.494614
Maharashtra,Nagpur,Nagpur,Cotton,Medium Staple,FAQ,2026-09-12,7299.31,7963.57,7609.94,241.2,sample,1,2026-10-08T22:44:27.494623
Maharashtra,Nagpur,Nagpur,Cotton,Medium Staple,FAQ,2026-09-14,7436.72,8064.96,7687.36,400.8,sample,1,2026-10-08T22:44:27.494634
Maharashtra,Nagpur,Nagpur,Cotton,Medium Staple,FAQ,2026-09-15,7435.2,8113.39,7736.65,159.7,sample,1,2026-10-08T22:44:27.494644
Maharashtra,Nagpur,Nagpur,Cotton,Medium Staple,FAQ,2026-09-16,7376.53,7846.68,7582.09,241.2,sample,1,2026-10-08T22:44:27.494654
Maharashtra,Nagpur,Nagpur,Cotton,Medium Staple,FAQ,2026-09-17,7256.44,7895.36,7525.77,52.8,sample,1,2026-10-08T22:44:27.494663
Maharashtra,Nagpur,Nagpur,Cotton,Medium Staple,FAQ,2026-09-18,7297.59,7809.72,7484.41,381.5,sample,1,2026-10-08T22:44:27.494674
Maharashtra,Nagpur,Nagpur,Cotton,Medium Staple,FAQ,2026-09-19,7155.83,7690.69,7350.41,330.5,sample,1,2026-10-08T22:44:27.494685
Maharashtra,Nagpur,Nagpur,Cotton,Medium Staple,FAQ,2026-09-21,7015.79,7632.83,7325.48,286.3,sample,1,2026-10-08T22:44:27.494696
Maharashtra,Nagpur,Nagpur,Cotton,Medium Staple,FAQ,2026-09-22,7152.48,7773.08,7364.27,401.6,sample,1,2026-10-08T22:44:27.494705
Maharashtra,Nagpur,Nagpur,Cotton,Medium Staple,FAQ,2026-09-23,7161.57,7819.15,7377.81,328.6,sample,1,2026-10-08T22:44:27.494716
Maharashtra,Nagpur,Nagpur,Cotton,Medium Staple,FAQ,2026-09-24,7021.34,7658.76,7292.1,87.6,sample,1,2026-10-08T22:44:27.494726
Maharashtra,Nagpur,Nagpur,Cotton,Medium Staple,FAQ,2026-09-25,7028.81,7524.19,7219.87,451.5,sample,1,2026-10-08T22:44:27.494737
Maharashtra,Nagpur,Nagpur,Cotton,Medium Staple,FAQ,2026-09-26,7060.97,7598.68,7249.89,206.2,sample,1,2026-10-08T22:44:27.494747
Maharashtra,Nagpur,Nagpur,Cotton,Medium Staple,FAQ,2026-09-28,7040.71,7538.98,7289.37,73.8,sample,1,2026-10-08T22:44:27.494758
Maharashtra,Nagpur,Nagpur,Cotton,Medium Staple,FAQ,2026-09-29,6925.75,7505.66,7244.63,356.2,sample,1,2026-10-08T22:44:27.494768
Maharashtra,Nagpur,Nagpur,Cotton,Medium Staple,FAQ,2026-09-30,6904.79,7630.84,7216.04,122.7,sample,1,2026-10-08T22:44:27.494778
Maharashtra,Nagpur,Nagpur,Cotton,Medium Staple,FAQ,2026-10-01,7085.96,7545.0,7262.48,301.0,sample,1,2026-10-08T22:44:27.494789
Maharashtra,Nagpur,Nagpur,Cotton,Medium Staple,FAQ,2026-10-02,6936.58,7711.66,7257.97,262.6,sample,1,2026-10-08T22:44:27.494803
Maharashtra,Nagpur,Nagpur,Cotton,Medium Staple,FAQ,2026-10-03,6989.05,7615.91,7256.15,112.9,sample,1,2026-10-08T22:44:27.494813
Maharashtra,Nagpur,Nagpur,Cotton,Medium Staple,FAQ,2026-10-05,7052.76,7507.9,7256.69,50.6,sample,1,2026-10-08T22:44:27.494824
Maharashtra,Nagpur,Nagpur,Cotton,Medium Staple,FAQ,2026-10-06,6875.66,7404.41,7127.42,438.8,sample,1,2026-10-08T22:44:27.494833
Maharashtra,Nagpur,Nagpur,Cotton,Medium Staple,FAQ,2026-10-07,6948.93,7464.21,7173.06,374.8,sample,1,2026-10-08T22:44:27.494844
Maharashtra,Nagpur,Nagpur,Cotton,Medium Staple,FAQ,2026-10-08,6896.64,7513.81,7212.62,261.5,sample,1,2026-10-08T22:44:27.494853
Maharashtra,Nagpur,Nagpur,Soyabean,Yellow,FAQ,2026-07-10,4640.81,4970.76,4795.44,382.8,sample,1,2026-10-08T22:44:27.494866
Maharashtra,Nagpur,Nagpur,Soyabean,Yellow,FAQ,2026-07-11,4633.32,4984.46,4782.94,224.0,sample,1,2026-10-08T22:44:27.494876
Maharashtra,Nagpur,Nagpur,Soyabean,Yellow,FAQ,2026-07-13,4623.59,5036.91,4790.43,169.3,sample,1,2026-10-08T22:44:27.494887
Maharashtra,Nagpur,Nagpur,Soyabean,Yellow,FAQ,2026-07-14,4671.65,5022.04,4812.0,392.6,sample,1,2026-10-08T22:44:27.494898
Maharashtra,Nagpur,Nagpur,Soyabean,Yellow,FAQ,2026-07-15,4591.72,4981.1,4782.56,446.1,sample,1,2026-10-08T22:44:27.494908
Maharashtra,Nagpur,Nagpur,Soyabean,Yellow,FAQ,2026-07-16,4704.15,5076.94,4847.29,415.3,sample,1,2026-10-08T22:44:27.494918
Maharashtra,Nagpur,Nagpur,Soyabean,Yellow,FAQ,2026-07-17,4660.11,5011.81,4803.75,212.0,sample,1,2026-10-08T22:44:27.494928
Maharashtra,Nagpur,Nagpur,Soyabean,Yellow,FAQ,2026-07-18,4601.46,4911.11,4763.4,116.9,sample,1,2026-10-08T22:44:27.494942
Maharashtra,Nagpur,Nagpur,Soyabean,Yellow,FAQ,2026-07-20,4652.21,4985.25,4810.03,420.3,sample,1,2026-10-08T22:44:27.494953
Maharashtra,Nagpur,Nagpur,Soyabean,Yellow,FAQ,2026-07-21,4654.55,5073.43,4817.61,202.0,sample,1,2026-10-08T22:44:27.494962
Maharashtra,Nagpur,Nagpur,Soyabean,Yellow,FAQ,2026-07-22,4705.44,5074.39,4839.48,204.6,sample,1,2026-10-08T22:44:27.494972
Maharashtra,Nagpur,Nagpur,Soyabean,Yellow,FAQ,2026-07-23,4728.68,5059.05,4840.22,211.1,sample,1,2026-10-08T22:44:27.494982
Maharashtra,Nagpur,Nagpur,Soyabean,Yellow,FAQ,2026-07-24,4706.31,4981.29,4839.98,191.3,sample,1,2026-10-08T22:44:27.494994
Maharashtra,Nagpur,Nagpur,Soyabean,Yellow,FAQ,2026-07-25,4669.02,5051.33,4815.9,453.4,sample,1,2026-10-08T22:44:27.495008
Maharashtra,Nagpur,Nagpur,Soyabean,Yellow,FAQ,2026-07-27,4617.39,4979.82,4776.55,87.3,sample,1,2026-10-08T22:44:27.495018
Maharashtra,Nagpur,Nagpur,Soyabean,Yellow,FAQ,2026-07-28,4630.79,4973.76,4760.81,446.3,sample,1,2026-10-08T22:44:27.495028
Maharashtra,Nagpur,Nagpur,Soyabean,Yellow,FAQ,2026-07-29,4585.48,4961.43,4770.82,387.9,sample,1,2026-10-08T22:44:27.495037
Maharashtra,Nagpur,Nagpur,Soyabean,Yellow,FAQ,2026-07-30,4624.52,4936.53,4758.12,130.7,sample,1,2026-10-08T22:44:27.495047
Maharashtra,Nagpur,Nagpur,Soyabean,Yellow,FAQ,2026-07-31,4579.38,4964.05,4773.5,97.1,sample,1,2026-10-08T22:44:27.495057
Maharashtra,Nagpur,Nagpur,Soyabean,Yellow,FAQ,2026-08-01,4607.98,4907.6,4728.38,216.1,sample,1,2026-10-08T22:44:27.495067
Maharashtra,Nagpur,Nagpur,Soyabean,Yellow,FAQ,2026-08-03,4537.97,4943.63,4700.9,494.5,sample,1,2026-10-08T22:44:27.495077
Maharashtra,Nagpur,Nagpur,Soyabean,Yellow,FAQ,2026-08-04,4501.67,4862.84,4688.72,427.2,sample,1,2026-10-08T22:44:27.495087
Maharashtra,Nagpur,Nagpur,Soyabean,Yellow,FAQ,2026-08-05,4434.97,4767.28,4622.59,336.6,sample,1,2026-10-08T22:44:27.495096
Maharashtra,Nagpur,Nagpur,Soyabean,Yellow,FAQ,2026-08-06,4566.99,4829.65,4678.24,409.2,sample,1,2026-10-08T22:44:27.495109
Maharashtra,Nagpur,Nagpur,Soyabean,Yellow,FAQ,2026-08-07,4504.14,4865.01,4676.97,296.0,sample,1,2026-10-08T22:44:27.495119
Maharashtra,Nagpur,Nagpur,Soyabean,Yellow,FAQ,2026-08-08,4516.33,4863.0,4649.52,220.9,sample,1,2026-10-08T22:44:27.495128
Maharashtra,Nagpur,Nagpur,Soyabean,Yellow,FAQ,2026-08-10,4459.12,4896.56,4640.5,95.8,sample,1,2026-10-08T22:44:27.495140
Maharashtra,Nagpur,Nagpur,Soyabean,Yellow,FAQ,2026-08-11,4466.25,4819.06,4604.9,53.5,sample,1,2026-10-08T22:44:27.495150
Maharashtra,Nagpur,Nagpur,Soyabean,Yellow,FAQ,2026-08-12,4503.72,4796.92,4618.18,356.3,sample,1,2026-10-08T22:44:27.495160
Maharashtra,Nagpur,Nagpur,Soyabean,Yellow,FAQ,2026-08-13,4482.77,4787.4,4626.98,127.9,sample,1,2026-10-08T22:44:27.495177
Maharashtra,Nagpur,Nagpur,Soyabean,Yellow,FAQ,2026-08-14,4478.74,4923.75,4665.0,469.7,sample,1,2026-10-08T22:44:27.495190
Maharashtra,Nagpur,Nagpur,Soyabean,Yellow,FAQ,2026-08-15,4464.52,4818.8,4647.64,401.1,sample,1,2026-10-08T22:44:27.495200
Maharashtra,Nagpur,Nagpur,Soyabean,Yellow,FAQ,2026-08-17,4615.93,4907.2,4727.68,321.9,sample,1,2026-10-08T22:44:27.495211
Maharashtra,Nagpur,Nagpur,Soyabean,Yellow,FAQ,2026-08-18,4613.38,4963.89,4791.5,118.4,sample,1,2026-10-08T22:44:27.495222
Maharashtra,Nagpur,Nagpur,Soyabean,Yellow,FAQ,2026-08-19,4702.37,5062.17,4818.74,386.4,sample,1,2026-10-08T22:44:27.495232
Maharashtra,Nagpur,Nagpur,Soyabean,Yellow,FAQ,2026-08-20,4664.75,5105.55,4849.65,230.1,sample,1,2026-10-08T22:44:27.495241
Maharashtra,Nagpur,Nagpur,Soyabean,Yellow,FAQ,2026-08-21,4673.38,5035.21,4825.86,344.2,sample,1,2026-10-08T22:44:27.495251
Maharashtra,Nagpur,Nagpur,Soyabean,Yellow,FAQ,2026-08-22,4636.4,5007.9,4829.27,376.2,sample,1,2026-10-08T22:44:27.495260
Maharashtra,Nagpur,Nagpur,Soyabean,Yellow,FAQ,2026-08-24,4698.88,4980.48,4830.54,296.9,sample,1,2026-10-08T22:44:27.495270
Maharashtra,Nagpur,Nagpur,Soyabean,Yellow,FAQ,2026-08-25,4674.4,5077.1,4857.96,378.2,sample,1,2026-10-08T22:44:27.495282
Maharashtra,Nagpur,Nagpur,Soyabean,Yellow,FAQ,2026-08-26,4665.01,5004.7,4857.47,46.0,sample,1,2026-10-08T22:44:27.495292
Maharashtra,Nagpur,Nagpur,Soyabean,Yellow,FAQ,2026-08-27,4743.65,5106.32,4868.1,126.4,sample,1,2026-10-08T22:44:27.495301
Maharashtra,Nagpur,Nagpur,Soyabean,Yellow,FAQ,2026-08-28,4726.22,5087.69,4884.37,434.9,sample,1,2026-10-08T22:44:27.495311
Maharashtra,Nagpur,Nagpur,Soyabean,Yellow,FAQ,2026-08-29,4721.42,5072.28,4894.86,248.9,sample,1,2026-10-08T22:44:27.495322
Maharashtra,Nagpur,Nagpur,Soyabean,Yellow,FAQ,2026-08-31,4727.74,5081.26,4915.01,207.3,sample,1,2026-10-08T22:44:27.495332
Maharashtra,Nagpur,Nagpur,Soyabean,Yellow,FAQ,2026-09-01,4753.54,5190.44,4946.3,276.2,sample,1,2026-10-08T22:44:27.495342
Maharashtra,Nagpur,Nagpur,Soyabean,Yellow,FAQ,2026-09-02,4811.81,5101.52,4941.82,181.3,sample,1,2026-10-08T22:44:27.495352
Maharashtra,Nagpur,Nagpur,Soyabean,Yellow,FAQ,2026-09-03,4724.1,5125.19,4907.38,107.8,sample,1,2026-10-08T22:44:27.495361
Maharashtra,Nagpur,Nagpur,Soyabean,Yellow,FAQ,2026-09-04,4820.47,5194.41,4947.12,126.0,sample,1,2026-10-08T22:44:27.495371
Maharashtra,Nagpur,Nagpur,Soyabean,Yellow,FAQ,2026-09-05,4783.79,5110.79,4891.36,248.2,sample,1,2026-10-08T22:44:27.495379
Maharashtra,Nagpur,Nagpur,Soyabean,Yellow,FAQ,2026-09-07,4763.28,5067.63,4875.85,109.3,sample,1,2026-10-08T22:44:27.495390
Maharashtra,Nagpur,Nagpur,Soyabean,Yellow,FAQ,2026-09-08,4810.92,5162.07,4961.12,64.5,sample,1,2026-10-08T22:44:27.495399
Maharashtra,Nagpur,Nagpur,Soyabean,Yellow,FAQ,2026-09-09,4785.12,5176.34,4948.5,234.4,sample,1,2026-10-08T22:44:27.495408
Maharashtra,Nagpur,Nagpur,Soyabean,Yellow,FAQ,2026-09-10,4825.58,5145.36,4957.04,313.3,sample,1,2026-10-08T22:44:27.495419
Maharashtra,Nagpur,Nagpur,Soyabean,Yellow,FAQ,2026-09-11,4757.31,5123.07,4901.33,337.3,sample,1,2026-10-08T22:44:27.495429
Maharashtra,Nagpur,Nagpur,Soyabean,Yellow,FAQ,2026-09-12,4694.34,5052.0,4885.65,64.4,sample,1,2026-10-08T22:44:27.495438
Maharashtra,Nagpur,Nagpur,Soyabean,Yellow,FAQ,2026-09-14,4799.12,5062.17,4910.05,144.2,sample,1,2026-10-08T22:44:27.495449
Maharashtra,Nagpur,Nagpur,Soyabean,Yellow,FAQ,2026-09-15,4748.73,5135.45,4909.55,220.3,sample,1,2026-10-08T22:44:27.495458
Maharashtra,Nagpur,Nagpur,Soyabean,Yellow,FAQ,2026-09-16,4770.26,5126.61,4954.42,134.6,sample,1,2026-10-08T22:44:27.495470
Maharashtra,Nagpur,Nagpur,Soyabean,Yellow,FAQ,2026-09-17,4807.67,5165.11,4983.39,172.5,sample,1,2026-10-08T22:44:27.495479
Maharashtra,Nagpur,Nagpur,Soyabean,Yellow,FAQ,2026-09-18,4805.21,5119.08,4918.69,362.2,sample,1,2026-10-08T22:44:27.495489
Maharashtra,Nagpur,Nagpur,Soyabean,Yellow,FAQ,2026-09-19,4725.82,5050.37,4873.73,457.1,sample,1,2026-10-08T22:44:27.495499
Maharashtra,Nagpur,Nagpur,Soyabean,Yellow,FAQ,2026-09-21,4759.28,5033.01,4870.53,453.9,sample,1,2026-10-08T22:44:27.495512
Maharashtra,Nagpur,Nagpur,Soyabean,Yellow,FAQ,2026-09-22,4781.95,5041.25,4899.72,258.3,sample,1,2026-10-08T22:44:27.495523
Maharashtra,Nagpur,Nagpur,Soyabean,Yellow,FAQ,2026-09-23,4751.39,5029.37,4880.13,352.4,sample,1,2026-10-08T22:44:27.495533
Maharashtra,Nagpur,Nagpur,Soyabean,Yellow,FAQ,2026-09-24,4713.94,5107.0,4895.72,486.0,sample,1,2026-10-08T22:44:27.495544
Maharashtra,Nagpur,Nagpur,Soyabean,Yellow,FAQ,2026-09-25,4721.53,5001.94,4848.81,416.7,sample,1,2026-10-08T22:44:27.495554
Maharashtra,Nagpur,Nagpur,Soyabean,Yellow,FAQ,2026-09-26,4665.21,5080.11,4821.26,424.3,sample,1,2026-10-08T22:44:27.495563
Maharashtra,Nagpur,Nagpur,Soyabean,Yellow,FAQ,2026-09-28,4676.11,4945.57,4794.3,180.1,sample,1,2026-10-08T22:44:27.495574
Maharashtra,Nagpur,Nagpur,Soyabean,Yellow,FAQ,2026-09-29,4617.5,4983.07,4788.76,378.0,sample,1,2026-10-08T22:44:27.495585
Maharashtra,Nagpur,Nagpur,Soyabean,Yellow,FAQ,2026-09-30,4669.33,5001.82,4818.11,46.2,sample,1,2026-10-08T22:44:27.495596
Maharashtra,Nagpur,Nagpur,Soyabean,Yellow,FAQ,2026-10-01,4676.49,5038.45,4813.23,450.0,sample,1,2026-10-08T22:44:27.495606
Maharashtra,Nagpur,Nagpur,Soyabean,Yellow,FAQ,2026-10-02,4636.48,5034.17,4822.68,91.9,sample,1,2026-10-08T22:44:27.495616
Maharashtra,Nagpur,Nagpur,Soyabean,Yellow,FAQ,2026-10-03,4574.88,4968.99,4741.6,49.5,sample,1,2026-10-08T22:44:27.495628
Maharashtra,Nagpur,Nagpur,Soyabean,Yellow,FAQ,2026-10-05,4656.26,4977.6,4820.6,269.0,sample,1,2026-10-08T22:44:27.495639
Maharashtra,Nagpur,Nagpur,Soyabean,Yellow,FAQ,2026-10-06,4680.04,5035.95,4807.03,487.7,sample,1,2026-10-08T22:44:27.495649
Maharashtra,Nagpur,Nagpur,Soyabean,Yellow,FAQ,2026-10-07,4640.3,5017.33,4762.75,333.8,sample,1,2026-10-08T22:44:27.495659
Maharashtra,Nagpur,Nagpur,Soyabean,Yellow,FAQ,2026-10-08,4621.78,5058.93,4813.67,352.2,sample,1,2026-10-08T22:44:27.495669
Maharashtra,Nagpur,Nagpur,Tomato,Hybrid,FAQ,2026-07-10,1561.69,2236.09,1880.44,162.0,sample,1,2026-10-08T22:44:27.495681
Maharashtra,Nagpur,Nagpur,Tomato,Hybrid,FAQ,2026-07-11,1548.35,2256.69,1825.21,219.9,sample,1,2026-10-08T22:44:27.495691
Maharashtra,Nagpur,Nagpur,Tomato,Hybrid,FAQ,2026-07-13,1381.13,1856.16,1602.53,279.2,sample,1,2026-10-08T22:44:27.495704
Maharashtra,Nagpur,Nagpur,Tomato,Hybrid,FAQ,2026-07-14,1513.37,2113.46,1739.86,239.4,sample,1,2026-10-08T22:44:27.495714
Maharashtra,Nagpur,Nagpur,Tomato,Hybrid,FAQ,2026-07-15,1247.8,1847.22,1541.65,486.0,sample,1,2026-10-08T22:44:27.495724
Maharashtra,Nagpur,Nagpur,Tomato,Hybrid,FAQ,2026-07-16,1363.79,2002.59,1613.63,254.5,sample,1,2026-10-08T22:44:27.495737
Maharashtra,Nagpur,Nagpur,Tomato,Hybrid,FAQ,2026-07-17,1477.28,2130.36,1745.85,179.7,sample,1,2026-10-08T22:44:27.495749
Maharashtra,Nagpur,Nagpur,Tomato,Hybrid,FAQ,2026-07-18,1699.8,2330.99,1918.04,47.2,sample,1,2026-10-08T22:44:27.495760
Maharashtra,Nagpur,Nagpur,Tomato,Hybrid,FAQ,2026-07-20,1711.79,2231.92,1975.75,180.7,sample,1,2026-10-08T22:44:27.495772
Maharashtra,Nagpur,Nagpur,Tomato,Hybrid,FAQ,2026-07-21,1744.52,2367.72,1984.07,40.3,sample,1,2026-10-08T22:44:27.495782
Maharashtra,Nagpur,Nagpur,Tomato,Hybrid,FAQ,2026-07-22,1757.21,2400.09,1974.7,346.0,sample,1,2026-10-08T22:44:27.495794
Maharashtra,Nagpur,Nagpur,Tomato,Hybrid,FAQ,2026-07-23,1750.42,2318.31,2040.75,79.6,sample,1,2026-10-08T22:44:27.495804
Maharashtra,Nagpur,Nagpur,Tomato,Hybrid,FAQ,2026-07-24,1790.34,2362.75,1994.85,77.1,sample,1,2026-10-08T22:44:27.495818
Maharashtra,Nagpur,Nagpur,Tomato,Hybrid,FAQ,2026-07-25,2040.88,2593.08,2248.71,203.1,sample,1,2026-10-08T22:44:27.495829
Maharashtra,Nagpur,Nagpur,Tomato,Hybrid,FAQ,2026-07-27,2031.46,2717.89,2269.84,85.1,sample,1,2026-10-08T22:44:27.495840
Maharashtra,Nagpur,Nagpur,Tomato,Hybrid,FAQ,2026-07-28,1927.22,2449.83,2141.41,182.9,sample,1,2026-10-08T22:44:27.495852
Maharashtra,Nagpur,Nagpur,Tomato,Hybrid,FAQ,2026-07-29,1790.47,2380.26,2013.84,354.3,sample,1,2026-10-08T22:44:27.495864
Maharashtra,Nagpur,Nagpur,Tomato,Hybrid,FAQ,2026-07-30,1751.59,2230.02,1956.52,295.0,sample,1,2026-10-08T22:44:27.495963
Maharashtra,Nagpur,Nagpur,Tomato,Hybrid,FAQ,2026-07-31,1678.52,2315.47,1938.52,291.1,sample,1,2026-10-08T22:44:27.496091
Maharashtra,Nagpur,Nagpur,Tomato,Hybrid,FAQ,2026-08-01,1732.82,2393.15,1964.21,241.0,sample,1,2026-10-08T22:44:27.496165
Maharashtra,Nagpur,Nagpur,Tomato,Hybrid,FAQ,2026-08-03,1790.16,2453.47,2012.15,367.8,sample,1,2026-10-08T22:44:27.496188
Maharashtra,Nagpur,Nagpur,Tomato,Hybrid,FAQ,2026-08-04,1822.87,2402.94,2068.13,233.4,sample,1,2026-10-08T22:44:27.496201
Maharashtra,Nagpur,Nagpur,Tomato,Hybrid,FAQ,2026-08-05,1780.36,2485.27,2039.2,233.6,sample,1,2026-10-08T22:44:27.496212
Maharashtra,Nagpur,Nagpur,Tomato,Hybrid,FAQ,2026-08-06,1749.49,2412.06,2037.87,179.1,sample,1,2026-10-08T22:44:27.496223
Maharashtra,Nagpur,Nagpur,Tomato,Hybrid,FAQ,2026-08-07,1836.81,2389.99,2030.9,300.2,sample,1,2026-10-08T22:44:27.496233
Maharashtra,Nagpur,Nagpur,Tomato,Hybrid,FAQ,2026-08-08,1896.61,2519.23,2115.61,220.6,sample,1,2026-10-08T22:44:27.496252
Maharashtra,Nagpur,Nagpur,Tomato,Hybrid,FAQ,2026-08-10,1797.04,2521.89,2093.16,251.7,sample,1,2026-10-08T22:44:27.496264
Maharashtra,Nagpur,Nagpur,Tomato,Hybrid,FAQ,2026-08-11,1900.86,2340.5,2084.01,421.8,sample,1,2026-10-08T22:44:27.496274
Maharashtra,Nagpur,Nagpur,Tomato,Hybrid,FAQ,2026-08-12,1838.3,2333.93,2027.91,261.5,sample,1,2026-10-08T22:44:27.496285
Maharashtra,Nagpur,Nagpur,Tomato,Hybrid,FAQ,2026-08-13,1734.05,2216.53,1958.75,380.6,sample,1,2026-10-08T22:44:27.496294
Maharashtra,Nagpur,Nagpur,Tomato,Hybrid,FAQ,2026-08-14,1708.37,2179.38,1891.32,106.3,sample,1,2026-10-08T22:44:27.496304
Maharashtra,Nagpur,Nagpur,Tomato,Hybrid,FAQ,2026-08-15,1484.52,2119.59,1770.58,142.8,sample,1,2026-10-08T22:44:27.496315
Maharashtra,Nagpur,Nagpur,Tomato,Hybrid,FAQ,2026-08-17,1481.99,2012.41,1702.12,495.0,sample,1,2026-10-08T22:44:27.496326
Maharashtra,Nagpur,Nagpur,Tomato,Hybrid,FAQ,2026-08-18,1391.84,1914.65,1567.81,356.4,sample,1,2026-10-08T22:44:27.496337
Maharashtra,Nagpur,Nagpur,Tomato,Hybrid,FAQ,2026-08-19,1314.86,1850.85,1580.43,84.6,sample,1,2026-10-08T22:44:27.496348
Maharashtra,Nagpur,Nagpur,Tomato,Hybrid,FAQ,2026-08-20,1386.71,1936.84,1592.35,423.1,sample,1,2026-10-08T22:44:27.496361
Maharashtra,Nagpur,Nagpur,Tomato,Hybrid,FAQ,2026-08-21,1384.56,1907.79,1577.83,492.0,sample,1,2026-10-08T22:44:27.496371
Maharashtra,Nagpur,Nagpur,Tomato,Hybrid,FAQ,2026-08-22,1300.76,2020.56,1598.8,291.5,sample,1,2026-10-08T22:44:27.496381
Maharashtra,Nagpur,Nagpur,Tomato,Hybrid,FAQ,2026-08-24,1358.13,2036.63,1662.03,238.9,sample,1,2026-10-08T22:44:27.496392
Maharashtra,Nagpur,Nagpur,Tomato,Hybrid,FAQ,2026-08-25,1290.08,1844.32,1560.51,416.5,sample,1,2026-10-08T22:44:27.496403
Maharashtra,Nagpur,Nagpur,Tomato,Hybrid,FAQ,2026-08-26,1259.85,1905.9,1546.1,259.0,sample,1,2026-10-08T22:44:27.496413
Maharashtra,Nagpur,Nagpur,Tomato,Hybrid,FAQ,2026-08-27,1299.87,1903.56,1518.38,481.2,sample,1,2026-10-08T22:44:27.496423
Maharashtra,Nagpur,Nagpur,Tomato,Hybrid,FAQ,2026-08-28,1180.65,1805.84,1414.33,89.4,sample,1,2026-10-08T22:44:27.496434
Maharashtra,Nagpur,Nagpur,Tomato,Hybrid,FAQ,2026-08-29,1201.83,1773.57,1439.36,52.9,sample,1,2026-10-08T22:44:27.496446
Maharashtra,Nagpur,Nagpur,Tomato,Hybrid,FAQ,2026-08-31,1181.86,1667.09,1358.51,336.8,sample,1,2026-10-08T22:44:27.496457
Maharashtra,Nagpur,Nagpur,Tomato,Hybrid,FAQ,2026-09-01,1099.57,1783.72,1408.55,59.6,sample,1,2026-10-08T22:44:27.496469
Maharashtra,Nagpur,Nagpur,Tomato,Hybrid,FAQ,2026-09-02,1354.67,1996.7,1599.86,167.4,sample,1,2026-10-08T22:44:27.496480
Maharashtra,Nagpur,Nagpur,Tomato,Hybrid,FAQ,2026-09-03,1174.94,1817.33,1497.2,433.7,sample,1,2026-10-08T22:44:27.496490
Maharashtra,Nagpur,Nagpur,Tomato,Hybrid,FAQ,2026-09-04,1157.82,1765.78,1438.75,68.9,sample,1,2026-10-08T22:44:27.496501
Maharashtra,Nagpur,Nagpur,Tomato,Hybrid,FAQ,2026-09-05,1182.43,1774.71,1455.82,370.8,sample,1,2026-10-08T22:44:27.496511
Maharashtra,Nagpur,Nagpur,Tomato,Hybrid,FAQ,2026-09-07,1113.07,1709.52,1406.07,390.8,sample,1,2026-10-08T22:44:27.496522
Maharashtra,Nagpur,Nagpur,Tomato,Hybrid,FAQ,2026-09-08,1313.18,1861.35,1533.62,461.4,sample,1,2026-10-08T22:44:27.496532
Maharashtra,Nagpur,Nagpur,Tomato,Hybrid,FAQ,2026-09-09,1254.07,1883.21,1499.83,305.0,sample,1,2026-10-08T22:44:27.496542
Maharashtra,Nagpur,Nagpur,Tomato,Hybrid,FAQ,2026-09-10,1139.74,1861.68,1453.85,281.7,sample,1,2026-10-08T22:44:27.496552
Maharashtra,Nagpur,Nagpur,Tomato,Hybrid,FAQ,2026-09-11,1202.03,1838.41,1520.31,324.0,sample,1,2026-10-08T22:44:27.496563
Maharashtra,Nagpur,Nagpur,Tomato,Hybrid,FAQ,2026-09-12,1350.66,1840.67,1586.23,431.9,sample,1,2026-10-08T22:44:27.496574
Maharashtra,Nagpur,Nagpur,Tomato,Hybrid,FAQ,2026-09-14,1425.96,2058.08,1616.89,259.1,sample,1,2026-10-08T22:44:27.496589
Maharashtra,Nagpur,Nagpur,Tomato,Hybrid,FAQ,2026-09-15,1367.89,2107.96,1656.88,411.9,sample,1,2026-10-08T22:44:27.496599
Maharashtra,Nagpur,Nagpur,Tomato,Hybrid,FAQ,2026-09-16,1348.17,1939.68,1658.14,450.5,sample,1,2026-10-08T22:44:27.496609
Maharashtra,Nagpur,Nagpur,Tomato,Hybrid,FAQ,2026-09-17,1318.92,1940.5,1607.29,69.6,sample,1,2026-10-08T22:44:27.496621
Maharashtra,Nagpur,Nagpur,Tomato,Hybrid,FAQ,2026-09-18,1285.31,1847.64,1587.33,391.1,sample,1,2026-10-08T22:44:27.496633
Maharashtra,Nagpur,Nagpur,Tomato,Hybrid,FAQ,2026-09-19,1306.98,1994.5,1572.96,464.8,sample,1,2026-10-08T22:44:27.496644
Maharashtra,Nagpur,Nagpur,Tomato,Hybrid,FAQ,2026-09-21,1299.59,1983.89,1531.23,303.9,sample,1,2026-10-08T22:44:27.496654
Maharashtra,Nagpur,Nagpur,Tomato,Hybrid,FAQ,2026-09-22,1451.95,1954.93,1656.91,241.3,sample,1,2026-10-08T22:44:27.496664
Maharashtra,Nagpur,Nagpur,Tomato,Hybrid,FAQ,2026-09-23,1453.2,2068.42,1652.51,412.0,sample,1,2026-10-08T22:44:27.496674
Maharashtra,Nagpur,Nagpur,Tomato,Hybrid,FAQ,2026-09-24,1508.79,2079.87,1712.63,329.4,sample,1,2026-10-08T22:44:27.496685
Maharashtra,Nagpur,Nagpur,Tomato,Hybrid,FAQ,2026-09-25,1394.6,2123.69,1691.1,205.4,sample,1,2026-10-08T22:44:27.496695
Maharashtra,Nagpur,Nagpur,Tomato,Hybrid,FAQ,2026-09-26,1413.77,2009.75,1649.97,73.1,sample,1,2026-10-08T22:44:27.496705
Maharashtra,Nagpur,Nagpur,Tomato,Hybrid,FAQ,2026-09-28,1397.51,2089.03,1709.16,268.2,sample,1,2026-10-08T22:44:27.496716
Maharashtra,Nagpur,Nagpur,Tomato,Hybrid,FAQ,2026-09-29,1533.25,2197.89,1833.11,257.9,sample,1,2026-10-08T22:44:27.496726
Maharashtra,Nagpur,Nagpur,Tomato,Hybrid,FAQ,2026-09-30,1506.69,2039.44,1765.49,70.9,sample,1,2026-10-08T22:44:27.496756
Maharashtra,Nagpur,Nagpur,Tomato,Hybrid,FAQ,2026-10-01,1617.56,2180.67,1856.69,72.6,sample,1,2026-10-08T22:44:27.496766
Maharashtra,Nagpur,Nagpur,Tomato,Hybrid,FAQ,2026-10-02,1757.84,2247.33,1977.57,146.1,sample,1,2026-10-08T22:44:27.496777
Maharashtra,Nagpur,Nagpur,Tomato,Hybrid,FAQ,2026-10-03,1769.85,2349.56,2035.07,143.0,sample,1,2026-10-08T22:44:27.496788
Maharashtra,Nagpur,Nagpur,Tomato,Hybrid,FAQ,2026-10-05,1979.49,2584.89,2192.2,71.3,sample,1,2026-10-08T22:44:27.496799
Maharashtra,Nagpur,Nagpur,Tomato,Hybrid,FAQ,2026-10-06,1801.46,2555.48,2107.18,74.4,sample,1,2026-10-08T22:44:27.496813
Maharashtra,Nagpur,Nagpur,Tomato,Hybrid,FAQ,2026-10-07,1638.08,2302.86,1952.85,223.6,sample,1,2026-10-08T22:44:27.496823
Maharashtra,Nagpur,Nagpur,Tomato,Hybrid,FAQ,2026-10-08,1690.75,2265.73,1874.25,91.0,sample,1,2026-10-08T22:44:27.496834
Maharashtra,Nagpur,Nagpur,Wheat,Lokwan,FAQ,2026-07-10,2602.16,2834.34,2705.1,195.5,sample,1,2026-10-08T22:44:27.496848
Maharashtra,Nagpur,Nagpur,Wheat,Lokwan,FAQ,2026-07-11,2615.19,2880.1,2717.97,391.8,sample,1,2026-10-08T22:44:27.496858
Maharashtra,Nagpur,Nagpur,Wheat,Lokwan,FAQ,2026-07-13,2603.4,2966.05,2740.24,345.1,sample,1,2026-10-08T22:44:27.496870
Maharashtra,Nagpur,Nagpur,Wheat,Lokwan,FAQ,2026-07-14,2618.14,2916.83,2765.38,73.5,sample,1,2026-10-08T22:44:27.496880
Maharashtra,Nagpur,Nagpur,Wheat,Lokwan,FAQ,2026-07-15,2681.79,3025.09,2816.41,56.3,sample,1,2026-10-08T22:44:27.496890
Maharashtra,Nagpur,Nagpur,Wheat,Lokwan,FAQ,2026-07-16,2641.57,3024.8,2796.21,315.1,sample,1,2026-10-08T22:44:27.496901
Maharashtra,Nagpur,Nagpur,Wheat,Lokwan,FAQ,2026-07-17,2662.9,3014.83,2786.6,164.4,sample,1,2026-10-08T22:44:27.496911
Maharashtra,Nagpur,Nagpur,Wheat,Lokwan,FAQ,2026-07-18,2691.61,2908.46,2778.62,273.5,sample,1,2026-10-08T22:44:27.496923
Maharashtra,Nagpur,Nagpur,Wheat,Lokwan,FAQ,2026-07-20,2656.27,2979.9,2762.12,486.9,sample,1,2026-10-08T22:44:27.496936
Maharashtra,Nagpur,Nagpur,Wheat,Lokwan,FAQ,2026-07-21,2654.95,2872.47,2740.49,395.9,sample,1,2026-10-08T22:44:27.496946
Maharashtra,Nagpur,Nagpur,Wheat,Lokwan,FAQ,2026-07-22,2607.15,2952.74,2753.09,379.4,sample,1,2026-10-08T22:44:27.496957
Maharashtra,Nagpur,Nagpur,Wheat,Lokwan,FAQ,2026-07-23,2601.02,2856.43,2724.8,392.2,sample,1,2026-10-08T22:44:27.496969
Maharashtra,Nagpur,Nagpur,Wheat,Lokwan,FAQ,2026-07-24,2602.92,2858.53,2717.65,241.5,sample,1,2026-10-08T22:44:27.496979
Maharashtra,Nagpur,Nagpur,Wheat,Lokwan,FAQ,2026-07-25,2546.22,2926.92,2694.81,209.1,sample,1,2026-10-08T22:44:27.496989
Maharashtra,Nagpur,Nagpur,Wheat,Lokwan,FAQ,2026-07-27,2619.18,2858.41,2707.35,310.8,sample,1,2026-10-08T22:44:27.497001
Maharashtra,Nagpur,Nagpur,Wheat,Lokwan,FAQ,2026-07-28,2634.75,2941.83,2735.1,448.6,sample,1,2026-10-08T22:44:27.497011
Maharashtra,Nagpur,Nagpur,Wheat,Lokwan,FAQ,2026-07-29,2589.68,2872.64,2745.03,371.1,sample,1,2026-10-08T22:44:27.497022
Maharashtra,Nagpur,Nagpur,Wheat,Lokwan,FAQ,2026-07-30,2572.06,2848.84,2714.57,98.3,sample,1,2026-10-08T22:44:27.497033
Maharashtra,Nagpur,Nagpur,Wheat,Lokwan,FAQ,2026-07-31,2610.82,2916.76,2720.0,152.4,sample,1,2026-10-08T22:44:27.497045
Maharashtra,Nagpur,Nagpur,Wheat,Lokwan,FAQ,2026-08-01,2623.73,2920.24,2728.78,260.2,sample,1,2026-10-08T22:44:27.497055
Maharashtra,Nagpur,Nagpur,Wheat,Lokwan,FAQ,2026-08-03,2635.51,2922.23,2737.52,267.7,sample,1,2026-10-08T22:44:27.497066
Maharashtra,Nagpur,Nagpur,Wheat,Lokwan,FAQ,2026-08-04,2608.65,2910.14,2745.59,460.9,sample,1,2026-10-08T22:44:27.497076
Maharashtra,Nagpur,Nagpur,Wheat,Lokwan,FAQ,2026-08-05,2601.86,2963.9,2753.64,174.6,sample,1,2026-10-08T22:44:27.497086
Maharashtra,Nagpur,Nagpur,Wheat,Lokwan,FAQ,2026-08-06,2661.72,2975.68,2792.78,163.1,sample,1,2026-10-08T22:44:27.497097
Maharashtra,Nagpur,Nagpur,Wheat,Lokwan,FAQ,2026-08-07,2693.72,3004.86,2781.61,364.5,sample,1,2026-10-08T22:44:27.497108
Maharashtra,Nagpur,Nagpur,Wheat,Lokwan,FAQ,2026-08-08,2623.76,2908.75,2752.53,133.6,sample,1,2026-10-08T22:44:27.497118
Maharashtra,Nagpur,Nagpur,Wheat,Lokwan,FAQ,2026-08-10,2696.75,3003.48,2797.35,137.0,sample,1,2026-10-08T22:44:27.497129
Maharashtra,Nagpur,Nagpur,Wheat,Lokwan,FAQ,2026-08-11,2736.47,3061.45,2847.28,105.3,sample,1,2026-10-08T22:44:27.497141
Maharashtra,Nagpur,Nagpur,Wheat,Lokwan,FAQ,2026-08-12,2750.46,3056.26,2881.25,92.5,sample,1,2026-10-08T22:44:27.497151
Maharashtra,Nagpur,Nagpur,Wheat,Lokwan,FAQ,2026-08-13,2749.91,2999.48,2869.83,167.9,sample,1,2026-10-08T22:44:27.497162
Maharashtra,Nagpur,Nagpur,Wheat,Lokwan,FAQ,2026-08-14,2739.28,2985.5,2829.36,320.5,sample,1,2026-10-08T22:44:27.497173
Maharashtra,Nagpur,Nagpur,Wheat,Lokwan,FAQ,2026-08-15,2737.38,3076.23,2857.05,216.9,sample,1,2026-10-08T22:44:27.497182
Maharashtra,Nagpur,Nagpur,Wheat,Lokwan,FAQ,2026-08-17,2771.23,3041.07,2868.51,64.0,sample,1,2026-10-08T22:44:27.497194
Maharashtra,Nagpur,Nagpur,Wheat,Lokwan,FAQ,2026-08-18,2761.79,3052.25,2867.76,200.0,sample,1,2026-10-08T22:44:27.497204
Maharashtra,Nagpur,Nagpur,Wheat,Lokwan,FAQ,2026-08-19,2747.86,3121.82,2896.17,457.4,sample,1,2026-10-08T22:44:27.497214
Maharashtra,Nagpur,Nagpur,Wheat,Lokwan,FAQ,2026-08-20,2752.59,3084.75,2894.93,388.3,sample,1,2026-10-08T22:44:27.497224
Maharashtra,Nagpur,Nagpur,Wheat,Lokwan,FAQ,2026-08-21,2747.51,3034.94,2862.76,375.4,sample,1,2026-10-08T22:44:27.497234
Maharashtra,Nagpur,Nagpur,Wheat,Lokwan,FAQ,2026-08-22,2760.21,3029.33,2897.16,90.2,sample,1,2026-10-08T22:44:27.497245
Maharashtra,Nagpur,Nagpur,Wheat,Lokwan,FAQ,2026-08-24,2727.0,3078.53,2859.81,471.5,sample,1,2026-10-08T22:44:27.497257
Maharashtra,Nagpur,Nagpur,Wheat,Lokwan,FAQ,2026-08-25,2763.29,3068.5,2880.66,301.4,sample,1,2026-10-08T22:44:27.497266
Maharashtra,Nagpur,Nagpur,Wheat,Lokwan,FAQ,2026-08-26,2748.39,3066.37,2859.84,465.3,sample,1,2026-10-08T22:44:27.497277
Maharashtra,Nagpur,Nagpur,Wheat,Lokwan,FAQ,2026-08-27,2759.59,2980.72,2853.08,407.8,sample,1,2026-10-08T22:44:27.497287
Maharashtra,Nagpur,Nagpur,Wheat,Lokwan,FAQ,2026-08-28,2756.5,3043.12,2858.5,195.3,sample,1,2026-10-08T22:44:27.497299
Maharashtra,Nagpur,Nagpur,Wheat,Lokwan,FAQ,2026-08-29,2737.96,3042.85,2850.37,206.4,sample,1,2026-10-08T22:44:27.497309
Maharashtra,Nagpur,Nagpur,Wheat,Lokwan,FAQ,2026-08-31,2679.94,3013.94,2822.28,97.2,sample,1,2026-10-08T22:44:27.497320
Maharashtra,Nagpur,Nagpur,Wheat,Lokwan,FAQ,2026-09-01,2657.48,2943.08,2782.41,161.7,sample,1,2026-10-08T22:44:27.497330
Maharashtra,Nagpur,Nagpur,Wheat,Lokwan,FAQ,2026-09-02,2677.68,2969.73,2793.35,484.3,sample,1,2026-10-08T22:44:27.497340
Maharashtra,Nagpur,Nagpur,Wheat,Lokwan,FAQ,2026-09-03,2698.24,3034.0,2816.81,140.2,sample,1,2026-10-08T22:44:27.497352
Maharashtra,Nagpur,Nagpur,Wheat,Lokwan,FAQ,2026-09-04,2765.21,3061.03,2869.11,184.5,sample,1,2026-10-08T22:44:27.497362
Maharashtra,Nagpur,Nagpur,Wheat,Lokwan,FAQ,2026-09-05,2796.31,3030.34,2884.92,392.3,sample,1,2026-10-08T22:44:27.497372
Maharashtra,Nagpur,Nagpur,Wheat,Lokwan,FAQ,2026-09-07,2777.27,3064.51,2870.43,107.6,sample,1,2026-10-08T22:44:27.497384
Maharashtra,Nagpur,Nagpur,Wheat,Lokwan,FAQ,2026-09-08,2786.15,3045.99,2914.64,92.6,sample,1,2026-10-08T22:44:27.497393
Maharashtra,Nagpur,Nagpur,Wheat,Lokwan,FAQ,2026-09-09,2797.81,3132.4,2943.77,59.3,sample,1,2026-10-08T22:44:27.497403
Maharashtra,Nagpur,Nagpur,Wheat,Lokwan,FAQ,2026-09-10,2808.03,3076.25,2943.68,368.7,sample,1,2026-10-08T22:44:27.497413
Maharashtra,Nagpur,Nagpur,Wheat,Lokwan,FAQ,2026-09-11,2800.56,3152.01,2933.4,202.5,sample,1,2026-10-08T22:44:27.497424
Maharashtra,Nagpur,Nagpur,Wheat,Lokwan,FAQ,2026-09-12,2808.27,3134.85,2943.99,200.9,sample,1,2026-10-08T22:44:27.497434
Maharashtra,Nagpur,Nagpur,Wheat,Lokwan,FAQ,2026-09-14,2837.93,3110.31,2958.72,189.9,sample,1,2026-10-08T22:44:27.497446
Maharashtra,Nagpur,Nagpur,Wheat,Lokwan,FAQ,2026-09-15,2850.71,3176.3,2961.45,231.3,sample,1,2026-10-08T22:44:27.497467
Maharashtra,Nagpur,Nagpur,Wheat,Lokwan,FAQ,2026-09-16,2824.99,3080.56,2919.29,402.6,sample,1,2026-10-08T22:44:27.497478
Maharashtra,Nagpur,Nagpur,Wheat,Lokwan,FAQ,2026-09-17,2763.47,3041.67,2871.59,339.9,sample,1,2026-10-08T22:44:27.497489
Maharashtra,Nagpur,Nagpur,Wheat,Lokwan,FAQ,2026-09-18,2671.0,2943.09,2799.78,60.5,sample,1,2026-10-08T22:44:27.497502
Maharashtra,Nagpur,Nagpur,Wheat,Lokwan,FAQ,2026-09-19,2659.15,3034.61,2810.13,51.7,sample,1,2026-10-08T22:44:27.497515
Maharashtra,Nagpur,Nagpur,Wheat,Lokwan,FAQ,2026-09-21,2651.67,2982.78,2772.45,273.8,sample,1,2026-10-08T22:44:27.497527
Maharashtra,Nagpur,Nagpur,Wheat,Lokwan,FAQ,2026-09-22,2617.22,2906.25,2743.09,138.8,sample,1,2026-10-08T22:44:27.497537
Maharashtra,Nagpur,Nagpur,Wheat,Lokwan,FAQ,2026-09-23,2610.77,2914.22,2747.06,499.0,sample,1,2026-10-08T22:44:27.497547
Maharashtra,Nagpur,Nagpur,Wheat,Lokwan,FAQ,2026-09-24,2652.43,2876.43,2742.08,470.3,sample,1,2026-10-08T22:44:27.497561
Maharashtra,Nagpur,Nagpur,Wheat,Lokwan,FAQ,2026-09-25,2622.32,2932.89,2747.68,232.3,sample,1,2026-10-08T22:44:27.497571
Maharashtra,Nagpur,Nagpur,Wheat,Lokwan,FAQ,2026-09-26,2640.72,2995.04,2777.5,282.8,sample,1,2026-10-08T22:44:27.497586
Maharashtra,Nagpur,Nagpur,Wheat,Lokwan,FAQ,2026-09-28,2681.67,2977.06,2803.43,163.8,sample,1,2026-10-08T22:44:27.497597
Maharashtra,Nagpur,Nagpur,Wheat,Lokwan,FAQ,2026-09-29,2666.05,2967.89,2810.24,152.3,sample,1,2026-10-08T22:44:27.497607
Maharashtra,Nagpur,Nagpur,Wheat,Lokwan,FAQ,2026-09-30,2699.53,2984.82,2809.59,384.2,sample,1,2026-10-08T22:44:27.497618
Maharashtra,Nagpur,Nagpur,Wheat,Lokwan,FAQ,2026-10-01,2757.47,3001.81,2849.78,377.1,sample,1,2026-10-08T22:44:27.497627
Maharashtra,Nagpur,Nagpur,Wheat,Lokwan,FAQ,2026-10-02,2753.25,3043.2,2862.59,460.7,sample,1,2026-10-08T22:44:27.497638
Maharashtra,Nagpur,Nagpur,Wheat,Lokwan,FAQ,2026-10-03,2710.22,3032.62,2841.26,246.5,sample,1,2026-10-08T22:44:27.497647
Maharashtra,Nagpur,Nagpur,Wheat,Lokwan,FAQ,2026-10-05,2665.34,2948.4,2808.87,287.3,sample,1,2026-10-08T22:44:27.497662
Maharashtra,Nagpur,Nagpur,Wheat,Lokwan,FAQ,2026-10-06,2682.36,2992.28,2822.26,309.0,sample,1,2026-10-08T22:44:27.497672
Maharashtra,Nagpur,Nagpur,Wheat,Lokwan,FAQ,2026-10-07,2727.04,2991.6,2831.7,77.5,sample,1,2026-10-08T22:44:27.497682
Maharashtra,Nagpur,Nagpur,Wheat,Lokwan,FAQ,2026-10-08,2728.62,3075.12,2842.93,305.0,sample,1,2026-10-08T22:44:27.497696
Maharashtra,Solapur,Solapur,Onion,Red/Nasik,FAQ,2026-07-10,1820.15,2682.47,2192.13,47.1,sample,1,2026-10-08T22:44:27.497714
Maharashtra,Solapur,Solapur,Onion,Red/Nasik,FAQ,2026-07-11,1899.58,2474.53,2131.32,295.1,sample,1,2026-10-08T22:44:27.497725
Maharashtra,Solapur,Solapur,Onion,Red/Nasik,FAQ,2026-07-13,1979.09,2500.02,2211.84,238.5,sample,1,2026-10-08T22:44:27.497779
Maharashtra,Solapur,Solapur,Onion,Red/Nasik,FAQ,2026-07-14,1844.51,2696.3,2178.72,100.9,sample,1,2026-10-08T22:44:27.497790
Maharashtra,Solapur,Solapur,Onion,Red/Nasik,FAQ,2026-07-15,1884.57,2622.39,2257.34,225.1,sample,1,2026-10-08T22:44:27.497800
Maharashtra,Solapur,Solapur,Onion,Red/Nasik,FAQ,2026-07-16,1863.59,2624.72,2173.84,94.8,sample,1,2026-10-08T22:44:27.497810
Maharashtra,Solapur,Solapur,Onion,Red/Nasik,FAQ,2026-07-17,1946.65,2691.11,2263.12,497.3,sample,1,2026-10-08T22:44:27.497821
Maharashtra,Solapur,Solapur,Onion,Red/Nasik,FAQ,2026-07-18,1980.09,2655.53,2198.23,203.3,sample,1,2026-10-08T22:44:27.497831
Maharashtra,Solapur,Solapur,Onion,Red/Nasik,FAQ,2026-07-20,1861.21,2632.52,2152.17,173.1,sample,1,2026-10-08T22:44:27.497842
Maharashtra,Solapur,Solapur,Onion,Red/Nasik,FAQ,2026-07-21,1877.36,2485.55,2173.24,124.4,sample,1,2026-10-08T22:44:27.497855
Maharashtra,Solapur,Solapur,Onion,Red/Nasik,FAQ,2026-07-22,1809.64,2488.34,2188.23,452.0,sample,1,2026-10-08T22:44:27.497865
Maharashtra,Solapur,Solapur,Onion,Red/Nasik,FAQ,2026-07-23,1763.66,2449.27,2080.5,338.7,sample,1,2026-10-08T22:44:27.497875
Maharashtra,Solapur,Solapur,Onion,Red/Nasik,FAQ,2026-07-24,1748.4,2471.1,2049.96,474.6,sample,1,2026-10-08T22:44:27.497885
Maharashtra,Solapur,Solapur,Onion,Red/Nasik,FAQ,2026-07-25,1869.45,2448.25,2096.89,196.9,sample,1,2026-10-08T22:44:27.497895
Maharashtra,Solapur,Solapur,Onion,Red/Nasik,FAQ,2026-07-27,1692.04,2488.99,2006.41,236.3,sample,1,2026-10-08T22:44:27.497907
Maharashtra,Solapur,Solapur,Onion,Red/Nasik,FAQ,2026-07-28,1708.66,2333.22,1976.76,122.1,sample,1,2026-10-08T22:44:27.497917
Maharashtra,Solapur,Solapur,Onion,Red/Nasik,FAQ,2026-07-29,1705.22,2564.86,2047.45,136.9,sample,1,2026-10-08T22:44:27.497927
Maharashtra,Solapur,Solapur,Onion,Red/Nasik,FAQ,2026-07-30,1825.96,2547.43,2129.4,323.1,sample,1,2026-10-08T22:44:27.497937
Maharashtra,Solapur,Solapur,Onion,Red/Nasik,FAQ,2026-07-31,1937.29,2514.35,2168.63,241.9,sample,1,2026-10-08T22:44:27.497947
Maharashtra,Solapur,Solapur,Onion,Red/Nasik,FAQ,2026-08-01,1827.29,2545.88,2196.65,462.1,sample,1,2026-10-08T22:44:27.497958
Maharashtra,Solapur,Solapur,Onion,Red/Nasik,FAQ,2026-08-03,1906.37,2722.72,2282.78,104.9,sample,1,2026-10-08T22:44:27.497969
Maharashtra,Solapur,Solapur,Onion,Red/Nasik,FAQ,2026-08-04,2028.03,2756.57,2275.26,387.2,sample,1,2026-10-08T22:44:27.497979
Maharashtra,Solapur,Solapur,Onion,Red/Nasik,FAQ,2026-08-05,1997.53,2789.86,2380.3,407.5,sample,1,2026-10-08T22:44:27.497989
Maharashtra,Solapur,Solapur,Onion,Red/Nasik,FAQ,2026-08-06,2181.04,2872.04,2392.24,51.9,sample,1,2026-10-08T22:44:27.497999
Maharashtra,Solapur,Solapur,Onion,Red/Nasik,FAQ,2026-08-07,2106.92,2875.43,2419.73,279.6,sample,1,2026-10-08T22:44:27.498009
Maharashtra,Solapur,Solapur,Onion,Red/Nasik,FAQ,2026-08-08,2165.77,2876.15,2525.36,90.4,sample,1,2026-10-08T22:44:27.498019
Maharashtra,Solapur,Solapur,Onion,Red/Nasik,FAQ,2026-08-10,2195.45,2869.18,2485.44,161.0,sample,1,2026-10-08T22:44:27.498030
Maharashtra,Solapur,Solapur,Onion,Red/Nasik,FAQ,2026-08-11,2015.16,2899.11,2380.77,376.6,sample,1,2026-10-08T22:44:27.498039
Maharashtra,Solapur,Solapur,Onion,Red/Nasik,FAQ,2026-08-12,2184.76,2879.39,2408.99,374.6,sample,1,2026-10-08T22:44:27.498050
Maharashtra,Solapur,Solapur,Onion,Red/Nasik,FAQ,2026-08-13,2163.38,2833.95,2432.26,167.0,sample,1,2026-10-08T22:44:27.498061
Maharashtra,Solapur,Solapur,Onion,Red/Nasik,FAQ,2026-08-14,2032.4,2831.9,2382.27,184.8,sample,1,2026-10-08T22:44:27.498071
Maharashtra,Solapur,Solapur,Onion,Red/Nasik,FAQ,2026-08-15,1955.33,2715.79,2331.78,468.9,sample,1,2026-10-08T22:44:27.498081
Maharashtra,Solapur,Solapur,Onion,Red/Nasik,FAQ,2026-08-17,1978.21,2778.34,2339.67,443.7,sample,1,2026-10-08T22:44:27.498093
Maharashtra,Solapur,Solapur,Onion,Red/Nasik,FAQ,2026-08-18,2076.75,2725.44,2293.16,43.7,sample,1,2026-10-08T22:44:27.498103
Maharashtra,Solapur,Solapur,Onion,Red/Nasik,FAQ,2026-08-19,1942.92,2764.29,2322.69,162.0,sample,1,2026-10-08T22:44:27.498113
Maharashtra,Solapur,Solapur,Onion,Red/Nasik,FAQ,2026-08-20,2118.61,2831.2,2355.87,377.4,sample,1,2026-10-08T22:44:27.498124
Maharashtra,Solapur,Solapur,Onion,Red/Nasik,FAQ,2026-08-21,1976.15,2852.01,2343.81,434.3,sample,1,2026-10-08T22:44:27.498133
Maharashtra,Solapur,Solapur,Onion,Red/Nasik,FAQ,2026-08-22,2026.79,2652.46,2371.69,70.9,sample,1,2026-10-08T22:44:27.498143
Maharashtra,Solapur,Solapur,Onion,Red/Nasik,FAQ,2026-08-24,2091.57,2713.99,2333.63,161.0,sample,1,2026-10-08T22:44:27.498153
Maharashtra,Solapur,Solapur,Onion,Red/Nasik,FAQ,2026-08-25,2038.86,2737.45,2317.31,333.3,sample,1,2026-10-08T22:44:27.498164
Maharashtra,Solapur,Solapur,Onion,Red/Nasik,FAQ,2026-08-26,1998.75,2593.18,2241.16,146.7,sample,1,2026-10-08T22:44:27.498174
Maharashtra,Solapur,Solapur,Onion,Red/Nasik,FAQ,2026-08-27,1986.26,2645.25,2248.84,406.5,sample,1,2026-10-08T22:44:27.498184
Maharashtra,Solapur,Solapur,Onion,Red/Nasik,FAQ,2026-08-28,1915.7,2515.44,2212.27,91.7,sample,1,2026-10-08T22:44:27.498199
Maharashtra,Solapur,Solapur,Onion,Red/Nasik,FAQ,2026-08-29,1875.05,2704.8,2243.61,172.1,sample,1,2026-10-08T22:44:27.498209
Maharashtra,Solapur,Solapur,Onion,Red/Nasik,FAQ,2026-08-31,1958.23,2595.27,2287.47,253.8,sample,1,2026-10-08T22:44:27.498219
Maharashtra,Solapur,Solapur,Onion,Red/Nasik,FAQ,2026-09-01,2009.71,2584.36,2277.11,360.6,sample,1,2026-10-08T22:44:27.498228
Maharashtra,Solapur,Solapur,Onion,Red/Nasik,FAQ,2026-09-02,1954.54,2724.74,2251.61,265.0,sample,1,2026-10-08T22:44:27.498240
Maharashtra,Solapur,Solapur,Onion,Red/Nasik,FAQ,2026-09-03,1884.63,2505.16,2168.79,173.8,sample,1,2026-10-08T22:44:27.498249
Maharashtra,Solapur,Solapur,Onion,Red/Nasik,FAQ,2026-09-04,1717.04,2362.54,2067.95,395.0,sample,1,2026-10-08T22:44:27.498258
Maharashtra,Solapur,Solapur,Onion,Red/Nasik,FAQ,2026-09-05,1815.02,2428.34,2072.11,220.0,sample,1,2026-10-08T22:44:27.498273
Maharashtra,Solapur,Solapur,Onion,Red/Nasik,FAQ,2026-09-07,1659.66,2378.29,2033.89,375.0,sample,1,2026-10-08T22:44:27.498283
Maharashtra,Solapur,Solapur,Onion,Red/Nasik,FAQ,2026-09-08,1791.51,2539.13,2062.68,181.9,sample,1,2026-10-08T22:44:27.498292
Maharashtra,Solapur,Solapur,Onion,Red/Nasik,FAQ,2026-09-09,1777.07,2346.54,2017.05,327.6,sample,1,2026-10-08T22:44:27.498302
Maharashtra,Solapur,Solapur,Onion,Red/Nasik,FAQ,2026-09-10,1683.07,2490.88,2063.69,191.7,sample,1,2026-10-08T22:44:27.498311
Maharashtra,Solapur,Solapur,Onion,Red/Nasik,FAQ,2026-09-11,1725.08,2537.66,2065.08,81.5,sample,1,2026-10-08T22:44:27.498321
Maharashtra,Solapur,Solapur,Onion,Red/Nasik,FAQ,2026-09-12,1731.33,2567.11,2068.18,392.7,sample,1,2026-10-08T22:44:27.498330
Maharashtra,Solapur,Solapur,Onion,Red/Nasik,FAQ,2026-09-14,1704.96,2375.22,2008.32,131.3,sample,1,2026-10-08T22:44:27.498341
Maharashtra,Solapur,Solapur,Onion,Red/Nasik,FAQ,2026-09-15,1758.35,2405.18,1996.61,435.5,sample,1,2026-10-08T22:44:27.498351
Maharashtra,Solapur,Solapur,Onion,Red/Nasik,FAQ,2026-09-16,1647.0,2380.48,2020.92,139.2,sample,1,2026-10-08T22:44:27.498361
Maharashtra,Solapur,Solapur,Onion,Red/Nasik,FAQ,2026-09-17,1779.5,2627.1,2121.5,56.6,sample,1,2026-10-08T22:44:27.498372
Maharashtra,Solapur,Solapur,Onion,Red/Nasik,FAQ,2026-09-18,2017.27,2621.22,2245.72,263.1,sample,1,2026-10-08T22:44:27.498383
Maharashtra,Solapur,Solapur,Onion,Red/Nasik,FAQ,2026-09-19,2022.59,2613.19,2260.84,145.8,sample,1,2026-10-08T22:44:27.498393
Maharashtra,Solapur,Solapur,Onion,Red/Nasik,FAQ,2026-09-21,2006.55,2575.26,2265.59,400.7,sample,1,2026-10-08T22:44:27.498403
Maharashtra,Solapur,Solapur,Onion,Red/Nasik,FAQ,2026-09-22,1899.54,2538.98,2227.49,380.6,sample,1,2026-10-08T22:44:27.498412
Maharashtra,Solapur,Solapur,Onion,Red/Nasik,FAQ,2026-09-23,2002.68,2679.29,2225.98,390.7,sample,1,2026-10-08T22:44:27.498422
Maharashtra,Solapur,Solapur,Onion,Red/Nasik,FAQ,2026-09-24,1963.31,2531.62,2248.08,421.9,sample,1,2026-10-08T22:44:27.498431
Maharashtra,Solapur,Solapur,Onion,Red/Nasik,FAQ,2026-09-25,1883.03,2695.72,2225.49,129.4,sample,1,2026-10-08T22:44:27.498441
Maharashtra,Solapur,Solapur,Onion,Red/Nasik,FAQ,2026-09-26,1890.13,2564.08,2209.15,188.9,sample,1,2026-10-08T22:44:27.498450
Maharashtra,Solapur,Solapur,Onion,Red/Nasik,FAQ,2026-09-28,1941.01,2528.98,2200.34,161.6,sample,1,2026-10-08T22:44:27.498461
Maharashtra,Solapur,Solapur,Onion,Red/Nasik,FAQ,2026-09-29,1873.89,2595.12,2201.98,174.0,sample,1,2026-10-08T22:44:27.498471
Maharashtra,Solapur,Solapur,Onion,Red/Nasik,FAQ,2026-09-30,2002.25,2709.23,2313.23,457.5,sample,1,2026-10-08T22:44:27.498481
Maharashtra,Solapur,Solapur,Onion,Red/Nasik,FAQ,2026-10-01,2076.14,2720.83,2382.12,47.9,sample,1,2026-10-08T22:44:27.498491
Maharashtra,Solapur,Solapur,Onion,Red/Nasik,FAQ,2026-10-02,2048.42,2736.69,2325.51,89.8,sample,1,2026-10-08T22:44:27.498500
Maharashtra,Solapur,Solapur,Onion,Red/Nasik,FAQ,2026-10-03,2072.34,2836.72,2322.67,222.8,sample,1,2026-10-08T22:44:27.498510
Maharashtra,Solapur,Solapur,Onion,Red/Nasik,FAQ,2026-10-05,2013.05,2758.7,2324.42,192.9,sample,1,2026-10-08T22:44:27.498520
Maharashtra,Solapur,Solapur,Onion,Red/Nasik,FAQ,2026-10-06,2012.71,2882.65,2368.45,83.9,sample,1,2026-10-08T22:44:27.498529
Maharashtra,Solapur,Solapur,Onion,Red/Nasik,FAQ,2026-10-07,2112.96,2751.12,2411.13,105.0,sample,1,2026-10-08T22:44:27.498541
Maharashtra,Solapur,Solapur,Onion,Red/Nasik,FAQ,2026-10-08,2169.53,2884.14,2490.5,372.6,sample,1,2026-10-08T22:44:27.498550
Maharashtra,Solapur,Solapur,Red gram/Arhar/Tur(whole),White/Desi,FAQ,2026-07-10,9926.01,10900.92,10390.19,183.3,sample,1,2026-10-08T22:44:27.498567
Maharashtra,Solapur,Solapur,Red gram/Arhar/Tur(whole),White/Desi,FAQ,2026-07-11,10005.47,10840.78,10366.56,187.9,sample,1,2026-10-08T22:44:27.498578
Maharashtra,Solapur,Solapur,Red gram/Arhar/Tur(whole),White/Desi,FAQ,2026-07-13,10005.09,10954.97,10286.43,387.3,sample,1,2026-10-08T22:44:27.498589
Maharashtra,Solapur,Solapur,Red gram/Arhar/Tur(whole),White/Desi,FAQ,2026-07-14,9787.2,10874.34,10257.93,184.0,sample,1,2026-10-08T22:44:27.498598
Maharashtra,Solapur,Solapur,Red gram/Arhar/Tur(whole),White/Desi,FAQ,2026-07-15,9771.59,10826.92,10221.72,435.0,sample,1,2026-10-08T22:44:27.498607
Maharashtra,Solapur,Solapur,Red gram/Arhar/Tur(whole),White/Desi,FAQ,2026-07-16,9650.12,10617.7,10168.38,88.3,sample,1,2026-10-08T22:44:27.498620
Maharashtra,Solapur,Solapur,Red gram/Arhar/Tur(whole),White/Desi,FAQ,2026-07-17,9693.43,10633.43,10155.08,384.1,sample,1,2026-10-08T22:44:27.498629
Maharashtra,Solapur,Solapur,Red gram/Arhar/Tur(whole),White/Desi,FAQ,2026-07-18,9766.98,10664.41,10086.87,487.1,sample,1,2026-10-08T22:44:27.498638
Maharashtra,Solapur,Solapur,Red gram/Arhar/Tur(whole),White/Desi,FAQ,2026-07-20,9875.78,10905.89,10196.75,264.1,sample,1,2026-10-08T22:44:27.498649
Maharashtra,Solapur,Solapur,Red gram/Arhar/Tur(whole),White/Desi,FAQ,2026-07-21,9772.63,10849.34,10232.39,223.7,sample,1,2026-10-08T22:44:27.498657
Maharashtra,Solapur,Solapur,Red gram/Arhar/Tur(whole),White/Desi,FAQ,2026-07-22,9864.79,10967.31,10215.4,351.3,sample,1,2026-10-08T22:44:27.498667
Maharashtra,Solapur,Solapur,Red gram/Arhar/Tur(whole),White/Desi,FAQ,2026-07-23,9913.85,10960.69,10319.25,211.0,sample,1,2026-10-08T22:44:27.498678
Maharashtra,Solapur,Solapur,Red gram/Arhar/Tur(whole),White/Desi,FAQ,2026-07-24,9891.04,10790.23,10296.62,322.4,sample,1,2026-10-08T22:44:27.498687
Maharashtra,Solapur,Solapur,Red gram/Arhar/Tur(whole),White/Desi,FAQ,2026-07-25,9812.56,10871.01,10264.03,155.6,sample,1,2026-10-08T22:44:27.498696
Maharashtra,Solapur,Solapur,Red gram/Arhar/Tur(whole),White/Desi,FAQ,2026-07-27,9565.4,10747.15,10067.9,432.1,sample,1,2026-10-08T22:44:27.498708
Maharashtra,Solapur,Solapur,Red gram/Arhar/Tur(whole),White/Desi,FAQ,2026-07-28,9823.33,10744.59,10135.81,421.5,sample,1,2026-10-08T22:44:27.498717
Maharashtra,Solapur,Solapur,Red gram/Arhar/Tur(whole),White/Desi,FAQ,2026-07-29,9928.65,10688.87,10244.73,489.4,sample,1,2026-10-08T22:44:27.498726
Maharashtra,Solapur,Solapur,Red gram/Arhar/Tur(whole),White/Desi,FAQ,2026-07-30,9905.91,10748.31,10260.75,359.3,sample,1,2026-10-08T22:44:27.498831
Maharashtra,Solapur,Solapur,Red gram/Arhar/Tur(whole),White/Desi,FAQ,2026-07-31,9897.1,10780.5,10191.77,112.0,sample,1,2026-10-08T22:44:27.498841
Maharashtra,Solapur,Solapur,Red gram/Arhar/Tur(whole),White/Desi,FAQ,2026-08-01,9821.62,10807.03,10185.73,144.0,sample,1,2026-10-08T22:44:27.498850
Maharashtra,Solapur,Solapur,Red gram/Arhar/Tur(whole),White/Desi,FAQ,2026-08-03,9710.65,10772.02,10056.55,439.3,sample,1,2026-10-08T22:44:27.498861
Maharashtra,Solapur,Solapur,Red gram/Arhar/Tur(whole),White/Desi,FAQ,2026-08-04,9506.55,10456.89,9926.82,327.3,sample,1,2026-10-08T22:44:27.498871
Maharashtra,Solapur,Solapur,Red gram/Arhar/Tur(whole),White/Desi,FAQ,2026-08-05,9486.48,10553.69,9896.32,75.6,sample,1,2026-10-08T22:44:27.498881
Maharashtra,Solapur,Solapur,Red gram/Arhar/Tur(whole),White/Desi,FAQ,2026-08-06,9646.84,10646.46,9963.42,168.8,sample,1,2026-10-08T22:44:27.498890
Maharashtra,Solapur,Solapur,Red gram/Arhar/Tur(whole),White/Desi,FAQ,2026-08-07,9513.1,10615.78,9984.35,392.4,sample,1,2026-10-08T22:44:27.498899
Maharashtra,Solapur,Solapur,Red gram/Arhar/Tur(whole),White/Desi,FAQ,2026-08-08,9690.07,10747.22,10049.31,312.4,sample,1,2026-10-08T22:44:27.498908
Maharashtra,Solapur,Solapur,Red gram/Arhar/Tur(whole),White/Desi,FAQ,2026-08-10,9552.41,10702.19,10041.53,257.8,sample,1,2026-10-08T22:44:27.498919
Maharashtra,Solapur,Solapur,Red gram/Arhar/Tur(whole),White/Desi,FAQ,2026-08-11,9902.55,10924.9,10222.89,495.0,sample,1,2026-10-08T22:44:27.498928
Maharashtra,Solapur,Solapur,Red gram/Arhar/Tur(whole),White/Desi,FAQ,2026-08-12,10055.4,10849.89,10370.56,442.3,sample,1,2026-10-08T22:44:27.498937
Maharashtra,Solapur,Solapur,Red gram/Arhar/Tur(whole),White/Desi,FAQ,2026-08-13,10105.06,11205.2,10462.66,64.0,sample,1,2026-10-08T22:44:27.498946
Maharashtra,Solapur,Solapur,Red gram/Arhar/Tur(whole),White/Desi,FAQ,2026-08-14,9925.86,10903.17,10365.42,270.2,sample,1,2026-10-08T22:44:27.498956
Maharashtra,Solapur,Solapur,Red gram/Arhar/Tur(whole),White/Desi,FAQ,2026-08-15,10054.38,10984.18,10362.53,213.6,sample,1,2026-10-08T22:44:27.498966
Maharashtra,Solapur,Solapur,Red gram/Arhar/Tur(whole),White/Desi,FAQ,2026-08-17,9935.28,10898.01,10290.1,284.1,sample,1,2026-10-08T22:44:27.498979
Maharashtra,Solapur,Solapur,Red gram/Arhar/Tur(whole),White/Desi,FAQ,2026-08-18,9873.36,11088.54,10365.35,479.5,sample,1,2026-10-08T22:44:27.498988
Maharashtra,Solapur,Solapur,Red gram/Arhar/Tur(whole),White/Desi,FAQ,2026-08-19,10079.41,11252.49,10530.13,297.8,sample,1,2026-10-08T22:44:27.498998
Maharashtra,Solapur,Solapur,Red gram/Arhar/Tur(whole),White/Desi,FAQ,2026-08-20,10071.26,11172.91,10468.88,355.3,sample,1,2026-10-08T22:44:27.499007
Maharashtra,Solapur,Solapur,Red gram/Arhar/Tur(whole),White/Desi,FAQ,2026-08-21,10014.44,10807.11,10378.0,208.2,sample,1,2026-10-08T22:44:27.499017
Maharashtra,Solapur,Solapur,Red gram/Arhar/Tur(whole),White/Desi,FAQ,2026-08-22,9955.49,11008.56,10347.35,375.1,sample,1,2026-10-08T22:44:27.499026
Maharashtra,Solapur,Solapur,Red gram/Arhar/Tur(whole),White/Desi,FAQ,2026-08-24,9858.99,11136.68,10378.49,215.9,sample,1,2026-10-08T22:44:27.499036
Maharashtra,Solapur,Solapur,Red gram/Arhar/Tur(whole),White/Desi,FAQ,2026-08-25,10171.43,11183.54,10494.39,44.9,sample,1,2026-10-08T22:44:27.499046
Maharashtra,Solapur,Solapur,Red gram/Arhar/Tur(whole),White/Desi,FAQ,2026-08-26,10108.05,10921.14,10389.4,83.3,sample,1,2026-10-08T22:44:27.499055
Maharashtra,Solapur,Solapur,Red gram/Arhar/Tur(whole),White/Desi,FAQ,2026-08-27,10063.04,10942.92,10431.57,463.9,sample,1,2026-10-08T22:44:27.499065
Maharashtra,Solapur,Solapur,Red gram/Arhar/Tur(whole),White/Desi,FAQ,2026-08-28,10068.09,11006.42,10414.08,60.2,sample,1,2026-10-08T22:44:27.499074
Maharashtra,Solapur,Solapur,Red gram/Arhar/Tur(whole),White/Desi,FAQ,2026-08-29,9954.34,10912.35,10401.26,327.6,sample,1,2026-10-08T22:44:27.499083
Maharashtra,Solapur,Solapur,Red gram/Arhar/Tur(whole),White/Desi,FAQ,2026-08-31,10081.37,11322.46,10568.53,498.7,sample,1,2026-10-08T22:44:27.499092
Maharashtra,Solapur,Solapur,Red gram/Arhar/Tur(whole),White/Desi,FAQ,2026-09-01,10100.64,11128.89,10532.38,257.8,sample,1,2026-10-08T22:44:27.499101
Maharashtra,Solapur,Solapur,Red gram/Arhar/Tur(whole),White/Desi,FAQ,2026-09-02,10160.5,11068.03,10634.28,53.3,sample,1,2026-10-08T22:44:27.499111
Maharashtra,Solapur,Solapur,Red gram/Arhar/Tur(whole),White/Desi,FAQ,2026-09-03,10024.35,10994.12,10518.97,378.7,sample,1,2026-10-08T22:44:27.499120
Maharashtra,Solapur,Solapur,Red gram/Arhar/Tur(whole),White/Desi,FAQ,2026-09-04,10167.76,11272.95,10548.46,65.8,sample,1,2026-10-08T22:44:27.499129
Maharashtra,Solapur,Solapur,Red gram/Arhar/Tur(whole),White/Desi,FAQ,2026-09-05,10075.88,10951.31,10508.87,84.8,sample,1,2026-10-08T22:44:27.499137
Maharashtra,Solapur,Solapur,Red gram/Arhar/Tur(whole),White/Desi,FAQ,2026-09-07,9931.47,10899.11,10258.07,47.7,sample,1,2026-10-08T22:44:27.499147
Maharashtra,Solapur,Solapur,Red gram/Arhar/Tur(whole),White/Desi,FAQ,2026-09-08,9716.25,10922.56,10197.2,185.6,sample,1,2026-10-08T22:44:27.499157
Maharashtra,Solapur,Solapur,Red gram/Arhar/Tur(whole),White/Desi,FAQ,2026-09-09,9739.54,10920.33,10160.38,277.5,sample,1,2026-10-08T22:44:27.499166
Maharashtra,Solapur,Solapur,Red gram/Arhar/Tur(whole),White/Desi,FAQ,2026-09-10,9479.9,10550.77,9985.63,425.3,sample,1,2026-10-08T22:44:27.499174
Maharashtra,Solapur,Solapur,Red gram/Arhar/Tur(whole),White/Desi,FAQ,2026-09-11,9514.88,10593.44,9992.89,375.3,sample,1,2026-10-08T22:44:27.499183
Maharashtra,Solapur,Solapur,Red gram/Arhar/Tur(whole),White/Desi,FAQ,2026-09-12,9686.73,10566.5,9986.88,166.7,sample,1,2026-10-08T22:44:27.499192
Maharashtra,Solapur,Solapur,Red gram/Arhar/Tur(whole),White/Desi,FAQ,2026-09-14,9722.37,10732.74,10043.88,425.4,sample,1,2026-10-08T22:44:27.499203
Maharashtra,Solapur,Solapur,Red gram/Arhar/Tur(whole),White/Desi,FAQ,2026-09-15,9884.72,10684.04,10165.49,201.3,sample,1,2026-10-08T22:44:27.499211
Maharashtra,Solapur,Solapur,Red gram/Arhar/Tur(whole),White/Desi,FAQ,2026-09-16,9669.21,10740.15,10116.32,253.0,sample,1,2026-10-08T22:44:27.499220
Maharashtra,Solapur,Solapur,Red gram/Arhar/Tur(whole),White/Desi,FAQ,2026-09-17,9923.01,10683.51,10230.91,375.6,sample,1,2026-10-08T22:44:27.499229
Maharashtra,Solapur,Solapur,Red gram/Arhar/Tur(whole),White/Desi,FAQ,2026-09-18,9777.43,10985.23,10289.21,402.8,sample,1,2026-10-08T22:44:27.499251
Maharashtra,Solapur,Solapur,Red gram/Arhar/Tur(whole),White/Desi,FAQ,2026-09-19,10075.71,10962.75,10407.92,77.4,sample,1,2026-10-08T22:44:27.499262
Maharashtra,Solapur,Solapur,Red gram/Arhar/Tur(whole),White/Desi,FAQ,2026-09-21,9918.17,11050.35,10399.12,454.7,sample,1,2026-10-08T22:44:27.499272
Maharashtra,Solapur,Solapur,Red gram/Arhar/Tur(whole),White/Desi,FAQ,2026-09-22,10008.94,11026.9,10334.8,101.1,sample,1,2026-10-08T22:44:27.499281
Maharashtra,Solapur,Solapur,Red gram/Arhar/Tur(whole),White/Desi,FAQ,2026-09-23,10150.82,10944.09,10473.54,185.1,sample,1,2026-10-08T22:44:27.499291
Maharashtra,Solapur,Solapur,Red gram/Arhar/Tur(whole),White/Desi,FAQ,2026-09-24,10184.44,11006.44,10518.67,446.4,sample,1,2026-10-08T22:44:27.499300
Maharashtra,Solapur,Solapur,Red gram/Arhar/Tur(whole),White/Desi,FAQ,2026-09-25,10101.09,11063.74,10548.5,265.3,sample,1,2026-10-08T22:44:27.499309
Maharashtra,Solapur,Solapur,Red gram/Arhar/Tur(whole),White/Desi,FAQ,2026-09-26,10192.17,11156.65,10611.06,335.2,sample,1,2026-10-08T22:44:27.499318
Maharashtra,Solapur,Solapur,Red gram/Arhar/Tur(whole),White/Desi,FAQ,2026-09-28,10002.6,10915.44,10482.22,424.0,sample,1,2026-10-08T22:44:27.499328
Maharashtra,Solapur,Solapur,Red gram/Arhar/Tur(whole),White/Desi,FAQ,2026-09-29,10147.57,11133.79,10520.13,136.9,sample,1,2026-10-08T22:44:27.499337
Maharashtra,Solapur,Solapur,Red gram/Arhar/Tur(whole),White/Desi,FAQ,2026-09-30,10017.42,11198.7,10492.04,135.4,sample,1,2026-10-08T22:44:27.499346
Maharashtra,Solapur,Solapur,Red gram/Arhar/Tur(whole),White/Desi,FAQ,2026-10-01,9962.66,11011.94,10410.58,421.7,sample,1,2026-10-08T22:44:27.499357
Maharashtra,Solapur,Solapur,Red gram/Arhar/Tur(whole),White/Desi,FAQ,2026-10-02,9957.72,10936.3,10423.34,255.1,sample,1,2026-10-08T22:44:27.499366
Maharashtra,Solapur,Solapur,Red gram/Arhar/Tur(whole),White/Desi,FAQ,2026-10-03,10099.37,10848.43,10386.92,342.8,sample,1,2026-10-08T22:44:27.499375
Maharashtra,Solapur,Solapur,Red gram/Arhar/Tur(whole),White/Desi,FAQ,2026-10-05,9988.44,10963.3,10409.28,213.8,sample,1,2026-10-08T22:44:27.499385
Maharashtra,Solapur,Solapur,Red gram/Arhar/Tur(whole),White/Desi,FAQ,2026-10-06,10035.61,10889.01,10456.82,362.6,sample,1,2026-10-08T22:44:27.499394
Maharashtra,Solapur,Solapur,Red gram/Arhar/Tur(whole),White/Desi,FAQ,2026-10-07,10049.85,10903.46,10331.75,194.0,sample,1,2026-10-08T22:44:27.499403
Maharashtra,Solapur,Solapur,Red gram/Arhar/Tur(whole),White/Desi,FAQ,2026-10-08,9770.23,10661.79,10205.72,460.0,sample,1,2026-10-08T22:44:27.499413
Maharashtra,Solapur,Solapur,Soyabean,Yellow,FAQ,2026-07-10,4562.72,4827.08,4684.47,412.2,sample,1,2026-10-08T22:44:27.499424
Maharashtra,Solapur,Solapur,Soyabean,Yellow,FAQ,2026-07-11,4581.25,4936.45,4727.33,240.1,sample,1,2026-10-08T22:44:27.499433
Maharashtra,Solapur,Solapur,Soyabean,Yellow,FAQ,2026-07-13,4537.08,4849.6,4664.81,195.4,sample,1,2026-10-08T22:44:27.499443
Maharashtra,Solapur,Solapur,Soyabean,Yellow,FAQ,2026-07-14,4545.32,4887.41,4711.39,486.6,sample,1,2026-10-08T22:44:27.499453
Maharashtra,Solapur,Solapur,Soyabean,Yellow,FAQ,2026-07-15,4573.48,4960.4,4759.56,233.7,sample,1,2026-10-08T22:44:27.499462
Maharashtra,Solapur,Solapur,Soyabean,Yellow,FAQ,2026-07-16,4534.64,4963.79,4709.31,224.3,sample,1,2026-10-08T22:44:27.499471
Maharashtra,Solapur,Solapur,Soyabean,Yellow,FAQ,2026-07-17,4567.99,5002.39,4756.0,484.0,sample,1,2026-10-08T22:44:27.499480
Maharashtra,Solapur,Solapur,Soyabean,Yellow,FAQ,2026-07-18,4571.89,4925.57,4761.75,487.3,sample,1,2026-10-08T22:44:27.499489
Maharashtra,Solapur,Solapur,Soyabean,Yellow,FAQ,2026-07-20,4623.93,5014.1,4758.91,486.3,sample,1,2026-10-08T22:44:27.499498
Maharashtra,Solapur,Solapur,Soyabean,Yellow,FAQ,2026-07-21,4602.04,4966.77,4734.87,408.7,sample,1,2026-10-08T22:44:27.499507
Maharashtra,Solapur,Solapur,Soyabean,Yellow,FAQ,2026-07-22,4604.8,4867.58,4709.88,446.2,sample,1,2026-10-08T22:44:27.499515
Maharashtra,Solapur,Solapur,Soyabean,Yellow,FAQ,2026-07-23,4583.43,4865.2,4715.55,148.6,sample,1,2026-10-08T22:44:27.499524
Maharashtra,Solapur,Solapur,Soyabean,Yellow,FAQ,2026-07-24,4592.77,4941.97,4719.8,429.0,sample,1,2026-10-08T22:44:27.499534
Maharashtra,Solapur,Solapur,Soyabean,Yellow,FAQ,2026-07-25,4596.78,4932.74,4735.46,198.6,sample,1,2026-10-08T22:44:27.499543
Maharashtra,Solapur,Solapur,Soyabean,Yellow,FAQ,2026-07-27,4505.87,4923.3,4673.76,347.5,sample,1,2026-10-08T22:44:27.499553
Maharashtra,Solapur,Solapur,Soyabean,Yellow,FAQ,2026-07-28,4506.37,4910.94,4686.19,391.0,sample,1,2026-10-08T22:44:27.499562
Maharashtra,Solapur,Solapur,Soyabean,Yellow,FAQ,2026-07-29,4530.5,4860.19,4704.17,395.7,sample,1,2026-10-08T22:44:27.499571
Maharashtra,Solapur,Solapur,Soyabean,Yellow,FAQ,2026-07-30,4530.02,4954.21,4715.84,376.0,sample,1,2026-10-08T22:44:27.499580
Maharashtra,Solapur,Solapur,Soyabean,Yellow,FAQ,2026-07-31,4567.98,4878.03,4679.43,380.6,sample,1,2026-10-08T22:44:27.499591
Maharashtra,Solapur,Solapur,Soyabean,Yellow,FAQ,2026-08-01,4540.94,4865.32,4698.72,319.9,sample,1,2026-10-08T22:44:27.499600
Maharashtra,Solapur,Solapur,Soyabean,Yellow,FAQ,2026-08-03,4567.49,4941.87,4703.08,320.9,sample,1,2026-10-08T22:44:27.499610
Maharashtra,Solapur,Solapur,Soyabean,Yellow,FAQ,2026-08-04,4492.12,4914.52,4664.77,337.0,sample,1,2026-10-08T22:44:27.499618
Maharashtra,Solapur,Solapur,Soyabean,Yellow,FAQ,2026-08-05,4559.21,4875.47,4683.22,196.2,sample,1,2026-10-08T22:44:27.499628
Maharashtra,Solapur,Solapur,Soyabean,Yellow,FAQ,2026-08-06,4539.89,4894.84,4703.75,171.1,sample,1,2026-10-08T22:44:27.499638
Maharashtra,Solapur,Solapur,Soyabean,Yellow,FAQ,2026-08-07,4539.2,4902.35,4647.33,234.0,sample,1,2026-10-08T22:44:27.499648
Maharashtra,Solapur,Solapur,Soyabean,Yellow,FAQ,2026-08-08,4578.69,4920.29,4698.41,423.7,sample,1,2026-10-08T22:44:27.499657
Maharashtra,Solapur,Solapur,Soyabean,Yellow,FAQ,2026-08-10,4515.53,4834.45,4682.28,436.7,sample,1,2026-10-08T22:44:27.499667
Maharashtra,Solapur,Solapur,Soyabean,Yellow,FAQ,2026-08-11,4509.48,4828.27,4686.8,186.8,sample,1,2026-10-08T22:44:27.499676
Maharashtra,Solapur,Solapur,Soyabean,Yellow,FAQ,2026-08-12,4506.42,4850.68,4652.34,481.6,sample,1,2026-10-08T22:44:27.499685
Maharashtra,Solapur,Solapur,Soyabean,Yellow,FAQ,2026-08-13,4495.77,4869.48,4636.92,179.4,sample,1,2026-10-08T22:44:27.499695
Maharashtra,Solapur,Solapur,Soyabean,Yellow,FAQ,2026-08-14,4477.66,4873.28,4636.99,247.1,sample,1,2026-10-08T22:44:27.499707
Maharashtra,Solapur,Solapur,Soyabean,Yellow,FAQ,2026-08-15,4558.23,4893.61,4696.78,194.1,sample,1,2026-10-08T22:44:27.499716
Maharashtra,Solapur,Solapur,Soyabean,Yellow,FAQ,2026-08-17,4484.06,4917.44,4659.75,284.6,sample,1,2026-10-08T22:44:27.499728
Maharashtra,Solapur,Solapur,Soyabean,Yellow,FAQ,2026-08-18,4513.93,4874.41,4653.44,109.2,sample,1,2026-10-08T22:44:27.499739
Maharashtra,Solapur,Solapur,Soyabean,Yellow,FAQ,2026-08-19,4449.1,4770.92,4607.21,413.9,sample,1,2026-10-08T22:44:27.499749
Maharashtra,Solapur,Solapur,Soyabean,Yellow,FAQ,2026-08-20,4521.04,4886.13,4691.53,62.3,sample,1,2026-10-08T22:44:27.499757
Maharashtra,Solapur,Solapur,Soyabean,Yellow,FAQ,2026-08-21,4538.85,4871.97,4687.92,449.0,sample,1,2026-10-08T22:44:27.499767
Maharashtra,Solapur,Solapur,Soyabean,Yellow,FAQ,2026-08-22,4541.72,4878.77,4708.49,195.2,sample,1,2026-10-08T22:44:27.499776
Maharashtra,Solapur,Solapur,Soyabean,Yellow,FAQ,2026-08-24,4533.07,4848.37,4686.92,204.2,sample,1,2026-10-08T22:44:27.499786
Maharashtra,Solapur,Solapur,Soyabean,Yellow,FAQ,2026-08-25,4651.88,4937.42,4758.46,332.6,sample,1,2026-10-08T22:44:27.499796
Maharashtra,Solapur,Solapur,Soyabean,Yellow,FAQ,2026-08-26,4616.24,4953.18,4724.54,154.4,sample,1,2026-10-08T22:44:27.499805
Maharashtra,Solapur,Solapur,Soyabean,Yellow,FAQ,2026-08-27,4589.46,4853.37,4702.02,374.3,sample,1,2026-10-08T22:44:27.499814
Maharashtra,Solapur,Solapur,Soyabean,Yellow,FAQ,2026-08-28,4543.69,4930.03,4673.41,356.9,sample,1,2026-10-08T22:44:27.499824
Maharashtra,Solapur,Solapur,Soyabean,Yellow,FAQ,2026-08-29,4516.27,4882.31,4643.24,424.1,sample,1,2026-10-08T22:44:27.499838
Maharashtra,Solapur,Solapur,Soyabean,Yellow,FAQ,2026-08-31,4494.53,4789.97,4640.79,211.5,sample,1,2026-10-08T22:44:27.499849
Maharashtra,Solapur,Solapur,Soyabean,Yellow,FAQ,2026-09-01,4477.12,4852.55,4595.33,333.4,sample,1,2026-10-08T22:44:27.499858
Maharashtra,Solapur,Solapur,Soyabean,Yellow,FAQ,2026-09-02,4436.29,4778.96,4629.51,466.6,sample,1,2026-10-08T22:44:27.499868
Maharashtra,Solapur,Solapur,Soyabean,Yellow,FAQ,2026-09-03,4434.11,4797.24,4606.54,50.3,sample,1,2026-10-08T22:44:27.499877
Maharashtra,Solapur,Solapur,Soyabean,Yellow,FAQ,2026-09-04,4476.79,4886.5,4640.55,425.0,sample,1,2026-10-08T22:44:27.499887
Maharashtra,Solapur,Solapur,Soyabean,Yellow,FAQ,2026-09-05,4490.05,4788.03,4634.06,128.2,sample,1,2026-10-08T22:44:27.499897
Maharashtra,Solapur,Solapur,Soyabean,Yellow,FAQ,2026-09-07,4483.75,4877.52,4635.01,152.1,sample,1,2026-10-08T22:44:27.499910
Maharashtra,Solapur,Solapur,Soyabean,Yellow,FAQ,2026-09-08,4495.27,4857.09,4672.18,257.5,sample,1,2026-10-08T22:44:27.499919
Maharashtra,Solapur,Solapur,Soyabean,Yellow,FAQ,2026-09-09,4504.24,4909.86,4676.46,167.4,sample,1,2026-10-08T22:44:27.499928
Maharashtra,Solapur,Solapur,Soyabean,Yellow,FAQ,2026-09-10,4469.43,4847.41,4634.86,458.5,sample,1,2026-10-08T22:44:27.499937
Maharashtra,Solapur,Solapur,Soyabean,Yellow,FAQ,2026-09-11,4482.55,4766.45,4624.2,230.6,sample,1,2026-10-08T22:44:27.499946
Maharashtra,Solapur,Solapur,Soyabean,Yellow,FAQ,2026-09-12,4482.58,4771.31,4599.26,315.6,sample,1,2026-10-08T22:44:27.499955
Maharashtra,Solapur,Solapur,Soyabean,Yellow,FAQ,2026-09-14,4513.98,4781.07,4638.9,189.3,sample,1,2026-10-08T22:44:27.499964
Maharashtra,Solapur,Solapur,Soyabean,Yellow,FAQ,2026-09-15,4525.93,4811.21,4636.67,367.5,sample,1,2026-10-08T22:44:27.499973
Maharashtra,Solapur,Solapur,Soyabean,Yellow,FAQ,2026-09-16,4502.47,4844.05,4664.6,219.0,sample,1,2026-10-08T22:44:27.499981
Maharashtra,Solapur,Solapur,Soyabean,Yellow,FAQ,2026-09-17,4430.53,4760.73,4619.22,196.7,sample,1,2026-10-08T22:44:27.499989
Maharashtra,Solapur,Solapur,Soyabean,Yellow,FAQ,2026-09-18,4452.0,4827.69,4598.58,136.9,sample,1,2026-10-08T22:44:27.499998
Maharashtra,Solapur,Solapur,Soyabean,Yellow,FAQ,2026-09-19,4471.51,4860.07,4639.31,157.6,sample,1,2026-10-08T22:44:27.500007
Maharashtra,Solapur,Solapur,Soyabean,Yellow,FAQ,2026-09-21,4526.87,4934.74,4718.97,298.2,sample,1,2026-10-08T22:44:27.500016
Maharashtra,Solapur,Solapur,Soyabean,Yellow,FAQ,2026-09-22,4597.69,4898.68,4733.77,493.0,sample,1,2026-10-08T22:44:27.500030
Maharashtra,Solapur,Solapur,Soyabean,Yellow,FAQ,2026-09-23,4576.08,4930.4,4709.46,53.6,sample,1,2026-10-08T22:44:27.500039
Maharashtra,Solapur,Solapur,Soyabean,Yellow,FAQ,2026-09-24,4572.09,4893.34,4733.33,201.7,sample,1,2026-10-08T22:44:27.500057
Maharashtra,Solapur,Solapur,Soyabean,Yellow,FAQ,2026-09-25,4504.21,4868.12,4611.32,296.0,sample,1,2026-10-08T22:44:27.500068
Maharashtra,Solapur,Solapur,Soyabean,Yellow,FAQ,2026-09-26,4521.81,4839.15,4670.98,463.7,sample,1,2026-10-08T22:44:27.500076
Maharashtra,Solapur,Solapur,Soyabean,Yellow,FAQ,2026-09-28,4527.96,4861.07,4709.43,140.4,sample,1,2026-10-08T22:44:27.500086
Maharashtra,Solapur,Solapur,Soyabean,Yellow,FAQ,2026-09-29,4554.92,4957.7,4749.21,122.2,sample,1,2026-10-08T22:44:27.500095
Maharashtra,Solapur,Solapur,Soyabean,Yellow,FAQ,2026-09-30,4613.13,4972.36,4784.23,227.9,sample,1,2026-10-08T22:44:27.500103
Maharashtra,Solapur,Solapur,Soyabean,Yellow,FAQ,2026-10-01,4665.75,5028.55,4838.37,315.7,sample,1,2026-10-08T22:44:27.500112
Maharashtra,Solapur,Solapur,Soyabean,Yellow,FAQ,2026-10-02,4700.89,5061.57,4815.4,481.7,sample,1,2026-10-08T22:44:27.500121
Maharashtra,Solapur,Solapur,Soyabean,Yellow,FAQ,2026-10-03,4670.51,5022.2,4844.07,286.4,sample,1,2026-10-08T22:44:27.500130
Maharashtra,Solapur,Solapur,Soyabean,Yellow,FAQ,2026-10-05,4625.64,4970.84,4775.17,420.0,sample,1,2026-10-08T22:44:27.500140
Maharashtra,Solapur,Solapur,Soyabean,Yellow,FAQ,2026-10-06,4675.6,5071.92,4821.05,121.7,sample,1,2026-10-08T22:44:27.500148
Maharashtra,Solapur,Solapur,Soyabean,Yellow,FAQ,2026-10-07,4668.15,4998.89,4803.21,119.2,sample,1,2026-10-08T22:44:27.500157
Maharashtra,Solapur,Solapur,Soyabean,Yellow,FAQ,2026-10-08,4659.3,5031.96,4845.96,340.4,sample,1,2026-10-08T22:44:27.500165
Maharashtra,Solapur,Solapur,Wheat,Lokwan,FAQ,2026-07-10,2595.54,2918.2,2725.36,103.7,sample,1,2026-10-08T22:44:27.500175
Maharashtra,Solapur,Solapur,Wheat,Lokwan,FAQ,2026-07-11,2591.32,2953.83,2719.95,315.8,sample,1,2026-10-08T22:44:27.500184
Maharashtra,Solapur,Solapur,Wheat,Lokwan,FAQ,2026-07-13,2604.8,2865.19,2712.2,301.9,sample,1,2026-10-08T22:44:27.500196
Maharashtra,Solapur,Solapur,Wheat,Lokwan,FAQ,2026-07-14,2533.68,2787.48,2651.66,210.3,sample,1,2026-10-08T22:44:27.500204
Maharashtra,Solapur,Solapur,Wheat,Lokwan,FAQ,2026-07-15,2520.69,2837.41,2651.79,437.2,sample,1,2026-10-08T22:44:27.500218
Maharashtra,Solapur,Solapur,Wheat,Lokwan,FAQ,2026-07-16,2457.19,2745.84,2602.41,209.8,sample,1,2026-10-08T22:44:27.500232
Maharashtra,Solapur,Solapur,Wheat,Lokwan,FAQ,2026-07-17,2466.77,2843.75,2618.24,188.5,sample,1,2026-10-08T22:44:27.500241
Maharashtra,Solapur,Solapur,Wheat,Lokwan,FAQ,2026-07-18,2506.24,2833.93,2611.33,135.2,sample,1,2026-10-08T22:44:27.500250
Maharashtra,Solapur,Solapur,Wheat,Lokwan,FAQ,2026-07-20,2470.14,2830.46,2597.57,406.5,sample,1,2026-10-08T22:44:27.500259
Maharashtra,Solapur,Solapur,Wheat,Lokwan,FAQ,2026-07-21,2453.18,2787.24,2607.22,91.1,sample,1,2026-10-08T22:44:27.500268
Maharashtra,Solapur,Solapur,Wheat,Lokwan,FAQ,2026-07-22,2443.8,2737.25,2594.05,252.6,sample,1,2026-10-08T22:44:27.500277
Maharashtra,Solapur,Solapur,Wheat,Lokwan,FAQ,2026-07-23,2432.41,2712.45,2585.71,54.9,sample,1,2026-10-08T22:44:27.500286
Maharashtra,Solapur,Solapur,Wheat,Lokwan,FAQ,2026-07-24,2413.47,2788.26,2569.15,72.4,sample,1,2026-10-08T22:44:27.500295
Maharashtra,Solapur,Solapur,Wheat,Lokwan,FAQ,2026-07-25,2416.65,2684.76,2530.68,369.3,sample,1,2026-10-08T22:44:27.500304
Maharashtra,Solapur,Solapur,Wheat,Lokwan,FAQ,2026-07-27,2439.92,2754.2,2570.51,50.9,sample,1,2026-10-08T22:44:27.500313
Maharashtra,Solapur,Solapur,Wheat,Lokwan,FAQ,2026-07-28,2488.19,2811.22,2606.81,174.8,sample,1,2026-10-08T22:44:27.500323
Maharashtra,Solapur,Solapur,Wheat,Lokwan,FAQ,2026-07-29,2434.8,2739.39,2574.15,369.6,sample,1,2026-10-08T22:44:27.500332
Maharashtra,Solapur,Solapur,Wheat,Lokwan,FAQ,2026-07-30,2487.31,2804.3,2608.14,237.2,sample,1,2026-10-08T22:44:27.500341
Maharashtra,Solapur,Solapur,Wheat,Lokwan,FAQ,2026-07-31,2519.82,2837.84,2622.72,386.6,sample,1,2026-10-08T22:44:27.500350
Maharashtra,Solapur,Solapur,Wheat,Lokwan,FAQ,2026-08-01,2544.41,2780.71,2636.46,229.9,sample,1,2026-10-08T22:44:27.500359
Maharashtra,Solapur,Solapur,Wheat,Lokwan,FAQ,2026-08-03,2468.8,2758.77,2610.08,84.7,sample,1,2026-10-08T22:44:27.500368
Maharashtra,Solapur,Solapur,Wheat,Lokwan,FAQ,2026-08-04,2531.02,2795.25,2661.25,453.6,sample,1,2026-10-08T22:44:27.500376
Maharashtra,Solapur,Solapur,Wheat,Lokwan,FAQ,2026-08-05,2541.76,2802.37,2644.48,244.5,sample,1,2026-10-08T22:44:27.500385
Maharashtra,Solapur,Solapur,Wheat,Lokwan,FAQ,2026-08-06,2507.56,2849.8,2648.25,301.4,sample,1,2026-10-08T22:44:27.500394
Maharashtra,Solapur,Solapur,Wheat,Lokwan,FAQ,2026-08-07,2521.09,2772.9,2615.75,141.7,sample,1,2026-10-08T22:44:27.500403
Maharashtra,Solapur,Solapur,Wheat,Lokwan,FAQ,2026-08-08,2485.6,2761.47,2596.3,174.0,sample,1,2026-10-08T22:44:27.500415
Maharashtra,Solapur,Solapur,Wheat,Lokwan,FAQ,2026-08-10,2485.65,2792.62,2615.29,242.3,sample,1,2026-10-08T22:44:27.500424
Maharashtra,Solapur,Solapur,Wheat,Lokwan,FAQ,2026-08-11,2509.31,2820.86,2614.54,359.7,sample,1,2026-10-08T22:44:27.500433
Maharashtra,Solapur,Solapur,Wheat,Lokwan,FAQ,2026-08-12,2519.74,2826.17,2631.4,52.9,sample,1,2026-10-08T22:44:27.500441
Maharashtra,Solapur,Solapur,Wheat,Lokwan,FAQ,2026-08-13,2552.14,2810.1,2651.38,308.7,sample,1,2026-10-08T22:44:27.500450
Maharashtra,Solapur,Solapur,Wheat,Lokwan,FAQ,2026-08-14,2513.78,2885.03,2651.45,226.7,sample,1,2026-10-08T22:44:27.500458
Maharashtra,Solapur,Solapur,Wheat,Lokwan,FAQ,2026-08-15,2565.23,2838.16,2693.76,198.3,sample,1,2026-10-08T22:44:27.500467
Maharashtra,Solapur,Solapur,Wheat,Lokwan,FAQ,2026-08-17,2614.72,2887.78,2721.35,438.1,sample,1,2026-10-08T22:44:27.500476
Maharashtra,Solapur,Solapur,Wheat,Lokwan,FAQ,2026-08-18,2641.96,2905.17,2760.9,281.6,sample,1,2026-10-08T22:44:27.500485
Maharashtra,Solapur,Solapur,Wheat,Lokwan,FAQ,2026-08-19,2696.93,3010.22,2781.95,197.5,sample,1,2026-10-08T22:44:27.500493
Maharashtra,Solapur,Solapur,Wheat,Lokwan,FAQ,2026-08-20,2719.15,2975.65,2825.42,168.0,sample,1,2026-10-08T22:44:27.500504
Maharashtra,Solapur,Solapur,Wheat,Lokwan,FAQ,2026-08-21,2696.07,2991.37,2826.87,251.3,sample,1,2026-10-08T22:44:27.500513
Maharashtra,Solapur,Solapur,Wheat,Lokwan,FAQ,2026-08-22,2627.38,3000.97,2777.09,426.4,sample,1,2026-10-08T22:44:27.500521
Maharashtra,Solapur,Solapur,Wheat,Lokwan,FAQ,2026-08-24,2676.23,2948.63,2797.97,133.2,sample,1,2026-10-08T22:44:27.500530
Maharashtra,Solapur,Solapur,Wheat,Lokwan,FAQ,2026-08-25,2625.21,2926.08,2757.04,85.5,sample,1,2026-10-08T22:44:27.500539
Maharashtra,Solapur,Solapur,Wheat,Lokwan,FAQ,2026-08-26,2625.88,2933.47,2749.72,381.0,sample,1,2026-10-08T22:44:27.500547
Maharashtra,Solapur,Solapur,Wheat,Lokwan,FAQ,2026-08-27,2608.59,2986.23,2755.42,65.7,sample,1,2026-10-08T22:44:27.500555
Maharashtra,Solapur,Solapur,Wheat,Lokwan,FAQ,2026-08-28,2632.97,2941.27,2735.41,357.3,sample,1,2026-10-08T22:44:27.500564
Maharashtra,Solapur,Solapur,Wheat,Lokwan,FAQ,2026-08-29,2595.1,2878.43,2725.96,357.2,sample,1,2026-10-08T22:44:27.500572
Maharashtra,Solapur,Solapur,Wheat,Lokwan,FAQ,2026-08-31,2589.91,2903.38,2717.77,82.0,sample,1,2026-10-08T22:44:27.500582
Maharashtra,Solapur,Solapur,Wheat,Lokwan,FAQ,2026-09-01,2621.15,2934.54,2718.83,69.3,sample,1,2026-10-08T22:44:27.500595
Maharashtra,Solapur,Solapur,Wheat,Lokwan,FAQ,2026-09-02,2654.45,2893.41,2742.83,309.4,sample,1,2026-10-08T22:44:27.500603
Maharashtra,Solapur,Solapur,Wheat,Lokwan,FAQ,2026-09-03,2597.46,2899.45,2723.31,287.0,sample,1,2026-10-08T22:44:27.500611
Maharashtra,Solapur,Solapur,Wheat,Lokwan,FAQ,2026-09-04,2596.8,2873.65,2726.44,93.5,sample,1,2026-10-08T22:44:27.500620
Maharashtra,Solapur,Solapur,Wheat,Lokwan,FAQ,2026-09-05,2613.63,2850.95,2703.63,289.5,sample,1,2026-10-08T22:44:27.500630
Maharashtra,Solapur,Solapur,Wheat,Lokwan,FAQ,2026-09-07,2584.76,2898.58,2709.75,436.1,sample,1,2026-10-08T22:44:27.500640
Maharashtra,Solapur,Solapur,Wheat,Lokwan,FAQ,2026-09-08,2645.43,2959.2,2737.46,397.6,sample,1,2026-10-08T22:44:27.500648
Maharashtra,Solapur,Solapur,Wheat,Lokwan,FAQ,2026-09-09,2622.73,2926.25,2750.97,40.2,sample,1,2026-10-08T22:44:27.500656
Maharashtra,Solapur,Solapur,Wheat,Lokwan,FAQ,2026-09-10,2652.66,2981.94,2790.99,266.6,sample,1,2026-10-08T22:44:27.500666
Maharashtra,Solapur,Solapur,Wheat,Lokwan,FAQ,2026-09-11,2678.67,3028.45,2799.69,177.8,sample,1,2026-10-08T22:44:27.500674
Maharashtra,Solapur,Solapur,Wheat,Lokwan,FAQ,2026-09-12,2674.9,2974.23,2821.34,166.6,sample,1,2026-10-08T22:44:27.500683
Maharashtra,Solapur,Solapur,Wheat,Lokwan,FAQ,2026-09-14,2679.68,3026.9,2795.36,475.0,sample,1,2026-10-08T22:44:27.500692
Maharashtra,Solapur,Solapur,Wheat,Lokwan,FAQ,2026-09-15,2663.41,2942.99,2782.52,488.2,sample,1,2026-10-08T22:44:27.500700
Maharashtra,Solapur,Solapur,Wheat,Lokwan,FAQ,2026-09-16,2675.01,2936.39,2763.73,180.1,sample,1,2026-10-08T22:44:27.500709
Maharashtra,Solapur,Solapur,Wheat,Lokwan,FAQ,2026-09-17,2612.67,2937.16,2763.29,333.4,sample,1,2026-10-08T22:44:27.500717
Maharashtra,Solapur,Solapur,Wheat,Lokwan,FAQ,2026-09-18,2604.64,2953.1,2744.71,138.1,sample,1,2026-10-08T22:44:27.500725
Maharashtra,Solapur,Solapur,Wheat,Lokwan,FAQ,2026-09-19,2618.53,2899.22,2738.66,284.0,sample,1,2026-10-08T22:44:27.500733
Maharashtra,Solapur,Solapur,Wheat,Lokwan,FAQ,2026-09-21,2625.69,2941.25,2753.58,111.1,sample,1,2026-10-08T22:44:27.500742
Maharashtra,Solapur,Solapur,Wheat,Lokwan,FAQ,2026-09-22,2668.36,2972.39,2763.62,401.5,sample,1,2026-10-08T22:44:27.500750
Maharashtra,Solapur,Solapur,Wheat,Lokwan,FAQ,2026-09-23,2685.71,3010.34,2781.02,491.3,sample,1,2026-10-08T22:44:27.500758
Maharashtra,Solapur,Solapur,Wheat,Lokwan,FAQ,2026-09-24,2618.46,2960.69,2749.51,398.7,sample,1,2026-10-08T22:44:27.500767
Maharashtra,Solapur,Solapur,Wheat,Lokwan,FAQ,2026-09-25,2622.0,2958.45,2739.98,179.7,sample,1,2026-10-08T22:44:27.500776
Maharashtra,Solapur,Solapur,Wheat,Lokwan,FAQ,2026-09-26,2701.21,2957.69,2795.65,202.8,sample,1,2026-10-08T22:44:27.500785
Maharashtra,Solapur,Solapur,Wheat,Lokwan,FAQ,2026-09-28,2675.43,2958.55,2790.05,231.9,sample,1,2026-10-08T22:44:27.500794
Maharashtra,Solapur,Solapur,Wheat,Lokwan,FAQ,2026-09-29,2619.36,2927.88,2758.24,485.6,sample,1,2026-10-08T22:44:27.500802
Maharashtra,Solapur,Solapur,Wheat,Lokwan,FAQ,2026-09-30,2573.72,2936.76,2727.92,49.0,sample,1,2026-10-08T22:44:27.500810
Maharashtra,Solapur,Solapur,Wheat,Lokwan,FAQ,2026-10-01,2627.79,2911.03,2762.5,369.7,sample,1,2026-10-08T22:44:27.500819
Maharashtra,Solapur,Solapur,Wheat,Lokwan,FAQ,2026-10-02,2645.49,2964.08,2752.66,189.8,sample,1,2026-10-08T22:44:27.500827
Maharashtra,Solapur,Solapur,Wheat,Lokwan,FAQ,2026-10-03,2648.93,2920.79,2773.25,138.9,sample,1,2026-10-08T22:44:27.500835
Maharashtra,Solapur,Solapur,Wheat,Lokwan,FAQ,2026-10-05,2628.65,2872.6,2720.34,189.7,sample,1,2026-10-08T22:44:27.500844
Maharashtra,Solapur,Solapur,Wheat,Lokwan,FAQ,2026-10-06,2599.87,2922.31,2718.41,256.1,sample,1,2026-10-08T22:44:27.500853
Maharashtra,Solapur,Solapur,Wheat,Lokwan,FAQ,2026-10-07,2593.56,2925.32,2725.04,458.1,sample,1,2026-10-08T22:44:27.500861
Maharashtra,Solapur,Solapur,Wheat,Lokwan,FAQ,2026-10-08,2603.33,2878.66,2722.4,319.1,sample,1,2026-10-08T22:44:27.500871
Maharashtra,Akola,Akola,Cotton,Medium Staple,FAQ,2026-07-10,7099.43,7673.34,7370.37,209.9,sample,1,2026-10-08T22:44:27.500882
Maharashtra,Akola,Akola,Cotton,Medium Staple,FAQ,2026-07-11,7077.43,7659.29,7390.97,101.8,sample,1,2026-10-08T22:44:27.500890
Maharashtra,Akola,Akola,Cotton,Medium Staple,FAQ,2026-07-13,7099.57,7722.75,7390.86,109.8,sample,1,2026-10-08T22:44:27.500899
Maharashtra,Akola,Akola,Cotton,Medium Staple,FAQ,2026-07-14,7140.11,7645.43,7337.67,132.0,sample,1,2026-10-08T22:44:27.500909
Maharashtra,Akola,Akola,Cotton,Medium Staple,FAQ,2026-07-15,7117.68,7783.78,7378.59,159.9,sample,1,2026-10-08T22:44:27.500917
Maharashtra,Akola,Akola,Cotton,Medium Staple,FAQ,2026-07-16,7148.15,7709.0,7402.8,50.1,sample,1,2026-10-08T22:44:27.500925
Maharashtra,Akola,Akola,Cotton,Medium Staple,FAQ,2026-07-17,7112.39,7799.67,7405.28,184.4,sample,1,2026-10-08T22:44:27.500933
Maharashtra,Akola,Akola,Cotton,Medium Staple,FAQ,2026-07-18,7079.2,7817.28,7382.21,245.1,sample,1,2026-10-08T22:44:27.500943
Maharashtra,Akola,Akola,Cotton,Medium Staple,FAQ,2026-07-20,7166.0,7753.02,7411.25,193.2,sample,1,2026-10-08T22:44:27.500952
Maharashtra,Akola,Akola,Cotton,Medium Staple,FAQ,2026-07-21,7108.15,7777.65,7384.8,157.5,sample,1,2026-10-08T22:44:27.500960
Maharashtra,Akola,Akola,Cotton,Medium Staple,FAQ,2026-07-22,7191.99,7716.13,7384.87,222.3,sample,1,2026-10-08T22:44:27.500969
Maharashtra,Akola,Akola,Cotton,Medium Staple,FAQ,2026-07-23,7124.2,7627.24,7372.15,283.1,sample,1,2026-10-08T22:44:27.500977
Maharashtra,Akola,Akola,Cotton,Medium Staple,FAQ,2026-07-24,7257.03,7771.27,7434.46,54.8,sample,1,2026-10-08T22:44:27.500985
Maharashtra,Akola,Akola,Cotton,Medium Staple,FAQ,2026-07-25,7144.23,7807.5,7394.86,403.5,sample,1,2026-10-08T22:44:27.500993
Maharashtra,Akola,Akola,Cotton,Medium Staple,FAQ,2026-07-27,7046.09,7715.48,7316.25,300.0,sample,1,2026-10-08T22:44:27.501002
Maharashtra,Akola,Akola,Cotton,Medium Staple,FAQ,2026-07-28,7002.75,7732.8,7323.88,284.6,sample,1,2026-10-08T22:44:27.501010
Maharashtra,Akola,Akola,Cotton,Medium Staple,FAQ,2026-07-29,7173.93,7800.81,7362.09,320.6,sample,1,2026-10-08T22:44:27.501018
Maharashtra,Akola,Akola,Cotton,Medium Staple,FAQ,2026-07-30,6928.8,7655.64,7252.74,392.9,sample,1,2026-10-08T22:44:27.501028
Maharashtra,Akola,Akola,Cotton,Medium Staple,FAQ,2026-07-31,6973.08,7645.68,7215.77,379.9,sample,1,2026-10-08T22:44:27.501037
Maharashtra,Akola,Akola,Cotton,Medium Staple,FAQ,2026-08-01,6972.22,7505.13,7244.79,338.0,sample,1,2026-10-08T22:44:27.501045
Maharashtra,Akola,Akola,Cotton,Medium Staple,FAQ,2026-08-03,6933.86,7629.99,7212.75,238.9,sample,1,2026-10-08T22:44:27.501065
Maharashtra,Akola,Akola,Cotton,Medium Staple,FAQ,2026-08-04,7105.49,7649.4,7283.71,42.9,sample,1,2026-10-08T22:44:27.501074
Maharashtra,Akola,Akola,Cotton,Medium Staple,FAQ,2026-08-05,7085.77,7629.25,7294.55,159.1,sample,1,2026-10-08T22:44:27.501083
Maharashtra,Akola,Akola,Cotton,Medium Staple,FAQ,2026-08-06,7080.57,7675.65,7289.0,190.2,sample,1,2026-10-08T22:44:27.501091
Maharashtra,Akola,Akola,Cotton,Medium Staple,FAQ,2026-08-07,6917.88,7574.0,7208.37,203.1,sample,1,2026-10-08T22:44:27.501101
Maharashtra,Akola,Akola,Cotton,Medium Staple,FAQ,2026-08-08,6933.69,7667.86,7240.74,110.2,sample,1,2026-10-08T22:44:27.501109
Maharashtra,Akola,Akola,Cotton,Medium Staple,FAQ,2026-08-10,7051.83,7504.58,7254.07,316.9,sample,1,2026-10-08T22:44:27.501119
Maharashtra,Akola,Akola,Cotton,Medium Staple,FAQ,2026-08-11,6918.82,7629.21,7220.52,288.4,sample,1,2026-10-08T22:44:27.501128
Maharashtra,Akola,Akola,Cotton,Medium Staple,FAQ,2026-08-12,7057.98,7573.6,7280.28,136.1,sample,1,2026-10-08T22:44:27.501136
Maharashtra,Akola,Akola,Cotton,Medium Staple,FAQ,2026-08-13,7050.31,7604.85,7270.75,164.7,sample,1,2026-10-08T22:44:27.501144
Maharashtra,Akola,Akola,Cotton,Medium Staple,FAQ,2026-08-14,7087.09,7589.23,7315.39,453.5,sample,1,2026-10-08T22:44:27.501152
Maharashtra,Akola,Akola,Cotton,Medium Staple,FAQ,2026-08-15,7061.81,7722.93,7302.76,212.6,sample,1,2026-10-08T22:44:27.501160
Maharashtra,Akola,Akola,Cotton,Medium Staple,FAQ,2026-08-17,6928.17,7539.05,7214.16,245.5,sample,1,2026-10-08T22:44:27.501171
Maharashtra,Akola,Akola,Cotton,Medium Staple,FAQ,2026-08-18,7022.23,7545.29,7257.11,215.0,sample,1,2026-10-08T22:44:27.501179
Maharashtra,Akola,Akola,Cotton,Medium Staple,FAQ,2026-08-19,7072.94,7710.99,7274.2,373.3,sample,1,2026-10-08T22:44:27.501188
Maharashtra,Akola,Akola,Cotton,Medium Staple,FAQ,2026-08-20,7062.39,7659.54,7255.65,95.4,sample,1,2026-10-08T22:44:27.501196
Maharashtra,Akola,Akola,Cotton,Medium Staple,FAQ,2026-08-21,6893.35,7492.34,7180.8,127.9,sample,1,2026-10-08T22:44:27.501204
Maharashtra,Akola,Akola,Cotton,Medium Staple,FAQ,2026-08-22,6874.08,7609.81,7196.85,205.5,sample,1,2026-10-08T22:44:27.501212
Maharashtra,Akola,Akola,Cotton,Medium Staple,FAQ,2026-08-24,6962.0,7452.06,7205.54,409.6,sample,1,2026-10-08T22:44:27.501221
Maharashtra,Akola,Akola,Cotton,Medium Staple,FAQ,2026-08-25,7008.94,7669.06,7243.99,203.2,sample,1,2026-10-08T22:44:27.501229
Maharashtra,Akola,Akola,Cotton,Medium Staple,FAQ,2026-08-26,7118.79,7781.95,7358.91,178.3,sample,1,2026-10-08T22:44:27.501237
Maharashtra,Akola,Akola,Cotton,Medium Staple,FAQ,2026-08-27,6997.32,7585.01,7322.28,336.0,sample,1,2026-10-08T22:44:27.501245
Maharashtra,Akola,Akola,Cotton,Medium Staple,FAQ,2026-08-28,6955.85,7576.24,7273.55,337.8,sample,1,2026-10-08T22:44:27.501253
Maharashtra,Akola,Akola,Cotton,Medium Staple,FAQ,2026-08-29,7099.17,7597.21,7322.66,154.5,sample,1,2026-10-08T22:44:27.501260
Maharashtra,Akola,Akola,Cotton,Medium Staple,FAQ,2026-08-31,7098.82,7688.14,7297.18,390.7,sample,1,2026-10-08T22:44:27.501269
Maharashtra,Akola,Akola,Cotton,Medium Staple,FAQ,2026-09-01,7105.25,7702.93,7289.43,438.5,sample,1,2026-10-08T22:44:27.501276
Maharashtra,Akola,Akola,Cotton,Medium Staple,FAQ,2026-09-02,7026.53,7541.83,7263.76,119.3,sample,1,2026-10-08T22:44:27.501284
Maharashtra,Akola,Akola,Cotton,Medium Staple,FAQ,2026-09-03,6905.61,7668.76,7221.05,381.3,sample,1,2026-10-08T22:44:27.501293
Maharashtra,Akola,Akola,Cotton,Medium Staple,FAQ,2026-09-04,6936.69,7511.52,7243.55,114.7,sample,1,2026-10-08T22:44:27.501302
Maharashtra,Akola,Akola,Cotton,Medium Staple,FAQ,2026-09-05,6965.95,7524.85,7215.58,327.6,sample,1,2026-10-08T22:44:27.501309
Maharashtra,Akola,Akola,Cotton,Medium Staple,FAQ,2026-09-07,7040.75,7673.4,7263.91,192.5,sample,1,2026-10-08T22:44:27.501318
Maharashtra,Akola,Akola,Cotton,Medium Staple,FAQ,2026-09-08,6936.4,7496.91,7244.72,441.1,sample,1,2026-10-08T22:44:27.501326
Maharashtra,Akola,Akola,Cotton,Medium Staple,FAQ,2026-09-09,7036.28,7638.53,7267.84,281.6,sample,1,2026-10-08T22:44:27.501334
Maharashtra,Akola,Akola,Cotton,Medium Staple,FAQ,2026-09-10,7065.65,7512.52,7264.38,452.7,sample,1,2026-10-08T22:44:27.501343
Maharashtra,Akola,Akola,Cotton,Medium Staple,FAQ,2026-09-11,7228.45,7765.2,7420.31,492.3,sample,1,2026-10-08T22:44:27.501351
Maharashtra,Akola,Akola,Cotton,Medium Staple,FAQ,2026-09-12,7213.17,7874.3,7516.59,101.8,sample,1,2026-10-08T22:44:27.501359
Maharashtra,Akola,Akola,Cotton,Medium Staple,FAQ,2026-09-14,7220.51,7785.81,7442.22,455.3,sample,1,2026-10-08T22:44:27.501367
Maharashtra,Akola,Akola,Cotton,Medium Staple,FAQ,2026-09-15,7193.77,7770.84,7388.0,208.2,sample,1,2026-10-08T22:44:27.501377
Maharashtra,Akola,Akola,Cotton,Medium Staple,FAQ,2026-09-16,7069.44,7718.34,7316.11,431.9,sample,1,2026-10-08T22:44:27.501384
Maharashtra,Akola,Akola,Cotton,Medium Staple,FAQ,2026-09-17,7053.01,7548.51,7257.45,99.7,sample,1,2026-10-08T22:44:27.501392
Maharashtra,Akola,Akola,Cotton,Medium Staple,FAQ,2026-09-18,7116.86,7569.1,7304.19,225.8,sample,1,2026-10-08T22:44:27.501400
Maharashtra,Akola,Akola,Cotton,Medium Staple,FAQ,2026-09-19,6985.22,7560.36,7293.26,144.1,sample,1,2026-10-08T22:44:27.501408
Maharashtra,Akola,Akola,Cotton,Medium Staple,FAQ,2026-09-21,7108.97,7782.79,7333.26,347.4,sample,1,2026-10-08T22:44:27.501416
Maharashtra,Akola,Akola,Cotton,Medium Staple,FAQ,2026-09-22,7163.84,7783.04,7416.83,446.4,sample,1,2026-10-08T22:44:27.501424
Maharashtra,Akola,Akola,Cotton,Medium Staple,FAQ,2026-09-23,7179.17,7801.32,7417.47,306.5,sample,1,2026-10-08T22:44:27.501432
Maharashtra,Akola,Akola,Cotton,Medium Staple,FAQ,2026-09-24,7069.08,7636.46,7384.27,456.8,sample,1,2026-10-08T22:44:27.501440
Maharashtra,Akola,Akola,Cotton,Medium Staple,FAQ,2026-09-25,7165.75,7653.69,7370.43,105.8,sample,1,2026-10-08T22:44:27.501449
Maharashtra,Akola,Akola,Cotton,Medium Staple,FAQ,2026-09-26,7203.73,7795.75,7383.85,114.5,sample,1,2026-10-08T22:44:27.501458
Maharashtra,Akola,Akola,Cotton,Medium Staple,FAQ,2026-09-28,7102.17,7666.97,7349.75,329.2,sample,1,2026-10-08T22:44:27.501467
Maharashtra,Akola,Akola,Cotton,Medium Staple,FAQ,2026-09-29,7124.41,7788.17,7421.96,248.0,sample,1,2026-10-08T22:44:27.501475
Maharashtra,Akola,Akola,Cotton,Medium Staple,FAQ,2026-09-30,7181.81,7708.43,7438.69,168.5,sample,1,2026-10-08T22:44:27.501483
Maharashtra,Akola,Akola,Cotton,Medium Staple,FAQ,2026-10-01,7227.56,7956.86,7517.84,195.1,sample,1,2026-10-08T22:44:27.501491
Maharashtra,Akola,Akola,Cotton,Medium Staple,FAQ,2026-10-02,7251.36,7894.75,7547.41,292.5,sample,1,2026-10-08T22:44:27.501500
Maharashtra,Akola,Akola,Cotton,Medium Staple,FAQ,2026-10-03,7236.25,7896.02,7510.74,197.5,sample,1,2026-10-08T22:44:27.501507
Maharashtra,Akola,Akola,Cotton,Medium Staple,FAQ,2026-10-05,7253.38,7863.07,7483.19,483.8,sample,1,2026-10-08T22:44:27.501516
Maharashtra,Akola,Akola,Cotton,Medium Staple,FAQ,2026-10-06,7282.01,7768.64,7475.94,250.4,sample,1,2026-10-08T22:44:27.501524
Maharashtra,Akola,Akola,Cotton,Medium Staple,FAQ,2026-10-07,7310.4,7958.15,7529.76,181.2,sample,1,2026-10-08T22:44:27.501532
Maharashtra,Akola,Akola,Cotton,Medium Staple,FAQ,2026-10-08,7331.13,8023.26,7571.55,78.2,sample,1,2026-10-08T22:44:27.501541
Maharashtra,Akola,Akola,Red gram/Arhar/Tur(whole),White/Desi,FAQ,2026-07-10,10186.13,11320.39,10561.54,499.3,sample,1,2026-10-08T22:44:27.501552
Maharashtra,Akola,Akola,Red gram/Arhar/Tur(whole),White/Desi,FAQ,2026-07-11,10152.04,11201.21,10478.81,142.1,sample,1,2026-10-08T22:44:27.501560
Maharashtra,Akola,Akola,Red gram/Arhar/Tur(whole),White/Desi,FAQ,2026-07-13,10259.97,11261.25,10624.91,109.8,sample,1,2026-10-08T22:44:27.501569
Maharashtra,Akola,Akola,Red gram/Arhar/Tur(whole),White/Desi,FAQ,2026-07-14,10147.13,11242.53,10633.51,408.1,sample,1,2026-10-08T22:44:27.501577
Maharashtra,Akola,Akola,Red gram/Arhar/Tur(whole),White/Desi,FAQ,2026-07-15,10076.66,11195.09,10583.98,212.3,sample,1,2026-10-08T22:44:27.501585
Maharashtra,Akola,Akola,Red gram/Arhar/Tur(whole),White/Desi,FAQ,2026-07-16,10324.74,11108.4,10628.77,331.8,sample,1,2026-10-08T22:44:27.501593
Maharashtra,Akola,Akola,Red gram/Arhar/Tur(whole),White/Desi,FAQ,2026-07-17,10033.92,10968.93,10494.19,473.4,sample,1,2026-10-08T22:44:27.501601
Maharashtra,Akola,Akola,Red gram/Arhar/Tur(whole),White/Desi,FAQ,2026-07-18,9950.5,11105.81,10376.82,168.1,sample,1,2026-10-08T22:44:27.501610
Maharashtra,Akola,Akola,Red gram/Arhar/Tur(whole),White/Desi,FAQ,2026-07-20,10243.59,11339.09,10594.75,487.1,sample,1,2026-10-08T22:44:27.501619
Maharashtra,Akola,Akola,Red gram/Arhar/Tur(whole),White/Desi,FAQ,2026-07-21,10039.17,11122.15,10533.67,102.6,sample,1,2026-10-08T22:44:27.501628
Maharashtra,Akola,Akola,Red gram/Arhar/Tur(whole),White/Desi,FAQ,2026-07-22,10193.38,11153.77,10533.7,183.3,sample,1,2026-10-08T22:44:27.501637
Maharashtra,Akola,Akola,Red gram/Arhar/Tur(whole),White/Desi,FAQ,2026-07-23,10029.08,11171.33,10530.61,481.3,sample,1,2026-10-08T22:44:27.501644
Maharashtra,Akola,Akola,Red gram/Arhar/Tur(whole),White/Desi,FAQ,2026-07-24,10300.25,11330.84,10614.76,391.7,sample,1,2026-10-08T22:44:27.501653
Maharashtra,Akola,Akola,Red gram/Arhar/Tur(whole),White/Desi,FAQ,2026-07-25,10168.48,11404.49,10642.16,151.5,sample,1,2026-10-08T22:44:27.501660
Maharashtra,Akola,Akola,Red gram/Arhar/Tur(whole),White/Desi,FAQ,2026-07-27,10290.05,11153.5,10663.89,423.8,sample,1,2026-10-08T22:44:27.501669
Maharashtra,Akola,Akola,Red gram/Arhar/Tur(whole),White/Desi,FAQ,2026-07-28,10231.91,11295.65,10528.84,167.1,sample,1,2026-10-08T22:44:27.501677
Maharashtra,Akola,Akola,Red gram/Arhar/Tur(whole),White/Desi,FAQ,2026-07-29,10105.46,11322.94,10562.98,109.8,sample,1,2026-10-08T22:44:27.501685
Maharashtra,Akola,Akola,Red gram/Arhar/Tur(whole),White/Desi,FAQ,2026-07-30,10144.06,11192.48,10530.47,389.9,sample,1,2026-10-08T22:44:27.501693
Maharashtra,Akola,Akola,Red gram/Arhar/Tur(whole),White/Desi,FAQ,2026-07-31,10218.62,11030.24,10573.3,329.1,sample,1,2026-10-08T22:44:27.501701
Maharashtra,Akola,Akola,Red gram/Arhar/Tur(whole),White/Desi,FAQ,2026-08-01,10179.1,11229.92,10572.17,177.5,sample,1,2026-10-08T22:44:27.501710
Maharashtra,Akola,Akola,Red gram/Arhar/Tur(whole),White/Desi,FAQ,2026-08-03,10283.99,11118.38,10673.04,490.3,sample,1,2026-10-08T22:44:27.501721
Maharashtra,Akola,Akola,Red gram/Arhar/Tur(whole),White/Desi,FAQ,2026-08-04,10270.17,11311.59,10768.69,165.2,sample,1,2026-10-08T22:44:27.501728
Maharashtra,Akola,Akola,Red gram/Arhar/Tur(whole),White/Desi,FAQ,2026-08-05,10348.86,11303.35,10842.73,254.6,sample,1,2026-10-08T22:44:27.501736
Maharashtra,Akola,Akola,Red gram/Arhar/Tur(whole),White/Desi,FAQ,2026-08-06,10398.04,11553.88,10818.43,358.1,sample,1,2026-10-08T22:44:27.501744
Maharashtra,Akola,Akola,Red gram/Arhar/Tur(whole),White/Desi,FAQ,2026-08-07,10509.93,11300.94,10843.84,498.9,sample,1,2026-10-08T22:44:27.501752
Maharashtra,Akola,Akola,Red gram/Arhar/Tur(whole),White/Desi,FAQ,2026-08-08,10255.52,11315.98,10680.32,206.8,sample,1,2026-10-08T22:44:27.501760
Maharashtra,Akola,Akola,Red gram/Arhar/Tur(whole),White/Desi,FAQ,2026-08-10,10280.71,11528.29,10761.52,234.0,sample,1,2026-10-08T22:44:27.501769
Maharashtra,Akola,Akola,Red gram/Arhar/Tur(whole),White/Desi,FAQ,2026-08-11,10217.43,11382.02,10650.56,168.9,sample,1,2026-10-08T22:44:27.501776
Maharashtra,Akola,Akola,Red gram/Arhar/Tur(whole),White/Desi,FAQ,2026-08-12,10290.39,11233.61,10630.79,233.0,sample,1,2026-10-08T22:44:27.501785
Maharashtra,Akola,Akola,Red gram/Arhar/Tur(whole),White/Desi,FAQ,2026-08-13,10071.69,11326.31,10552.4,78.2,sample,1,2026-10-08T22:44:27.501794
Maharashtra,Akola,Akola,Red gram/Arhar/Tur(whole),White/Desi,FAQ,2026-08-14,10342.2,11278.65,10680.46,311.9,sample,1,2026-10-08T22:44:27.501805
Maharashtra,Akola,Akola,Red gram/Arhar/Tur(whole),White/Desi,FAQ,2026-08-15,10327.92,11225.1,10767.67,399.2,sample,1,2026-10-08T22:44:27.501812
Maharashtra,Akola,Akola,Red gram/Arhar/Tur(whole),White/Desi,FAQ,2026-08-17,10243.07,11279.35,10724.05,278.7,sample,1,2026-10-08T22:44:27.501821
Maharashtra,Akola,Akola,Red gram/Arhar/Tur(whole),White/Desi,FAQ,2026-08-18,10098.75,11158.54,10600.81,316.8,sample,1,2026-10-08T22:44:27.501828
Maharashtra,Akola,Akola,Red gram/Arhar/Tur(whole),White/Desi,FAQ,2026-08-19,9951.48,11087.69,10460.46,94.0,sample,1,2026-10-08T22:44:27.501836
Maharashtra,Akola,Akola,Red gram/Arhar/Tur(whole),White/Desi,FAQ,2026-08-20,9912.61,10925.83,10375.98,349.4,sample,1,2026-10-08T22:44:27.501844
Maharashtra,Akola,Akola,Red gram/Arhar/Tur(whole),White/Desi,FAQ,2026-08-21,10084.7,11147.15,10459.2,199.8,sample,1,2026-10-08T22:44:27.501851
Maharashtra,Akola,Akola,Red gram/Arhar/Tur(whole),White/Desi,FAQ,2026-08-22,9938.04,11133.99,10407.19,303.7,sample,1,2026-10-08T22:44:27.501859
Maharashtra,Akola,Akola,Red gram/Arhar/Tur(whole),White/Desi,FAQ,2026-08-24,9724.74,10846.02,10199.9,397.7,sample,1,2026-10-08T22:44:27.501868
Maharashtra,Akola,Akola,Red gram/Arhar/Tur(whole),White/Desi,FAQ,2026-08-25,9743.37,10613.18,10183.95,300.8,sample,1,2026-10-08T22:44:27.501878
Maharashtra,Akola,Akola,Red gram/Arhar/Tur(whole),White/Desi,FAQ,2026-08-26,10110.46,11165.61,10414.17,408.9,sample,1,2026-10-08T22:44:27.501885
Maharashtra,Akola,Akola,Red gram/Arhar/Tur(whole),White/Desi,FAQ,2026-08-27,9995.85,11176.61,10450.82,156.6,sample,1,2026-10-08T22:44:27.501893
Maharashtra,Akola,Akola,Red gram/Arhar/Tur(whole),White/Desi,FAQ,2026-08-28,9973.54,10996.73,10487.2,245.2,sample,1,2026-10-08T22:44:27.501901
Maharashtra,Akola,Akola,Red gram/Arhar/Tur(whole),White/Desi,FAQ,2026-08-29,10120.73,10997.15,10412.2,495.8,sample,1,2026-10-08T22:44:27.501908
Maharashtra,Akola,Akola,Red gram/Arhar/Tur(whole),White/Desi,FAQ,2026-08-31,10072.62,11100.36,10402.87,291.7,sample,1,2026-10-08T22:44:27.501916
Maharashtra,Akola,Akola,Red gram/Arhar/Tur(whole),White/Desi,FAQ,2026-09-01,10209.32,11131.05,10566.57,200.3,sample,1,2026-10-08T22:44:27.501924
Maharashtra,Akola,Akola,Red gram/Arhar/Tur(whole),White/Desi,FAQ,2026-09-02,10146.6,11172.35,10632.2,323.5,sample,1,2026-10-08T22:44:27.501932
Maharashtra,Akola,Akola,Red gram/Arhar/Tur(whole),White/Desi,FAQ,2026-09-03,10008.31,11186.92,10465.88,144.7,sample,1,2026-10-08T22:44:27.501939
Maharashtra,Akola,Akola,Red gram/Arhar/Tur(whole),White/Desi,FAQ,2026-09-04,10033.55,11137.02,10486.82,183.9,sample,1,2026-10-08T22:44:27.501947
Maharashtra,Akola,Akola,Red gram/Arhar/Tur(whole),White/Desi,FAQ,2026-09-05,10051.03,10937.39,10450.36,216.0,sample,1,2026-10-08T22:44:27.501956
Maharashtra,Akola,Akola,Red gram/Arhar/Tur(whole),White/Desi,FAQ,2026-09-07,10075.21,11149.47,10439.35,452.1,sample,1,2026-10-08T22:44:27.501965
Maharashtra,Akola,Akola,Red gram/Arhar/Tur(whole),White/Desi,FAQ,2026-09-08,10121.23,11347.73,10582.38,188.5,sample,1,2026-10-08T22:44:27.501973
Maharashtra,Akola,Akola,Red gram/Arhar/Tur(whole),White/Desi,FAQ,2026-09-09,10170.51,11340.71,10668.63,297.8,sample,1,2026-10-08T22:44:27.501993
Maharashtra,Akola,Akola,Red gram/Arhar/Tur(whole),White/Desi,FAQ,2026-09-10,10274.68,11350.07,10736.3,223.1,sample,1,2026-10-08T22:44:27.502001
Maharashtra,Akola,Akola,Red gram/Arhar/Tur(whole),White/Desi,FAQ,2026-09-11,10402.19,11339.19,10703.92,443.4,sample,1,2026-10-08T22:44:27.502008
Maharashtra,Akola,Akola,Red gram/Arhar/Tur(whole),White/Desi,FAQ,2026-09-12,10259.68,11151.6,10636.79,369.3,sample,1,2026-10-08T22:44:27.502016
Maharashtra,Akola,Akola,Red gram/Arhar/Tur(whole),White/Desi,FAQ,2026-09-14,10039.78,10998.19,10540.88,479.8,sample,1,2026-10-08T22:44:27.502024
Maharashtra,Akola,Akola,Red gram/Arhar/Tur(whole),White/Desi,FAQ,2026-09-15,10044.3,11259.28,10519.8,175.2,sample,1,2026-10-08T22:44:27.502032
Maharashtra,Akola,Akola,Red gram/Arhar/Tur(whole),White/Desi,FAQ,2026-09-16,9964.72,11063.9,10484.59,58.8,sample,1,2026-10-08T22:44:27.502040
Maharashtra,Akola,Akola,Red gram/Arhar/Tur(whole),White/Desi,FAQ,2026-09-17,10057.44,11129.27,10468.96,165.9,sample,1,2026-10-08T22:44:27.502159
Maharashtra,Akola,Akola,Red gram/Arhar/Tur(whole),White/Desi,FAQ,2026-09-18,9783.79,10808.1,10299.77,143.9,sample,1,2026-10-08T22:44:27.502285
Maharashtra,Akola,Akola,Red gram/Arhar/Tur(whole),White/Desi,FAQ,2026-09-19,9879.68,10812.92,10315.17,45.7,sample,1,2026-10-08T22:44:27.502314
Maharashtra,Akola,Akola,Red gram/Arhar/Tur(whole),White/Desi,FAQ,2026-09-21,9897.71,11046.3,10324.64,230.7,sample,1,2026-10-08T22:44:27.502328
Maharashtra,Akola,Akola,Red gram/Arhar/Tur(whole),White/Desi,FAQ,2026-09-22,9939.04,10975.84,10351.33,229.7,sample,1,2026-10-08T22:44:27.502337
Maharashtra,Akola,Akola,Red gram/Arhar/Tur(whole),White/Desi,FAQ,2026-09-23,9996.22,11166.66,10426.76,490.4,sample,1,2026-10-08T22:44:27.502345
Maharashtra,Akola,Akola,Red gram/Arhar/Tur(whole),White/Desi,FAQ,2026-09-24,9873.76,11007.42,10332.99,491.7,sample,1,2026-10-08T22:44:27.502353
Maharashtra,Akola,Akola,Red gram/Arhar/Tur(whole),White/Desi,FAQ,2026-09-25,9995.18,11108.05,10364.03,471.0,sample,1,2026-10-08T22:44:27.502362
Maharashtra,Akola,Akola,Red gram/Arhar/Tur(whole),White/Desi,FAQ,2026-09-26,9947.02,10852.41,10303.86,480.7,sample,1,2026-10-08T22:44:27.502369
Maharashtra,Akola,Akola,Red gram/Arhar/Tur(whole),White/Desi,FAQ,2026-09-28,9914.9,10940.48,10431.6,287.6,sample,1,2026-10-08T22:44:27.502378
Maharashtra,Akola,Akola,Red gram/Arhar/Tur(whole),White/Desi,FAQ,2026-09-29,10257.1,11341.16,10568.0,400.7,sample,1,2026-10-08T22:44:27.502393
Maharashtra,Akola,Akola,Red gram/Arhar/Tur(whole),White/Desi,FAQ,2026-09-30,10106.69,11172.54,10461.93,317.9,sample,1,2026-10-08T22:44:27.502401
Maharashtra,Akola,Akola,Red gram/Arhar/Tur(whole),White/Desi,FAQ,2026-10-01,10005.72,11136.87,10458.55,336.7,sample,1,2026-10-08T22:44:27.502411
Maharashtra,Akola,Akola,Red gram/Arhar/Tur(whole),White/Desi,FAQ,2026-10-02,9822.38,10840.78,10214.05,64.5,sample,1,2026-10-08T22:44:27.502419
Maharashtra,Akola,Akola,Red gram/Arhar/Tur(whole),White/Desi,FAQ,2026-10-03,9712.36,10739.84,10140.87,240.6,sample,1,2026-10-08T22:44:27.502427
Maharashtra,Akola,Akola,Red gram/Arhar/Tur(whole),White/Desi,FAQ,2026-10-05,9796.74,10832.37,10211.13,66.5,sample,1,2026-10-08T22:44:27.502436
Maharashtra,Akola,Akola,Red gram/Arhar/Tur(whole),White/Desi,FAQ,2026-10-06,9845.65,10941.4,10209.07,108.0,sample,1,2026-10-08T22:44:27.502443
Maharashtra,Akola,Akola,Red gram/Arhar/Tur(whole),White/Desi,FAQ,2026-10-07,9756.87,10834.51,10209.4,475.8,sample,1,2026-10-08T22:44:27.502451
Maharashtra,Akola,Akola,Red gram/Arhar/Tur(whole),White/Desi,FAQ,2026-10-08,9738.64,10870.2,10193.3,265.8,sample,1,2026-10-08T22:44:27.502459
Maharashtra,Akola,Akola,Soyabean,Yellow,FAQ,2026-07-10,4519.1,4878.68,4712.86,248.0,sample,1,2026-10-08T22:44:27.502470
Maharashtra,Akola,Akola,Soyabean,Yellow,FAQ,2026-07-11,4469.02,4843.44,4622.48,192.0,sample,1,2026-10-08T22:44:27.502480
Maharashtra,Akola,Akola,Soyabean,Yellow,FAQ,2026-07-13,4364.22,4711.69,4554.38,288.2,sample,1,2026-10-08T22:44:27.502488
Maharashtra,Akola,Akola,Soyabean,Yellow,FAQ,2026-07-14,4362.61,4706.67,4528.93,43.1,sample,1,2026-10-08T22:44:27.502496
Maharashtra,Akola,Akola,Soyabean,Yellow,FAQ,2026-07-15,4353.49,4645.1,4490.74,489.6,sample,1,2026-10-08T22:44:27.502504
Maharashtra,Akola,Akola,Soyabean,Yellow,FAQ,2026-07-16,4302.84,4666.66,4463.09,376.0,sample,1,2026-10-08T22:44:27.502511
Maharashtra,Akola,Akola,Soyabean,Yellow,FAQ,2026-07-17,4314.49,4704.69,4473.63,122.5,sample,1,2026-10-08T22:44:27.502520
Maharashtra,Akola,Akola,Soyabean,Yellow,FAQ,2026-07-18,4335.56,4674.8,4456.87,267.7,sample,1,2026-10-08T22:44:27.502528
Maharashtra,Akola,Akola,Soyabean,Yellow,FAQ,2026-07-20,4293.51,4692.54,4483.66,476.6,sample,1,2026-10-08T22:44:27.502536
Maharashtra,Akola,Akola,Soyabean,Yellow,FAQ,2026-07-21,4368.4,4697.18,4508.27,360.4,sample,1,2026-10-08T22:44:27.502544
Maharashtra,Akola,Akola,Soyabean,Yellow,FAQ,2026-07-22,4429.87,4726.12,4543.5,365.3,sample,1,2026-10-08T22:44:27.502552
Maharashtra,Akola,Akola,Soyabean,Yellow,FAQ,2026-07-23,4397.25,4781.33,4581.37,124.9,sample,1,2026-10-08T22:44:27.502560
Maharashtra,Akola,Akola,Soyabean,Yellow,FAQ,2026-07-24,4372.24,4781.91,4565.95,196.3,sample,1,2026-10-08T22:44:27.502569
Maharashtra,Akola,Akola,Soyabean,Yellow,FAQ,2026-07-25,4418.64,4794.16,4591.3,49.4,sample,1,2026-10-08T22:44:27.502576
Maharashtra,Akola,Akola,Soyabean,Yellow,FAQ,2026-07-27,4399.33,4694.43,4509.65,117.5,sample,1,2026-10-08T22:44:27.502585
Maharashtra,Akola,Akola,Soyabean,Yellow,FAQ,2026-07-28,4259.3,4654.51,4451.02,42.1,sample,1,2026-10-08T22:44:27.502592
Maharashtra,Akola,Akola,Soyabean,Yellow,FAQ,2026-07-29,4271.91,4665.97,4458.37,435.3,sample,1,2026-10-08T22:44:27.502600
Maharashtra,Akola,Akola,Soyabean,Yellow,FAQ,2026-07-30,4287.72,4641.35,4478.73,325.6,sample,1,2026-10-08T22:44:27.502607
Maharashtra,Akola,Akola,Soyabean,Yellow,FAQ,2026-07-31,4367.39,4748.11,4503.46,459.8,sample,1,2026-10-08T22:44:27.502615
Maharashtra,Akola,Akola,Soyabean,Yellow,FAQ,2026-08-01,4381.86,4749.71,4540.83,450.1,sample,1,2026-10-08T22:44:27.502623
Maharashtra,Akola,Akola,Soyabean,Yellow,FAQ,2026-08-03,4407.53,4686.36,4528.5,416.7,sample,1,2026-10-08T22:44:27.502632
Maharashtra,Akola,Akola,Soyabean,Yellow,FAQ,2026-08-04,4352.1,4604.48,4459.83,287.3,sample,1,2026-10-08T22:44:27.502641
Maharashtra,Akola,Akola,Soyabean,Yellow,FAQ,2026-08-05,4387.98,4743.03,4565.63,174.1,sample,1,2026-10-08T22:44:27.502649
Maharashtra,Akola,Akola,Soyabean,Yellow,FAQ,2026-08-06,4413.16,4711.22,4549.57,278.5,sample,1,2026-10-08T22:44:27.502657
Maharashtra,Akola,Akola,Soyabean,Yellow,FAQ,2026-08-07,4437.78,4856.78,4597.1,463.2,sample,1,2026-10-08T22:44:27.502665
Maharashtra,Akola,Akola,Soyabean,Yellow,FAQ,2026-08-08,4387.31,4828.14,4576.71,292.1,sample,1,2026-10-08T22:44:27.502675
Maharashtra,Akola,Akola,Soyabean,Yellow,FAQ,2026-08-10,4436.01,4758.02,4551.48,195.6,sample,1,2026-10-08T22:44:27.502684
Maharashtra,Akola,Akola,Soyabean,Yellow,FAQ,2026-08-11,4451.03,4757.67,4588.94,416.1,sample,1,2026-10-08T22:44:27.502692
Maharashtra,Akola,Akola,Soyabean,Yellow,FAQ,2026-08-12,4474.62,4861.86,4611.87,463.7,sample,1,2026-10-08T22:44:27.502703
Maharashtra,Akola,Akola,Soyabean,Yellow,FAQ,2026-08-13,4477.99,4905.13,4655.97,365.5,sample,1,2026-10-08T22:44:27.502710
Maharashtra,Akola,Akola,Soyabean,Yellow,FAQ,2026-08-14,4518.07,4889.48,4669.86,187.5,sample,1,2026-10-08T22:44:27.502718
Maharashtra,Akola,Akola,Soyabean,Yellow,FAQ,2026-08-15,4505.45,4866.92,4657.91,284.7,sample,1,2026-10-08T22:44:27.502727
Maharashtra,Akola,Akola,Soyabean,Yellow,FAQ,2026-08-17,4499.35,4800.87,4622.43,246.0,sample,1,2026-10-08T22:44:27.502736
Maharashtra,Akola,Akola,Soyabean,Yellow,FAQ,2026-08-18,4536.52,4912.65,4659.34,236.1,sample,1,2026-10-08T22:44:27.502743
Maharashtra,Akola,Akola,Soyabean,Yellow,FAQ,2026-08-19,4540.99,4800.66,4648.14,298.2,sample,1,2026-10-08T22:44:27.502752
Maharashtra,Akola,Akola,Soyabean,Yellow,FAQ,2026-08-20,4499.44,4836.02,4659.31,496.5,sample,1,2026-10-08T22:44:27.502761
Maharashtra,Akola,Akola,Soyabean,Yellow,FAQ,2026-08-21,4504.37,4875.58,4672.27,59.2,sample,1,2026-10-08T22:44:27.502769
Maharashtra,Akola,Akola,Soyabean,Yellow,FAQ,2026-08-22,4417.36,4784.42,4607.57,310.2,sample,1,2026-10-08T22:44:27.502776
Maharashtra,Akola,Akola,Soyabean,Yellow,FAQ,2026-08-24,4492.05,4883.44,4654.73,285.8,sample,1,2026-10-08T22:44:27.502786
Maharashtra,Akola,Akola,Soyabean,Yellow,FAQ,2026-08-25,4520.4,4806.0,4629.65,126.6,sample,1,2026-10-08T22:44:27.502846
Maharashtra,Akola,Akola,Soyabean,Yellow,FAQ,2026-08-26,4468.67,4892.8,4647.96,379.7,sample,1,2026-10-08T22:44:27.502865
Maharashtra,Akola,Akola,Soyabean,Yellow,FAQ,2026-08-27,4497.47,4811.02,4649.63,210.6,sample,1,2026-10-08T22:44:27.502904
Maharashtra,Akola,Akola,Soyabean,Yellow,FAQ,2026-08-28,4512.67,4880.55,4626.55,450.5,sample,1,2026-10-08T22:44:27.502922
Maharashtra,Akola,Akola,Soyabean,Yellow,FAQ,2026-08-29,4379.63,4697.51,4548.75,133.7,sample,1,2026-10-08T22:44:27.502939
Maharashtra,Akola,Akola,Soyabean,Yellow,FAQ,2026-08-31,4467.27,4824.32,4573.67,134.8,sample,1,2026-10-08T22:44:27.502951
Maharashtra,Akola,Akola,Soyabean,Yellow,FAQ,2026-09-01,4470.05,4888.02,4637.1,42.2,sample,1,2026-10-08T22:44:27.502961
Maharashtra,Akola,Akola,Soyabean,Yellow,FAQ,2026-09-02,4466.85,4904.8,4646.67,494.1,sample,1,2026-10-08T22:44:27.502970
Maharashtra,Akola,Akola,Soyabean,Yellow,FAQ,2026-09-03,4545.14,4909.14,4724.53,425.4,sample,1,2026-10-08T22:44:27.502979
Maharashtra,Akola,Akola,Soyabean,Yellow,FAQ,2026-09-04,4619.38,4966.76,4746.54,445.7,sample,1,2026-10-08T22:44:27.502989
Maharashtra,Akola,Akola,Soyabean,Yellow,FAQ,2026-09-05,4609.29,4960.81,4752.35,437.3,sample,1,2026-10-08T22:44:27.502998
Maharashtra,Akola,Akola,Soyabean,Yellow,FAQ,2026-09-07,4548.64,4961.12,4732.72,165.4,sample,1,2026-10-08T22:44:27.503014
Maharashtra,Akola,Akola,Soyabean,Yellow,FAQ,2026-09-08,4546.66,4903.7,4713.79,230.3,sample,1,2026-10-08T22:44:27.503026
Maharashtra,Akola,Akola,Soyabean,Yellow,FAQ,2026-09-09,4521.49,4898.59,4700.0,316.1,sample,1,2026-10-08T22:44:27.503034
Maharashtra,Akola,Akola,Soyabean,Yellow,FAQ,2026-09-10,4625.31,4974.16,4786.7,360.2,sample,1,2026-10-08T22:44:27.503043
Maharashtra,Akola,Akola,Soyabean,Yellow,FAQ,2026-09-11,4603.29,4944.87,4728.36,93.0,sample,1,2026-10-08T22:44:27.503052
Maharashtra,Akola,Akola,Soyabean,Yellow,FAQ,2026-09-12,4561.28,4946.1,4747.48,124.3,sample,1,2026-10-08T22:44:27.503060
Maharashtra,Akola,Akola,Soyabean,Yellow,FAQ,2026-09-14,4574.22,4924.01,4702.3,468.1,sample,1,2026-10-08T22:44:27.503072
Maharashtra,Akola,Akola,Soyabean,Yellow,FAQ,2026-09-15,4648.13,4993.32,4788.97,171.0,sample,1,2026-10-08T22:44:27.503083
Maharashtra,Akola,Akola,Soyabean,Yellow,FAQ,2026-09-16,4653.43,5007.93,4769.18,446.7,sample,1,2026-10-08T22:44:27.503093
Maharashtra,Akola,Akola,Soyabean,Yellow,FAQ,2026-09-17,4569.03,4966.12,4759.55,269.1,sample,1,2026-10-08T22:44:27.503101
Maharashtra,Akola,Akola,Soyabean,Yellow,FAQ,2026-09-18,4703.21,5003.54,4850.42,145.2,sample,1,2026-10-08T22:44:27.503109
Maharashtra,Akola,Akola,Soyabean,Yellow,FAQ,2026-09-19,4759.24,5101.36,4939.22,390.8,sample,1,2026-10-08T22:44:27.503120
Maharashtra,Akola,Akola,Soyabean,Yellow,FAQ,2026-09-21,4779.21,5132.16,4939.59,105.7,sample,1,2026-10-08T22:44:27.503130
Maharashtra,Akola,Akola,Soyabean,Yellow,FAQ,2026-09-22,4742.97,5046.63,4901.7,469.5,sample,1,2026-10-08T22:44:27.503138
Maharashtra,Akola,Akola,Soyabean,Yellow,FAQ,2026-09-23,4772.4,5074.49,4896.34,301.6,sample,1,2026-10-08T22:44:27.503147
Maharashtra,Akola,Akola,Soyabean,Yellow,FAQ,2026-09-24,4672.41,5043.74,4862.78,477.2,sample,1,2026-10-08T22:44:27.503156
Maharashtra,Akola,Akola,Soyabean,Yellow,FAQ,2026-09-25,4766.33,5106.69,4889.39,220.0,sample,1,2026-10-08T22:44:27.503165
Maharashtra,Akola,Akola,Soyabean,Yellow,FAQ,2026-09-26,4745.63,5039.43,4864.41,69.3,sample,1,2026-10-08T22:44:27.503174
Maharashtra,Akola,Akola,Soyabean,Yellow,FAQ,2026-09-28,4704.57,5061.45,4868.79,440.8,sample,1,2026-10-08T22:44:27.503183
Maharashtra,Akola,Akola,Soyabean,Yellow,FAQ,2026-09-29,4775.18,5055.91,4886.42,283.1,sample,1,2026-10-08T22:44:27.503192
Maharashtra,Akola,Akola,Soyabean,Yellow,FAQ,2026-09-30,4666.47,5005.06,4858.25,355.0,sample,1,2026-10-08T22:44:27.503205
Maharashtra,Akola,Akola,Soyabean,Yellow,FAQ,2026-10-01,4702.67,5048.67,4844.56,324.5,sample,1,2026-10-08T22:44:27.503216
Maharashtra,Akola,Akola,Soyabean,Yellow,FAQ,2026-10-02,4745.83,5041.38,4884.16,87.7,sample,1,2026-10-08T22:44:27.503225
Maharashtra,Akola,Akola,Soyabean,Yellow,FAQ,2026-10-03,4832.35,5144.13,4958.38,298.8,sample,1,2026-10-08T22:44:27.503234
Maharashtra,Akola,Akola,Soyabean,Yellow,FAQ,2026-10-05,4858.36,5141.07,4974.13,329.0,sample,1,2026-10-08T22:44:27.503579
Maharashtra,Akola,Akola,Soyabean,Yellow,FAQ,2026-10-06,4743.66,5048.26,4899.39,338.5,sample,1,2026-10-08T22:44:27.503706
Maharashtra,Akola,Akola,Soyabean,Yellow,FAQ,2026-10-07,4808.11,5145.04,4971.14,323.4,sample,1,2026-10-08T22:44:27.503738
Maharashtra,Akola,Akola,Soyabean,Yellow,FAQ,2026-10-08,4764.09,5139.33,4909.56,354.1,sample,1,2026-10-08T22:44:27.503753
Maharashtra,Akola,Akola,Wheat,Lokwan,FAQ,2026-07-10,2567.39,2897.66,2722.52,462.9,sample,1,2026-10-08T22:44:27.503774
Maharashtra,Akola,Akola,Wheat,Lokwan,FAQ,2026-07-11,2613.41,2892.38,2708.44,205.7,sample,1,2026-10-08T22:44:27.503788
Maharashtra,Akola,Akola,Wheat,Lokwan,FAQ,2026-07-13,2635.39,2962.42,2731.94,499.6,sample,1,2026-10-08T22:44:27.503804
Maharashtra,Akola,Akola,Wheat,Lokwan,FAQ,2026-07-14,2612.89,2926.14,2760.39,49.6,sample,1,2026-10-08T22:44:27.503824
Maharashtra,Akola,Akola,Wheat,Lokwan,FAQ,2026-07-15,2647.01,2966.88,2764.13,289.1,sample,1,2026-10-08T22:44:27.503837
Maharashtra,Akola,Akola,Wheat,Lokwan,FAQ,2026-07-16,2649.48,2919.26,2749.82,426.5,sample,1,2026-10-08T22:44:27.503850
Maharashtra,Akola,Akola,Wheat,Lokwan,FAQ,2026-07-17,2599.07,2884.5,2713.39,377.4,sample,1,2026-10-08T22:44:27.503869
Maharashtra,Akola,Akola,Wheat,Lokwan,FAQ,2026-07-18,2646.35,2930.26,2762.31,207.2,sample,1,2026-10-08T22:44:27.503883
Maharashtra,Akola,Akola,Wheat,Lokwan,FAQ,2026-07-20,2613.52,2897.84,2749.6,139.8,sample,1,2026-10-08T22:44:27.503897
Maharashtra,Akola,Akola,Wheat,Lokwan,FAQ,2026-07-21,2673.77,2918.54,2771.52,441.9,sample,1,2026-10-08T22:44:27.503909
Maharashtra,Akola,Akola,Wheat,Lokwan,FAQ,2026-07-22,2602.38,2936.42,2751.21,391.4,sample,1,2026-10-08T22:44:27.503926
Maharashtra,Akola,Akola,Wheat,Lokwan,FAQ,2026-07-23,2608.02,2916.96,2721.41,138.2,sample,1,2026-10-08T22:44:27.503939
Maharashtra,Akola,Akola,Wheat,Lokwan,FAQ,2026-07-24,2598.94,2888.33,2729.9,423.1,sample,1,2026-10-08T22:44:27.503952
Maharashtra,Akola,Akola,Wheat,Lokwan,FAQ,2026-07-25,2599.94,2933.06,2739.71,63.4,sample,1,2026-10-08T22:44:27.503968
Maharashtra,Akola,Akola,Wheat,Lokwan,FAQ,2026-07-27,2650.93,2913.71,2746.21,278.1,sample,1,2026-10-08T22:44:27.503983
Maharashtra,Akola,Akola,Wheat,Lokwan,FAQ,2026-07-28,2679.92,2950.74,2776.9,359.2,sample,1,2026-10-08T22:44:27.503996
Maharashtra,Akola,Akola,Wheat,Lokwan,FAQ,2026-07-29,2643.42,2953.66,2747.1,299.1,sample,1,2026-10-08T22:44:27.504009
Maharashtra,Akola,Akola,Wheat,Lokwan,FAQ,2026-07-30,2675.87,2940.49,2771.09,399.7,sample,1,2026-10-08T22:44:27.504021
Maharashtra,Akola,Akola,Wheat,Lokwan,FAQ,2026-07-31,2660.08,2997.57,2777.82,100.1,sample,1,2026-10-08T22:44:27.504035
Maharashtra,Akola,Akola,Wheat,Lokwan,FAQ,2026-08-01,2649.24,2960.44,2800.29,469.2,sample,1,2026-10-08T22:44:27.504048
Maharashtra,Akola,Akola,Wheat,Lokwan,FAQ,2026-08-03,2619.18,2965.28,2766.25,402.0,sample,1,2026-10-08T22:44:27.504062
Maharashtra,Akola,Akola,Wheat,Lokwan,FAQ,2026-08-04,2648.33,2865.44,2738.5,436.6,sample,1,2026-10-08T22:44:27.504075
Maharashtra,Akola,Akola,Wheat,Lokwan,FAQ,2026-08-05,2678.27,3008.22,2784.83,133.4,sample,1,2026-10-08T22:44:27.504089
Maharashtra,Akola,Akola,Wheat,Lokwan,FAQ,2026-08-06,2703.67,2947.52,2798.51,426.7,sample,1,2026-10-08T22:44:27.504104
Maharashtra,Akola,Akola,Wheat,Lokwan,FAQ,2026-08-07,2633.89,2975.35,2759.9,258.5,sample,1,2026-10-08T22:44:27.504120
Maharashtra,Akola,Akola,Wheat,Lokwan,FAQ,2026-08-08,2665.79,2957.74,2800.45,86.7,sample,1,2026-10-08T22:44:27.504132
Maharashtra,Akola,Akola,Wheat,Lokwan,FAQ,2026-08-10,2652.75,2918.54,2747.7,284.9,sample,1,2026-10-08T22:44:27.504146
Maharashtra,Akola,Akola,Wheat,Lokwan,FAQ,2026-08-11,2598.42,2870.03,2726.94,294.1,sample,1,2026-10-08T22:44:27.504159
Maharashtra,Akola,Akola,Wheat,Lokwan,FAQ,2026-08-12,2523.69,2880.96,2657.37,489.0,sample,1,2026-10-08T22:44:27.504172
Maharashtra,Akola,Akola,Wheat,Lokwan,FAQ,2026-08-13,2543.29,2816.93,2675.09,244.7,sample,1,2026-10-08T22:44:27.504184
Maharashtra,Akola,Akola,Wheat,Lokwan,FAQ,2026-08-14,2567.39,2845.79,2678.82,118.4,sample,1,2026-10-08T22:44:27.504197
Maharashtra,Akola,Akola,Wheat,Lokwan,FAQ,2026-08-15,2582.95,2868.71,2668.39,416.3,sample,1,2026-10-08T22:44:27.504210
Maharashtra,Akola,Akola,Wheat,Lokwan,FAQ,2026-08-17,2604.96,2924.6,2702.05,486.3,sample,1,2026-10-08T22:44:27.504225
Maharashtra,Akola,Akola,Wheat,Lokwan,FAQ,2026-08-18,2537.85,2877.22,2690.01,447.4,sample,1,2026-10-08T22:44:27.504239
Maharashtra,Akola,Akola,Wheat,Lokwan,FAQ,2026-08-19,2655.55,2885.08,2744.51,178.0,sample,1,2026-10-08T22:44:27.504252
Maharashtra,Akola,Akola,Wheat,Lokwan,FAQ,2026-08-20,2627.96,2882.44,2740.3,496.7,sample,1,2026-10-08T22:44:27.504265
Maharashtra,Akola,Akola,Wheat,Lokwan,FAQ,2026-08-21,2596.52,2910.39,2749.75,367.2,sample,1,2026-10-08T22:44:27.504278
Maharashtra,Akola,Akola,Wheat,Lokwan,FAQ,2026-08-22,2561.01,2848.29,2713.32,317.3,sample,1,2026-10-08T22:44:27.504291
Maharashtra,Akola,Akola,Wheat,Lokwan,FAQ,2026-08-24,2567.86,2887.14,2716.02,117.8,sample,1,2026-10-08T22:44:27.504308
Maharashtra,Akola,Akola,Wheat,Lokwan,FAQ,2026-08-25,2567.66,2859.69,2712.95,168.9,sample,1,2026-10-08T22:44:27.504321
Maharashtra,Akola,Akola,Wheat,Lokwan,FAQ,2026-08-26,2539.88,2882.96,2659.13,63.9,sample,1,2026-10-08T22:44:27.504335
Maharashtra,Akola,Akola,Wheat,Lokwan,FAQ,2026-08-27,2554.86,2815.17,2656.05,246.5,sample,1,2026-10-08T22:44:27.504348
Maharashtra,Akola,Akola,Wheat,Lokwan,FAQ,2026-08-28,2515.69,2861.74,2653.69,250.7,sample,1,2026-10-08T22:44:27.504364
Maharashtra,Akola,Akola,Wheat,Lokwan,FAQ,2026-08-29,2571.16,2846.48,2660.94,100.1,sample,1,2026-10-08T22:44:27.504378
Maharashtra,Akola,Akola,Wheat,Lokwan,FAQ,2026-08-31,2562.65,2827.61,2699.54,215.1,sample,1,2026-10-08T22:44:27.504392
Maharashtra,Akola,Akola,Wheat,Lokwan,FAQ,2026-09-01,2547.67,2863.84,2696.8,56.6,sample,1,2026-10-08T22:44:27.504405
Maharashtra,Akola,Akola,Wheat,Lokwan,FAQ,2026-09-02,2572.59,2893.5,2680.76,432.7,sample,1,2026-10-08T22:44:27.504418
Maharashtra,Akola,Akola,Wheat,Lokwan,FAQ,2026-09-03,2509.19,2819.63,2649.65,197.4,sample,1,2026-10-08T22:44:27.504432
Maharashtra,Akola,Akola,Wheat,Lokwan,FAQ,2026-09-04,2567.7,2870.26,2691.47,162.7,sample,1,2026-10-08T22:44:27.504449
Maharashtra,Akola,Akola,Wheat,Lokwan,FAQ,2026-09-05,2530.15,2905.14,2679.91,79.0,sample,1,2026-10-08T22:44:27.504462
Maharashtra,Akola,Akola,Wheat,Lokwan,FAQ,2026-09-07,2551.28,2810.17,2671.91,412.9,sample,1,2026-10-08T22:44:27.504477
Maharashtra,Akola,Akola,Wheat,Lokwan,FAQ,2026-09-08,2514.33,2793.94,2656.38,74.2,sample,1,2026-10-08T22:44:27.504490
Maharashtra,Akola,Akola,Wheat,Lokwan,FAQ,2026-09-09,2508.74,2860.56,2650.44,437.3,sample,1,2026-10-08T22:44:27.504503
Maharashtra,Akola,Akola,Wheat,Lokwan,FAQ,2026-09-10,2580.55,2792.69,2665.24,411.2,sample,1,2026-10-08T22:44:27.504517
Maharashtra,Akola,Akola,Wheat,Lokwan,FAQ,2026-09-11,2597.48,2886.35,2692.73,440.8,sample,1,2026-10-08T22:44:27.504531
Maharashtra,Akola,Akola,Wheat,Lokwan,FAQ,2026-09-12,2552.68,2890.18,2669.85,401.6,sample,1,2026-10-08T22:44:27.504543
Maharashtra,Akola,Akola,Wheat,Lokwan,FAQ,2026-09-14,2548.69,2830.94,2683.39,383.2,sample,1,2026-10-08T22:44:27.504560
Maharashtra,Akola,Akola,Wheat,Lokwan,FAQ,2026-09-15,2604.25,2829.99,2694.09,477.6,sample,1,2026-10-08T22:44:27.504573
Maharashtra,Akola,Akola,Wheat,Lokwan,FAQ,2026-09-16,2639.87,2872.05,2740.65,76.5,sample,1,2026-10-08T22:44:27.504586
Maharashtra,Akola,Akola,Wheat,Lokwan,FAQ,2026-09-17,2634.62,2924.86,2741.69,259.0,sample,1,2026-10-08T22:44:27.504599
Maharashtra,Akola,Akola,Wheat,Lokwan,FAQ,2026-09-18,2638.17,2911.86,2765.76,172.5,sample,1,2026-10-08T22:44:27.504612
Maharashtra,Akola,Akola,Wheat,Lokwan,FAQ,2026-09-19,2702.06,3054.16,2834.74,68.2,sample,1,2026-10-08T22:44:27.504626
Maharashtra,Akola,Akola,Wheat,Lokwan,FAQ,2026-09-21,2734.46,2978.47,2831.12,106.2,sample,1,2026-10-08T22:44:27.504640
Maharashtra,Akola,Akola,Wheat,Lokwan,FAQ,2026-09-22,2706.13,3060.2,2829.15,362.0,sample,1,2026-10-08T22:44:27.504655
Maharashtra,Akola,Akola,Wheat,Lokwan,FAQ,2026-09-23,2724.33,2982.51,2821.8,496.3,sample,1,2026-10-08T22:44:27.504669
Maharashtra,Akola,Akola,Wheat,Lokwan,FAQ,2026-09-24,2712.53,3002.83,2808.22,312.5,sample,1,2026-10-08T22:44:27.504682
Maharashtra,Akola,Akola,Wheat,Lokwan,FAQ,2026-09-25,2676.39,2953.0,2780.94,419.3,sample,1,2026-10-08T22:44:27.504696
Maharashtra,Akola,Akola,Wheat,Lokwan,FAQ,2026-09-26,2624.24,2944.49,2761.19,341.2,sample,1,2026-10-08T22:44:27.504709
Maharashtra,Akola,Akola,Wheat,Lokwan,FAQ,2026-09-28,2640.48,2911.77,2778.79,68.9,sample,1,2026-10-08T22:44:27.504723
Maharashtra,Akola,Akola,Wheat,Lokwan,FAQ,2026-09-29,2664.29,2978.22,2773.07,325.1,sample,1,2026-10-08T22:44:27.504737
Maharashtra,Akola,Akola,Wheat,Lokwan,FAQ,2026-09-30,2636.59,2978.97,2775.63,45.5,sample,1,2026-10-08T22:44:27.504752
Maharashtra,Akola,Akola,Wheat,Lokwan,FAQ,2026-10-01,2626.96,2900.08,2764.55,310.5,sample,1,2026-10-08T22:44:27.504833
Maharashtra,Akola,Akola,Wheat,Lokwan,FAQ,2026-10-02,2650.77,2983.06,2783.81,70.3,sample,1,2026-10-08T22:44:27.504876
Maharashtra,Akola,Akola,Wheat,Lokwan,FAQ,2026-10-03,2666.84,2986.43,2769.74,247.4,sample,1,2026-10-08T22:44:27.504904
Maharashtra,Akola,Akola,Wheat,Lokwan,FAQ,2026-10-05,2646.87,2975.3,2766.85,184.2,sample,1,2026-10-08T22:44:27.504925
Maharashtra,Akola,Akola,Wheat,Lokwan,FAQ,2026-10-06,2580.99,2883.48,2736.93,310.1,sample,1,2026-10-08T22:44:27.504940
Maharashtra,Akola,Akola,Wheat,Lokwan,FAQ,2026-10-07,2642.09,2935.43,2759.57,464.8,sample,1,2026-10-08T22:44:27.504955
Maharashtra,Akola,Akola,Wheat,Lokwan,FAQ,2026-10-08,2619.82,2995.78,2764.77,253.3,sample,1,2026-10-08T22:44:27.504970
Maharashtra,Pune,Khed(Chakan),Onion,Red/Nasik,FAQ,2026-07-10,2148.62,2844.32,2384.19,233.0,sample,1,2026-10-08T22:44:27.505001
Maharashtra,Pune,Khed(Chakan),Onion,Red/Nasik,FAQ,2026-07-11,2135.07,2662.94,2349.48,185.7,sample,1,2026-10-08T22:44:27.505016
Maharashtra,Pune,Khed(Chakan),Onion,Red/Nasik,FAQ,2026-07-13,2137.68,2702.93,2419.58,404.0,sample,1,2026-10-08T22:44:27.505032
Maharashtra,Pune,Khed(Chakan),Onion,Red/Nasik,FAQ,2026-07-14,2081.94,2732.53,2411.06,312.8,sample,1,2026-10-08T22:44:27.505046
Maharashtra,Pune,Khed(Chakan),Onion,Red/Nasik,FAQ,2026-07-15,2136.08,2732.49,2416.51,195.2,sample,1,2026-10-08T22:44:27.505060
Maharashtra,Pune,Khed(Chakan),Onion,Red/Nasik,FAQ,2026-07-16,2219.21,2807.25,2433.11,179.6,sample,1,2026-10-08T22:44:27.505076
Maharashtra,Pune,Khed(Chakan),Onion,Red/Nasik,FAQ,2026-07-17,2238.11,2885.87,2489.1,372.9,sample,1,2026-10-08T22:44:27.505090
Maharashtra,Pune,Khed(Chakan),Onion,Red/Nasik,FAQ,2026-07-18,2176.2,2971.47,2464.11,113.5,sample,1,2026-10-08T22:44:27.505103
Maharashtra,Pune,Khed(Chakan),Onion,Red/Nasik,FAQ,2026-07-20,2092.07,2771.19,2475.13,188.7,sample,1,2026-10-08T22:44:27.505118
Maharashtra,Pune,Khed(Chakan),Onion,Red/Nasik,FAQ,2026-07-21,2169.18,2814.43,2464.99,148.2,sample,1,2026-10-08T22:44:27.505131
Maharashtra,Pune,Khed(Chakan),Onion,Red/Nasik,FAQ,2026-07-22,2258.36,2826.41,2543.3,181.7,sample,1,2026-10-08T22:44:27.505148
Maharashtra,Pune,Khed(Chakan),Onion,Red/Nasik,FAQ,2026-07-23,2263.14,2933.0,2501.69,354.7,sample,1,2026-10-08T22:44:27.505162
Maharashtra,Pune,Khed(Chakan),Onion,Red/Nasik,FAQ,2026-07-24,2237.31,2818.27,2470.61,373.4,sample,1,2026-10-08T22:44:27.505175
Maharashtra,Pune,Khed(Chakan),Onion,Red/Nasik,FAQ,2026-07-25,2119.8,2962.46,2475.08,210.0,sample,1,2026-10-08T22:44:27.505189
Maharashtra,Pune,Khed(Chakan),Onion,Red/Nasik,FAQ,2026-07-27,2195.6,2866.15,2486.07,136.3,sample,1,2026-10-08T22:44:27.505205
Maharashtra,Pune,Khed(Chakan),Onion,Red/Nasik,FAQ,2026-07-28,2206.71,2811.46,2475.43,441.1,sample,1,2026-10-08T22:44:27.505222
Maharashtra,Pune,Khed(Chakan),Onion,Red/Nasik,FAQ,2026-07-29,2041.01,2894.9,2426.07,295.3,sample,1,2026-10-08T22:44:27.505237
Maharashtra,Pune,Khed(Chakan),Onion,Red/Nasik,FAQ,2026-07-30,2210.61,2883.96,2524.51,129.4,sample,1,2026-10-08T22:44:27.505251
Maharashtra,Pune,Khed(Chakan),Onion,Red/Nasik,FAQ,2026-07-31,2222.14,3059.09,2546.02,145.3,sample,1,2026-10-08T22:44:27.505265
Maharashtra,Pune,Khed(Chakan),Onion,Red/Nasik,FAQ,2026-08-01,2250.58,2904.17,2567.29,417.0,sample,1,2026-10-08T22:44:27.505279
Maharashtra,Pune,Khed(Chakan),Onion,Red/Nasik,FAQ,2026-08-03,2286.26,2902.38,2499.75,84.0,sample,1,2026-10-08T22:44:27.505297
Maharashtra,Pune,Khed(Chakan),Onion,Red/Nasik,FAQ,2026-08-04,2150.77,2925.47,2495.8,77.4,sample,1,2026-10-08T22:44:27.505311
Maharashtra,Pune,Khed(Chakan),Onion,Red/Nasik,FAQ,2026-08-05,2049.83,2930.18,2420.19,162.4,sample,1,2026-10-08T22:44:27.505325
Maharashtra,Pune,Khed(Chakan),Onion,Red/Nasik,FAQ,2026-08-06,2129.13,2886.62,2420.04,404.0,sample,1,2026-10-08T22:44:27.505339
Maharashtra,Pune,Khed(Chakan),Onion,Red/Nasik,FAQ,2026-08-07,2048.88,2705.65,2411.48,153.4,sample,1,2026-10-08T22:44:27.505353
Maharashtra,Pune,Khed(Chakan),Onion,Red/Nasik,FAQ,2026-08-08,2111.37,2793.85,2435.32,419.4,sample,1,2026-10-08T22:44:27.505369
Maharashtra,Pune,Khed(Chakan),Onion,Red/Nasik,FAQ,2026-08-10,2143.52,2759.43,2402.62,493.2,sample,1,2026-10-08T22:44:27.505386
Maharashtra,Pune,Khed(Chakan),Onion,Red/Nasik,FAQ,2026-08-11,2083.7,2811.27,2402.56,419.1,sample,1,2026-10-08T22:44:27.505401
Maharashtra,Pune,Khed(Chakan),Onion,Red/Nasik,FAQ,2026-08-12,2005.3,2631.76,2322.87,377.4,sample,1,2026-10-08T22:44:27.505420
Maharashtra,Pune,Khed(Chakan),Onion,Red/Nasik,FAQ,2026-08-13,1881.55,2550.73,2223.94,407.5,sample,1,2026-10-08T22:44:27.505433
Maharashtra,Pune,Khed(Chakan),Onion,Red/Nasik,FAQ,2026-08-14,1925.69,2688.29,2211.83,45.0,sample,1,2026-10-08T22:44:27.505481
Maharashtra,Pune,Khed(Chakan),Onion,Red/Nasik,FAQ,2026-08-15,2047.86,2619.41,2304.84,51.6,sample,1,2026-10-08T22:44:27.505490
Maharashtra,Pune,Khed(Chakan),Onion,Red/Nasik,FAQ,2026-08-17,2033.31,2649.07,2257.48,458.5,sample,1,2026-10-08T22:44:27.505501
Maharashtra,Pune,Khed(Chakan),Onion,Red/Nasik,FAQ,2026-08-18,1955.95,2622.73,2192.52,295.4,sample,1,2026-10-08T22:44:27.505509
Maharashtra,Pune,Khed(Chakan),Onion,Red/Nasik,FAQ,2026-08-19,1900.45,2475.49,2129.84,166.9,sample,1,2026-10-08T22:44:27.505519
Maharashtra,Pune,Khed(Chakan),Onion,Red/Nasik,FAQ,2026-08-20,1756.35,2482.28,2093.48,114.9,sample,1,2026-10-08T22:44:27.505529
Maharashtra,Pune,Khed(Chakan),Onion,Red/Nasik,FAQ,2026-08-21,1959.92,2680.48,2192.22,294.2,sample,1,2026-10-08T22:44:27.505537
Maharashtra,Pune,Khed(Chakan),Onion,Red/Nasik,FAQ,2026-08-22,2013.56,2645.61,2289.95,371.4,sample,1,2026-10-08T22:44:27.505544
Maharashtra,Pune,Khed(Chakan),Onion,Red/Nasik,FAQ,2026-08-24,1899.17,2600.44,2225.51,190.2,sample,1,2026-10-08T22:44:27.505553
Maharashtra,Pune,Khed(Chakan),Onion,Red/Nasik,FAQ,2026-08-25,1848.94,2497.72,2209.43,170.1,sample,1,2026-10-08T22:44:27.505561
Maharashtra,Pune,Khed(Chakan),Onion,Red/Nasik,FAQ,2026-08-26,1787.57,2449.97,2156.56,369.9,sample,1,2026-10-08T22:44:27.505570
Maharashtra,Pune,Khed(Chakan),Onion,Red/Nasik,FAQ,2026-08-27,1906.01,2435.08,2139.75,71.2,sample,1,2026-10-08T22:44:27.505578
Maharashtra,Pune,Khed(Chakan),Onion,Red/Nasik,FAQ,2026-08-28,1805.8,2521.42,2185.02,387.1,sample,1,2026-10-08T22:44:27.505588
Maharashtra,Pune,Khed(Chakan),Onion,Red/Nasik,FAQ,2026-08-29,1857.3,2603.48,2242.32,229.8,sample,1,2026-10-08T22:44:27.505596
Maharashtra,Pune,Khed(Chakan),Onion,Red/Nasik,FAQ,2026-08-31,1939.4,2653.44,2247.52,335.2,sample,1,2026-10-08T22:44:27.505605
Maharashtra,Pune,Khed(Chakan),Onion,Red/Nasik,FAQ,2026-09-01,1912.63,2511.11,2193.91,418.5,sample,1,2026-10-08T22:44:27.505614
Maharashtra,Pune,Khed(Chakan),Onion,Red/Nasik,FAQ,2026-09-02,1991.94,2721.42,2222.68,159.9,sample,1,2026-10-08T22:44:27.505622
Maharashtra,Pune,Khed(Chakan),Onion,Red/Nasik,FAQ,2026-09-03,1925.33,2613.14,2178.4,296.5,sample,1,2026-10-08T22:44:27.505629
Maharashtra,Pune,Khed(Chakan),Onion,Red/Nasik,FAQ,2026-09-04,2026.91,2567.67,2277.5,140.7,sample,1,2026-10-08T22:44:27.505637
Maharashtra,Pune,Khed(Chakan),Onion,Red/Nasik,FAQ,2026-09-05,2059.9,2628.41,2311.78,440.4,sample,1,2026-10-08T22:44:27.505646
Maharashtra,Pune,Khed(Chakan),Onion,Red/Nasik,FAQ,2026-09-07,1922.96,2709.89,2269.03,48.9,sample,1,2026-10-08T22:44:27.505654
Maharashtra,Pune,Khed(Chakan),Onion,Red/Nasik,FAQ,2026-09-08,1924.62,2670.55,2272.42,348.0,sample,1,2026-10-08T22:44:27.505668
Maharashtra,Pune,Khed(Chakan),Onion,Red/Nasik,FAQ,2026-09-09,2037.97,2676.71,2255.19,136.1,sample,1,2026-10-08T22:44:27.505676
Maharashtra,Pune,Khed(Chakan),Onion,Red/Nasik,FAQ,2026-09-10,1884.81,2481.42,2199.7,362.8,sample,1,2026-10-08T22:44:27.505684
Maharashtra,Pune,Khed(Chakan),Onion,Red/Nasik,FAQ,2026-09-11,1793.22,2484.36,2164.96,137.9,sample,1,2026-10-08T22:44:27.505693
Maharashtra,Pune,Khed(Chakan),Onion,Red/Nasik,FAQ,2026-09-12,1843.7,2649.87,2150.22,382.4,sample,1,2026-10-08T22:44:27.505702
Maharashtra,Pune,Khed(Chakan),Onion,Red/Nasik,FAQ,2026-09-14,1845.25,2465.58,2147.21,132.7,sample,1,2026-10-08T22:44:27.505710
Maharashtra,Pune,Khed(Chakan),Onion,Red/Nasik,FAQ,2026-09-15,1899.98,2579.63,2219.35,190.4,sample,1,2026-10-08T22:44:27.505718
Maharashtra,Pune,Khed(Chakan),Onion,Red/Nasik,FAQ,2026-09-16,1962.38,2510.67,2223.75,317.5,sample,1,2026-10-08T22:44:27.505725
Maharashtra,Pune,Khed(Chakan),Onion,Red/Nasik,FAQ,2026-09-17,1927.45,2657.53,2254.7,226.6,sample,1,2026-10-08T22:44:27.505735
Maharashtra,Pune,Khed(Chakan),Onion,Red/Nasik,FAQ,2026-09-18,1909.94,2723.05,2264.77,442.1,sample,1,2026-10-08T22:44:27.505747
Maharashtra,Pune,Khed(Chakan),Onion,Red/Nasik,FAQ,2026-09-19,2035.88,2698.76,2281.91,383.7,sample,1,2026-10-08T22:44:27.505755
Maharashtra,Pune,Khed(Chakan),Onion,Red/Nasik,FAQ,2026-09-21,1952.49,2798.38,2322.09,206.0,sample,1,2026-10-08T22:44:27.505763
Maharashtra,Pune,Khed(Chakan),Onion,Red/Nasik,FAQ,2026-09-22,2038.25,2688.31,2258.04,300.7,sample,1,2026-10-08T22:44:27.505770
Maharashtra,Pune,Khed(Chakan),Onion,Red/Nasik,FAQ,2026-09-23,1988.64,2645.02,2290.64,139.6,sample,1,2026-10-08T22:44:27.505778
Maharashtra,Pune,Khed(Chakan),Onion,Red/Nasik,FAQ,2026-09-24,2025.21,2627.92,2267.78,269.8,sample,1,2026-10-08T22:44:27.505788
Maharashtra,Pune,Khed(Chakan),Onion,Red/Nasik,FAQ,2026-09-25,1963.99,2630.19,2256.41,386.8,sample,1,2026-10-08T22:44:27.505795
Maharashtra,Pune,Khed(Chakan),Onion,Red/Nasik,FAQ,2026-09-26,1806.48,2577.47,2182.23,314.5,sample,1,2026-10-08T22:44:27.505803
Maharashtra,Pune,Khed(Chakan),Onion,Red/Nasik,FAQ,2026-09-28,1832.0,2509.45,2210.81,89.3,sample,1,2026-10-08T22:44:27.505812
Maharashtra,Pune,Khed(Chakan),Onion,Red/Nasik,FAQ,2026-09-29,1936.01,2433.55,2146.06,63.0,sample,1,2026-10-08T22:44:27.505819
Maharashtra,Pune,Khed(Chakan),Onion,Red/Nasik,FAQ,2026-09-30,1985.69,2582.5,2195.69,375.2,sample,1,2026-10-08T22:44:27.505826
Maharashtra,Pune,Khed(Chakan),Onion,Red/Nasik,FAQ,2026-10-01,1822.7,2509.06,2205.72,209.3,sample,1,2026-10-08T22:44:27.505835
Maharashtra,Pune,Khed(Chakan),Onion,Red/Nasik,FAQ,2026-10-02,1787.89,2500.9,2131.42,168.8,sample,1,2026-10-08T22:44:27.505843
Maharashtra,Pune,Khed(Chakan),Onion,Red/Nasik,FAQ,2026-10-03,1708.71,2387.75,2036.36,56.1,sample,1,2026-10-08T22:44:27.505850
Maharashtra,Pune,Khed(Chakan),Onion,Red/Nasik,FAQ,2026-10-05,1779.44,2575.43,2071.69,492.3,sample,1,2026-10-08T22:44:27.505865
Maharashtra,Pune,Khed(Chakan),Onion,Red/Nasik,FAQ,2026-10-06,1729.43,2412.93,2104.05,332.9,sample,1,2026-10-08T22:44:27.505873
Maharashtra,Pune,Khed(Chakan),Onion,Red/Nasik,FAQ,2026-10-07,1832.17,2704.31,2200.62,120.3,sample,1,2026-10-08T22:44:27.505881
Maharashtra,Pune,Khed(Chakan),Onion,Red/Nasik,FAQ,2026-10-08,1951.19,2635.41,2181.46,249.4,sample,1,2026-10-08T22:44:27.505888
Maharashtra,Pune,Khed(Chakan),Potato,Jyoti,FAQ,2026-07-10,1858.0,2244.84,2030.78,299.1,sample,1,2026-10-08T22:44:27.505897
Maharashtra,Pune,Khed(Chakan),Potato,Jyoti,FAQ,2026-07-11,1845.85,2327.96,1993.44,139.1,sample,1,2026-10-08T22:44:27.505904
Maharashtra,Pune,Khed(Chakan),Potato,Jyoti,FAQ,2026-07-13,1821.55,2253.86,1966.01,254.2,sample,1,2026-10-08T22:44:27.505912
Maharashtra,Pune,Khed(Chakan),Potato,Jyoti,FAQ,2026-07-14,1826.66,2200.05,1987.66,452.8,sample,1,2026-10-08T22:44:27.505919
Maharashtra,Pune,Khed(Chakan),Potato,Jyoti,FAQ,2026-07-15,1693.55,2276.5,1938.72,370.7,sample,1,2026-10-08T22:44:27.505927
Maharashtra,Pune,Khed(Chakan),Potato,Jyoti,FAQ,2026-07-16,1703.18,2125.61,1867.5,348.8,sample,1,2026-10-08T22:44:27.505934
Maharashtra,Pune,Khed(Chakan),Potato,Jyoti,FAQ,2026-07-17,1672.86,2251.48,1895.62,498.1,sample,1,2026-10-08T22:44:27.505941
Maharashtra,Pune,Khed(Chakan),Potato,Jyoti,FAQ,2026-07-18,1749.87,2206.54,1895.16,434.2,sample,1,2026-10-08T22:44:27.505950
Maharashtra,Pune,Khed(Chakan),Potato,Jyoti,FAQ,2026-07-20,1614.03,2187.87,1849.07,381.6,sample,1,2026-10-08T22:44:27.505958
Maharashtra,Pune,Khed(Chakan),Potato,Jyoti,FAQ,2026-07-21,1662.0,2062.29,1836.38,209.0,sample,1,2026-10-08T22:44:27.505965
Maharashtra,Pune,Khed(Chakan),Potato,Jyoti,FAQ,2026-07-22,1678.14,2235.26,1862.93,374.1,sample,1,2026-10-08T22:44:27.505973
Maharashtra,Pune,Khed(Chakan),Potato,Jyoti,FAQ,2026-07-23,1624.76,2097.38,1829.65,334.1,sample,1,2026-10-08T22:44:27.505980
Maharashtra,Pune,Khed(Chakan),Potato,Jyoti,FAQ,2026-07-24,1614.55,2186.23,1799.2,393.0,sample,1,2026-10-08T22:44:27.505987
Maharashtra,Pune,Khed(Chakan),Potato,Jyoti,FAQ,2026-07-25,1676.46,2165.26,1834.18,449.1,sample,1,2026-10-08T22:44:27.505994
Maharashtra,Pune,Khed(Chakan),Potato,Jyoti,FAQ,2026-07-27,1570.48,2051.41,1825.85,156.5,sample,1,2026-10-08T22:44:27.506004
Maharashtra,Pune,Khed(Chakan),Potato,Jyoti,FAQ,2026-07-28,1645.54,2178.51,1802.06,336.9,sample,1,2026-10-08T22:44:27.506011
Maharashtra,Pune,Khed(Chakan),Potato,Jyoti,FAQ,2026-07-29,1548.32,2140.11,1769.96,198.0,sample,1,2026-10-08T22:44:27.506018
Maharashtra,Pune,Khed(Chakan),Potato,Jyoti,FAQ,2026-07-30,1544.03,2181.12,1794.23,106.7,sample,1,2026-10-08T22:44:27.506027
Maharashtra,Pune,Khed(Chakan),Potato,Jyoti,FAQ,2026-07-31,1547.66,2140.24,1777.04,303.9,sample,1,2026-10-08T22:44:27.506034
Maharashtra,Pune,Khed(Chakan),Potato,Jyoti,FAQ,2026-08-01,1571.97,2181.85,1829.24,419.4,sample,1,2026-10-08T22:44:27.506041
Maharashtra,Pune,Khed(Chakan),Potato,Jyoti,FAQ,2026-08-03,1539.75,2173.73,1785.44,290.2,sample,1,2026-10-08T22:44:27.506049
Maharashtra,Pune,Khed(Chakan),Potato,Jyoti,FAQ,2026-08-04,1632.83,2148.76,1835.18,157.2,sample,1,2026-10-08T22:44:27.506056
Maharashtra,Pune,Khed(Chakan),Potato,Jyoti,FAQ,2026-08-05,1534.72,2096.61,1763.49,402.4,sample,1,2026-10-08T22:44:27.506064
Maharashtra,Pune,Khed(Chakan),Potato,Jyoti,FAQ,2026-08-06,1550.06,2017.35,1748.76,424.8,sample,1,2026-10-08T22:44:27.506071
Maharashtra,Pune,Khed(Chakan),Potato,Jyoti,FAQ,2026-08-07,1500.49,2060.74,1703.26,140.8,sample,1,2026-10-08T22:44:27.506078
Maharashtra,Pune,Khed(Chakan),Potato,Jyoti,FAQ,2026-08-08,1594.25,2059.83,1776.39,385.7,sample,1,2026-10-08T22:44:27.506085
Maharashtra,Pune,Khed(Chakan),Potato,Jyoti,FAQ,2026-08-10,1631.91,2186.53,1826.35,451.8,sample,1,2026-10-08T22:44:27.506093
Maharashtra,Pune,Khed(Chakan),Potato,Jyoti,FAQ,2026-08-11,1702.97,2075.68,1865.57,405.1,sample,1,2026-10-08T22:44:27.506106
Maharashtra,Pune,Khed(Chakan),Potato,Jyoti,FAQ,2026-08-12,1697.76,2078.08,1855.08,477.1,sample,1,2026-10-08T22:44:27.506114
Maharashtra,Pune,Khed(Chakan),Potato,Jyoti,FAQ,2026-08-13,1692.33,2144.45,1861.35,419.6,sample,1,2026-10-08T22:44:27.506121
Maharashtra,Pune,Khed(Chakan),Potato,Jyoti,FAQ,2026-08-14,1614.81,2066.78,1852.55,54.3,sample,1,2026-10-08T22:44:27.506128
Maharashtra,Pune,Khed(Chakan),Potato,Jyoti,FAQ,2026-08-15,1700.78,2098.74,1855.31,397.0,sample,1,2026-10-08T22:44:27.506135
Maharashtra,Pune,Khed(Chakan),Potato,Jyoti,FAQ,2026-08-17,1632.04,2172.11,1886.16,204.5,sample,1,2026-10-08T22:44:27.506143
Maharashtra,Pune,Khed(Chakan),Potato,Jyoti,FAQ,2026-08-18,1714.59,2238.56,1902.95,178.1,sample,1,2026-10-08T22:44:27.506150
Maharashtra,Pune,Khed(Chakan),Potato,Jyoti,FAQ,2026-08-19,1697.66,2205.22,1889.08,260.1,sample,1,2026-10-08T22:44:27.506158
Maharashtra,Pune,Khed(Chakan),Potato,Jyoti,FAQ,2026-08-20,1695.86,2127.18,1909.64,266.0,sample,1,2026-10-08T22:44:27.506165
Maharashtra,Pune,Khed(Chakan),Potato,Jyoti,FAQ,2026-08-21,1800.05,2279.88,1943.77,436.1,sample,1,2026-10-08T22:44:27.506172
Maharashtra,Pune,Khed(Chakan),Potato,Jyoti,FAQ,2026-08-22,1766.07,2259.14,1952.12,85.1,sample,1,2026-10-08T22:44:27.506180
Maharashtra,Pune,Khed(Chakan),Potato,Jyoti,FAQ,2026-08-24,1753.55,2320.53,1935.68,265.5,sample,1,2026-10-08T22:44:27.506189
Maharashtra,Pune,Khed(Chakan),Potato,Jyoti,FAQ,2026-08-25,1749.99,2110.23,1893.27,264.2,sample,1,2026-10-08T22:44:27.506195
Maharashtra,Pune,Khed(Chakan),Potato,Jyoti,FAQ,2026-08-26,1725.83,2156.01,1931.08,373.2,sample,1,2026-10-08T22:44:27.506203
Maharashtra,Pune,Khed(Chakan),Potato,Jyoti,FAQ,2026-08-27,1686.01,2287.9,1911.88,249.2,sample,1,2026-10-08T22:44:27.506210
Maharashtra,Pune,Khed(Chakan),Potato,Jyoti,FAQ,2026-08-28,1657.55,2131.81,1915.63,182.5,sample,1,2026-10-08T22:44:27.506217
Maharashtra,Pune,Khed(Chakan),Potato,Jyoti,FAQ,2026-08-29,1660.07,2257.17,1893.33,139.6,sample,1,2026-10-08T22:44:27.506224
Maharashtra,Pune,Khed(Chakan),Potato,Jyoti,FAQ,2026-08-31,1738.49,2259.19,1893.9,399.2,sample,1,2026-10-08T22:44:27.506233
Maharashtra,Pune,Khed(Chakan),Potato,Jyoti,FAQ,2026-09-01,1649.13,2191.39,1901.39,271.0,sample,1,2026-10-08T22:44:27.506240
Maharashtra,Pune,Khed(Chakan),Potato,Jyoti,FAQ,2026-09-02,1666.59,2229.67,1853.17,340.7,sample,1,2026-10-08T22:44:27.506250
Maharashtra,Pune,Khed(Chakan),Potato,Jyoti,FAQ,2026-09-03,1726.57,2187.84,1872.42,361.2,sample,1,2026-10-08T22:44:27.506258
Maharashtra,Pune,Khed(Chakan),Potato,Jyoti,FAQ,2026-09-04,1627.73,2042.23,1802.94,173.5,sample,1,2026-10-08T22:44:27.506266
Maharashtra,Pune,Khed(Chakan),Potato,Jyoti,FAQ,2026-09-05,1636.74,2046.25,1816.51,111.2,sample,1,2026-10-08T22:44:27.506273
Maharashtra,Pune,Khed(Chakan),Potato,Jyoti,FAQ,2026-09-07,1639.01,2048.38,1837.36,396.8,sample,1,2026-10-08T22:44:27.506281
Maharashtra,Pune,Khed(Chakan),Potato,Jyoti,FAQ,2026-09-08,1588.28,2198.07,1825.1,395.3,sample,1,2026-10-08T22:44:27.506288
Maharashtra,Pune,Khed(Chakan),Potato,Jyoti,FAQ,2026-09-09,1673.93,2187.69,1854.74,428.9,sample,1,2026-10-08T22:44:27.506295
Maharashtra,Pune,Khed(Chakan),Potato,Jyoti,FAQ,2026-09-10,1700.1,2157.59,1867.55,362.4,sample,1,2026-10-08T22:44:27.506302
Maharashtra,Pune,Khed(Chakan),Potato,Jyoti,FAQ,2026-09-11,1730.74,2230.7,1887.44,475.5,sample,1,2026-10-08T22:44:27.506310
Maharashtra,Pune,Khed(Chakan),Potato,Jyoti,FAQ,2026-09-12,1676.5,2172.89,1884.03,208.7,sample,1,2026-10-08T22:44:27.506317
Maharashtra,Pune,Khed(Chakan),Potato,Jyoti,FAQ,2026-09-14,1684.06,2221.97,1887.08,332.0,sample,1,2026-10-08T22:44:27.506325
Maharashtra,Pune,Khed(Chakan),Potato,Jyoti,FAQ,2026-09-15,1732.7,2180.72,1885.46,168.3,sample,1,2026-10-08T22:44:27.506333
Maharashtra,Pune,Khed(Chakan),Potato,Jyoti,FAQ,2026-09-16,1708.55,2113.67,1856.37,476.4,sample,1,2026-10-08T22:44:27.506340
Maharashtra,Pune,Khed(Chakan),Potato,Jyoti,FAQ,2026-09-17,1667.22,2132.38,1850.14,462.9,sample,1,2026-10-08T22:44:27.506349
Maharashtra,Pune,Khed(Chakan),Potato,Jyoti,FAQ,2026-09-18,1762.11,2155.79,1916.63,302.4,sample,1,2026-10-08T22:44:27.506356
Maharashtra,Pune,Khed(Chakan),Potato,Jyoti,FAQ,2026-09-19,1660.98,2171.04,1880.74,498.4,sample,1,2026-10-08T22:44:27.506364
Maharashtra,Pune,Khed(Chakan),Potato,Jyoti,FAQ,2026-09-21,1719.05,2219.27,1867.07,125.3,sample,1,2026-10-08T22:44:27.506372
Maharashtra,Pune,Khed(Chakan),Potato,Jyoti,FAQ,2026-09-22,1703.16,2203.49,1892.75,146.8,sample,1,2026-10-08T22:44:27.506379
Maharashtra,Pune,Khed(Chakan),Potato,Jyoti,FAQ,2026-09-23,1684.68,2120.87,1908.86,67.6,sample,1,2026-10-08T22:44:27.506387
Maharashtra,Pune,Khed(Chakan),Potato,Jyoti,FAQ,2026-09-24,1693.31,2158.18,1927.88,346.3,sample,1,2026-10-08T22:44:27.506393
Maharashtra,Pune,Khed(Chakan),Potato,Jyoti,FAQ,2026-09-25,1681.33,2161.65,1926.98,463.5,sample,1,2026-10-08T22:44:27.506401
Maharashtra,Pune,Khed(Chakan),Potato,Jyoti,FAQ,2026-09-26,1684.47,2281.96,1927.74,126.8,sample,1,2026-10-08T22:44:27.506410
Maharashtra,Pune,Khed(Chakan),Potato,Jyoti,FAQ,2026-09-28,1739.51,2171.21,1891.4,331.4,sample,1,2026-10-08T22:44:27.506418
Maharashtra,Pune,Khed(Chakan),Potato,Jyoti,FAQ,2026-09-29,1697.67,2257.34,1902.64,107.2,sample,1,2026-10-08T22:44:27.506425
Maharashtra,Pune,Khed(Chakan),Potato,Jyoti,FAQ,2026-09-30,1692.86,2158.44,1936.2,276.2,sample,1,2026-10-08T22:44:27.506432
Maharashtra,Pune,Khed(Chakan),Potato,Jyoti,FAQ,2026-10-01,1710.33,2280.72,1968.81,153.7,sample,1,2026-10-08T22:44:27.506439
Maharashtra,Pune,Khed(Chakan),Potato,Jyoti,FAQ,2026-10-02,1787.9,2221.87,1971.31,160.7,sample,1,2026-10-08T22:44:27.506447
Maharashtra,Pune,Khed(Chakan),Potato,Jyoti,FAQ,2026-10-03,1758.12,2193.02,1905.28,440.5,sample,1,2026-10-08T22:44:27.506454
Maharashtra,Pune,Khed(Chakan),Potato,Jyoti,FAQ,2026-10-05,1690.5,2288.64,1911.1,219.8,sample,1,2026-10-08T22:44:27.506475
Maharashtra,Pune,Khed(Chakan),Potato,Jyoti,FAQ,2026-10-06,1694.14,2272.96,1906.91,384.4,sample,1,2026-10-08T22:44:27.506483
Maharashtra,Pune,Khed(Chakan),Potato,Jyoti,FAQ,2026-10-07,1709.89,2314.72,1944.75,337.2,sample,1,2026-10-08T22:44:27.506491
Maharashtra,Pune,Khed(Chakan),Potato,Jyoti,FAQ,2026-10-08,1751.05,2220.01,1981.7,315.5,sample,1,2026-10-08T22:44:27.506501
Maharashtra,Pune,Khed(Chakan),Tomato,Hybrid,FAQ,2026-07-10,1567.82,2059.22,1807.73,70.5,sample,1,2026-10-08T22:44:27.506511
Maharashtra,Pune,Khed(Chakan),Tomato,Hybrid,FAQ,2026-07-11,1755.57,2375.55,1943.3,107.0,sample,1,2026-10-08T22:44:27.506518
Maharashtra,Pune,Khed(Chakan),Tomato,Hybrid,FAQ,2026-07-13,1655.69,2232.23,1889.68,411.1,sample,1,2026-10-08T22:44:27.506526
Maharashtra,Pune,Khed(Chakan),Tomato,Hybrid,FAQ,2026-07-14,1514.99,2136.29,1827.56,286.2,sample,1,2026-10-08T22:44:27.506534
Maharashtra,Pune,Khed(Chakan),Tomato,Hybrid,FAQ,2026-07-15,1478.94,2148.61,1796.21,217.6,sample,1,2026-10-08T22:44:27.506541
Maharashtra,Pune,Khed(Chakan),Tomato,Hybrid,FAQ,2026-07-16,1553.5,2248.74,1859.17,359.8,sample,1,2026-10-08T22:44:27.506548
Maharashtra,Pune,Khed(Chakan),Tomato,Hybrid,FAQ,2026-07-17,1680.76,2320.45,1954.91,255.9,sample,1,2026-10-08T22:44:27.506555
Maharashtra,Pune,Khed(Chakan),Tomato,Hybrid,FAQ,2026-07-18,1710.06,2246.54,1898.71,197.5,sample,1,2026-10-08T22:44:27.506562
Maharashtra,Pune,Khed(Chakan),Tomato,Hybrid,FAQ,2026-07-20,1570.66,2084.72,1783.4,164.8,sample,1,2026-10-08T22:44:27.506571
Maharashtra,Pune,Khed(Chakan),Tomato,Hybrid,FAQ,2026-07-21,1555.84,2127.02,1774.18,184.0,sample,1,2026-10-08T22:44:27.506579
Maharashtra,Pune,Khed(Chakan),Tomato,Hybrid,FAQ,2026-07-22,1662.35,2240.44,1922.25,180.9,sample,1,2026-10-08T22:44:27.506586
Maharashtra,Pune,Khed(Chakan),Tomato,Hybrid,FAQ,2026-07-23,1521.96,2174.53,1820.82,229.3,sample,1,2026-10-08T22:44:27.506593
Maharashtra,Pune,Khed(Chakan),Tomato,Hybrid,FAQ,2026-07-24,1540.58,2220.8,1814.45,449.7,sample,1,2026-10-08T22:44:27.506601
Maharashtra,Pune,Khed(Chakan),Tomato,Hybrid,FAQ,2026-07-25,1703.53,2306.1,1899.42,175.7,sample,1,2026-10-08T22:44:27.506609
Maharashtra,Pune,Khed(Chakan),Tomato,Hybrid,FAQ,2026-07-27,1610.86,2179.72,1867.28,407.1,sample,1,2026-10-08T22:44:27.506617
Maharashtra,Pune,Khed(Chakan),Tomato,Hybrid,FAQ,2026-07-28,1533.72,2077.4,1795.98,373.3,sample,1,2026-10-08T22:44:27.506624
Maharashtra,Pune,Khed(Chakan),Tomato,Hybrid,FAQ,2026-07-29,1673.61,2290.36,1879.47,422.0,sample,1,2026-10-08T22:44:27.506631
Maharashtra,Pune,Khed(Chakan),Tomato,Hybrid,FAQ,2026-07-30,1594.91,2178.34,1797.37,268.6,sample,1,2026-10-08T22:44:27.506639
Maharashtra,Pune,Khed(Chakan),Tomato,Hybrid,FAQ,2026-07-31,1586.42,2166.35,1802.03,287.2,sample,1,2026-10-08T22:44:27.506648
Maharashtra,Pune,Khed(Chakan),Tomato,Hybrid,FAQ,2026-08-01,1699.02,2268.23,1895.97,156.2,sample,1,2026-10-08T22:44:27.506660
Maharashtra,Pune,Khed(Chakan),Tomato,Hybrid,FAQ,2026-08-03,1713.88,2282.15,2036.46,126.9,sample,1,2026-10-08T22:44:27.506668
Maharashtra,Pune,Khed(Chakan),Tomato,Hybrid,FAQ,2026-08-04,1680.92,2435.88,1996.04,249.2,sample,1,2026-10-08T22:44:27.506675
Maharashtra,Pune,Khed(Chakan),Tomato,Hybrid,FAQ,2026-08-05,1877.4,2458.13,2093.96,131.6,sample,1,2026-10-08T22:44:27.506683
Maharashtra,Pune,Khed(Chakan),Tomato,Hybrid,FAQ,2026-08-06,1892.53,2410.0,2075.18,491.6,sample,1,2026-10-08T22:44:27.506690
Maharashtra,Pune,Khed(Chakan),Tomato,Hybrid,FAQ,2026-08-07,1755.21,2258.32,1988.24,123.3,sample,1,2026-10-08T22:44:27.506697
Maharashtra,Pune,Khed(Chakan),Tomato,Hybrid,FAQ,2026-08-08,1700.35,2342.82,1929.55,65.1,sample,1,2026-10-08T22:44:27.506704
Maharashtra,Pune,Khed(Chakan),Tomato,Hybrid,FAQ,2026-08-10,1704.77,2263.41,1962.04,400.6,sample,1,2026-10-08T22:44:27.506712
Maharashtra,Pune,Khed(Chakan),Tomato,Hybrid,FAQ,2026-08-11,1589.25,2292.32,1903.11,134.3,sample,1,2026-10-08T22:44:27.506719
Maharashtra,Pune,Khed(Chakan),Tomato,Hybrid,FAQ,2026-08-12,1803.72,2296.1,1980.2,327.2,sample,1,2026-10-08T22:44:27.506727
Maharashtra,Pune,Khed(Chakan),Tomato,Hybrid,FAQ,2026-08-13,1691.33,2243.17,1907.91,146.0,sample,1,2026-10-08T22:44:27.506735
Maharashtra,Pune,Khed(Chakan),Tomato,Hybrid,FAQ,2026-08-14,1612.92,2188.98,1827.93,426.8,sample,1,2026-10-08T22:44:27.506743
Maharashtra,Pune,Khed(Chakan),Tomato,Hybrid,FAQ,2026-08-15,1560.37,2119.41,1758.13,185.7,sample,1,2026-10-08T22:44:27.506751
Maharashtra,Pune,Khed(Chakan),Tomato,Hybrid,FAQ,2026-08-17,1490.7,2077.13,1789.47,323.5,sample,1,2026-10-08T22:44:27.506759
Maharashtra,Pune,Khed(Chakan),Tomato,Hybrid,FAQ,2026-08-18,1616.06,2198.38,1934.23,380.6,sample,1,2026-10-08T22:44:27.506767
Maharashtra,Pune,Khed(Chakan),Tomato,Hybrid,FAQ,2026-08-19,1744.44,2257.47,1992.38,428.9,sample,1,2026-10-08T22:44:27.506774
Maharashtra,Pune,Khed(Chakan),Tomato,Hybrid,FAQ,2026-08-20,1768.14,2317.79,1976.29,116.2,sample,1,2026-10-08T22:44:27.506781
Maharashtra,Pune,Khed(Chakan),Tomato,Hybrid,FAQ,2026-08-21,1804.45,2290.7,1995.56,181.9,sample,1,2026-10-08T22:44:27.506789
Maharashtra,Pune,Khed(Chakan),Tomato,Hybrid,FAQ,2026-08-22,1775.89,2408.78,2037.84,217.9,sample,1,2026-10-08T22:44:27.506796
Maharashtra,Pune,Khed(Chakan),Tomato,Hybrid,FAQ,2026-08-24,1849.04,2430.95,2036.34,243.6,sample,1,2026-10-08T22:44:27.506804
Maharashtra,Pune,Khed(Chakan),Tomato,Hybrid,FAQ,2026-08-25,1776.48,2388.09,2062.35,322.9,sample,1,2026-10-08T22:44:27.506813
Maharashtra,Pune,Khed(Chakan),Tomato,Hybrid,FAQ,2026-08-26,1762.6,2408.54,1978.36,266.1,sample,1,2026-10-08T22:44:27.506820
Maharashtra,Pune,Khed(Chakan),Tomato,Hybrid,FAQ,2026-08-27,1746.3,2394.77,2039.74,188.2,sample,1,2026-10-08T22:44:27.506827
Maharashtra,Pune,Khed(Chakan),Tomato,Hybrid,FAQ,2026-08-28,1618.4,2291.51,1919.13,211.6,sample,1,2026-10-08T22:44:27.506834
Maharashtra,Pune,Khed(Chakan),Tomato,Hybrid,FAQ,2026-08-29,1635.33,2287.05,1915.85,361.5,sample,1,2026-10-08T22:44:27.506841
Maharashtra,Pune,Khed(Chakan),Tomato,Hybrid,FAQ,2026-08-31,1604.69,2121.74,1810.76,226.3,sample,1,2026-10-08T22:44:27.506849
Maharashtra,Pune,Khed(Chakan),Tomato,Hybrid,FAQ,2026-09-01,1697.88,2216.23,1910.19,146.2,sample,1,2026-10-08T22:44:27.506857
Maharashtra,Pune,Khed(Chakan),Tomato,Hybrid,FAQ,2026-09-02,1655.29,2275.34,1833.93,152.3,sample,1,2026-10-08T22:44:27.506865
Maharashtra,Pune,Khed(Chakan),Tomato,Hybrid,FAQ,2026-09-03,1501.43,2121.04,1781.07,408.0,sample,1,2026-10-08T22:44:27.506872
Maharashtra,Pune,Khed(Chakan),Tomato,Hybrid,FAQ,2026-09-04,1495.48,2075.73,1727.63,373.1,sample,1,2026-10-08T22:44:27.506880
Maharashtra,Pune,Khed(Chakan),Tomato,Hybrid,FAQ,2026-09-05,1469.2,2044.37,1780.58,157.3,sample,1,2026-10-08T22:44:27.506888
Maharashtra,Pune,Khed(Chakan),Tomato,Hybrid,FAQ,2026-09-07,1469.26,2139.31,1793.82,117.5,sample,1,2026-10-08T22:44:27.506896
Maharashtra,Pune,Khed(Chakan),Tomato,Hybrid,FAQ,2026-09-08,1568.84,2252.34,1871.89,315.6,sample,1,2026-10-08T22:44:27.506903
Maharashtra,Pune,Khed(Chakan),Tomato,Hybrid,FAQ,2026-09-09,1605.51,2248.94,1927.38,389.9,sample,1,2026-10-08T22:44:27.506911
Maharashtra,Pune,Khed(Chakan),Tomato,Hybrid,FAQ,2026-09-10,1590.71,2216.54,1779.21,82.5,sample,1,2026-10-08T22:44:27.506918
Maharashtra,Pune,Khed(Chakan),Tomato,Hybrid,FAQ,2026-09-11,1586.72,2214.33,1773.61,248.4,sample,1,2026-10-08T22:44:27.506925
Maharashtra,Pune,Khed(Chakan),Tomato,Hybrid,FAQ,2026-09-12,1533.82,2178.08,1752.79,168.1,sample,1,2026-10-08T22:44:27.506932
Maharashtra,Pune,Khed(Chakan),Tomato,Hybrid,FAQ,2026-09-14,1585.26,2161.31,1807.0,146.6,sample,1,2026-10-08T22:44:27.506941
Maharashtra,Pune,Khed(Chakan),Tomato,Hybrid,FAQ,2026-09-15,1590.73,2035.52,1779.57,341.1,sample,1,2026-10-08T22:44:27.506948
Maharashtra,Pune,Khed(Chakan),Tomato,Hybrid,FAQ,2026-09-16,1508.75,2106.93,1824.98,292.1,sample,1,2026-10-08T22:44:27.506955
Maharashtra,Pune,Khed(Chakan),Tomato,Hybrid,FAQ,2026-09-17,1315.6,2064.83,1631.9,148.7,sample,1,2026-10-08T22:44:27.506964
Maharashtra,Pune,Khed(Chakan),Tomato,Hybrid,FAQ,2026-09-18,1379.14,1920.17,1661.02,86.7,sample,1,2026-10-08T22:44:27.506971
Maharashtra,Pune,Khed(Chakan),Tomato,Hybrid,FAQ,2026-09-19,1323.06,1903.18,1620.65,97.1,sample,1,2026-10-08T22:44:27.506978
Maharashtra,Pune,Khed(Chakan),Tomato,Hybrid,FAQ,2026-09-21,1216.54,1777.09,1500.02,468.8,sample,1,2026-10-08T22:44:27.506986
Maharashtra,Pune,Khed(Chakan),Tomato,Hybrid,FAQ,2026-09-22,1336.73,1795.42,1548.58,433.5,sample,1,2026-10-08T22:44:27.506994
Maharashtra,Pune,Khed(Chakan),Tomato,Hybrid,FAQ,2026-09-23,1394.89,1923.95,1573.0,66.2,sample,1,2026-10-08T22:44:27.507002
Maharashtra,Pune,Khed(Chakan),Tomato,Hybrid,FAQ,2026-09-24,1295.62,1746.01,1490.86,111.7,sample,1,2026-10-08T22:44:27.507009
Maharashtra,Pune,Khed(Chakan),Tomato,Hybrid,FAQ,2026-09-25,1315.43,1981.08,1615.57,168.5,sample,1,2026-10-08T22:44:27.507016
Maharashtra,Pune,Khed(Chakan),Tomato,Hybrid,FAQ,2026-09-26,1532.48,2026.13,1744.35,90.5,sample,1,2026-10-08T22:44:27.507024
Maharashtra,Pune,Khed(Chakan),Tomato,Hybrid,FAQ,2026-09-28,1462.24,2009.51,1750.42,213.6,sample,1,2026-10-08T22:44:27.507033
Maharashtra,Pune,Khed(Chakan),Tomato,Hybrid,FAQ,2026-09-29,1694.18,2211.03,1869.27,407.5,sample,1,2026-10-08T22:44:27.507042
Maharashtra,Pune,Khed(Chakan),Tomato,Hybrid,FAQ,2026-09-30,1576.31,2162.35,1832.53,281.5,sample,1,2026-10-08T22:44:27.507049
Maharashtra,Pune,Khed(Chakan),Tomato,Hybrid,FAQ,2026-10-01,1441.55,2203.96,1760.87,202.8,sample,1,2026-10-08T22:44:27.507056
Maharashtra,Pune,Khed(Chakan),Tomato,Hybrid,FAQ,2026-10-02,1377.05,2067.29,1664.45,280.8,sample,1,2026-10-08T22:44:27.507064
Maharashtra,Pune,Khed(Chakan),Tomato,Hybrid,FAQ,2026-10-03,1358.69,1945.5,1594.84,269.9,sample,1,2026-10-08T22:44:27.507071
Maharashtra,Pune,Khed(Chakan),Tomato,Hybrid,FAQ,2026-10-05,1360.53,1947.68,1625.5,177.3,sample,1,2026-10-08T22:44:27.507079
Maharashtra,Pune,Khed(Chakan),Tomato,Hybrid,FAQ,2026-10-06,1319.3,1916.57,1584.96,212.9,sample,1,2026-10-08T22:44:27.507086
Maharashtra,Pune,Khed(Chakan),Tomato,Hybrid,FAQ,2026-10-07,1344.17,1797.35,1548.98,240.3,sample,1,2026-10-08T22:44:27.507095
Maharashtra,Pune,Khed(Chakan),Tomato,Hybrid,FAQ,2026-10-08,1342.35,1889.03,1613.12,438.0,sample,1,2026-10-08T22:44:27.507102
Maharashtra,Pune,Manchar,Onion,Red/Nasik,FAQ,2026-07-10,2014.12,2693.42,2340.95,152.5,sample,1,2026-10-08T22:44:27.507113
Maharashtra,Pune,Manchar,Onion,Red/Nasik,FAQ,2026-07-11,2046.47,2593.92,2259.42,242.0,sample,1,2026-10-08T22:44:27.507121
Maharashtra,Pune,Manchar,Onion,Red/Nasik,FAQ,2026-07-13,1912.87,2698.38,2206.61,253.1,sample,1,2026-10-08T22:44:27.507130
Maharashtra,Pune,Manchar,Onion,Red/Nasik,FAQ,2026-07-14,1932.09,2509.25,2216.93,476.0,sample,1,2026-10-08T22:44:27.507137
Maharashtra,Pune,Manchar,Onion,Red/Nasik,FAQ,2026-07-15,2049.19,2605.12,2312.37,253.9,sample,1,2026-10-08T22:44:27.507144
Maharashtra,Pune,Manchar,Onion,Red/Nasik,FAQ,2026-07-16,1964.97,2681.37,2244.55,239.4,sample,1,2026-10-08T22:44:27.507151
Maharashtra,Pune,Manchar,Onion,Red/Nasik,FAQ,2026-07-17,1907.89,2604.66,2210.15,469.6,sample,1,2026-10-08T22:44:27.507159
Maharashtra,Pune,Manchar,Onion,Red/Nasik,FAQ,2026-07-18,1822.2,2583.62,2188.55,202.1,sample,1,2026-10-08T22:44:27.507166
Maharashtra,Pune,Manchar,Onion,Red/Nasik,FAQ,2026-07-20,1994.52,2752.49,2234.39,107.1,sample,1,2026-10-08T22:44:27.507174
Maharashtra,Pune,Manchar,Onion,Red/Nasik,FAQ,2026-07-21,2006.56,2689.27,2344.56,51.4,sample,1,2026-10-08T22:44:27.507181
Maharashtra,Pune,Manchar,Onion,Red/Nasik,FAQ,2026-07-22,2140.84,2732.01,2355.19,407.3,sample,1,2026-10-08T22:44:27.507188
Maharashtra,Pune,Manchar,Onion,Red/Nasik,FAQ,2026-07-23,2120.08,2842.16,2412.93,171.1,sample,1,2026-10-08T22:44:27.507199
Maharashtra,Pune,Manchar,Onion,Red/Nasik,FAQ,2026-07-24,2233.35,2850.76,2465.54,264.3,sample,1,2026-10-08T22:44:27.507206
Maharashtra,Pune,Manchar,Onion,Red/Nasik,FAQ,2026-07-25,2129.77,2765.91,2477.23,398.5,sample,1,2026-10-08T22:44:27.507214
Maharashtra,Pune,Manchar,Onion,Red/Nasik,FAQ,2026-07-27,2238.62,2973.08,2460.73,469.2,sample,1,2026-10-08T22:44:27.507222
Maharashtra,Pune,Manchar,Onion,Red/Nasik,FAQ,2026-07-28,2111.61,2828.19,2389.64,242.3,sample,1,2026-10-08T22:44:27.507229
Maharashtra,Pune,Manchar,Onion,Red/Nasik,FAQ,2026-07-29,2143.79,2878.99,2379.39,82.9,sample,1,2026-10-08T22:44:27.507236
Maharashtra,Pune,Manchar,Onion,Red/Nasik,FAQ,2026-07-30,2058.49,2712.25,2337.59,59.3,sample,1,2026-10-08T22:44:27.507245
Maharashtra,Pune,Manchar,Onion,Red/Nasik,FAQ,2026-07-31,2051.27,2712.91,2296.28,232.1,sample,1,2026-10-08T22:44:27.507252
Maharashtra,Pune,Manchar,Onion,Red/Nasik,FAQ,2026-08-01,2055.9,2730.97,2414.57,291.6,sample,1,2026-10-08T22:44:27.507259
Maharashtra,Pune,Manchar,Onion,Red/Nasik,FAQ,2026-08-03,2196.14,2702.13,2406.24,435.1,sample,1,2026-10-08T22:44:27.507267
Maharashtra,Pune,Manchar,Onion,Red/Nasik,FAQ,2026-08-04,2255.39,2909.02,2513.18,70.4,sample,1,2026-10-08T22:44:27.507276
Maharashtra,Pune,Manchar,Onion,Red/Nasik,FAQ,2026-08-05,1988.88,2763.79,2365.35,76.8,sample,1,2026-10-08T22:44:27.507283
Maharashtra,Pune,Manchar,Onion,Red/Nasik,FAQ,2026-08-06,2098.24,2886.83,2390.97,323.7,sample,1,2026-10-08T22:44:27.507290
Maharashtra,Pune,Manchar,Onion,Red/Nasik,FAQ,2026-08-07,2102.09,2826.05,2484.11,296.9,sample,1,2026-10-08T22:44:27.507297
Maharashtra,Pune,Manchar,Onion,Red/Nasik,FAQ,2026-08-08,2093.31,2938.81,2463.36,192.1,sample,1,2026-10-08T22:44:27.507304
Maharashtra,Pune,Manchar,Onion,Red/Nasik,FAQ,2026-08-10,2094.84,2905.53,2425.04,311.3,sample,1,2026-10-08T22:44:27.507312
Maharashtra,Pune,Manchar,Onion,Red/Nasik,FAQ,2026-08-11,2034.29,2840.65,2367.16,398.0,sample,1,2026-10-08T22:44:27.507319
Maharashtra,Pune,Manchar,Onion,Red/Nasik,FAQ,2026-08-12,2079.42,2712.85,2367.52,472.4,sample,1,2026-10-08T22:44:27.507327
Maharashtra,Pune,Manchar,Onion,Red/Nasik,FAQ,2026-08-13,2192.85,2970.41,2456.95,496.0,sample,1,2026-10-08T22:44:27.507334
Maharashtra,Pune,Manchar,Onion,Red/Nasik,FAQ,2026-08-14,2159.28,2855.41,2513.58,419.1,sample,1,2026-10-08T22:44:27.507341
Maharashtra,Pune,Manchar,Onion,Red/Nasik,FAQ,2026-08-15,2215.2,3007.78,2525.1,140.7,sample,1,2026-10-08T22:44:27.507351
Maharashtra,Pune,Manchar,Onion,Red/Nasik,FAQ,2026-08-17,2331.02,2872.27,2568.61,289.4,sample,1,2026-10-08T22:44:27.507358
Maharashtra,Pune,Manchar,Onion,Red/Nasik,FAQ,2026-08-18,2265.65,2999.2,2540.99,232.9,sample,1,2026-10-08T22:44:27.507366
Maharashtra,Pune,Manchar,Onion,Red/Nasik,FAQ,2026-08-19,2280.65,2915.37,2519.89,467.1,sample,1,2026-10-08T22:44:27.507373
Maharashtra,Pune,Manchar,Onion,Red/Nasik,FAQ,2026-08-20,2305.9,2883.19,2527.84,449.1,sample,1,2026-10-08T22:44:27.507380
Maharashtra,Pune,Manchar,Onion,Red/Nasik,FAQ,2026-08-21,2195.27,2826.56,2433.0,54.1,sample,1,2026-10-08T22:44:27.507387
Maharashtra,Pune,Manchar,Onion,Red/Nasik,FAQ,2026-08-22,2084.73,2771.87,2463.5,148.4,sample,1,2026-10-08T22:44:27.507394
Maharashtra,Pune,Manchar,Onion,Red/Nasik,FAQ,2026-08-24,2116.02,2919.73,2498.51,226.4,sample,1,2026-10-08T22:44:27.507402
Maharashtra,Pune,Manchar,Onion,Red/Nasik,FAQ,2026-08-25,2086.62,2798.27,2449.52,320.9,sample,1,2026-10-08T22:44:27.507409
Maharashtra,Pune,Manchar,Onion,Red/Nasik,FAQ,2026-08-26,2189.16,2828.49,2458.05,78.1,sample,1,2026-10-08T22:44:27.507416
Maharashtra,Pune,Manchar,Onion,Red/Nasik,FAQ,2026-08-27,2251.7,2947.57,2476.48,43.9,sample,1,2026-10-08T22:44:27.507426
Maharashtra,Pune,Manchar,Onion,Red/Nasik,FAQ,2026-08-28,2185.65,2925.08,2412.27,411.7,sample,1,2026-10-08T22:44:27.507433
Maharashtra,Pune,Manchar,Onion,Red/Nasik,FAQ,2026-08-29,2066.41,2911.08,2393.04,41.0,sample,1,2026-10-08T22:44:27.507441
Maharashtra,Pune,Manchar,Onion,Red/Nasik,FAQ,2026-08-31,2014.08,2769.17,2401.15,355.4,sample,1,2026-10-08T22:44:27.507449
Maharashtra,Pune,Manchar,Onion,Red/Nasik,FAQ,2026-09-01,2062.31,2786.87,2421.13,303.1,sample,1,2026-10-08T22:44:27.507456
Maharashtra,Pune,Manchar,Onion,Red/Nasik,FAQ,2026-09-02,2248.94,2807.72,2518.37,308.1,sample,1,2026-10-08T22:44:27.507464
Maharashtra,Pune,Manchar,Onion,Red/Nasik,FAQ,2026-09-03,2147.14,2962.46,2535.01,417.9,sample,1,2026-10-08T22:44:27.507471
Maharashtra,Pune,Manchar,Onion,Red/Nasik,FAQ,2026-09-04,2254.73,3053.53,2535.09,89.5,sample,1,2026-10-08T22:44:27.507478
Maharashtra,Pune,Manchar,Onion,Red/Nasik,FAQ,2026-09-05,2236.05,2980.56,2552.86,282.0,sample,1,2026-10-08T22:44:27.507487
Maharashtra,Pune,Manchar,Onion,Red/Nasik,FAQ,2026-09-07,2339.64,2986.81,2561.33,159.6,sample,1,2026-10-08T22:44:27.507494
Maharashtra,Pune,Manchar,Onion,Red/Nasik,FAQ,2026-09-08,2187.82,2961.63,2513.64,84.2,sample,1,2026-10-08T22:44:27.507503
Maharashtra,Pune,Manchar,Onion,Red/Nasik,FAQ,2026-09-09,2228.24,2928.53,2444.01,345.9,sample,1,2026-10-08T22:44:27.507510
Maharashtra,Pune,Manchar,Onion,Red/Nasik,FAQ,2026-09-10,2055.33,2864.87,2390.41,205.0,sample,1,2026-10-08T22:44:27.507517
Maharashtra,Pune,Manchar,Onion,Red/Nasik,FAQ,2026-09-11,2008.24,2721.52,2345.26,411.2,sample,1,2026-10-08T22:44:27.507526
Maharashtra,Pune,Manchar,Onion,Red/Nasik,FAQ,2026-09-12,2089.35,2857.97,2341.67,182.3,sample,1,2026-10-08T22:44:27.507533
Maharashtra,Pune,Manchar,Onion,Red/Nasik,FAQ,2026-09-14,2086.64,2640.66,2323.41,76.5,sample,1,2026-10-08T22:44:27.507541
Maharashtra,Pune,Manchar,Onion,Red/Nasik,FAQ,2026-09-15,2040.35,2664.38,2356.13,89.5,sample,1,2026-10-08T22:44:27.507549
Maharashtra,Pune,Manchar,Onion,Red/Nasik,FAQ,2026-09-16,2104.12,2792.23,2327.34,356.4,sample,1,2026-10-08T22:44:27.507556
Maharashtra,Pune,Manchar,Onion,Red/Nasik,FAQ,2026-09-17,2021.67,2788.41,2335.94,240.3,sample,1,2026-10-08T22:44:27.507563
Maharashtra,Pune,Manchar,Onion,Red/Nasik,FAQ,2026-09-18,2007.07,2799.24,2386.73,310.3,sample,1,2026-10-08T22:44:27.507571
Maharashtra,Pune,Manchar,Onion,Red/Nasik,FAQ,2026-09-19,2054.72,2763.81,2433.46,257.7,sample,1,2026-10-08T22:44:27.507580
Maharashtra,Pune,Manchar,Onion,Red/Nasik,FAQ,2026-09-21,2211.83,2752.15,2456.3,54.4,sample,1,2026-10-08T22:44:27.507590
Maharashtra,Pune,Manchar,Onion,Red/Nasik,FAQ,2026-09-22,2092.09,2796.16,2455.64,125.8,sample,1,2026-10-08T22:44:27.507597
Maharashtra,Pune,Manchar,Onion,Red/Nasik,FAQ,2026-09-23,2094.04,2825.78,2375.59,188.8,sample,1,2026-10-08T22:44:27.507605
Maharashtra,Pune,Manchar,Onion,Red/Nasik,FAQ,2026-09-24,2139.99,2732.37,2373.91,484.7,sample,1,2026-10-08T22:44:27.507612
Maharashtra,Pune,Manchar,Onion,Red/Nasik,FAQ,2026-09-25,1958.02,2748.79,2332.81,361.9,sample,1,2026-10-08T22:44:27.507620
Maharashtra,Pune,Manchar,Onion,Red/Nasik,FAQ,2026-09-26,2141.21,2820.52,2352.55,479.0,sample,1,2026-10-08T22:44:27.507627
Maharashtra,Pune,Manchar,Onion,Red/Nasik,FAQ,2026-09-28,1913.15,2616.62,2301.06,446.7,sample,1,2026-10-08T22:44:27.507636
Maharashtra,Pune,Manchar,Onion,Red/Nasik,FAQ,2026-09-29,2077.96,2756.1,2331.16,480.2,sample,1,2026-10-08T22:44:27.507644
Maharashtra,Pune,Manchar,Onion,Red/Nasik,FAQ,2026-09-30,2112.08,2862.31,2397.3,330.5,sample,1,2026-10-08T22:44:27.507651
Maharashtra,Pune,Manchar,Onion,Red/Nasik,FAQ,2026-10-01,2011.45,2821.55,2349.5,211.6,sample,1,2026-10-08T22:44:27.507660
Maharashtra,Pune,Manchar,Onion,Red/Nasik,FAQ,2026-10-02,2047.05,2805.69,2405.43,137.1,sample,1,2026-10-08T22:44:27.507668
Maharashtra,Pune,Manchar,Onion,Red/Nasik,FAQ,2026-10-03,2132.3,2840.23,2402.15,378.8,sample,1,2026-10-08T22:44:27.507675
Maharashtra,Pune,Manchar,Onion,Red/Nasik,FAQ,2026-10-05,1966.43,2855.03,2336.56,321.7,sample,1,2026-10-08T22:44:27.507684
Maharashtra,Pune,Manchar,Onion,Red/Nasik,FAQ,2026-10-06,2013.61,2718.2,2333.81,476.9,sample,1,2026-10-08T22:44:27.507691
Maharashtra,Pune,Manchar,Onion,Red/Nasik,FAQ,2026-10-07,2010.79,2761.54,2350.23,287.8,sample,1,2026-10-08T22:44:27.507699
Maharashtra,Pune,Manchar,Onion,Red/Nasik,FAQ,2026-10-08,1950.32,2587.04,2296.36,193.0,sample,1,2026-10-08T22:44:27.507707
Maharashtra,Pune,Manchar,Potato,Jyoti,FAQ,2026-07-10,1693.92,2224.35,1928.94,444.0,sample,1,2026-10-08T22:44:27.507715
Maharashtra,Pune,Manchar,Potato,Jyoti,FAQ,2026-07-11,1706.53,2332.56,1958.02,320.0,sample,1,2026-10-08T22:44:27.507723
Maharashtra,Pune,Manchar,Potato,Jyoti,FAQ,2026-07-13,1751.35,2253.13,1962.26,178.1,sample,1,2026-10-08T22:44:27.507732
Maharashtra,Pune,Manchar,Potato,Jyoti,FAQ,2026-07-14,1774.63,2209.85,1992.88,145.6,sample,1,2026-10-08T22:44:27.507742
Maharashtra,Pune,Manchar,Potato,Jyoti,FAQ,2026-07-15,1842.01,2319.38,2013.85,58.7,sample,1,2026-10-08T22:44:27.507750
Maharashtra,Pune,Manchar,Potato,Jyoti,FAQ,2026-07-16,1742.27,2287.37,1996.51,222.6,sample,1,2026-10-08T22:44:27.507761
Maharashtra,Pune,Manchar,Potato,Jyoti,FAQ,2026-07-17,1678.96,2174.5,1915.25,414.6,sample,1,2026-10-08T22:44:27.507769
Maharashtra,Pune,Manchar,Potato,Jyoti,FAQ,2026-07-18,1750.01,2240.62,1955.6,270.8,sample,1,2026-10-08T22:44:27.507777
Maharashtra,Pune,Manchar,Potato,Jyoti,FAQ,2026-07-20,1799.05,2280.97,2015.85,316.1,sample,1,2026-10-08T22:44:27.507785
Maharashtra,Pune,Manchar,Potato,Jyoti,FAQ,2026-07-21,1849.14,2383.28,1995.28,138.2,sample,1,2026-10-08T22:44:27.507793
Maharashtra,Pune,Manchar,Potato,Jyoti,FAQ,2026-07-22,1824.87,2231.04,1978.77,495.1,sample,1,2026-10-08T22:44:27.507801
Maharashtra,Pune,Manchar,Potato,Jyoti,FAQ,2026-07-23,1746.58,2223.02,1953.87,290.7,sample,1,2026-10-08T22:44:27.507809
Maharashtra,Pune,Manchar,Potato,Jyoti,FAQ,2026-07-24,1821.48,2297.47,1971.04,475.4,sample,1,2026-10-08T22:44:27.507817
Maharashtra,Pune,Manchar,Potato,Jyoti,FAQ,2026-07-25,1879.14,2255.0,2021.62,384.7,sample,1,2026-10-08T22:44:27.507826
Maharashtra,Pune,Manchar,Potato,Jyoti,FAQ,2026-07-27,1795.78,2301.2,2016.4,456.7,sample,1,2026-10-08T22:44:27.507838
Maharashtra,Pune,Manchar,Potato,Jyoti,FAQ,2026-07-28,1900.76,2304.75,2065.25,84.9,sample,1,2026-10-08T22:44:27.507846
Maharashtra,Pune,Manchar,Potato,Jyoti,FAQ,2026-07-29,1882.8,2396.64,2087.88,71.6,sample,1,2026-10-08T22:44:27.507854
Maharashtra,Pune,Manchar,Potato,Jyoti,FAQ,2026-07-30,1811.52,2436.64,2069.46,432.4,sample,1,2026-10-08T22:44:27.507863
Maharashtra,Pune,Manchar,Potato,Jyoti,FAQ,2026-07-31,1856.94,2443.38,2090.38,474.4,sample,1,2026-10-08T22:44:27.507871
Maharashtra,Pune,Manchar,Potato,Jyoti,FAQ,2026-08-01,1829.08,2315.31,2084.9,247.6,sample,1,2026-10-08T22:44:27.507879
Maharashtra,Pune,Manchar,Potato,Jyoti,FAQ,2026-08-03,1888.73,2416.02,2122.27,96.2,sample,1,2026-10-08T22:44:27.507887
Maharashtra,Pune,Manchar,Potato,Jyoti,FAQ,2026-08-04,1935.72,2415.97,2155.88,78.3,sample,1,2026-10-08T22:44:27.507895
Maharashtra,Pune,Manchar,Potato,Jyoti,FAQ,2026-08-05,1967.96,2398.58,2154.51,474.7,sample,1,2026-10-08T22:44:27.507903
Maharashtra,Pune,Manchar,Potato,Jyoti,FAQ,2026-08-06,1886.55,2487.56,2113.59,325.4,sample,1,2026-10-08T22:44:27.507912
Maharashtra,Pune,Manchar,Potato,Jyoti,FAQ,2026-08-07,1905.96,2404.22,2165.01,197.4,sample,1,2026-10-08T22:44:27.507920
Maharashtra,Pune,Manchar,Potato,Jyoti,FAQ,2026-08-08,1941.21,2477.98,2143.86,129.3,sample,1,2026-10-08T22:44:27.507928
Maharashtra,Pune,Manchar,Potato,Jyoti,FAQ,2026-08-10,2011.8,2465.2,2193.97,219.1,sample,1,2026-10-08T22:44:27.507937
Maharashtra,Pune,Manchar,Potato,Jyoti,FAQ,2026-08-11,1948.67,2408.12,2179.48,275.7,sample,1,2026-10-08T22:44:27.507945
Maharashtra,Pune,Manchar,Potato,Jyoti,FAQ,2026-08-12,2015.34,2502.91,2178.16,395.8,sample,1,2026-10-08T22:44:27.507953
Maharashtra,Pune,Manchar,Potato,Jyoti,FAQ,2026-08-13,1915.64,2367.41,2145.37,496.8,sample,1,2026-10-08T22:44:27.507960
Maharashtra,Pune,Manchar,Potato,Jyoti,FAQ,2026-08-14,1894.5,2443.04,2144.05,394.6,sample,1,2026-10-08T22:44:27.507968
Maharashtra,Pune,Manchar,Potato,Jyoti,FAQ,2026-08-15,1999.54,2511.66,2186.01,131.6,sample,1,2026-10-08T22:44:27.507976
Maharashtra,Pune,Manchar,Potato,Jyoti,FAQ,2026-08-17,2071.87,2486.3,2212.32,494.3,sample,1,2026-10-08T22:44:27.507984
Maharashtra,Pune,Manchar,Potato,Jyoti,FAQ,2026-08-18,1958.15,2536.99,2210.22,231.1,sample,1,2026-10-08T22:44:27.507995
Maharashtra,Pune,Manchar,Potato,Jyoti,FAQ,2026-08-19,2003.11,2471.89,2246.55,427.8,sample,1,2026-10-08T22:44:27.508003
Maharashtra,Pune,Manchar,Potato,Jyoti,FAQ,2026-08-20,1942.49,2464.9,2153.85,93.6,sample,1,2026-10-08T22:44:27.508012
Maharashtra,Pune,Manchar,Potato,Jyoti,FAQ,2026-08-21,1912.0,2512.2,2171.54,196.7,sample,1,2026-10-08T22:44:27.508020
Maharashtra,Pune,Manchar,Potato,Jyoti,FAQ,2026-08-22,1977.26,2408.1,2192.25,424.2,sample,1,2026-10-08T22:44:27.508028
Maharashtra,Pune,Manchar,Potato,Jyoti,FAQ,2026-08-24,1930.1,2431.58,2168.76,435.0,sample,1,2026-10-08T22:44:27.508037
Maharashtra,Pune,Manchar,Potato,Jyoti,FAQ,2026-08-25,2039.86,2450.49,2186.45,483.5,sample,1,2026-10-08T22:44:27.508045
Maharashtra,Pune,Manchar,Potato,Jyoti,FAQ,2026-08-26,2007.72,2430.82,2193.27,196.4,sample,1,2026-10-08T22:44:27.508053
Maharashtra,Pune,Manchar,Potato,Jyoti,FAQ,2026-08-27,2013.18,2426.01,2202.62,284.2,sample,1,2026-10-08T22:44:27.508061
Maharashtra,Pune,Manchar,Potato,Jyoti,FAQ,2026-08-28,2041.78,2431.85,2217.76,491.4,sample,1,2026-10-08T22:44:27.508069
Maharashtra,Pune,Manchar,Potato,Jyoti,FAQ,2026-08-29,2039.71,2557.16,2219.04,440.0,sample,1,2026-10-08T22:44:27.508078
Maharashtra,Pune,Manchar,Potato,Jyoti,FAQ,2026-08-31,2007.62,2525.07,2249.81,83.8,sample,1,2026-10-08T22:44:27.508087
Maharashtra,Pune,Manchar,Potato,Jyoti,FAQ,2026-09-01,2044.25,2486.03,2215.95,448.7,sample,1,2026-10-08T22:44:27.508095
Maharashtra,Pune,Manchar,Potato,Jyoti,FAQ,2026-09-02,1977.55,2465.26,2213.59,167.2,sample,1,2026-10-08T22:44:27.508103
Maharashtra,Pune,Manchar,Potato,Jyoti,FAQ,2026-09-03,1982.48,2532.5,2223.46,289.0,sample,1,2026-10-08T22:44:27.508111
Maharashtra,Pune,Manchar,Potato,Jyoti,FAQ,2026-09-04,2045.45,2565.25,2251.32,357.6,sample,1,2026-10-08T22:44:27.508122
Maharashtra,Pune,Manchar,Potato,Jyoti,FAQ,2026-09-05,2012.13,2497.22,2187.79,176.9,sample,1,2026-10-08T22:44:27.508131
Maharashtra,Pune,Manchar,Potato,Jyoti,FAQ,2026-09-07,2078.29,2598.57,2223.18,233.3,sample,1,2026-10-08T22:44:27.508139
Maharashtra,Pune,Manchar,Potato,Jyoti,FAQ,2026-09-08,1955.83,2433.21,2174.78,63.9,sample,1,2026-10-08T22:44:27.508148
Maharashtra,Pune,Manchar,Potato,Jyoti,FAQ,2026-09-09,2031.48,2471.31,2242.08,259.4,sample,1,2026-10-08T22:44:27.508156
Maharashtra,Pune,Manchar,Potato,Jyoti,FAQ,2026-09-10,2067.91,2539.22,2264.22,289.3,sample,1,2026-10-08T22:44:27.508167
Maharashtra,Pune,Manchar,Potato,Jyoti,FAQ,2026-09-11,2037.98,2598.26,2245.32,77.7,sample,1,2026-10-08T22:44:27.508176
Maharashtra,Pune,Manchar,Potato,Jyoti,FAQ,2026-09-12,2117.95,2604.89,2278.16,301.7,sample,1,2026-10-08T22:44:27.508184
Maharashtra,Pune,Manchar,Potato,Jyoti,FAQ,2026-09-14,2153.8,2545.14,2295.82,365.8,sample,1,2026-10-08T22:44:27.508193
Maharashtra,Pune,Manchar,Potato,Jyoti,FAQ,2026-09-15,2082.49,2625.12,2242.81,437.4,sample,1,2026-10-08T22:44:27.508201
Maharashtra,Pune,Manchar,Potato,Jyoti,FAQ,2026-09-16,1982.92,2427.69,2123.55,165.7,sample,1,2026-10-08T22:44:27.508209
Maharashtra,Pune,Manchar,Potato,Jyoti,FAQ,2026-09-17,1874.08,2459.17,2109.44,126.3,sample,1,2026-10-08T22:44:27.508216
Maharashtra,Pune,Manchar,Potato,Jyoti,FAQ,2026-09-18,1925.45,2420.81,2090.77,128.5,sample,1,2026-10-08T22:44:27.508225
Maharashtra,Pune,Manchar,Potato,Jyoti,FAQ,2026-09-19,1877.8,2353.1,2081.13,226.1,sample,1,2026-10-08T22:44:27.508232
Maharashtra,Pune,Manchar,Potato,Jyoti,FAQ,2026-09-21,1836.29,2265.64,2010.81,433.8,sample,1,2026-10-08T22:44:27.508242
Maharashtra,Pune,Manchar,Potato,Jyoti,FAQ,2026-09-22,1812.27,2252.87,1967.23,338.2,sample,1,2026-10-08T22:44:27.508251
Maharashtra,Pune,Manchar,Potato,Jyoti,FAQ,2026-09-23,1682.11,2115.19,1870.78,156.4,sample,1,2026-10-08T22:44:27.508259
Maharashtra,Pune,Manchar,Potato,Jyoti,FAQ,2026-09-24,1721.77,2120.33,1877.15,334.8,sample,1,2026-10-08T22:44:27.508268
Maharashtra,Pune,Manchar,Potato,Jyoti,FAQ,2026-09-25,1763.95,2137.08,1919.84,499.1,sample,1,2026-10-08T22:44:27.508278
Maharashtra,Pune,Manchar,Potato,Jyoti,FAQ,2026-09-26,1728.68,2299.7,1958.07,354.7,sample,1,2026-10-08T22:44:27.508288
Maharashtra,Pune,Manchar,Potato,Jyoti,FAQ,2026-09-28,1720.01,2288.56,1975.14,339.9,sample,1,2026-10-08T22:44:27.508297
Maharashtra,Pune,Manchar,Potato,Jyoti,FAQ,2026-09-29,1767.02,2352.48,1993.09,46.3,sample,1,2026-10-08T22:44:27.508305
Maharashtra,Pune,Manchar,Potato,Jyoti,FAQ,2026-09-30,1853.23,2350.94,2010.56,401.4,sample,1,2026-10-08T22:44:27.508313
Maharashtra,Pune,Manchar,Potato,Jyoti,FAQ,2026-10-01,1779.09,2291.87,2023.35,229.1,sample,1,2026-10-08T22:44:27.508321
Maharashtra,Pune,Manchar,Potato,Jyoti,FAQ,2026-10-02,1799.02,2238.51,1992.23,332.1,sample,1,2026-10-08T22:44:27.508329
Maharashtra,Pune,Manchar,Potato,Jyoti,FAQ,2026-10-03,1781.76,2220.14,1946.57,440.2,sample,1,2026-10-08T22:44:27.508338
Maharashtra,Pune,Manchar,Potato,Jyoti,FAQ,2026-10-05,1781.35,2360.99,1980.14,241.2,sample,1,2026-10-08T22:44:27.508347
Maharashtra,Pune,Manchar,Potato,Jyoti,FAQ,2026-10-06,1769.26,2227.5,1939.51,113.0,sample,1,2026-10-08T22:44:27.508355
Maharashtra,Pune,Manchar,Potato,Jyoti,FAQ,2026-10-07,1724.23,2258.4,1954.03,133.8,sample,1,2026-10-08T22:44:27.508363
Maharashtra,Pune,Manchar,Potato,Jyoti,FAQ,2026-10-08,1736.57,2151.52,1889.82,170.4,sample,1,2026-10-08T22:44:27.508371
Maharashtra,Pune,Manchar,Tomato,Hybrid,FAQ,2026-07-10,1634.61,2285.75,1880.6,70.0,sample,1,2026-10-08T22:44:27.508381
Maharashtra,Pune,Manchar,Tomato,Hybrid,FAQ,2026-07-11,1757.24,2309.07,2000.4,143.2,sample,1,2026-10-08T22:44:27.508389
Maharashtra,Pune,Manchar,Tomato,Hybrid,FAQ,2026-07-13,1738.95,2487.21,2039.87,164.0,sample,1,2026-10-08T22:44:27.508399
Maharashtra,Pune,Manchar,Tomato,Hybrid,FAQ,2026-07-14,1934.05,2518.11,2181.1,101.4,sample,1,2026-10-08T22:44:27.508407
Maharashtra,Pune,Manchar,Tomato,Hybrid,FAQ,2026-07-15,1952.65,2637.5,2185.34,293.8,sample,1,2026-10-08T22:44:27.508415
Maharashtra,Pune,Manchar,Tomato,Hybrid,FAQ,2026-07-16,1782.8,2329.47,2054.08,163.1,sample,1,2026-10-08T22:44:27.508424
Maharashtra,Pune,Manchar,Tomato,Hybrid,FAQ,2026-07-17,1810.31,2426.16,2000.14,277.6,sample,1,2026-10-08T22:44:27.508433
Maharashtra,Pune,Manchar,Tomato,Hybrid,FAQ,2026-07-18,1814.11,2365.42,2035.64,69.0,sample,1,2026-10-08T22:44:27.508441
Maharashtra,Pune,Manchar,Tomato,Hybrid,FAQ,2026-07-20,1751.75,2359.51,2061.57,152.4,sample,1,2026-10-08T22:44:27.508449
Maharashtra,Pune,Manchar,Tomato,Hybrid,FAQ,2026-07-21,1720.71,2479.95,2039.36,433.7,sample,1,2026-10-08T22:44:27.508457
Maharashtra,Pune,Manchar,Tomato,Hybrid,FAQ,2026-07-22,1552.82,2242.87,1866.09,489.6,sample,1,2026-10-08T22:44:27.508472
Maharashtra,Pune,Manchar,Tomato,Hybrid,FAQ,2026-07-23,1606.33,2228.15,1781.84,190.6,sample,1,2026-10-08T22:44:27.508482
Maharashtra,Pune,Manchar,Tomato,Hybrid,FAQ,2026-07-24,1485.93,1991.43,1746.12,129.0,sample,1,2026-10-08T22:44:27.508491
Maharashtra,Pune,Manchar,Tomato,Hybrid,FAQ,2026-07-25,1464.12,1964.72,1655.39,391.5,sample,1,2026-10-08T22:44:27.508498
Maharashtra,Pune,Manchar,Tomato,Hybrid,FAQ,2026-07-27,1399.63,2039.62,1662.56,348.1,sample,1,2026-10-08T22:44:27.508507
Maharashtra,Pune,Manchar,Tomato,Hybrid,FAQ,2026-07-28,1495.89,2178.69,1814.99,204.2,sample,1,2026-10-08T22:44:27.508517
Maharashtra,Pune,Manchar,Tomato,Hybrid,FAQ,2026-07-29,1425.1,2046.83,1733.64,434.6,sample,1,2026-10-08T22:44:27.508525
Maharashtra,Pune,Manchar,Tomato,Hybrid,FAQ,2026-07-30,1586.13,2219.03,1814.66,284.9,sample,1,2026-10-08T22:44:27.508533
Maharashtra,Pune,Manchar,Tomato,Hybrid,FAQ,2026-07-31,1470.7,2119.91,1730.07,87.5,sample,1,2026-10-08T22:44:27.508542
Maharashtra,Pune,Manchar,Tomato,Hybrid,FAQ,2026-08-01,1428.83,2031.79,1738.22,438.6,sample,1,2026-10-08T22:44:27.508550
Maharashtra,Pune,Manchar,Tomato,Hybrid,FAQ,2026-08-03,1440.95,2025.59,1765.34,353.2,sample,1,2026-10-08T22:44:27.508560
Maharashtra,Pune,Manchar,Tomato,Hybrid,FAQ,2026-08-04,1525.89,2184.95,1847.28,102.4,sample,1,2026-10-08T22:44:27.508568
Maharashtra,Pune,Manchar,Tomato,Hybrid,FAQ,2026-08-05,1652.16,2140.55,1841.69,462.4,sample,1,2026-10-08T22:44:27.508577
Maharashtra,Pune,Manchar,Tomato,Hybrid,FAQ,2026-08-06,1548.22,2237.77,1784.59,335.8,sample,1,2026-10-08T22:44:27.508585
Maharashtra,Pune,Manchar,Tomato,Hybrid,FAQ,2026-08-07,1727.56,2355.53,1916.58,321.4,sample,1,2026-10-08T22:44:27.508593
Maharashtra,Pune,Manchar,Tomato,Hybrid,FAQ,2026-08-08,1614.72,2101.32,1803.75,315.2,sample,1,2026-10-08T22:44:27.508602
Maharashtra,Pune,Manchar,Tomato,Hybrid,FAQ,2026-08-10,1589.13,2145.27,1800.31,167.5,sample,1,2026-10-08T22:44:27.508611
Maharashtra,Pune,Manchar,Tomato,Hybrid,FAQ,2026-08-11,1412.48,2016.58,1612.54,375.2,sample,1,2026-10-08T22:44:27.508619
Maharashtra,Pune,Manchar,Tomato,Hybrid,FAQ,2026-08-12,1382.06,2118.0,1705.9,448.2,sample,1,2026-10-08T22:44:27.508628
Maharashtra,Pune,Manchar,Tomato,Hybrid,FAQ,2026-08-13,1480.11,2020.9,1670.12,145.5,sample,1,2026-10-08T22:44:27.508636
Maharashtra,Pune,Manchar,Tomato,Hybrid,FAQ,2026-08-14,1397.18,2117.92,1676.64,386.5,sample,1,2026-10-08T22:44:27.508644
Maharashtra,Pune,Manchar,Tomato,Hybrid,FAQ,2026-08-15,1424.87,1962.81,1683.31,379.9,sample,1,2026-10-08T22:44:27.508652
Maharashtra,Pune,Manchar,Tomato,Hybrid,FAQ,2026-08-17,1518.47,2078.99,1793.56,418.3,sample,1,2026-10-08T22:44:27.508661
Maharashtra,Pune,Manchar,Tomato,Hybrid,FAQ,2026-08-18,1572.15,2036.77,1782.28,122.5,sample,1,2026-10-08T22:44:27.508669
Maharashtra,Pune,Manchar,Tomato,Hybrid,FAQ,2026-08-19,1589.69,2066.81,1808.94,246.8,sample,1,2026-10-08T22:44:27.508679
Maharashtra,Pune,Manchar,Tomato,Hybrid,FAQ,2026-08-20,1494.74,2014.15,1762.54,373.8,sample,1,2026-10-08T22:44:27.508692
Maharashtra,Pune,Manchar,Tomato,Hybrid,FAQ,2026-08-21,1464.52,2157.84,1753.01,424.0,sample,1,2026-10-08T22:44:27.508700
Maharashtra,Pune,Manchar,Tomato,Hybrid,FAQ,2026-08-22,1441.14,2070.37,1680.91,423.5,sample,1,2026-10-08T22:44:27.508708
Maharashtra,Pune,Manchar,Tomato,Hybrid,FAQ,2026-08-24,1529.32,1982.41,1730.03,120.5,sample,1,2026-10-08T22:44:27.508719
Maharashtra,Pune,Manchar,Tomato,Hybrid,FAQ,2026-08-25,1498.68,2133.39,1800.12,79.0,sample,1,2026-10-08T22:44:27.508728
Maharashtra,Pune,Manchar,Tomato,Hybrid,FAQ,2026-08-26,1580.98,2154.51,1818.24,361.9,sample,1,2026-10-08T22:44:27.508736
Maharashtra,Pune,Manchar,Tomato,Hybrid,FAQ,2026-08-27,1644.48,2239.29,1844.41,368.3,sample,1,2026-10-08T22:44:27.508744
Maharashtra,Pune,Manchar,Tomato,Hybrid,FAQ,2026-08-28,1606.4,2285.79,1916.54,482.5,sample,1,2026-10-08T22:44:27.508753
Maharashtra,Pune,Manchar,Tomato,Hybrid,FAQ,2026-08-29,1583.24,2160.39,1846.08,248.4,sample,1,2026-10-08T22:44:27.508761
Maharashtra,Pune,Manchar,Tomato,Hybrid,FAQ,2026-08-31,1621.74,2186.09,1895.82,246.6,sample,1,2026-10-08T22:44:27.508770
Maharashtra,Pune,Manchar,Tomato,Hybrid,FAQ,2026-09-01,1596.65,2218.17,1797.47,244.7,sample,1,2026-10-08T22:44:27.508779
Maharashtra,Pune,Manchar,Tomato,Hybrid,FAQ,2026-09-02,1440.83,2167.4,1754.76,424.4,sample,1,2026-10-08T22:44:27.508788
Maharashtra,Pune,Manchar,Tomato,Hybrid,FAQ,2026-09-03,1653.63,2165.13,1858.07,395.4,sample,1,2026-10-08T22:44:27.508796
Maharashtra,Pune,Manchar,Tomato,Hybrid,FAQ,2026-09-04,1559.85,2234.35,1822.06,98.3,sample,1,2026-10-08T22:44:27.508805
Maharashtra,Pune,Manchar,Tomato,Hybrid,FAQ,2026-09-05,1646.54,2229.38,1829.61,285.4,sample,1,2026-10-08T22:44:27.508813
Maharashtra,Pune,Manchar,Tomato,Hybrid,FAQ,2026-09-07,1658.88,2274.5,1893.07,367.7,sample,1,2026-10-08T22:44:27.508822
Maharashtra,Pune,Manchar,Tomato,Hybrid,FAQ,2026-09-08,1511.77,2065.37,1809.28,122.7,sample,1,2026-10-08T22:44:27.508830
Maharashtra,Pune,Manchar,Tomato,Hybrid,FAQ,2026-09-09,1700.58,2167.31,1911.65,434.8,sample,1,2026-10-08T22:44:27.508840
Maharashtra,Pune,Manchar,Tomato,Hybrid,FAQ,2026-09-10,1549.7,2066.83,1806.25,287.9,sample,1,2026-10-08T22:44:27.508848
Maharashtra,Pune,Manchar,Tomato,Hybrid,FAQ,2026-09-11,1702.38,2191.25,1891.41,292.5,sample,1,2026-10-08T22:44:27.508856
Maharashtra,Pune,Manchar,Tomato,Hybrid,FAQ,2026-09-12,1637.56,2191.02,1936.78,265.6,sample,1,2026-10-08T22:44:27.508866
Maharashtra,Pune,Manchar,Tomato,Hybrid,FAQ,2026-09-14,1660.47,2345.71,1953.97,81.1,sample,1,2026-10-08T22:44:27.508875
Maharashtra,Pune,Manchar,Tomato,Hybrid,FAQ,2026-09-15,1712.74,2247.8,1909.91,234.2,sample,1,2026-10-08T22:44:27.508883
Maharashtra,Pune,Manchar,Tomato,Hybrid,FAQ,2026-09-16,1594.59,2225.4,1883.61,353.4,sample,1,2026-10-08T22:44:27.508892
Maharashtra,Pune,Manchar,Tomato,Hybrid,FAQ,2026-09-17,1532.15,2171.97,1856.06,55.2,sample,1,2026-10-08T22:44:27.508900
Maharashtra,Pune,Manchar,Tomato,Hybrid,FAQ,2026-09-18,1598.31,2123.12,1873.04,412.4,sample,1,2026-10-08T22:44:27.508909
Maharashtra,Pune,Manchar,Tomato,Hybrid,FAQ,2026-09-19,1692.2,2184.47,1871.75,388.5,sample,1,2026-10-08T22:44:27.508917
Maharashtra,Pune,Manchar,Tomato,Hybrid,FAQ,2026-09-21,1719.61,2191.99,1907.0,478.4,sample,1,2026-10-08T22:44:27.508926
Maharashtra,Pune,Manchar,Tomato,Hybrid,FAQ,2026-09-22,1613.66,2212.97,1803.4,288.0,sample,1,2026-10-08T22:44:27.508934
Maharashtra,Pune,Manchar,Tomato,Hybrid,FAQ,2026-09-23,1419.59,2078.88,1706.86,370.8,sample,1,2026-10-08T22:44:27.508942
Maharashtra,Pune,Manchar,Tomato,Hybrid,FAQ,2026-09-24,1490.95,2124.91,1814.21,349.2,sample,1,2026-10-08T22:44:27.508952
Maharashtra,Pune,Manchar,Tomato,Hybrid,FAQ,2026-09-25,1622.27,2147.1,1840.75,113.3,sample,1,2026-10-08T22:44:27.508962
Maharashtra,Pune,Manchar,Tomato,Hybrid,FAQ,2026-09-26,1491.81,2024.75,1748.68,347.3,sample,1,2026-10-08T22:44:27.508970
Maharashtra,Pune,Manchar,Tomato,Hybrid,FAQ,2026-09-28,1435.16,2094.77,1688.49,109.3,sample,1,2026-10-08T22:44:27.508980
Maharashtra,Pune,Manchar,Tomato,Hybrid,FAQ,2026-09-29,1380.04,1984.38,1678.69,326.0,sample,1,2026-10-08T22:44:27.508989
Maharashtra,Pune,Manchar,Tomato,Hybrid,FAQ,2026-09-30,1580.08,2097.42,1761.14,52.1,sample,1,2026-10-08T22:44:27.508998
Maharashtra,Pune,Manchar,Tomato,Hybrid,FAQ,2026-10-01,1519.81,2030.28,1784.69,160.2,sample,1,2026-10-08T22:44:27.509006
Maharashtra,Pune,Manchar,Tomato,Hybrid,FAQ,2026-10-02,1562.27,2109.4,1788.49,277.3,sample,1,2026-10-08T22:44:27.509015
Maharashtra,Pune,Manchar,Tomato,Hybrid,FAQ,2026-10-03,1609.17,2193.77,1863.68,299.0,sample,1,2026-10-08T22:44:27.509025
Maharashtra,Pune,Manchar,Tomato,Hybrid,FAQ,2026-10-05,1650.14,2158.4,1865.55,188.0,sample,1,2026-10-08T22:44:27.509034
Maharashtra,Pune,Manchar,Tomato,Hybrid,FAQ,2026-10-06,1634.38,2230.48,1908.58,417.9,sample,1,2026-10-08T22:44:27.509044
Maharashtra,Pune,Manchar,Tomato,Hybrid,FAQ,2026-10-07,1739.87,2316.15,1921.15,327.5,sample,1,2026-10-08T22:44:27.509053
Maharashtra,Pune,Manchar,Tomato,Hybrid,FAQ,2026-10-08,1657.41,2129.03,1840.37,228.7,sample,1,2026-10-08T22:44:27.509062
Maharashtra,Ahilyanagar,Sangamner,Onion,Red/Nasik,FAQ,2026-07-10,2068.24,2858.27,2389.5,47.8,sample,1,2026-10-08T22:44:27.509073
Maharashtra,Ahilyanagar,Sangamner,Onion,Red/Nasik,FAQ,2026-07-11,2014.89,2769.98,2337.28,471.8,sample,1,2026-10-08T22:44:27.509082
Maharashtra,Ahilyanagar,Sangamner,Onion,Red/Nasik,FAQ,2026-07-13,2144.75,2710.63,2366.36,61.6,sample,1,2026-10-08T22:44:27.509091
Maharashtra,Ahilyanagar,Sangamner,Onion,Red/Nasik,FAQ,2026-07-14,2118.94,2724.97,2350.97,424.1,sample,1,2026-10-08T22:44:27.509100
Maharashtra,Ahilyanagar,Sangamner,Onion,Red/Nasik,FAQ,2026-07-15,2090.9,2677.36,2396.17,327.8,sample,1,2026-10-08T22:44:27.509109
Maharashtra,Ahilyanagar,Sangamner,Onion,Red/Nasik,FAQ,2026-07-16,2182.13,2924.36,2438.69,121.6,sample,1,2026-10-08T22:44:27.509117
Maharashtra,Ahilyanagar,Sangamner,Onion,Red/Nasik,FAQ,2026-07-17,2112.38,2893.7,2489.94,213.9,sample,1,2026-10-08T22:44:27.509127
Maharashtra,Ahilyanagar,Sangamner,Onion,Red/Nasik,FAQ,2026-07-18,2116.76,2871.05,2464.25,69.5,sample,1,2026-10-08T22:44:27.509137
Maharashtra,Ahilyanagar,Sangamner,Onion,Red/Nasik,FAQ,2026-07-20,2233.5,2902.49,2455.3,324.8,sample,1,2026-10-08T22:44:27.509147
Maharashtra,Ahilyanagar,Sangamner,Onion,Red/Nasik,FAQ,2026-07-21,2215.73,2799.87,2478.86,302.9,sample,1,2026-10-08T22:44:27.509155
Maharashtra,Ahilyanagar,Sangamner,Onion,Red/Nasik,FAQ,2026-07-22,2149.8,2751.24,2433.18,151.6,sample,1,2026-10-08T22:44:27.509164
Maharashtra,Ahilyanagar,Sangamner,Onion,Red/Nasik,FAQ,2026-07-23,2072.63,2810.27,2358.19,209.4,sample,1,2026-10-08T22:44:27.509174
Maharashtra,Ahilyanagar,Sangamner,Onion,Red/Nasik,FAQ,2026-07-24,2099.78,2702.58,2348.28,398.0,sample,1,2026-10-08T22:44:27.509183
Maharashtra,Ahilyanagar,Sangamner,Onion,Red/Nasik,FAQ,2026-07-25,2063.02,2777.44,2287.81,418.1,sample,1,2026-10-08T22:44:27.509192
Maharashtra,Ahilyanagar,Sangamner,Onion,Red/Nasik,FAQ,2026-07-27,1974.04,2619.34,2254.22,385.1,sample,1,2026-10-08T22:44:27.509201
Maharashtra,Ahilyanagar,Sangamner,Onion,Red/Nasik,FAQ,2026-07-28,2049.74,2884.03,2396.12,59.5,sample,1,2026-10-08T22:44:27.509209
Maharashtra,Ahilyanagar,Sangamner,Onion,Red/Nasik,FAQ,2026-07-29,2032.56,2725.78,2364.2,354.3,sample,1,2026-10-08T22:44:27.509219
Maharashtra,Ahilyanagar,Sangamner,Onion,Red/Nasik,FAQ,2026-07-30,2121.19,2894.29,2384.08,459.3,sample,1,2026-10-08T22:44:27.509228
Maharashtra,Ahilyanagar,Sangamner,Onion,Red/Nasik,FAQ,2026-07-31,2125.27,2781.87,2403.18,168.7,sample,1,2026-10-08T22:44:27.509237
Maharashtra,Ahilyanagar,Sangamner,Onion,Red/Nasik,FAQ,2026-08-01,2141.27,2821.75,2403.58,414.8,sample,1,2026-10-08T22:44:27.509245
Maharashtra,Ahilyanagar,Sangamner,Onion,Red/Nasik,FAQ,2026-08-03,1940.15,2744.51,2289.12,209.5,sample,1,2026-10-08T22:44:27.509256
Maharashtra,Ahilyanagar,Sangamner,Onion,Red/Nasik,FAQ,2026-08-04,1978.4,2688.73,2288.5,122.1,sample,1,2026-10-08T22:44:27.509265
Maharashtra,Ahilyanagar,Sangamner,Onion,Red/Nasik,FAQ,2026-08-05,1951.13,2727.94,2336.18,422.6,sample,1,2026-10-08T22:44:27.509274
Maharashtra,Ahilyanagar,Sangamner,Onion,Red/Nasik,FAQ,2026-08-06,2110.81,2777.07,2331.89,57.3,sample,1,2026-10-08T22:44:27.509283
Maharashtra,Ahilyanagar,Sangamner,Onion,Red/Nasik,FAQ,2026-08-07,1962.61,2663.46,2326.14,461.6,sample,1,2026-10-08T22:44:27.509292
Maharashtra,Ahilyanagar,Sangamner,Onion,Red/Nasik,FAQ,2026-08-08,2063.85,2775.07,2311.46,203.3,sample,1,2026-10-08T22:44:27.509300
Maharashtra,Ahilyanagar,Sangamner,Onion,Red/Nasik,FAQ,2026-08-10,2064.96,2781.8,2331.67,221.6,sample,1,2026-10-08T22:44:27.509310
Maharashtra,Ahilyanagar,Sangamner,Onion,Red/Nasik,FAQ,2026-08-11,2048.65,2612.53,2298.59,87.0,sample,1,2026-10-08T22:44:27.509320
Maharashtra,Ahilyanagar,Sangamner,Onion,Red/Nasik,FAQ,2026-08-12,2052.51,2810.33,2357.23,402.2,sample,1,2026-10-08T22:44:27.509329
Maharashtra,Ahilyanagar,Sangamner,Onion,Red/Nasik,FAQ,2026-08-13,2086.77,2820.31,2394.76,131.4,sample,1,2026-10-08T22:44:27.509337
Maharashtra,Ahilyanagar,Sangamner,Onion,Red/Nasik,FAQ,2026-08-14,2088.08,2665.75,2333.72,226.3,sample,1,2026-10-08T22:44:27.509346
Maharashtra,Ahilyanagar,Sangamner,Onion,Red/Nasik,FAQ,2026-08-15,2027.34,2629.65,2295.48,445.9,sample,1,2026-10-08T22:44:27.509355
Maharashtra,Ahilyanagar,Sangamner,Onion,Red/Nasik,FAQ,2026-08-17,1965.14,2847.61,2347.26,321.5,sample,1,2026-10-08T22:44:27.509364
Maharashtra,Ahilyanagar,Sangamner,Onion,Red/Nasik,FAQ,2026-08-18,1983.12,2746.02,2284.0,190.6,sample,1,2026-10-08T22:44:27.509373
Maharashtra,Ahilyanagar,Sangamner,Onion,Red/Nasik,FAQ,2026-08-19,1944.45,2622.3,2244.57,294.2,sample,1,2026-10-08T22:44:27.509382
Maharashtra,Ahilyanagar,Sangamner,Onion,Red/Nasik,FAQ,2026-08-20,1919.97,2779.53,2285.49,44.9,sample,1,2026-10-08T22:44:27.509390
Maharashtra,Ahilyanagar,Sangamner,Onion,Red/Nasik,FAQ,2026-08-21,1936.09,2612.66,2325.6,89.1,sample,1,2026-10-08T22:44:27.509399
Maharashtra,Ahilyanagar,Sangamner,Onion,Red/Nasik,FAQ,2026-08-22,2061.66,2718.69,2411.81,98.8,sample,1,2026-10-08T22:44:27.509409
Maharashtra,Ahilyanagar,Sangamner,Onion,Red/Nasik,FAQ,2026-08-24,2061.66,2686.2,2315.65,257.2,sample,1,2026-10-08T22:44:27.509421
Maharashtra,Ahilyanagar,Sangamner,Onion,Red/Nasik,FAQ,2026-08-25,1915.71,2595.55,2252.22,170.5,sample,1,2026-10-08T22:44:27.509429
Maharashtra,Ahilyanagar,Sangamner,Onion,Red/Nasik,FAQ,2026-08-26,1941.68,2661.86,2282.14,41.4,sample,1,2026-10-08T22:44:27.509437
Maharashtra,Ahilyanagar,Sangamner,Onion,Red/Nasik,FAQ,2026-08-27,1960.42,2613.5,2282.21,209.2,sample,1,2026-10-08T22:44:27.509446
Maharashtra,Ahilyanagar,Sangamner,Onion,Red/Nasik,FAQ,2026-08-28,2072.18,2647.3,2292.61,72.6,sample,1,2026-10-08T22:44:27.509455
Maharashtra,Ahilyanagar,Sangamner,Onion,Red/Nasik,FAQ,2026-08-29,2037.43,2675.83,2269.6,395.1,sample,1,2026-10-08T22:44:27.509466
Maharashtra,Ahilyanagar,Sangamner,Onion,Red/Nasik,FAQ,2026-08-31,2008.69,2634.62,2259.34,259.6,sample,1,2026-10-08T22:44:27.509476
Maharashtra,Ahilyanagar,Sangamner,Onion,Red/Nasik,FAQ,2026-09-01,1963.61,2745.23,2324.46,388.0,sample,1,2026-10-08T22:44:27.509485
Maharashtra,Ahilyanagar,Sangamner,Onion,Red/Nasik,FAQ,2026-09-02,1960.07,2806.18,2300.2,319.0,sample,1,2026-10-08T22:44:27.509494
Maharashtra,Ahilyanagar,Sangamner,Onion,Red/Nasik,FAQ,2026-09-03,2018.47,2617.16,2319.52,247.6,sample,1,2026-10-08T22:44:27.509504
Maharashtra,Ahilyanagar,Sangamner,Onion,Red/Nasik,FAQ,2026-09-04,2067.9,2798.61,2294.5,359.9,sample,1,2026-10-08T22:44:27.509514
Maharashtra,Ahilyanagar,Sangamner,Onion,Red/Nasik,FAQ,2026-09-05,1977.73,2692.59,2342.04,279.1,sample,1,2026-10-08T22:44:27.509522
Maharashtra,Ahilyanagar,Sangamner,Onion,Red/Nasik,FAQ,2026-09-07,1913.89,2704.52,2273.21,397.9,sample,1,2026-10-08T22:44:27.509532
Maharashtra,Ahilyanagar,Sangamner,Onion,Red/Nasik,FAQ,2026-09-08,2051.93,2720.85,2322.68,221.9,sample,1,2026-10-08T22:44:27.509541
Maharashtra,Ahilyanagar,Sangamner,Onion,Red/Nasik,FAQ,2026-09-09,2024.46,2689.28,2242.8,93.6,sample,1,2026-10-08T22:44:27.509552
Maharashtra,Ahilyanagar,Sangamner,Onion,Red/Nasik,FAQ,2026-09-10,2049.91,2750.36,2283.09,48.3,sample,1,2026-10-08T22:44:27.509561
Maharashtra,Ahilyanagar,Sangamner,Onion,Red/Nasik,FAQ,2026-09-11,1929.78,2722.89,2318.03,133.5,sample,1,2026-10-08T22:44:27.509570
Maharashtra,Ahilyanagar,Sangamner,Onion,Red/Nasik,FAQ,2026-09-12,2047.89,2820.49,2328.2,80.7,sample,1,2026-10-08T22:44:27.509579
Maharashtra,Ahilyanagar,Sangamner,Onion,Red/Nasik,FAQ,2026-09-14,2099.68,2726.75,2337.4,187.4,sample,1,2026-10-08T22:44:27.509589
Maharashtra,Ahilyanagar,Sangamner,Onion,Red/Nasik,FAQ,2026-09-15,1985.39,2633.51,2329.52,120.7,sample,1,2026-10-08T22:44:27.509599
Maharashtra,Ahilyanagar,Sangamner,Onion,Red/Nasik,FAQ,2026-09-16,2077.42,2827.64,2351.46,274.2,sample,1,2026-10-08T22:44:27.509608
Maharashtra,Ahilyanagar,Sangamner,Onion,Red/Nasik,FAQ,2026-09-17,2213.03,2873.33,2456.04,263.3,sample,1,2026-10-08T22:44:27.509617
Maharashtra,Ahilyanagar,Sangamner,Onion,Red/Nasik,FAQ,2026-09-18,2169.89,2977.52,2480.94,325.7,sample,1,2026-10-08T22:44:27.509627
Maharashtra,Ahilyanagar,Sangamner,Onion,Red/Nasik,FAQ,2026-09-19,2044.27,2910.91,2431.38,173.6,sample,1,2026-10-08T22:44:27.509635
Maharashtra,Ahilyanagar,Sangamner,Onion,Red/Nasik,FAQ,2026-09-21,2186.74,2864.55,2451.46,405.2,sample,1,2026-10-08T22:44:27.509647
Maharashtra,Ahilyanagar,Sangamner,Onion,Red/Nasik,FAQ,2026-09-22,2053.36,2907.95,2440.69,197.6,sample,1,2026-10-08T22:44:27.509656
Maharashtra,Ahilyanagar,Sangamner,Onion,Red/Nasik,FAQ,2026-09-23,2069.73,2900.82,2444.02,283.2,sample,1,2026-10-08T22:44:27.509979
Maharashtra,Ahilyanagar,Sangamner,Onion,Red/Nasik,FAQ,2026-09-24,2255.33,2869.54,2538.67,336.8,sample,1,2026-10-08T22:44:27.510016
Maharashtra,Ahilyanagar,Sangamner,Onion,Red/Nasik,FAQ,2026-09-25,2281.42,2878.81,2509.87,357.9,sample,1,2026-10-08T22:44:27.510030
Maharashtra,Ahilyanagar,Sangamner,Onion,Red/Nasik,FAQ,2026-09-26,2271.66,2962.25,2484.91,273.4,sample,1,2026-10-08T22:44:27.510044
Maharashtra,Ahilyanagar,Sangamner,Onion,Red/Nasik,FAQ,2026-09-28,2322.37,2893.48,2544.04,304.1,sample,1,2026-10-08T22:44:27.510079
Maharashtra,Ahilyanagar,Sangamner,Onion,Red/Nasik,FAQ,2026-09-29,2153.23,2983.04,2531.52,248.4,sample,1,2026-10-08T22:44:27.510099
Maharashtra,Ahilyanagar,Sangamner,Onion,Red/Nasik,FAQ,2026-09-30,2236.94,2942.93,2519.45,303.5,sample,1,2026-10-08T22:44:27.510118
Maharashtra,Ahilyanagar,Sangamner,Onion,Red/Nasik,FAQ,2026-10-01,2222.0,2982.65,2601.67,327.3,sample,1,2026-10-08T22:44:27.510132
Maharashtra,Ahilyanagar,Sangamner,Onion,Red/Nasik,FAQ,2026-10-02,2296.88,3104.37,2625.1,335.2,sample,1,2026-10-08T22:44:27.510144
Maharashtra,Ahilyanagar,Sangamner,Onion,Red/Nasik,FAQ,2026-10-03,2170.36,2976.11,2517.07,350.9,sample,1,2026-10-08T22:44:27.510155
Maharashtra,Ahilyanagar,Sangamner,Onion,Red/Nasik,FAQ,2026-10-05,2289.4,2920.87,2515.54,106.8,sample,1,2026-10-08T22:44:27.510169
Maharashtra,Ahilyanagar,Sangamner,Onion,Red/Nasik,FAQ,2026-10-06,2058.34,2828.41,2409.38,332.9,sample,1,2026-10-08T22:44:27.510178
Maharashtra,Ahilyanagar,Sangamner,Onion,Red/Nasik,FAQ,2026-10-07,2069.05,2731.47,2380.81,395.3,sample,1,2026-10-08T22:44:27.510188
Maharashtra,Ahilyanagar,Sangamner,Onion,Red/Nasik,FAQ,2026-10-08,1997.75,2784.15,2367.47,404.5,sample,1,2026-10-08T22:44:27.510199
Maharashtra,Ahilyanagar,Sangamner,Soyabean,Yellow,FAQ,2026-07-10,4676.44,5014.59,4861.59,426.0,sample,1,2026-10-08T22:44:27.510213
Maharashtra,Ahilyanagar,Sangamner,Soyabean,Yellow,FAQ,2026-07-11,4603.34,4947.74,4780.98,399.0,sample,1,2026-10-08T22:44:27.510224
Maharashtra,Ahilyanagar,Sangamner,Soyabean,Yellow,FAQ,2026-07-13,4633.15,5044.18,4788.9,65.2,sample,1,2026-10-08T22:44:27.510265
Maharashtra,Ahilyanagar,Sangamner,Soyabean,Yellow,FAQ,2026-07-14,4586.63,4890.39,4747.63,296.6,sample,1,2026-10-08T22:44:27.510282
Maharashtra,Ahilyanagar,Sangamner,Soyabean,Yellow,FAQ,2026-07-15,4636.25,4972.52,4782.4,450.1,sample,1,2026-10-08T22:44:27.510294
Maharashtra,Ahilyanagar,Sangamner,Soyabean,Yellow,FAQ,2026-07-16,4667.82,4991.46,4830.59,139.3,sample,1,2026-10-08T22:44:27.510304
Maharashtra,Ahilyanagar,Sangamner,Soyabean,Yellow,FAQ,2026-07-17,4583.65,4921.99,4709.18,189.9,sample,1,2026-10-08T22:44:27.510316
Maharashtra,Ahilyanagar,Sangamner,Soyabean,Yellow,FAQ,2026-07-18,4500.18,4913.75,4664.81,339.1,sample,1,2026-10-08T22:44:27.510326
Maharashtra,Ahilyanagar,Sangamner,Soyabean,Yellow,FAQ,2026-07-20,4546.37,4917.86,4710.52,48.0,sample,1,2026-10-08T22:44:27.510337
Maharashtra,Ahilyanagar,Sangamner,Soyabean,Yellow,FAQ,2026-07-21,4507.45,4860.3,4686.14,41.4,sample,1,2026-10-08T22:44:27.510349
Maharashtra,Ahilyanagar,Sangamner,Soyabean,Yellow,FAQ,2026-07-22,4504.18,4926.69,4668.9,455.0,sample,1,2026-10-08T22:44:27.510359
Maharashtra,Ahilyanagar,Sangamner,Soyabean,Yellow,FAQ,2026-07-23,4553.39,4901.45,4709.35,53.8,sample,1,2026-10-08T22:44:27.510369
Maharashtra,Ahilyanagar,Sangamner,Soyabean,Yellow,FAQ,2026-07-24,4595.87,4969.0,4737.43,290.5,sample,1,2026-10-08T22:44:27.510379
Maharashtra,Ahilyanagar,Sangamner,Soyabean,Yellow,FAQ,2026-07-25,4556.4,4893.91,4674.6,83.0,sample,1,2026-10-08T22:44:27.510389
Maharashtra,Ahilyanagar,Sangamner,Soyabean,Yellow,FAQ,2026-07-27,4495.29,4846.95,4631.31,464.8,sample,1,2026-10-08T22:44:27.510400
Maharashtra,Ahilyanagar,Sangamner,Soyabean,Yellow,FAQ,2026-07-28,4498.93,4830.85,4623.43,412.0,sample,1,2026-10-08T22:44:27.510410
Maharashtra,Ahilyanagar,Sangamner,Soyabean,Yellow,FAQ,2026-07-29,4509.31,4925.7,4693.72,411.3,sample,1,2026-10-08T22:44:27.510420
Maharashtra,Ahilyanagar,Sangamner,Soyabean,Yellow,FAQ,2026-07-30,4609.44,4923.09,4742.67,465.0,sample,1,2026-10-08T22:44:27.510429
Maharashtra,Ahilyanagar,Sangamner,Soyabean,Yellow,FAQ,2026-07-31,4626.67,4989.46,4801.62,108.5,sample,1,2026-10-08T22:44:27.510445
Maharashtra,Ahilyanagar,Sangamner,Soyabean,Yellow,FAQ,2026-08-01,4696.43,5087.1,4854.32,430.9,sample,1,2026-10-08T22:44:27.510456
Maharashtra,Ahilyanagar,Sangamner,Soyabean,Yellow,FAQ,2026-08-03,4657.93,5079.75,4839.85,115.6,sample,1,2026-10-08T22:44:27.510467
Maharashtra,Ahilyanagar,Sangamner,Soyabean,Yellow,FAQ,2026-08-04,4749.99,5062.82,4922.7,347.1,sample,1,2026-10-08T22:44:27.510488
Maharashtra,Ahilyanagar,Sangamner,Soyabean,Yellow,FAQ,2026-08-05,4675.93,5049.3,4862.59,499.3,sample,1,2026-10-08T22:44:27.510498
Maharashtra,Ahilyanagar,Sangamner,Soyabean,Yellow,FAQ,2026-08-06,4739.23,5112.3,4854.74,218.1,sample,1,2026-10-08T22:44:27.510508
Maharashtra,Ahilyanagar,Sangamner,Soyabean,Yellow,FAQ,2026-08-07,4734.49,5070.32,4856.89,418.8,sample,1,2026-10-08T22:44:27.510524
Maharashtra,Ahilyanagar,Sangamner,Soyabean,Yellow,FAQ,2026-08-08,4690.67,5012.83,4869.77,474.9,sample,1,2026-10-08T22:44:27.510533
Maharashtra,Ahilyanagar,Sangamner,Soyabean,Yellow,FAQ,2026-08-10,4693.32,5006.28,4856.67,329.7,sample,1,2026-10-08T22:44:27.510544
Maharashtra,Ahilyanagar,Sangamner,Soyabean,Yellow,FAQ,2026-08-11,4751.85,5091.96,4863.43,65.0,sample,1,2026-10-08T22:44:27.510554
Maharashtra,Ahilyanagar,Sangamner,Soyabean,Yellow,FAQ,2026-08-12,4677.69,5002.86,4839.35,307.9,sample,1,2026-10-08T22:44:27.510564
Maharashtra,Ahilyanagar,Sangamner,Soyabean,Yellow,FAQ,2026-08-13,4706.16,5040.4,4851.06,106.1,sample,1,2026-10-08T22:44:27.510575
Maharashtra,Ahilyanagar,Sangamner,Soyabean,Yellow,FAQ,2026-08-14,4714.78,4986.98,4844.96,267.8,sample,1,2026-10-08T22:44:27.510585
Maharashtra,Ahilyanagar,Sangamner,Soyabean,Yellow,FAQ,2026-08-15,4669.86,4988.48,4814.7,114.7,sample,1,2026-10-08T22:44:27.510595
Maharashtra,Ahilyanagar,Sangamner,Soyabean,Yellow,FAQ,2026-08-17,4686.67,4992.64,4804.25,437.0,sample,1,2026-10-08T22:44:27.510605
Maharashtra,Ahilyanagar,Sangamner,Soyabean,Yellow,FAQ,2026-08-18,4596.03,4973.02,4761.46,198.5,sample,1,2026-10-08T22:44:27.510615
Maharashtra,Ahilyanagar,Sangamner,Soyabean,Yellow,FAQ,2026-08-19,4563.34,4973.86,4746.86,420.0,sample,1,2026-10-08T22:44:27.510625
Maharashtra,Ahilyanagar,Sangamner,Soyabean,Yellow,FAQ,2026-08-20,4555.46,4994.28,4743.51,491.7,sample,1,2026-10-08T22:44:27.510635
Maharashtra,Ahilyanagar,Sangamner,Soyabean,Yellow,FAQ,2026-08-21,4550.19,4894.53,4661.2,50.5,sample,1,2026-10-08T22:44:27.510647
Maharashtra,Ahilyanagar,Sangamner,Soyabean,Yellow,FAQ,2026-08-22,4441.74,4851.99,4631.03,160.9,sample,1,2026-10-08T22:44:27.510657
Maharashtra,Ahilyanagar,Sangamner,Soyabean,Yellow,FAQ,2026-08-24,4519.77,4816.32,4665.62,101.0,sample,1,2026-10-08T22:44:27.510670
Maharashtra,Ahilyanagar,Sangamner,Soyabean,Yellow,FAQ,2026-08-25,4478.58,4850.35,4667.4,468.1,sample,1,2026-10-08T22:44:27.510681
Maharashtra,Ahilyanagar,Sangamner,Soyabean,Yellow,FAQ,2026-08-26,4559.01,4896.19,4700.13,466.5,sample,1,2026-10-08T22:44:27.510691
Maharashtra,Ahilyanagar,Sangamner,Soyabean,Yellow,FAQ,2026-08-27,4643.42,4954.79,4790.2,498.2,sample,1,2026-10-08T22:44:27.510701
Maharashtra,Ahilyanagar,Sangamner,Soyabean,Yellow,FAQ,2026-08-28,4728.98,5000.66,4841.05,214.7,sample,1,2026-10-08T22:44:27.510711
Maharashtra,Ahilyanagar,Sangamner,Soyabean,Yellow,FAQ,2026-08-29,4681.28,4996.61,4805.98,419.6,sample,1,2026-10-08T22:44:27.510721
Maharashtra,Ahilyanagar,Sangamner,Soyabean,Yellow,FAQ,2026-08-31,4693.27,5045.9,4840.37,489.2,sample,1,2026-10-08T22:44:27.510733
Maharashtra,Ahilyanagar,Sangamner,Soyabean,Yellow,FAQ,2026-09-01,4695.03,4996.72,4833.87,245.8,sample,1,2026-10-08T22:44:27.510746
Maharashtra,Ahilyanagar,Sangamner,Soyabean,Yellow,FAQ,2026-09-02,4738.51,5082.26,4871.15,374.0,sample,1,2026-10-08T22:44:27.510757
Maharashtra,Ahilyanagar,Sangamner,Soyabean,Yellow,FAQ,2026-09-03,4715.75,5045.39,4835.93,62.0,sample,1,2026-10-08T22:44:27.510767
Maharashtra,Ahilyanagar,Sangamner,Soyabean,Yellow,FAQ,2026-09-04,4747.2,5094.17,4856.07,238.3,sample,1,2026-10-08T22:44:27.510777
Maharashtra,Ahilyanagar,Sangamner,Soyabean,Yellow,FAQ,2026-09-05,4697.48,4974.46,4828.11,247.8,sample,1,2026-10-08T22:44:27.510789
Maharashtra,Ahilyanagar,Sangamner,Soyabean,Yellow,FAQ,2026-09-07,4654.57,4999.52,4795.42,466.7,sample,1,2026-10-08T22:44:27.510799
Maharashtra,Ahilyanagar,Sangamner,Soyabean,Yellow,FAQ,2026-09-08,4540.43,4955.79,4726.88,269.8,sample,1,2026-10-08T22:44:27.510809
Maharashtra,Ahilyanagar,Sangamner,Soyabean,Yellow,FAQ,2026-09-09,4530.23,4882.07,4642.0,334.0,sample,1,2026-10-08T22:44:27.510819
Maharashtra,Ahilyanagar,Sangamner,Soyabean,Yellow,FAQ,2026-09-10,4458.39,4889.74,4642.43,310.9,sample,1,2026-10-08T22:44:27.510829
Maharashtra,Ahilyanagar,Sangamner,Soyabean,Yellow,FAQ,2026-09-11,4536.59,4861.32,4658.99,487.9,sample,1,2026-10-08T22:44:27.510839
Maharashtra,Ahilyanagar,Sangamner,Soyabean,Yellow,FAQ,2026-09-12,4529.15,4855.14,4649.6,377.9,sample,1,2026-10-08T22:44:27.510848
Maharashtra,Ahilyanagar,Sangamner,Soyabean,Yellow,FAQ,2026-09-14,4432.79,4760.43,4592.37,236.0,sample,1,2026-10-08T22:44:27.510864
Maharashtra,Ahilyanagar,Sangamner,Soyabean,Yellow,FAQ,2026-09-15,4426.92,4851.26,4606.29,288.1,sample,1,2026-10-08T22:44:27.510873
Maharashtra,Ahilyanagar,Sangamner,Soyabean,Yellow,FAQ,2026-09-16,4550.5,4893.23,4671.45,186.5,sample,1,2026-10-08T22:44:27.510883
Maharashtra,Ahilyanagar,Sangamner,Soyabean,Yellow,FAQ,2026-09-17,4515.92,4791.01,4623.54,385.1,sample,1,2026-10-08T22:44:27.510896
Maharashtra,Ahilyanagar,Sangamner,Soyabean,Yellow,FAQ,2026-09-18,4465.0,4851.33,4640.7,370.8,sample,1,2026-10-08T22:44:27.510906
Maharashtra,Ahilyanagar,Sangamner,Soyabean,Yellow,FAQ,2026-09-19,4502.93,4868.2,4646.51,497.5,sample,1,2026-10-08T22:44:27.510915
Maharashtra,Ahilyanagar,Sangamner,Soyabean,Yellow,FAQ,2026-09-21,4453.49,4847.31,4594.73,148.5,sample,1,2026-10-08T22:44:27.510925
Maharashtra,Ahilyanagar,Sangamner,Soyabean,Yellow,FAQ,2026-09-22,4481.39,4856.44,4622.85,107.4,sample,1,2026-10-08T22:44:27.510934
Maharashtra,Ahilyanagar,Sangamner,Soyabean,Yellow,FAQ,2026-09-23,4536.55,4846.62,4641.75,78.8,sample,1,2026-10-08T22:44:27.510944
Maharashtra,Ahilyanagar,Sangamner,Soyabean,Yellow,FAQ,2026-09-24,4432.22,4774.53,4612.88,329.4,sample,1,2026-10-08T22:44:27.510953
Maharashtra,Ahilyanagar,Sangamner,Soyabean,Yellow,FAQ,2026-09-25,4416.87,4832.61,4611.16,343.4,sample,1,2026-10-08T22:44:27.510963
Maharashtra,Ahilyanagar,Sangamner,Soyabean,Yellow,FAQ,2026-09-26,4535.06,4821.6,4641.39,494.9,sample,1,2026-10-08T22:44:27.510973
Maharashtra,Ahilyanagar,Sangamner,Soyabean,Yellow,FAQ,2026-09-28,4564.12,4863.6,4705.56,73.5,sample,1,2026-10-08T22:44:27.510983
Maharashtra,Ahilyanagar,Sangamner,Soyabean,Yellow,FAQ,2026-09-29,4523.18,4939.25,4686.8,73.5,sample,1,2026-10-08T22:44:27.510996
Maharashtra,Ahilyanagar,Sangamner,Soyabean,Yellow,FAQ,2026-09-30,4519.48,4855.1,4660.29,313.3,sample,1,2026-10-08T22:44:27.511006
Maharashtra,Ahilyanagar,Sangamner,Soyabean,Yellow,FAQ,2026-10-01,4543.43,4862.86,4651.98,395.4,sample,1,2026-10-08T22:44:27.511016
Maharashtra,Ahilyanagar,Sangamner,Soyabean,Yellow,FAQ,2026-10-02,4494.65,4829.12,4654.46,291.5,sample,1,2026-10-08T22:44:27.511026
Maharashtra,Ahilyanagar,Sangamner,Soyabean,Yellow,FAQ,2026-10-03,4597.41,4862.86,4703.86,450.4,sample,1,2026-10-08T22:44:27.511035
Maharashtra,Ahilyanagar,Sangamner,Soyabean,Yellow,FAQ,2026-10-05,4635.47,4956.14,4743.52,375.6,sample,1,2026-10-08T22:44:27.511045
Maharashtra,Ahilyanagar,Sangamner,Soyabean,Yellow,FAQ,2026-10-06,4590.17,4959.85,4754.78,488.5,sample,1,2026-10-08T22:44:27.511054
Maharashtra,Ahilyanagar,Sangamner,Soyabean,Yellow,FAQ,2026-10-07,4556.36,4882.04,4707.02,99.8,sample,1,2026-10-08T22:44:27.511064
Maharashtra,Ahilyanagar,Sangamner,Soyabean,Yellow,FAQ,2026-10-08,4491.75,4856.7,4676.17,378.3,sample,1,2026-10-08T22:44:27.511073
Maharashtra,Ahilyanagar,Sangamner,Tomato,Hybrid,FAQ,2026-07-10,1465.5,2042.14,1737.59,247.9,sample,1,2026-10-08T22:44:27.511087
Maharashtra,Ahilyanagar,Sangamner,Tomato,Hybrid,FAQ,2026-07-11,1477.72,2075.73,1734.57,412.7,sample,1,2026-10-08T22:44:27.511098
Maharashtra,Ahilyanagar,Sangamner,Tomato,Hybrid,FAQ,2026-07-13,1604.46,2165.63,1845.67,122.4,sample,1,2026-10-08T22:44:27.511109
Maharashtra,Ahilyanagar,Sangamner,Tomato,Hybrid,FAQ,2026-07-14,1472.44,2111.07,1781.72,219.6,sample,1,2026-10-08T22:44:27.511119
Maharashtra,Ahilyanagar,Sangamner,Tomato,Hybrid,FAQ,2026-07-15,1557.22,2081.24,1830.73,323.2,sample,1,2026-10-08T22:44:27.511129
Maharashtra,Ahilyanagar,Sangamner,Tomato,Hybrid,FAQ,2026-07-16,1744.62,2369.71,1960.86,483.2,sample,1,2026-10-08T22:44:27.511139
Maharashtra,Ahilyanagar,Sangamner,Tomato,Hybrid,FAQ,2026-07-17,1737.97,2407.9,2058.97,284.8,sample,1,2026-10-08T22:44:27.511149
Maharashtra,Ahilyanagar,Sangamner,Tomato,Hybrid,FAQ,2026-07-18,1859.53,2368.68,2092.2,326.9,sample,1,2026-10-08T22:44:27.511159
Maharashtra,Ahilyanagar,Sangamner,Tomato,Hybrid,FAQ,2026-07-20,1879.16,2439.26,2161.94,423.7,sample,1,2026-10-08T22:44:27.511177
Maharashtra,Ahilyanagar,Sangamner,Tomato,Hybrid,FAQ,2026-07-21,1875.14,2464.29,2098.16,267.2,sample,1,2026-10-08T22:44:27.511186
Maharashtra,Ahilyanagar,Sangamner,Tomato,Hybrid,FAQ,2026-07-22,1830.72,2473.67,2085.54,40.3,sample,1,2026-10-08T22:44:27.511199
Maharashtra,Ahilyanagar,Sangamner,Tomato,Hybrid,FAQ,2026-07-23,1660.78,2320.6,1932.31,404.5,sample,1,2026-10-08T22:44:27.511213
Maharashtra,Ahilyanagar,Sangamner,Tomato,Hybrid,FAQ,2026-07-24,1537.04,2228.84,1844.49,439.2,sample,1,2026-10-08T22:44:27.511224
Maharashtra,Ahilyanagar,Sangamner,Tomato,Hybrid,FAQ,2026-07-25,1647.06,2262.33,1935.4,374.7,sample,1,2026-10-08T22:44:27.511233
Maharashtra,Ahilyanagar,Sangamner,Tomato,Hybrid,FAQ,2026-07-27,1706.9,2273.98,1887.65,117.2,sample,1,2026-10-08T22:44:27.511244
Maharashtra,Ahilyanagar,Sangamner,Tomato,Hybrid,FAQ,2026-07-28,1652.72,2244.63,1962.69,383.4,sample,1,2026-10-08T22:44:27.511253
Maharashtra,Ahilyanagar,Sangamner,Tomato,Hybrid,FAQ,2026-07-29,1792.64,2349.97,1995.02,251.9,sample,1,2026-10-08T22:44:27.511263
Maharashtra,Ahilyanagar,Sangamner,Tomato,Hybrid,FAQ,2026-07-30,1703.08,2211.66,1937.19,420.2,sample,1,2026-10-08T22:44:27.511272
Maharashtra,Ahilyanagar,Sangamner,Tomato,Hybrid,FAQ,2026-07-31,1681.62,2338.45,1893.61,354.4,sample,1,2026-10-08T22:44:27.511282
Maharashtra,Ahilyanagar,Sangamner,Tomato,Hybrid,FAQ,2026-08-01,1572.5,2281.22,1858.4,403.2,sample,1,2026-10-08T22:44:27.511291
Maharashtra,Ahilyanagar,Sangamner,Tomato,Hybrid,FAQ,2026-08-03,1569.31,2245.1,1885.4,454.7,sample,1,2026-10-08T22:44:27.511302
Maharashtra,Ahilyanagar,Sangamner,Tomato,Hybrid,FAQ,2026-08-04,1573.09,2100.63,1833.98,226.3,sample,1,2026-10-08T22:44:27.511313
Maharashtra,Ahilyanagar,Sangamner,Tomato,Hybrid,FAQ,2026-08-05,1514.2,2110.79,1826.6,390.3,sample,1,2026-10-08T22:44:27.511322
Maharashtra,Ahilyanagar,Sangamner,Tomato,Hybrid,FAQ,2026-08-06,1665.64,2389.75,1949.0,121.8,sample,1,2026-10-08T22:44:27.511333
Maharashtra,Ahilyanagar,Sangamner,Tomato,Hybrid,FAQ,2026-08-07,1698.49,2299.87,2018.78,475.2,sample,1,2026-10-08T22:44:27.511344
Maharashtra,Ahilyanagar,Sangamner,Tomato,Hybrid,FAQ,2026-08-08,1775.2,2374.32,1983.45,197.9,sample,1,2026-10-08T22:44:27.511353
Maharashtra,Ahilyanagar,Sangamner,Tomato,Hybrid,FAQ,2026-08-10,1691.57,2307.59,1881.9,472.2,sample,1,2026-10-08T22:44:27.511364
Maharashtra,Ahilyanagar,Sangamner,Tomato,Hybrid,FAQ,2026-08-11,1612.93,2198.09,1803.86,209.8,sample,1,2026-10-08T22:44:27.511374
Maharashtra,Ahilyanagar,Sangamner,Tomato,Hybrid,FAQ,2026-08-12,1667.1,2365.75,1919.94,476.8,sample,1,2026-10-08T22:44:27.511384
Maharashtra,Ahilyanagar,Sangamner,Tomato,Hybrid,FAQ,2026-08-13,1676.15,2183.23,1934.95,187.4,sample,1,2026-10-08T22:44:27.511393
Maharashtra,Ahilyanagar,Sangamner,Tomato,Hybrid,FAQ,2026-08-14,1511.54,2102.35,1810.27,129.3,sample,1,2026-10-08T22:44:27.511402
Maharashtra,Ahilyanagar,Sangamner,Tomato,Hybrid,FAQ,2026-08-15,1552.31,2091.73,1821.53,350.7,sample,1,2026-10-08T22:44:27.511413
Maharashtra,Ahilyanagar,Sangamner,Tomato,Hybrid,FAQ,2026-08-17,1404.38,1987.1,1718.33,261.4,sample,1,2026-10-08T22:44:27.511424
Maharashtra,Ahilyanagar,Sangamner,Tomato,Hybrid,FAQ,2026-08-18,1469.16,1971.65,1716.8,279.9,sample,1,2026-10-08T22:44:27.511433
Maharashtra,Ahilyanagar,Sangamner,Tomato,Hybrid,FAQ,2026-08-19,1478.41,1946.7,1693.78,425.7,sample,1,2026-10-08T22:44:27.511444
Maharashtra,Ahilyanagar,Sangamner,Tomato,Hybrid,FAQ,2026-08-20,1393.65,1909.77,1600.18,189.6,sample,1,2026-10-08T22:44:27.511453
Maharashtra,Ahilyanagar,Sangamner,Tomato,Hybrid,FAQ,2026-08-21,1320.34,1812.02,1544.5,375.3,sample,1,2026-10-08T22:44:27.511463
Maharashtra,Ahilyanagar,Sangamner,Tomato,Hybrid,FAQ,2026-08-22,1350.28,2011.28,1580.2,416.1,sample,1,2026-10-08T22:44:27.511472
Maharashtra,Ahilyanagar,Sangamner,Tomato,Hybrid,FAQ,2026-08-24,1187.07,1735.76,1440.75,236.1,sample,1,2026-10-08T22:44:27.511483
Maharashtra,Ahilyanagar,Sangamner,Tomato,Hybrid,FAQ,2026-08-25,1181.86,1739.21,1484.59,481.5,sample,1,2026-10-08T22:44:27.511492
Maharashtra,Ahilyanagar,Sangamner,Tomato,Hybrid,FAQ,2026-08-26,1207.98,1867.65,1487.55,90.2,sample,1,2026-10-08T22:44:27.511502
Maharashtra,Ahilyanagar,Sangamner,Tomato,Hybrid,FAQ,2026-08-27,1342.26,2071.24,1659.82,56.2,sample,1,2026-10-08T22:44:27.511514
Maharashtra,Ahilyanagar,Sangamner,Tomato,Hybrid,FAQ,2026-08-28,1348.31,2059.74,1615.67,96.1,sample,1,2026-10-08T22:44:27.511524
Maharashtra,Ahilyanagar,Sangamner,Tomato,Hybrid,FAQ,2026-08-29,1433.83,2041.9,1697.59,67.7,sample,1,2026-10-08T22:44:27.511534
Maharashtra,Ahilyanagar,Sangamner,Tomato,Hybrid,FAQ,2026-08-31,1453.85,2002.6,1700.55,99.7,sample,1,2026-10-08T22:44:27.511544
Maharashtra,Ahilyanagar,Sangamner,Tomato,Hybrid,FAQ,2026-09-01,1364.06,2021.39,1665.77,434.0,sample,1,2026-10-08T22:44:27.511554
Maharashtra,Ahilyanagar,Sangamner,Tomato,Hybrid,FAQ,2026-09-02,1451.83,1961.85,1647.36,412.2,sample,1,2026-10-08T22:44:27.511564
Maharashtra,Ahilyanagar,Sangamner,Tomato,Hybrid,FAQ,2026-09-03,1399.96,2031.28,1696.37,66.8,sample,1,2026-10-08T22:44:27.511573
Maharashtra,Ahilyanagar,Sangamner,Tomato,Hybrid,FAQ,2026-09-04,1390.96,2053.31,1641.93,246.9,sample,1,2026-10-08T22:44:27.511583
Maharashtra,Ahilyanagar,Sangamner,Tomato,Hybrid,FAQ,2026-09-05,1533.96,2083.01,1775.29,117.1,sample,1,2026-10-08T22:44:27.511593
Maharashtra,Ahilyanagar,Sangamner,Tomato,Hybrid,FAQ,2026-09-07,1480.86,2107.02,1706.45,347.9,sample,1,2026-10-08T22:44:27.511603
Maharashtra,Ahilyanagar,Sangamner,Tomato,Hybrid,FAQ,2026-09-08,1460.75,2033.25,1716.95,310.6,sample,1,2026-10-08T22:44:27.511614
Maharashtra,Ahilyanagar,Sangamner,Tomato,Hybrid,FAQ,2026-09-09,1640.25,2257.51,1862.85,322.3,sample,1,2026-10-08T22:44:27.511623
Maharashtra,Ahilyanagar,Sangamner,Tomato,Hybrid,FAQ,2026-09-10,1628.99,2102.73,1830.66,480.7,sample,1,2026-10-08T22:44:27.511634
Maharashtra,Ahilyanagar,Sangamner,Tomato,Hybrid,FAQ,2026-09-11,1712.04,2343.8,2008.9,192.9,sample,1,2026-10-08T22:44:27.511645
Maharashtra,Ahilyanagar,Sangamner,Tomato,Hybrid,FAQ,2026-09-12,1693.79,2312.92,1889.21,445.9,sample,1,2026-10-08T22:44:27.511656
Maharashtra,Ahilyanagar,Sangamner,Tomato,Hybrid,FAQ,2026-09-14,1795.07,2319.16,2025.95,337.8,sample,1,2026-10-08T22:44:27.511666
Maharashtra,Ahilyanagar,Sangamner,Tomato,Hybrid,FAQ,2026-09-15,1845.64,2501.73,2055.45,100.3,sample,1,2026-10-08T22:44:27.511676
Maharashtra,Ahilyanagar,Sangamner,Tomato,Hybrid,FAQ,2026-09-16,1865.05,2576.97,2164.11,439.5,sample,1,2026-10-08T22:44:27.511686
Maharashtra,Ahilyanagar,Sangamner,Tomato,Hybrid,FAQ,2026-09-17,1847.57,2279.13,2032.96,196.4,sample,1,2026-10-08T22:44:27.511699
Maharashtra,Ahilyanagar,Sangamner,Tomato,Hybrid,FAQ,2026-09-18,1806.7,2438.31,2076.65,123.8,sample,1,2026-10-08T22:44:27.511709
Maharashtra,Ahilyanagar,Sangamner,Tomato,Hybrid,FAQ,2026-09-19,1886.65,2385.4,2076.71,431.5,sample,1,2026-10-08T22:44:27.511719
Maharashtra,Ahilyanagar,Sangamner,Tomato,Hybrid,FAQ,2026-09-21,1724.73,2441.67,1987.7,265.7,sample,1,2026-10-08T22:44:27.511729
Maharashtra,Ahilyanagar,Sangamner,Tomato,Hybrid,FAQ,2026-09-22,1718.68,2392.19,1968.62,495.6,sample,1,2026-10-08T22:44:27.511738
Maharashtra,Ahilyanagar,Sangamner,Tomato,Hybrid,FAQ,2026-09-23,1707.33,2315.55,1977.93,476.8,sample,1,2026-10-08T22:44:27.511748
Maharashtra,Ahilyanagar,Sangamner,Tomato,Hybrid,FAQ,2026-09-24,1786.07,2333.98,2057.54,42.9,sample,1,2026-10-08T22:44:27.511757
Maharashtra,Ahilyanagar,Sangamner,Tomato,Hybrid,FAQ,2026-09-25,1697.09,2263.12,1982.9,209.7,sample,1,2026-10-08T22:44:27.511766
Maharashtra,Ahilyanagar,Sangamner,Tomato,Hybrid,FAQ,2026-09-26,1841.59,2494.29,2047.96,281.9,sample,1,2026-10-08T22:44:27.511776
Maharashtra,Ahilyanagar,Sangamner,Tomato,Hybrid,FAQ,2026-09-28,1798.37,2471.3,2054.87,379.0,sample,1,2026-10-08T22:44:27.511786
Maharashtra,Ahilyanagar,Sangamner,Tomato,Hybrid,FAQ,2026-09-29,1794.73,2256.5,1998.29,132.1,sample,1,2026-10-08T22:44:27.511797
Maharashtra,Ahilyanagar,Sangamner,Tomato,Hybrid,FAQ,2026-09-30,1910.23,2395.31,2086.29,82.6,sample,1,2026-10-08T22:44:27.511806
Maharashtra,Ahilyanagar,Sangamner,Tomato,Hybrid,FAQ,2026-10-01,1963.1,2441.37,2194.67,81.3,sample,1,2026-10-08T22:44:27.511816
Maharashtra,Ahilyanagar,Sangamner,Tomato,Hybrid,FAQ,2026-10-02,1980.48,2575.18,2179.5,253.1,sample,1,2026-10-08T22:44:27.511825
Maharashtra,Ahilyanagar,Sangamner,Tomato,Hybrid,FAQ,2026-10-03,2046.78,2505.07,2225.41,257.0,sample,1,2026-10-08T22:44:27.511836
Maharashtra,Ahilyanagar,Sangamner,Tomato,Hybrid,FAQ,2026-10-05,1929.32,2582.97,2172.72,453.9,sample,1,2026-10-08T22:44:27.511846
Maharashtra,Ahilyanagar,Sangamner,Tomato,Hybrid,FAQ,2026-10-06,1905.57,2464.96,2152.58,383.5,sample,1,2026-10-08T22:44:27.511855
Maharashtra,Ahilyanagar,Sangamner,Tomato,Hybrid,FAQ,2026-10-07,1816.46,2388.61,2064.04,436.9,sample,1,2026-10-08T22:44:27.511864
Maharashtra,Ahilyanagar,Sangamner,Tomato,Hybrid,FAQ,2026-10-08,1822.22,2451.88,2138.54,324.6,sample,1,2026-10-08T22:44:27.511873
Maharashtra,Nashik,Yeola,Onion,Red/Nasik,FAQ,2026-07-10,1863.22,2582.64,2193.78,453.8,sample,1,2026-10-08T22:44:27.511887
Maharashtra,Nashik,Yeola,Onion,Red/Nasik,FAQ,2026-07-11,1882.48,2647.25,2192.16,220.5,sample,1,2026-10-08T22:44:27.511896
Maharashtra,Nashik,Yeola,Onion,Red/Nasik,FAQ,2026-07-13,1877.28,2475.42,2166.4,255.6,sample,1,2026-10-08T22:44:27.511907
Maharashtra,Nashik,Yeola,Onion,Red/Nasik,FAQ,2026-07-14,1941.02,2607.42,2162.42,131.2,sample,1,2026-10-08T22:44:27.511918
Maharashtra,Nashik,Yeola,Onion,Red/Nasik,FAQ,2026-07-15,1810.36,2624.3,2187.0,484.6,sample,1,2026-10-08T22:44:27.511927
Maharashtra,Nashik,Yeola,Onion,Red/Nasik,FAQ,2026-07-16,1730.93,2615.39,2113.13,189.9,sample,1,2026-10-08T22:44:27.511936
Maharashtra,Nashik,Yeola,Onion,Red/Nasik,FAQ,2026-07-17,1840.09,2579.68,2152.13,380.9,sample,1,2026-10-08T22:44:27.511945
Maharashtra,Nashik,Yeola,Onion,Red/Nasik,FAQ,2026-07-18,1847.79,2725.75,2216.47,377.1,sample,1,2026-10-08T22:44:27.511954
Maharashtra,Nashik,Yeola,Onion,Red/Nasik,FAQ,2026-07-20,1926.67,2675.69,2242.0,148.7,sample,1,2026-10-08T22:44:27.511964
Maharashtra,Nashik,Yeola,Onion,Red/Nasik,FAQ,2026-07-21,1865.11,2510.98,2174.23,116.6,sample,1,2026-10-08T22:44:27.511975
Maharashtra,Nashik,Yeola,Onion,Red/Nasik,FAQ,2026-07-22,1881.07,2553.71,2135.08,451.5,sample,1,2026-10-08T22:44:27.511984
Maharashtra,Nashik,Yeola,Onion,Red/Nasik,FAQ,2026-07-23,1831.83,2491.83,2078.4,181.7,sample,1,2026-10-08T22:44:27.511993
Maharashtra,Nashik,Yeola,Onion,Red/Nasik,FAQ,2026-07-24,1712.05,2494.99,2038.08,446.0,sample,1,2026-10-08T22:44:27.512002
Maharashtra,Nashik,Yeola,Onion,Red/Nasik,FAQ,2026-07-25,1829.37,2552.75,2078.77,173.3,sample,1,2026-10-08T22:44:27.512013
Maharashtra,Nashik,Yeola,Onion,Red/Nasik,FAQ,2026-07-27,1892.61,2490.54,2149.6,413.0,sample,1,2026-10-08T22:44:27.512023
Maharashtra,Nashik,Yeola,Onion,Red/Nasik,FAQ,2026-07-28,1783.41,2559.59,2132.9,373.5,sample,1,2026-10-08T22:44:27.512032
Maharashtra,Nashik,Yeola,Onion,Red/Nasik,FAQ,2026-07-29,1804.8,2649.83,2163.28,241.8,sample,1,2026-10-08T22:44:27.512041
Maharashtra,Nashik,Yeola,Onion,Red/Nasik,FAQ,2026-07-30,1974.79,2540.25,2218.41,72.1,sample,1,2026-10-08T22:44:27.512049
Maharashtra,Nashik,Yeola,Onion,Red/Nasik,FAQ,2026-07-31,1884.66,2649.29,2256.85,282.4,sample,1,2026-10-08T22:44:27.512059
Maharashtra,Nashik,Yeola,Onion,Red/Nasik,FAQ,2026-08-01,1971.26,2577.85,2270.85,265.6,sample,1,2026-10-08T22:44:27.512068
Maharashtra,Nashik,Yeola,Onion,Red/Nasik,FAQ,2026-08-03,1992.2,2720.51,2306.52,460.9,sample,1,2026-10-08T22:44:27.512078
Maharashtra,Nashik,Yeola,Onion,Red/Nasik,FAQ,2026-08-04,2024.27,2593.83,2278.01,413.7,sample,1,2026-10-08T22:44:27.512087
Maharashtra,Nashik,Yeola,Onion,Red/Nasik,FAQ,2026-08-05,1925.72,2653.81,2278.5,403.7,sample,1,2026-10-08T22:44:27.512097
Maharashtra,Nashik,Yeola,Onion,Red/Nasik,FAQ,2026-08-06,1890.46,2667.32,2255.8,119.7,sample,1,2026-10-08T22:44:27.512107
Maharashtra,Nashik,Yeola,Onion,Red/Nasik,FAQ,2026-08-07,1976.43,2711.77,2286.19,472.3,sample,1,2026-10-08T22:44:27.512116
Maharashtra,Nashik,Yeola,Onion,Red/Nasik,FAQ,2026-08-08,1890.35,2664.09,2259.62,272.7,sample,1,2026-10-08T22:44:27.512126
Maharashtra,Nashik,Yeola,Onion,Red/Nasik,FAQ,2026-08-10,1970.65,2676.16,2218.56,364.3,sample,1,2026-10-08T22:44:27.512136
Maharashtra,Nashik,Yeola,Onion,Red/Nasik,FAQ,2026-08-11,1925.19,2605.62,2202.18,124.9,sample,1,2026-10-08T22:44:27.512146
Maharashtra,Nashik,Yeola,Onion,Red/Nasik,FAQ,2026-08-12,1952.57,2654.62,2173.53,385.3,sample,1,2026-10-08T22:44:27.512155
Maharashtra,Nashik,Yeola,Onion,Red/Nasik,FAQ,2026-08-13,1751.23,2605.25,2140.79,132.9,sample,1,2026-10-08T22:44:27.512164
Maharashtra,Nashik,Yeola,Onion,Red/Nasik,FAQ,2026-08-14,1764.23,2575.19,2140.29,414.7,sample,1,2026-10-08T22:44:27.512173
Maharashtra,Nashik,Yeola,Onion,Red/Nasik,FAQ,2026-08-15,1825.09,2606.74,2189.02,90.4,sample,1,2026-10-08T22:44:27.512182
Maharashtra,Nashik,Yeola,Onion,Red/Nasik,FAQ,2026-08-17,2041.03,2610.78,2280.37,374.9,sample,1,2026-10-08T22:44:27.512194
Maharashtra,Nashik,Yeola,Onion,Red/Nasik,FAQ,2026-08-18,1947.09,2807.05,2318.83,50.5,sample,1,2026-10-08T22:44:27.512204
Maharashtra,Nashik,Yeola,Onion,Red/Nasik,FAQ,2026-08-19,2005.45,2810.85,2355.71,310.0,sample,1,2026-10-08T22:44:27.512214
Maharashtra,Nashik,Yeola,Onion,Red/Nasik,FAQ,2026-08-20,2132.13,2690.58,2404.81,179.3,sample,1,2026-10-08T22:44:27.512223
Maharashtra,Nashik,Yeola,Onion,Red/Nasik,FAQ,2026-08-21,1984.15,2652.72,2326.44,321.6,sample,1,2026-10-08T22:44:27.512232
Maharashtra,Nashik,Yeola,Onion,Red/Nasik,FAQ,2026-08-22,2088.83,2615.35,2334.17,231.2,sample,1,2026-10-08T22:44:27.512241
Maharashtra,Nashik,Yeola,Onion,Red/Nasik,FAQ,2026-08-24,1980.87,2600.0,2297.7,485.0,sample,1,2026-10-08T22:44:27.512252
Maharashtra,Nashik,Yeola,Onion,Red/Nasik,FAQ,2026-08-25,2067.1,2594.85,2303.23,109.4,sample,1,2026-10-08T22:44:27.512261
Maharashtra,Nashik,Yeola,Onion,Red/Nasik,FAQ,2026-08-26,2090.54,2766.62,2321.79,362.2,sample,1,2026-10-08T22:44:27.512275
Maharashtra,Nashik,Yeola,Onion,Red/Nasik,FAQ,2026-08-27,2054.63,2739.46,2347.49,343.7,sample,1,2026-10-08T22:44:27.512284
Maharashtra,Nashik,Yeola,Onion,Red/Nasik,FAQ,2026-08-28,2064.24,2709.94,2408.52,91.8,sample,1,2026-10-08T22:44:27.512293
Maharashtra,Nashik,Yeola,Onion,Red/Nasik,FAQ,2026-08-29,2142.11,2735.68,2424.6,123.1,sample,1,2026-10-08T22:44:27.512304
Maharashtra,Nashik,Yeola,Onion,Red/Nasik,FAQ,2026-08-31,2184.96,2928.85,2475.33,344.4,sample,1,2026-10-08T22:44:27.512314
Maharashtra,Nashik,Yeola,Onion,Red/Nasik,FAQ,2026-09-01,2144.05,2983.04,2520.65,468.9,sample,1,2026-10-08T22:44:27.512322
Maharashtra,Nashik,Yeola,Onion,Red/Nasik,FAQ,2026-09-02,2189.71,2819.94,2531.05,303.1,sample,1,2026-10-08T22:44:27.512331
Maharashtra,Nashik,Yeola,Onion,Red/Nasik,FAQ,2026-09-03,2296.97,2945.59,2584.63,286.6,sample,1,2026-10-08T22:44:27.512340
Maharashtra,Nashik,Yeola,Onion,Red/Nasik,FAQ,2026-09-04,2172.12,3014.66,2539.96,397.3,sample,1,2026-10-08T22:44:27.512349
Maharashtra,Nashik,Yeola,Onion,Red/Nasik,FAQ,2026-09-05,2251.71,2943.81,2480.36,169.7,sample,1,2026-10-08T22:44:27.512358
Maharashtra,Nashik,Yeola,Onion,Red/Nasik,FAQ,2026-09-07,2151.2,2947.3,2503.37,327.7,sample,1,2026-10-08T22:44:27.512369
Maharashtra,Nashik,Yeola,Onion,Red/Nasik,FAQ,2026-09-08,2281.03,2877.26,2516.34,44.0,sample,1,2026-10-08T22:44:27.512378
Maharashtra,Nashik,Yeola,Onion,Red/Nasik,FAQ,2026-09-09,2195.31,2781.14,2432.33,99.3,sample,1,2026-10-08T22:44:27.512387
Maharashtra,Nashik,Yeola,Onion,Red/Nasik,FAQ,2026-09-10,1941.57,2724.71,2302.77,362.3,sample,1,2026-10-08T22:44:27.512397
Maharashtra,Nashik,Yeola,Onion,Red/Nasik,FAQ,2026-09-11,1874.06,2695.46,2213.94,70.4,sample,1,2026-10-08T22:44:27.512406
Maharashtra,Nashik,Yeola,Onion,Red/Nasik,FAQ,2026-09-12,1970.98,2751.8,2314.56,410.5,sample,1,2026-10-08T22:44:27.512415
Maharashtra,Nashik,Yeola,Onion,Red/Nasik,FAQ,2026-09-14,2011.86,2639.95,2329.18,359.5,sample,1,2026-10-08T22:44:27.512425
Maharashtra,Nashik,Yeola,Onion,Red/Nasik,FAQ,2026-09-15,2099.66,2683.14,2399.04,84.7,sample,1,2026-10-08T22:44:27.512434
Maharashtra,Nashik,Yeola,Onion,Red/Nasik,FAQ,2026-09-16,2158.16,2799.47,2417.74,205.1,sample,1,2026-10-08T22:44:27.512443
Maharashtra,Nashik,Yeola,Onion,Red/Nasik,FAQ,2026-09-17,2137.17,2773.98,2405.97,181.2,sample,1,2026-10-08T22:44:27.512453
Maharashtra,Nashik,Yeola,Onion,Red/Nasik,FAQ,2026-09-18,2215.46,2936.29,2430.33,448.5,sample,1,2026-10-08T22:44:27.512463
Maharashtra,Nashik,Yeola,Onion,Red/Nasik,FAQ,2026-09-19,2056.82,2693.1,2406.95,495.4,sample,1,2026-10-08T22:44:27.512472
Maharashtra,Nashik,Yeola,Onion,Red/Nasik,FAQ,2026-09-21,2172.9,2766.9,2448.03,146.2,sample,1,2026-10-08T22:44:27.512492
Maharashtra,Nashik,Yeola,Onion,Red/Nasik,FAQ,2026-09-22,2118.31,2711.85,2417.38,315.6,sample,1,2026-10-08T22:44:27.512506
Maharashtra,Nashik,Yeola,Onion,Red/Nasik,FAQ,2026-09-23,2100.76,2867.77,2484.28,436.5,sample,1,2026-10-08T22:44:27.512516
Maharashtra,Nashik,Yeola,Onion,Red/Nasik,FAQ,2026-09-24,2290.06,2838.86,2504.09,98.2,sample,1,2026-10-08T22:44:27.512525
Maharashtra,Nashik,Yeola,Onion,Red/Nasik,FAQ,2026-09-25,2106.48,2840.85,2478.68,160.1,sample,1,2026-10-08T22:44:27.512535
Maharashtra,Nashik,Yeola,Onion,Red/Nasik,FAQ,2026-09-26,2174.27,3018.46,2539.8,354.8,sample,1,2026-10-08T22:44:27.512544
Maharashtra,Nashik,Yeola,Onion,Red/Nasik,FAQ,2026-09-28,2166.73,2853.1,2504.59,154.9,sample,1,2026-10-08T22:44:27.512555
Maharashtra,Nashik,Yeola,Onion,Red/Nasik,FAQ,2026-09-29,2233.34,2893.66,2465.79,457.7,sample,1,2026-10-08T22:44:27.512564
Maharashtra,Nashik,Yeola,Onion,Red/Nasik,FAQ,2026-09-30,2033.39,2841.51,2407.95,209.5,sample,1,2026-10-08T22:44:27.512574
Maharashtra,Nashik,Yeola,Onion,Red/Nasik,FAQ,2026-10-01,2063.56,2788.29,2434.31,69.8,sample,1,2026-10-08T22:44:27.512583
Maharashtra,Nashik,Yeola,Onion,Red/Nasik,FAQ,2026-10-02,1966.57,2725.49,2356.22,235.6,sample,1,2026-10-08T22:44:27.512594
Maharashtra,Nashik,Yeola,Onion,Red/Nasik,FAQ,2026-10-03,2137.79,2717.9,2378.84,260.6,sample,1,2026-10-08T22:44:27.512604
Maharashtra,Nashik,Yeola,Onion,Red/Nasik,FAQ,2026-10-05,2193.4,2832.8,2448.6,90.9,sample,1,2026-10-08T22:44:27.512615
Maharashtra,Nashik,Yeola,Onion,Red/Nasik,FAQ,2026-10-06,2189.3,2963.79,2499.19,406.7,sample,1,2026-10-08T22:44:27.512624
Maharashtra,Nashik,Yeola,Onion,Red/Nasik,FAQ,2026-10-07,2259.43,2972.98,2474.23,404.6,sample,1,2026-10-08T22:44:27.512634
Maharashtra,Nashik,Yeola,Onion,Red/Nasik,FAQ,2026-10-08,2153.58,2767.36,2463.27,223.4,sample,1,2026-10-08T22:44:27.512643
Maharashtra,Nashik,Yeola,Soyabean,Yellow,FAQ,2026-07-10,4611.9,4933.42,4731.47,290.4,sample,1,2026-10-08T22:44:27.512655
Maharashtra,Nashik,Yeola,Soyabean,Yellow,FAQ,2026-07-11,4562.57,4951.57,4714.09,348.3,sample,1,2026-10-08T22:44:27.512664
Maharashtra,Nashik,Yeola,Soyabean,Yellow,FAQ,2026-07-13,4585.7,4919.82,4693.44,488.1,sample,1,2026-10-08T22:44:27.512675
Maharashtra,Nashik,Yeola,Soyabean,Yellow,FAQ,2026-07-14,4534.18,4898.18,4702.57,129.9,sample,1,2026-10-08T22:44:27.512684
Maharashtra,Nashik,Yeola,Soyabean,Yellow,FAQ,2026-07-15,4619.13,4941.75,4746.32,145.4,sample,1,2026-10-08T22:44:27.512694
Maharashtra,Nashik,Yeola,Soyabean,Yellow,FAQ,2026-07-16,4644.91,4902.82,4757.08,440.3,sample,1,2026-10-08T22:44:27.512706
Maharashtra,Nashik,Yeola,Soyabean,Yellow,FAQ,2026-07-17,4594.3,4900.13,4724.1,408.5,sample,1,2026-10-08T22:44:27.512718
Maharashtra,Nashik,Yeola,Soyabean,Yellow,FAQ,2026-07-18,4641.33,4986.57,4762.08,51.4,sample,1,2026-10-08T22:44:27.512728
Maharashtra,Nashik,Yeola,Soyabean,Yellow,FAQ,2026-07-20,4584.38,4940.6,4737.23,203.5,sample,1,2026-10-08T22:44:27.512739
Maharashtra,Nashik,Yeola,Soyabean,Yellow,FAQ,2026-07-21,4583.46,4918.33,4726.79,156.7,sample,1,2026-10-08T22:44:27.512748
Maharashtra,Nashik,Yeola,Soyabean,Yellow,FAQ,2026-07-22,4641.38,4910.75,4746.87,348.7,sample,1,2026-10-08T22:44:27.512758
Maharashtra,Nashik,Yeola,Soyabean,Yellow,FAQ,2026-07-23,4566.29,4913.83,4749.79,225.2,sample,1,2026-10-08T22:44:27.512767
Maharashtra,Nashik,Yeola,Soyabean,Yellow,FAQ,2026-07-24,4643.79,4958.85,4788.34,241.2,sample,1,2026-10-08T22:44:27.512777
Maharashtra,Nashik,Yeola,Soyabean,Yellow,FAQ,2026-07-25,4564.39,4943.6,4704.82,76.3,sample,1,2026-10-08T22:44:27.512787
Maharashtra,Nashik,Yeola,Soyabean,Yellow,FAQ,2026-07-27,4484.35,4888.05,4664.11,258.5,sample,1,2026-10-08T22:44:27.512798
Maharashtra,Nashik,Yeola,Soyabean,Yellow,FAQ,2026-07-28,4534.64,4900.11,4642.53,225.4,sample,1,2026-10-08T22:44:27.512809
Maharashtra,Nashik,Yeola,Soyabean,Yellow,FAQ,2026-07-29,4481.38,4826.83,4616.11,387.3,sample,1,2026-10-08T22:44:27.512818
Maharashtra,Nashik,Yeola,Soyabean,Yellow,FAQ,2026-07-30,4460.8,4783.43,4637.36,310.7,sample,1,2026-10-08T22:44:27.512827
Maharashtra,Nashik,Yeola,Soyabean,Yellow,FAQ,2026-07-31,4503.96,4774.03,4631.67,341.3,sample,1,2026-10-08T22:44:27.512837
Maharashtra,Nashik,Yeola,Soyabean,Yellow,FAQ,2026-08-01,4461.04,4824.01,4618.74,473.1,sample,1,2026-10-08T22:44:27.512846
Maharashtra,Nashik,Yeola,Soyabean,Yellow,FAQ,2026-08-03,4508.83,4924.94,4681.99,330.3,sample,1,2026-10-08T22:44:27.512857
Maharashtra,Nashik,Yeola,Soyabean,Yellow,FAQ,2026-08-04,4581.37,4850.99,4710.63,154.7,sample,1,2026-10-08T22:44:27.512866
Maharashtra,Nashik,Yeola,Soyabean,Yellow,FAQ,2026-08-05,4550.75,4871.43,4726.35,320.9,sample,1,2026-10-08T22:44:27.512875
Maharashtra,Nashik,Yeola,Soyabean,Yellow,FAQ,2026-08-06,4576.13,4963.24,4726.3,176.9,sample,1,2026-10-08T22:44:27.512885
Maharashtra,Nashik,Yeola,Soyabean,Yellow,FAQ,2026-08-07,4573.69,4949.72,4762.32,318.8,sample,1,2026-10-08T22:44:27.512894
Maharashtra,Nashik,Yeola,Soyabean,Yellow,FAQ,2026-08-08,4501.57,4912.31,4695.64,338.1,sample,1,2026-10-08T22:44:27.512905
Maharashtra,Nashik,Yeola,Soyabean,Yellow,FAQ,2026-08-10,4547.64,4951.94,4714.3,215.8,sample,1,2026-10-08T22:44:27.512918
Maharashtra,Nashik,Yeola,Soyabean,Yellow,FAQ,2026-08-11,4610.68,4940.88,4765.77,229.0,sample,1,2026-10-08T22:44:27.512927
Maharashtra,Nashik,Yeola,Soyabean,Yellow,FAQ,2026-08-12,4626.0,4924.87,4750.47,62.6,sample,1,2026-10-08T22:44:27.512937
Maharashtra,Nashik,Yeola,Soyabean,Yellow,FAQ,2026-08-13,4613.63,4933.76,4761.82,147.3,sample,1,2026-10-08T22:44:27.512946
Maharashtra,Nashik,Yeola,Soyabean,Yellow,FAQ,2026-08-14,4654.94,5004.85,4776.41,484.8,sample,1,2026-10-08T22:44:27.512955
Maharashtra,Nashik,Yeola,Soyabean,Yellow,FAQ,2026-08-15,4640.17,5016.86,4805.45,308.1,sample,1,2026-10-08T22:44:27.512965
Maharashtra,Nashik,Yeola,Soyabean,Yellow,FAQ,2026-08-17,4768.82,5055.73,4913.97,367.3,sample,1,2026-10-08T22:44:27.512976
Maharashtra,Nashik,Yeola,Soyabean,Yellow,FAQ,2026-08-18,4648.44,4995.26,4835.44,238.2,sample,1,2026-10-08T22:44:27.512985
Maharashtra,Nashik,Yeola,Soyabean,Yellow,FAQ,2026-08-19,4781.41,5084.85,4888.78,277.2,sample,1,2026-10-08T22:44:27.512995
Maharashtra,Nashik,Yeola,Soyabean,Yellow,FAQ,2026-08-20,4697.65,5081.3,4876.43,118.9,sample,1,2026-10-08T22:44:27.513006
Maharashtra,Nashik,Yeola,Soyabean,Yellow,FAQ,2026-08-21,4761.25,5100.34,4880.5,52.6,sample,1,2026-10-08T22:44:27.513016
Maharashtra,Nashik,Yeola,Soyabean,Yellow,FAQ,2026-08-22,4702.82,5095.44,4880.11,83.7,sample,1,2026-10-08T22:44:27.513025
Maharashtra,Nashik,Yeola,Soyabean,Yellow,FAQ,2026-08-24,4767.88,5193.71,4957.81,148.2,sample,1,2026-10-08T22:44:27.513035
Maharashtra,Nashik,Yeola,Soyabean,Yellow,FAQ,2026-08-25,4740.31,5137.01,4906.9,302.9,sample,1,2026-10-08T22:44:27.513044
Maharashtra,Nashik,Yeola,Soyabean,Yellow,FAQ,2026-08-26,4654.19,5023.22,4829.39,107.4,sample,1,2026-10-08T22:44:27.513054
Maharashtra,Nashik,Yeola,Soyabean,Yellow,FAQ,2026-08-27,4662.38,5034.58,4777.46,482.8,sample,1,2026-10-08T22:44:27.513063
Maharashtra,Nashik,Yeola,Soyabean,Yellow,FAQ,2026-08-28,4607.82,5024.91,4769.16,466.8,sample,1,2026-10-08T22:44:27.513072
Maharashtra,Nashik,Yeola,Soyabean,Yellow,FAQ,2026-08-29,4567.14,4955.72,4717.88,431.6,sample,1,2026-10-08T22:44:27.513081
Maharashtra,Nashik,Yeola,Soyabean,Yellow,FAQ,2026-08-31,4623.22,4985.18,4808.69,103.6,sample,1,2026-10-08T22:44:27.513092
Maharashtra,Nashik,Yeola,Soyabean,Yellow,FAQ,2026-09-01,4614.65,4982.0,4787.85,444.9,sample,1,2026-10-08T22:44:27.513105
Maharashtra,Nashik,Yeola,Soyabean,Yellow,FAQ,2026-09-02,4566.85,4963.82,4755.29,242.6,sample,1,2026-10-08T22:44:27.513115
Maharashtra,Nashik,Yeola,Soyabean,Yellow,FAQ,2026-09-03,4641.13,4984.27,4791.75,45.3,sample,1,2026-10-08T22:44:27.513124
Maharashtra,Nashik,Yeola,Soyabean,Yellow,FAQ,2026-09-04,4694.49,4968.47,4822.85,258.2,sample,1,2026-10-08T22:44:27.513134
Maharashtra,Nashik,Yeola,Soyabean,Yellow,FAQ,2026-09-05,4735.25,5034.08,4882.84,427.6,sample,1,2026-10-08T22:44:27.513143
Maharashtra,Nashik,Yeola,Soyabean,Yellow,FAQ,2026-09-07,4783.94,5108.08,4896.6,82.1,sample,1,2026-10-08T22:44:27.513153
Maharashtra,Nashik,Yeola,Soyabean,Yellow,FAQ,2026-09-08,4692.2,5005.6,4855.52,112.6,sample,1,2026-10-08T22:44:27.513163
Maharashtra,Nashik,Yeola,Soyabean,Yellow,FAQ,2026-09-09,4737.51,5130.63,4895.65,316.0,sample,1,2026-10-08T22:44:27.513173
Maharashtra,Nashik,Yeola,Soyabean,Yellow,FAQ,2026-09-10,4706.35,5097.92,4849.46,109.2,sample,1,2026-10-08T22:44:27.513182
Maharashtra,Nashik,Yeola,Soyabean,Yellow,FAQ,2026-09-11,4647.65,5057.97,4837.54,430.0,sample,1,2026-10-08T22:44:27.513192
Maharashtra,Nashik,Yeola,Soyabean,Yellow,FAQ,2026-09-12,4627.89,4938.7,4792.7,59.8,sample,1,2026-10-08T22:44:27.513203
Maharashtra,Nashik,Yeola,Soyabean,Yellow,FAQ,2026-09-14,4622.64,4985.78,4750.92,403.5,sample,1,2026-10-08T22:44:27.513215
Maharashtra,Nashik,Yeola,Soyabean,Yellow,FAQ,2026-09-15,4656.81,4982.48,4799.93,60.2,sample,1,2026-10-08T22:44:27.513224
Maharashtra,Nashik,Yeola,Soyabean,Yellow,FAQ,2026-09-16,4721.82,5016.84,4842.75,451.1,sample,1,2026-10-08T22:44:27.513235
Maharashtra,Nashik,Yeola,Soyabean,Yellow,FAQ,2026-09-17,4636.1,5010.26,4803.28,193.3,sample,1,2026-10-08T22:44:27.513245
Maharashtra,Nashik,Yeola,Soyabean,Yellow,FAQ,2026-09-18,4597.17,4995.68,4785.96,435.1,sample,1,2026-10-08T22:44:27.513255
Maharashtra,Nashik,Yeola,Soyabean,Yellow,FAQ,2026-09-19,4632.14,5013.36,4796.42,123.6,sample,1,2026-10-08T22:44:27.513264
Maharashtra,Nashik,Yeola,Soyabean,Yellow,FAQ,2026-09-21,4551.73,4964.33,4740.09,170.2,sample,1,2026-10-08T22:44:27.513274
Maharashtra,Nashik,Yeola,Soyabean,Yellow,FAQ,2026-09-22,4515.63,4861.56,4675.51,154.4,sample,1,2026-10-08T22:44:27.513283
Maharashtra,Nashik,Yeola,Soyabean,Yellow,FAQ,2026-09-23,4565.8,4867.48,4673.11,183.7,sample,1,2026-10-08T22:44:27.513293
Maharashtra,Nashik,Yeola,Soyabean,Yellow,FAQ,2026-09-24,4619.91,4872.13,4730.74,298.0,sample,1,2026-10-08T22:44:27.513304
Maharashtra,Nashik,Yeola,Soyabean,Yellow,FAQ,2026-09-25,4555.14,4931.12,4748.45,389.6,sample,1,2026-10-08T22:44:27.513314
Maharashtra,Nashik,Yeola,Soyabean,Yellow,FAQ,2026-09-26,4581.5,4949.6,4760.8,289.6,sample,1,2026-10-08T22:44:27.513323
Maharashtra,Nashik,Yeola,Soyabean,Yellow,FAQ,2026-09-28,4636.02,5027.39,4792.67,142.1,sample,1,2026-10-08T22:44:27.513333
Maharashtra,Nashik,Yeola,Soyabean,Yellow,FAQ,2026-09-29,4669.85,5026.89,4822.97,270.8,sample,1,2026-10-08T22:44:27.513343
Maharashtra,Nashik,Yeola,Soyabean,Yellow,FAQ,2026-09-30,4638.81,4927.2,4756.18,260.6,sample,1,2026-10-08T22:44:27.513352
Maharashtra,Nashik,Yeola,Soyabean,Yellow,FAQ,2026-10-01,4506.57,4931.07,4700.72,244.8,sample,1,2026-10-08T22:44:27.513361
Maharashtra,Nashik,Yeola,Soyabean,Yellow,FAQ,2026-10-02,4503.69,4812.39,4664.78,178.0,sample,1,2026-10-08T22:44:27.513371
Maharashtra,Nashik,Yeola,Soyabean,Yellow,FAQ,2026-10-03,4524.46,4888.32,4648.76,309.8,sample,1,2026-10-08T22:44:27.513380
Maharashtra,Nashik,Yeola,Soyabean,Yellow,FAQ,2026-10-05,4518.32,4886.18,4655.52,315.9,sample,1,2026-10-08T22:44:27.513391
Maharashtra,Nashik,Yeola,Soyabean,Yellow,FAQ,2026-10-06,4416.71,4854.88,4595.05,441.6,sample,1,2026-10-08T22:44:27.513401
Maharashtra,Nashik,Yeola,Soyabean,Yellow,FAQ,2026-10-07,4473.4,4823.97,4597.6,451.4,sample,1,2026-10-08T22:44:27.513411
Maharashtra,Nashik,Yeola,Soyabean,Yellow,FAQ,2026-10-08,4449.81,4843.29,4585.57,60.1,sample,1,2026-10-08T22:44:27.513422
Maharashtra,Nashik,Yeola,Wheat,Lokwan,FAQ,2026-07-10,2638.3,2891.0,2729.1,421.8,sample,1,2026-10-08T22:44:27.513434
Maharashtra,Nashik,Yeola,Wheat,Lokwan,FAQ,2026-07-11,2675.42,2904.88,2761.0,457.0,sample,1,2026-10-08T22:44:27.513443
Maharashtra,Nashik,Yeola,Wheat,Lokwan,FAQ,2026-07-13,2661.27,2895.13,2755.68,84.8,sample,1,2026-10-08T22:44:27.513454
Maharashtra,Nashik,Yeola,Wheat,Lokwan,FAQ,2026-07-14,2668.37,2904.67,2775.26,128.9,sample,1,2026-10-08T22:44:27.513463
Maharashtra,Nashik,Yeola,Wheat,Lokwan,FAQ,2026-07-15,2646.7,2940.96,2771.54,69.1,sample,1,2026-10-08T22:44:27.513474
Maharashtra,Nashik,Yeola,Wheat,Lokwan,FAQ,2026-07-16,2636.87,2953.57,2775.27,459.3,sample,1,2026-10-08T22:44:27.513483
Maharashtra,Nashik,Yeola,Wheat,Lokwan,FAQ,2026-07-17,2679.21,2926.28,2772.34,287.6,sample,1,2026-10-08T22:44:27.513494
Maharashtra,Nashik,Yeola,Wheat,Lokwan,FAQ,2026-07-18,2588.99,2921.3,2727.21,291.5,sample,1,2026-10-08T22:44:27.513505
Maharashtra,Nashik,Yeola,Wheat,Lokwan,FAQ,2026-07-20,2619.9,2942.14,2766.27,293.5,sample,1,2026-10-08T22:44:27.513516
Maharashtra,Nashik,Yeola,Wheat,Lokwan,FAQ,2026-07-21,2662.55,2888.13,2753.53,164.6,sample,1,2026-10-08T22:44:27.513525
Maharashtra,Nashik,Yeola,Wheat,Lokwan,FAQ,2026-07-22,2530.32,2887.69,2671.0,326.4,sample,1,2026-10-08T22:44:27.513536
Maharashtra,Nashik,Yeola,Wheat,Lokwan,FAQ,2026-07-23,2515.06,2858.91,2665.24,475.7,sample,1,2026-10-08T22:44:27.513545
Maharashtra,Nashik,Yeola,Wheat,Lokwan,FAQ,2026-07-24,2512.53,2848.21,2635.3,154.5,sample,1,2026-10-08T22:44:27.513560
Maharashtra,Nashik,Yeola,Wheat,Lokwan,FAQ,2026-07-25,2475.97,2798.94,2630.19,324.5,sample,1,2026-10-08T22:44:27.513569
Maharashtra,Nashik,Yeola,Wheat,Lokwan,FAQ,2026-07-27,2470.04,2741.21,2581.48,450.6,sample,1,2026-10-08T22:44:27.513580
Maharashtra,Nashik,Yeola,Wheat,Lokwan,FAQ,2026-07-28,2519.53,2772.78,2610.03,160.2,sample,1,2026-10-08T22:44:27.513590
Maharashtra,Nashik,Yeola,Wheat,Lokwan,FAQ,2026-07-29,2509.78,2794.03,2601.75,372.3,sample,1,2026-10-08T22:44:27.513601
Maharashtra,Nashik,Yeola,Wheat,Lokwan,FAQ,2026-07-30,2509.06,2774.32,2641.99,356.2,sample,1,2026-10-08T22:44:27.513613
Maharashtra,Nashik,Yeola,Wheat,Lokwan,FAQ,2026-07-31,2488.77,2790.15,2622.95,359.6,sample,1,2026-10-08T22:44:27.513623
Maharashtra,Nashik,Yeola,Wheat,Lokwan,FAQ,2026-08-01,2522.31,2765.2,2631.6,76.2,sample,1,2026-10-08T22:44:27.513632
Maharashtra,Nashik,Yeola,Wheat,Lokwan,FAQ,2026-08-03,2488.92,2816.94,2632.86,394.8,sample,1,2026-10-08T22:44:27.513643
Maharashtra,Nashik,Yeola,Wheat,Lokwan,FAQ,2026-08-04,2487.43,2777.94,2629.57,184.6,sample,1,2026-10-08T22:44:27.513653
Maharashtra,Nashik,Yeola,Wheat,Lokwan,FAQ,2026-08-05,2508.25,2782.88,2601.3,159.6,sample,1,2026-10-08T22:44:27.513663
Maharashtra,Nashik,Yeola,Wheat,Lokwan,FAQ,2026-08-06,2517.82,2760.66,2628.63,263.3,sample,1,2026-10-08T22:44:27.513672
Maharashtra,Nashik,Yeola,Wheat,Lokwan,FAQ,2026-08-07,2534.78,2824.2,2665.68,102.5,sample,1,2026-10-08T22:44:27.513682
Maharashtra,Nashik,Yeola,Wheat,Lokwan,FAQ,2026-08-08,2556.91,2867.78,2679.1,122.3,sample,1,2026-10-08T22:44:27.513692
Maharashtra,Nashik,Yeola,Wheat,Lokwan,FAQ,2026-08-10,2564.11,2894.55,2675.11,401.3,sample,1,2026-10-08T22:44:27.513703
Maharashtra,Nashik,Yeola,Wheat,Lokwan,FAQ,2026-08-11,2563.93,2887.38,2701.25,240.1,sample,1,2026-10-08T22:44:27.513720
Maharashtra,Nashik,Yeola,Wheat,Lokwan,FAQ,2026-08-12,2553.86,2848.99,2694.68,46.6,sample,1,2026-10-08T22:44:27.513730
Maharashtra,Nashik,Yeola,Wheat,Lokwan,FAQ,2026-08-13,2555.65,2856.13,2696.57,234.9,sample,1,2026-10-08T22:44:27.513741
Maharashtra,Nashik,Yeola,Wheat,Lokwan,FAQ,2026-08-14,2562.15,2893.01,2670.62,302.8,sample,1,2026-10-08T22:44:27.513751
Maharashtra,Nashik,Yeola,Wheat,Lokwan,FAQ,2026-08-15,2564.9,2864.56,2705.24,186.7,sample,1,2026-10-08T22:44:27.513763
Maharashtra,Nashik,Yeola,Wheat,Lokwan,FAQ,2026-08-17,2572.47,2843.57,2714.45,100.2,sample,1,2026-10-08T22:44:27.513773
Maharashtra,Nashik,Yeola,Wheat,Lokwan,FAQ,2026-08-18,2612.37,2923.99,2758.08,407.5,sample,1,2026-10-08T22:44:27.513783
Maharashtra,Nashik,Yeola,Wheat,Lokwan,FAQ,2026-08-19,2642.25,2933.67,2787.76,232.6,sample,1,2026-10-08T22:44:27.513793
Maharashtra,Nashik,Yeola,Wheat,Lokwan,FAQ,2026-08-20,2619.69,2885.98,2754.13,222.4,sample,1,2026-10-08T22:44:27.513803
Maharashtra,Nashik,Yeola,Wheat,Lokwan,FAQ,2026-08-21,2635.21,2867.49,2735.69,359.6,sample,1,2026-10-08T22:44:27.513813
Maharashtra,Nashik,Yeola,Wheat,Lokwan,FAQ,2026-08-22,2632.35,2908.28,2764.97,125.9,sample,1,2026-10-08T22:44:27.513824
Maharashtra,Nashik,Yeola,Wheat,Lokwan,FAQ,2026-08-24,2619.35,2984.91,2772.71,237.0,sample,1,2026-10-08T22:44:27.513835
Maharashtra,Nashik,Yeola,Wheat,Lokwan,FAQ,2026-08-25,2641.7,2990.11,2789.16,258.0,sample,1,2026-10-08T22:44:27.513846
Maharashtra,Nashik,Yeola,Wheat,Lokwan,FAQ,2026-08-26,2623.49,2919.79,2751.65,87.7,sample,1,2026-10-08T22:44:27.513856
Maharashtra,Nashik,Yeola,Wheat,Lokwan,FAQ,2026-08-27,2678.52,2977.85,2775.26,86.0,sample,1,2026-10-08T22:44:27.513866
Maharashtra,Nashik,Yeola,Wheat,Lokwan,FAQ,2026-08-28,2606.13,2955.68,2726.37,285.4,sample,1,2026-10-08T22:44:27.513876
Maharashtra,Nashik,Yeola,Wheat,Lokwan,FAQ,2026-08-29,2653.43,2942.59,2774.66,67.6,sample,1,2026-10-08T22:44:27.513885
Maharashtra,Nashik,Yeola,Wheat,Lokwan,FAQ,2026-08-31,2691.94,2954.28,2777.02,277.5,sample,1,2026-10-08T22:44:27.513898
Maharashtra,Nashik,Yeola,Wheat,Lokwan,FAQ,2026-09-01,2592.62,2907.92,2705.14,496.2,sample,1,2026-10-08T22:44:27.513907
Maharashtra,Nashik,Yeola,Wheat,Lokwan,FAQ,2026-09-02,2645.31,2932.08,2741.76,473.2,sample,1,2026-10-08T22:44:27.513917
Maharashtra,Nashik,Yeola,Wheat,Lokwan,FAQ,2026-09-03,2661.87,2988.68,2777.84,46.3,sample,1,2026-10-08T22:44:27.513929
Maharashtra,Nashik,Yeola,Wheat,Lokwan,FAQ,2026-09-04,2628.58,2954.28,2784.16,161.0,sample,1,2026-10-08T22:44:27.513939
Maharashtra,Nashik,Yeola,Wheat,Lokwan,FAQ,2026-09-05,2659.89,2969.4,2755.71,75.0,sample,1,2026-10-08T22:44:27.513949
Maharashtra,Nashik,Yeola,Wheat,Lokwan,FAQ,2026-09-07,2659.7,2930.66,2747.55,145.3,sample,1,2026-10-08T22:44:27.513959
Maharashtra,Nashik,Yeola,Wheat,Lokwan,FAQ,2026-09-08,2552.27,2868.67,2690.97,144.9,sample,1,2026-10-08T22:44:27.513969
Maharashtra,Nashik,Yeola,Wheat,Lokwan,FAQ,2026-09-09,2562.28,2881.34,2674.06,62.1,sample,1,2026-10-08T22:44:27.513979
Maharashtra,Nashik,Yeola,Wheat,Lokwan,FAQ,2026-09-10,2580.44,2935.5,2704.34,332.4,sample,1,2026-10-08T22:44:27.513990
Maharashtra,Nashik,Yeola,Wheat,Lokwan,FAQ,2026-09-11,2571.33,2851.79,2692.34,96.8,sample,1,2026-10-08T22:44:27.514001
Maharashtra,Nashik,Yeola,Wheat,Lokwan,FAQ,2026-09-12,2584.5,2915.77,2708.64,271.6,sample,1,2026-10-08T22:44:27.514011
Maharashtra,Nashik,Yeola,Wheat,Lokwan,FAQ,2026-09-14,2588.68,2955.45,2726.85,61.7,sample,1,2026-10-08T22:44:27.514022
Maharashtra,Nashik,Yeola,Wheat,Lokwan,FAQ,2026-09-15,2577.98,2883.0,2710.64,180.5,sample,1,2026-10-08T22:44:27.514034
Maharashtra,Nashik,Yeola,Wheat,Lokwan,FAQ,2026-09-16,2578.8,2828.9,2687.17,130.5,sample,1,2026-10-08T22:44:27.514045
Maharashtra,Nashik,Yeola,Wheat,Lokwan,FAQ,2026-09-17,2568.84,2854.23,2716.2,474.5,sample,1,2026-10-08T22:44:27.514055
Maharashtra,Nashik,Yeola,Wheat,Lokwan,FAQ,2026-09-18,2623.04,2948.39,2739.26,322.8,sample,1,2026-10-08T22:44:27.514065
Maharashtra,Nashik,Yeola,Wheat,Lokwan,FAQ,2026-09-19,2634.32,3002.88,2771.35,353.8,sample,1,2026-10-08T22:44:27.514075
Maharashtra,Nashik,Yeola,Wheat,Lokwan,FAQ,2026-09-21,2645.82,2909.28,2735.93,395.8,sample,1,2026-10-08T22:44:27.514089
Maharashtra,Nashik,Yeola,Wheat,Lokwan,FAQ,2026-09-22,2564.98,2856.23,2704.0,175.0,sample,1,2026-10-08T22:44:27.514099
Maharashtra,Nashik,Yeola,Wheat,Lokwan,FAQ,2026-09-23,2560.13,2808.68,2679.36,439.1,sample,1,2026-10-08T22:44:27.514109
Maharashtra,Nashik,Yeola,Wheat,Lokwan,FAQ,2026-09-24,2525.95,2816.91,2649.92,118.1,sample,1,2026-10-08T22:44:27.514120
Maharashtra,Nashik,Yeola,Wheat,Lokwan,FAQ,2026-09-25,2543.96,2876.13,2679.38,68.0,sample,1,2026-10-08T22:44:27.514131
Maharashtra,Nashik,Yeola,Wheat,Lokwan,FAQ,2026-09-26,2549.47,2885.97,2694.44,218.0,sample,1,2026-10-08T22:44:27.514143
Maharashtra,Nashik,Yeola,Wheat,Lokwan,FAQ,2026-09-28,2588.68,2890.98,2696.36,55.3,sample,1,2026-10-08T22:44:27.514154
Maharashtra,Nashik,Yeola,Wheat,Lokwan,FAQ,2026-09-29,2577.5,2916.97,2705.34,145.6,sample,1,2026-10-08T22:44:27.514167
Maharashtra,Nashik,Yeola,Wheat,Lokwan,FAQ,2026-09-30,2606.45,2894.29,2700.88,145.5,sample,1,2026-10-08T22:44:27.514177
Maharashtra,Nashik,Yeola,Wheat,Lokwan,FAQ,2026-10-01,2528.28,2894.48,2673.32,45.4,sample,1,2026-10-08T22:44:27.514187
Maharashtra,Nashik,Yeola,Wheat,Lokwan,FAQ,2026-10-02,2566.7,2913.37,2707.42,276.8,sample,1,2026-10-08T22:44:27.514198
Maharashtra,Nashik,Yeola,Wheat,Lokwan,FAQ,2026-10-03,2534.21,2838.5,2669.7,258.1,sample,1,2026-10-08T22:44:27.514208
Maharashtra,Nashik,Yeola,Wheat,Lokwan,FAQ,2026-10-05,2515.69,2823.65,2660.35,119.2,sample,1,2026-10-08T22:44:27.514219
Maharashtra,Nashik,Yeola,Wheat,Lokwan,FAQ,2026-10-06,2614.35,2941.66,2716.65,479.5,sample,1,2026-10-08T22:44:27.514230
Maharashtra,Nashik,Yeola,Wheat,Lokwan,FAQ,2026-10-07,2571.93,2864.1,2715.39,286.1,sample,1,2026-10-08T22:44:27.514242
Maharashtra,Nashik,Yeola,Wheat,Lokwan,FAQ,2026-10-08,2632.41,2875.57,2742.45,317.3,sample,1,2026-10-08T22:44:27.514254
Maharashtra,Amravati,Amravati,Cotton,Medium Staple,FAQ,2026-07-10,7191.16,7697.3,7449.03,355.7,sample,1,2026-10-08T22:44:27.514270
Maharashtra,Amravati,Amravati,Cotton,Medium Staple,FAQ,2026-07-11,7251.47,7952.92,7539.82,348.0,sample,1,2026-10-08T22:44:27.514281
Maharashtra,Amravati,Amravati,Cotton,Medium Staple,FAQ,2026-07-13,7341.87,7879.79,7538.93,271.1,sample,1,2026-10-08T22:44:27.514294
Maharashtra,Amravati,Amravati,Cotton,Medium Staple,FAQ,2026-07-14,7339.95,8042.68,7614.11,378.3,sample,1,2026-10-08T22:44:27.514305
Maharashtra,Amravati,Amravati,Cotton,Medium Staple,FAQ,2026-07-15,7391.89,7998.86,7630.73,276.7,sample,1,2026-10-08T22:44:27.514315
Maharashtra,Amravati,Amravati,Cotton,Medium Staple,FAQ,2026-07-16,7349.13,7978.59,7547.38,357.7,sample,1,2026-10-08T22:44:27.514325
Maharashtra,Amravati,Amravati,Cotton,Medium Staple,FAQ,2026-07-17,7495.2,8083.92,7717.38,101.1,sample,1,2026-10-08T22:44:27.514336
Maharashtra,Amravati,Amravati,Cotton,Medium Staple,FAQ,2026-07-18,7526.92,8076.41,7773.82,246.7,sample,1,2026-10-08T22:44:27.514346
Maharashtra,Amravati,Amravati,Cotton,Medium Staple,FAQ,2026-07-20,7614.06,8058.32,7794.52,375.3,sample,1,2026-10-08T22:44:27.514357
Maharashtra,Amravati,Amravati,Cotton,Medium Staple,FAQ,2026-07-21,7555.94,8222.69,7820.67,215.4,sample,1,2026-10-08T22:44:27.514369
Maharashtra,Amravati,Amravati,Cotton,Medium Staple,FAQ,2026-07-22,7489.67,8219.99,7800.35,338.4,sample,1,2026-10-08T22:44:27.514379
Maharashtra,Amravati,Amravati,Cotton,Medium Staple,FAQ,2026-07-23,7565.34,8108.37,7829.2,148.3,sample,1,2026-10-08T22:44:27.514389
Maharashtra,Amravati,Amravati,Cotton,Medium Staple,FAQ,2026-07-24,7462.38,8235.67,7783.75,343.4,sample,1,2026-10-08T22:44:27.514399
Maharashtra,Amravati,Amravati,Cotton,Medium Staple,FAQ,2026-07-25,7504.46,8081.76,7754.46,415.8,sample,1,2026-10-08T22:44:27.514409
Maharashtra,Amravati,Amravati,Cotton,Medium Staple,FAQ,2026-07-27,7488.51,8164.61,7811.02,276.8,sample,1,2026-10-08T22:44:27.514420
Maharashtra,Amravati,Amravati,Cotton,Medium Staple,FAQ,2026-07-28,7582.68,8131.49,7765.09,465.1,sample,1,2026-10-08T22:44:27.514431
Maharashtra,Amravati,Amravati,Cotton,Medium Staple,FAQ,2026-07-29,7465.96,8011.52,7763.39,145.8,sample,1,2026-10-08T22:44:27.514443
Maharashtra,Amravati,Amravati,Cotton,Medium Staple,FAQ,2026-07-30,7464.89,8021.65,7773.23,358.2,sample,1,2026-10-08T22:44:27.514453
Maharashtra,Amravati,Amravati,Cotton,Medium Staple,FAQ,2026-07-31,7515.61,8143.91,7707.8,273.6,sample,1,2026-10-08T22:44:27.514464
Maharashtra,Amravati,Amravati,Cotton,Medium Staple,FAQ,2026-08-01,7466.25,8121.97,7735.96,296.7,sample,1,2026-10-08T22:44:27.514475
Maharashtra,Amravati,Amravati,Cotton,Medium Staple,FAQ,2026-08-03,7509.79,7990.08,7742.73,78.5,sample,1,2026-10-08T22:44:27.514496
Maharashtra,Amravati,Amravati,Cotton,Medium Staple,FAQ,2026-08-04,7442.71,7985.29,7662.03,406.6,sample,1,2026-10-08T22:44:27.514507
Maharashtra,Amravati,Amravati,Cotton,Medium Staple,FAQ,2026-08-05,7407.84,7979.26,7618.12,467.1,sample,1,2026-10-08T22:44:27.514517
Maharashtra,Amravati,Amravati,Cotton,Medium Staple,FAQ,2026-08-06,7466.23,8118.35,7738.71,79.1,sample,1,2026-10-08T22:44:27.514528
Maharashtra,Amravati,Amravati,Cotton,Medium Staple,FAQ,2026-08-07,7457.23,8038.06,7704.62,385.5,sample,1,2026-10-08T22:44:27.514539
Maharashtra,Amravati,Amravati,Cotton,Medium Staple,FAQ,2026-08-08,7386.25,8069.4,7689.68,129.7,sample,1,2026-10-08T22:44:27.514549
Maharashtra,Amravati,Amravati,Cotton,Medium Staple,FAQ,2026-08-10,7369.54,8052.58,7632.85,403.4,sample,1,2026-10-08T22:44:27.514560
Maharashtra,Amravati,Amravati,Cotton,Medium Staple,FAQ,2026-08-11,7554.59,8021.52,7734.82,395.6,sample,1,2026-10-08T22:44:27.514570
Maharashtra,Amravati,Amravati,Cotton,Medium Staple,FAQ,2026-08-12,7597.25,8116.19,7832.89,210.2,sample,1,2026-10-08T22:44:27.514581
Maharashtra,Amravati,Amravati,Cotton,Medium Staple,FAQ,2026-08-13,7527.48,8267.95,7824.82,478.1,sample,1,2026-10-08T22:44:27.514593
Maharashtra,Amravati,Amravati,Cotton,Medium Staple,FAQ,2026-08-14,7564.19,7999.47,7750.37,357.0,sample,1,2026-10-08T22:44:27.514606
Maharashtra,Amravati,Amravati,Cotton,Medium Staple,FAQ,2026-08-15,7460.05,8149.65,7700.44,347.5,sample,1,2026-10-08T22:44:27.514617
Maharashtra,Amravati,Amravati,Cotton,Medium Staple,FAQ,2026-08-17,7486.69,8044.58,7663.65,461.4,sample,1,2026-10-08T22:44:27.514629
Maharashtra,Amravati,Amravati,Cotton,Medium Staple,FAQ,2026-08-18,7444.51,7927.54,7664.37,81.5,sample,1,2026-10-08T22:44:27.514640
Maharashtra,Amravati,Amravati,Cotton,Medium Staple,FAQ,2026-08-19,7546.11,8059.09,7754.83,411.6,sample,1,2026-10-08T22:44:27.514650
Maharashtra,Amravati,Amravati,Cotton,Medium Staple,FAQ,2026-08-20,7322.94,7845.31,7579.19,322.5,sample,1,2026-10-08T22:44:27.514660
Maharashtra,Amravati,Amravati,Cotton,Medium Staple,FAQ,2026-08-21,7351.8,7986.24,7642.66,280.5,sample,1,2026-10-08T22:44:27.514672
Maharashtra,Amravati,Amravati,Cotton,Medium Staple,FAQ,2026-08-22,7417.15,8001.74,7594.41,389.7,sample,1,2026-10-08T22:44:27.514682
Maharashtra,Amravati,Amravati,Cotton,Medium Staple,FAQ,2026-08-24,7298.64,7792.34,7517.77,285.8,sample,1,2026-10-08T22:44:27.514693
Maharashtra,Amravati,Amravati,Cotton,Medium Staple,FAQ,2026-08-25,7285.51,7921.21,7545.63,113.3,sample,1,2026-10-08T22:44:27.514705
Maharashtra,Amravati,Amravati,Cotton,Medium Staple,FAQ,2026-08-26,7203.33,7815.91,7457.52,296.7,sample,1,2026-10-08T22:44:27.514716
Maharashtra,Amravati,Amravati,Cotton,Medium Staple,FAQ,2026-08-27,7137.66,7769.08,7390.67,94.4,sample,1,2026-10-08T22:44:27.514726
Maharashtra,Amravati,Amravati,Cotton,Medium Staple,FAQ,2026-08-28,7032.18,7712.44,7303.31,73.4,sample,1,2026-10-08T22:44:27.514737
Maharashtra,Amravati,Amravati,Cotton,Medium Staple,FAQ,2026-08-29,7113.51,7706.71,7293.11,237.2,sample,1,2026-10-08T22:44:27.514747
Maharashtra,Amravati,Amravati,Cotton,Medium Staple,FAQ,2026-08-31,6964.17,7657.9,7224.57,50.8,sample,1,2026-10-08T22:44:27.514760
Maharashtra,Amravati,Amravati,Cotton,Medium Staple,FAQ,2026-09-01,7058.32,7594.1,7322.53,473.9,sample,1,2026-10-08T22:44:27.514770
Maharashtra,Amravati,Amravati,Cotton,Medium Staple,FAQ,2026-09-02,7121.54,7731.43,7411.14,430.7,sample,1,2026-10-08T22:44:27.514782
Maharashtra,Amravati,Amravati,Cotton,Medium Staple,FAQ,2026-09-03,7234.13,7870.03,7503.79,422.3,sample,1,2026-10-08T22:44:27.514793
Maharashtra,Amravati,Amravati,Cotton,Medium Staple,FAQ,2026-09-04,7182.42,7865.28,7504.09,42.7,sample,1,2026-10-08T22:44:27.514806
Maharashtra,Amravati,Amravati,Cotton,Medium Staple,FAQ,2026-09-05,7193.36,7943.34,7509.9,209.5,sample,1,2026-10-08T22:44:27.514819
Maharashtra,Amravati,Amravati,Cotton,Medium Staple,FAQ,2026-09-07,7276.72,7836.35,7520.87,184.6,sample,1,2026-10-08T22:44:27.514831
Maharashtra,Amravati,Amravati,Cotton,Medium Staple,FAQ,2026-09-08,7215.63,7875.95,7534.23,250.2,sample,1,2026-10-08T22:44:27.514842
Maharashtra,Amravati,Amravati,Cotton,Medium Staple,FAQ,2026-09-09,7308.94,7811.97,7504.64,317.0,sample,1,2026-10-08T22:44:27.514853
Maharashtra,Amravati,Amravati,Cotton,Medium Staple,FAQ,2026-09-10,7122.22,7680.11,7414.83,349.6,sample,1,2026-10-08T22:44:27.514865
Maharashtra,Amravati,Amravati,Cotton,Medium Staple,FAQ,2026-09-11,7237.12,7826.97,7454.17,312.4,sample,1,2026-10-08T22:44:27.514879
Maharashtra,Amravati,Amravati,Cotton,Medium Staple,FAQ,2026-09-12,7071.53,7724.03,7387.52,121.4,sample,1,2026-10-08T22:44:27.514890
Maharashtra,Amravati,Amravati,Cotton,Medium Staple,FAQ,2026-09-14,7255.42,7848.96,7480.56,246.7,sample,1,2026-10-08T22:44:27.514902
Maharashtra,Amravati,Amravati,Cotton,Medium Staple,FAQ,2026-09-15,7292.55,8019.36,7589.22,460.2,sample,1,2026-10-08T22:44:27.514913
Maharashtra,Amravati,Amravati,Cotton,Medium Staple,FAQ,2026-09-16,7357.55,7845.21,7572.51,418.7,sample,1,2026-10-08T22:44:27.514925
Maharashtra,Amravati,Amravati,Cotton,Medium Staple,FAQ,2026-09-17,7435.29,7968.95,7662.28,263.6,sample,1,2026-10-08T22:44:27.514939
Maharashtra,Amravati,Amravati,Cotton,Medium Staple,FAQ,2026-09-18,7385.51,7948.99,7677.44,428.7,sample,1,2026-10-08T22:44:27.514951
Maharashtra,Amravati,Amravati,Cotton,Medium Staple,FAQ,2026-09-19,7423.57,8042.16,7619.8,208.9,sample,1,2026-10-08T22:44:27.514966
Maharashtra,Amravati,Amravati,Cotton,Medium Staple,FAQ,2026-09-21,7478.36,8055.28,7656.07,69.1,sample,1,2026-10-08T22:44:27.514981
Maharashtra,Amravati,Amravati,Cotton,Medium Staple,FAQ,2026-09-22,7327.26,8001.47,7562.15,453.3,sample,1,2026-10-08T22:44:27.514995
Maharashtra,Amravati,Amravati,Cotton,Medium Staple,FAQ,2026-09-23,7187.37,7720.64,7431.27,102.6,sample,1,2026-10-08T22:44:27.515009
Maharashtra,Amravati,Amravati,Cotton,Medium Staple,FAQ,2026-09-24,7207.92,7853.76,7510.06,121.7,sample,1,2026-10-08T22:44:27.515020
Maharashtra,Amravati,Amravati,Cotton,Medium Staple,FAQ,2026-09-25,7321.83,7942.48,7546.04,402.3,sample,1,2026-10-08T22:44:27.515032
Maharashtra,Amravati,Amravati,Cotton,Medium Staple,FAQ,2026-09-26,7430.15,7869.59,7605.91,279.3,sample,1,2026-10-08T22:44:27.515043
Maharashtra,Amravati,Amravati,Cotton,Medium Staple,FAQ,2026-09-28,7498.78,8090.86,7701.2,369.9,sample,1,2026-10-08T22:44:27.515055
Maharashtra,Amravati,Amravati,Cotton,Medium Staple,FAQ,2026-09-29,7439.34,7924.01,7650.4,233.1,sample,1,2026-10-08T22:44:27.515068
Maharashtra,Amravati,Amravati,Cotton,Medium Staple,FAQ,2026-09-30,7218.26,7943.81,7531.89,211.6,sample,1,2026-10-08T22:44:27.515079
Maharashtra,Amravati,Amravati,Cotton,Medium Staple,FAQ,2026-10-01,7369.08,7873.67,7616.3,201.7,sample,1,2026-10-08T22:44:27.515090
Maharashtra,Amravati,Amravati,Cotton,Medium Staple,FAQ,2026-10-02,7203.87,7785.4,7521.19,304.2,sample,1,2026-10-08T22:44:27.515102
Maharashtra,Amravati,Amravati,Cotton,Medium Staple,FAQ,2026-10-03,7159.91,7854.31,7481.12,428.2,sample,1,2026-10-08T22:44:27.515112
Maharashtra,Amravati,Amravati,Cotton,Medium Staple,FAQ,2026-10-05,7202.88,7763.42,7500.32,125.5,sample,1,2026-10-08T22:44:27.515124
Maharashtra,Amravati,Amravati,Cotton,Medium Staple,FAQ,2026-10-06,7290.72,7907.67,7477.85,382.2,sample,1,2026-10-08T22:44:27.515135
Maharashtra,Amravati,Amravati,Cotton,Medium Staple,FAQ,2026-10-07,7197.01,7747.28,7491.1,302.0,sample,1,2026-10-08T22:44:27.515146
Maharashtra,Amravati,Amravati,Cotton,Medium Staple,FAQ,2026-10-08,7392.56,7849.39,7597.5,72.6,sample,1,2026-10-08T22:44:27.515157
Maharashtra,Amravati,Amravati,Red gram/Arhar/Tur(whole),White/Desi,FAQ,2026-07-10,10175.74,11223.78,10459.27,158.0,sample,1,2026-10-08T22:44:27.515172
Maharashtra,Amravati,Amravati,Red gram/Arhar/Tur(whole),White/Desi,FAQ,2026-07-11,10047.83,11271.66,10495.99,79.8,sample,1,2026-10-08T22:44:27.515185
Maharashtra,Amravati,Amravati,Red gram/Arhar/Tur(whole),White/Desi,FAQ,2026-07-13,9925.06,10877.69,10339.89,174.8,sample,1,2026-10-08T22:44:27.515200
Maharashtra,Amravati,Amravati,Red gram/Arhar/Tur(whole),White/Desi,FAQ,2026-07-14,9870.68,10815.96,10345.25,301.0,sample,1,2026-10-08T22:44:27.515211
Maharashtra,Amravati,Amravati,Red gram/Arhar/Tur(whole),White/Desi,FAQ,2026-07-15,9818.64,10967.65,10236.18,229.6,sample,1,2026-10-08T22:44:27.515223
Maharashtra,Amravati,Amravati,Red gram/Arhar/Tur(whole),White/Desi,FAQ,2026-07-16,9963.17,10787.28,10274.73,480.0,sample,1,2026-10-08T22:44:27.515237
Maharashtra,Amravati,Amravati,Red gram/Arhar/Tur(whole),White/Desi,FAQ,2026-07-17,9840.97,11062.18,10296.82,404.8,sample,1,2026-10-08T22:44:27.515249
Maharashtra,Amravati,Amravati,Red gram/Arhar/Tur(whole),White/Desi,FAQ,2026-07-18,9812.47,10686.84,10215.99,258.1,sample,1,2026-10-08T22:44:27.515260
Maharashtra,Amravati,Amravati,Red gram/Arhar/Tur(whole),White/Desi,FAQ,2026-07-20,9987.28,11031.72,10287.11,373.7,sample,1,2026-10-08T22:44:27.515273
Maharashtra,Amravati,Amravati,Red gram/Arhar/Tur(whole),White/Desi,FAQ,2026-07-21,9847.65,10657.43,10144.62,60.9,sample,1,2026-10-08T22:44:27.515284
Maharashtra,Amravati,Amravati,Red gram/Arhar/Tur(whole),White/Desi,FAQ,2026-07-22,9668.32,10594.75,10094.91,124.3,sample,1,2026-10-08T22:44:27.515295
Maharashtra,Amravati,Amravati,Red gram/Arhar/Tur(whole),White/Desi,FAQ,2026-07-23,9816.99,10736.22,10209.38,486.6,sample,1,2026-10-08T22:44:27.515309
Maharashtra,Amravati,Amravati,Red gram/Arhar/Tur(whole),White/Desi,FAQ,2026-07-24,9870.84,10864.57,10255.92,445.4,sample,1,2026-10-08T22:44:27.515320
Maharashtra,Amravati,Amravati,Red gram/Arhar/Tur(whole),White/Desi,FAQ,2026-07-25,9789.49,10861.25,10127.56,109.6,sample,1,2026-10-08T22:44:27.515331
Maharashtra,Amravati,Amravati,Red gram/Arhar/Tur(whole),White/Desi,FAQ,2026-07-27,9711.98,10673.94,10057.5,57.9,sample,1,2026-10-08T22:44:27.515342
Maharashtra,Amravati,Amravati,Red gram/Arhar/Tur(whole),White/Desi,FAQ,2026-07-28,9680.94,10553.71,10063.96,292.1,sample,1,2026-10-08T22:44:27.515353
Maharashtra,Amravati,Amravati,Red gram/Arhar/Tur(whole),White/Desi,FAQ,2026-07-29,9895.13,11144.11,10388.97,271.6,sample,1,2026-10-08T22:44:27.515367
Maharashtra,Amravati,Amravati,Red gram/Arhar/Tur(whole),White/Desi,FAQ,2026-07-30,9965.2,11144.88,10376.52,186.2,sample,1,2026-10-08T22:44:27.515378
Maharashtra,Amravati,Amravati,Red gram/Arhar/Tur(whole),White/Desi,FAQ,2026-07-31,9940.86,11059.35,10412.33,430.9,sample,1,2026-10-08T22:44:27.515391
Maharashtra,Amravati,Amravati,Red gram/Arhar/Tur(whole),White/Desi,FAQ,2026-08-01,10241.69,11088.74,10619.1,61.8,sample,1,2026-10-08T22:44:27.515402
Maharashtra,Amravati,Amravati,Red gram/Arhar/Tur(whole),White/Desi,FAQ,2026-08-03,10178.78,11085.03,10565.42,63.1,sample,1,2026-10-08T22:44:27.515414
Maharashtra,Amravati,Amravati,Red gram/Arhar/Tur(whole),White/Desi,FAQ,2026-08-04,10281.66,11291.24,10648.09,202.1,sample,1,2026-10-08T22:44:27.515427
Maharashtra,Amravati,Amravati,Red gram/Arhar/Tur(whole),White/Desi,FAQ,2026-08-05,10253.21,11068.45,10582.65,419.3,sample,1,2026-10-08T22:44:27.515438
Maharashtra,Amravati,Amravati,Red gram/Arhar/Tur(whole),White/Desi,FAQ,2026-08-06,10225.64,11262.92,10648.22,193.3,sample,1,2026-10-08T22:44:27.515449
Maharashtra,Amravati,Amravati,Red gram/Arhar/Tur(whole),White/Desi,FAQ,2026-08-07,10248.11,11318.46,10646.52,376.1,sample,1,2026-10-08T22:44:27.515460
Maharashtra,Amravati,Amravati,Red gram/Arhar/Tur(whole),White/Desi,FAQ,2026-08-08,10158.19,11234.08,10598.05,449.2,sample,1,2026-10-08T22:44:27.515471
Maharashtra,Amravati,Amravati,Red gram/Arhar/Tur(whole),White/Desi,FAQ,2026-08-10,10321.03,11325.47,10625.06,473.0,sample,1,2026-10-08T22:44:27.515485
Maharashtra,Amravati,Amravati,Red gram/Arhar/Tur(whole),White/Desi,FAQ,2026-08-11,10339.58,11417.38,10642.32,48.8,sample,1,2026-10-08T22:44:27.515495
Maharashtra,Amravati,Amravati,Red gram/Arhar/Tur(whole),White/Desi,FAQ,2026-08-12,10094.89,11266.58,10601.07,64.8,sample,1,2026-10-08T22:44:27.515507
Maharashtra,Amravati,Amravati,Red gram/Arhar/Tur(whole),White/Desi,FAQ,2026-08-13,10215.13,11144.33,10663.78,50.9,sample,1,2026-10-08T22:44:27.515518
Maharashtra,Amravati,Amravati,Red gram/Arhar/Tur(whole),White/Desi,FAQ,2026-08-14,10303.19,11353.63,10639.3,468.8,sample,1,2026-10-08T22:44:27.515530
Maharashtra,Amravati,Amravati,Red gram/Arhar/Tur(whole),White/Desi,FAQ,2026-08-15,10101.35,10998.96,10549.02,121.5,sample,1,2026-10-08T22:44:27.515543
Maharashtra,Amravati,Amravati,Red gram/Arhar/Tur(whole),White/Desi,FAQ,2026-08-17,10273.0,11163.05,10585.46,184.3,sample,1,2026-10-08T22:44:27.515566
Maharashtra,Amravati,Amravati,Red gram/Arhar/Tur(whole),White/Desi,FAQ,2026-08-18,10112.31,11206.56,10582.84,441.1,sample,1,2026-10-08T22:44:27.515577
Maharashtra,Amravati,Amravati,Red gram/Arhar/Tur(whole),White/Desi,FAQ,2026-08-19,10249.08,11341.8,10629.32,462.7,sample,1,2026-10-08T22:44:27.515590
Maharashtra,Amravati,Amravati,Red gram/Arhar/Tur(whole),White/Desi,FAQ,2026-08-20,10344.68,11103.59,10643.63,138.7,sample,1,2026-10-08T22:44:27.515602
Maharashtra,Amravati,Amravati,Red gram/Arhar/Tur(whole),White/Desi,FAQ,2026-08-21,10136.2,11395.02,10627.04,341.2,sample,1,2026-10-08T22:44:27.515616
Maharashtra,Amravati,Amravati,Red gram/Arhar/Tur(whole),White/Desi,FAQ,2026-08-22,10121.27,11079.47,10566.0,331.5,sample,1,2026-10-08T22:44:27.515627
Maharashtra,Amravati,Amravati,Red gram/Arhar/Tur(whole),White/Desi,FAQ,2026-08-24,10199.44,11311.35,10547.24,266.5,sample,1,2026-10-08T22:44:27.515640
Maharashtra,Amravati,Amravati,Red gram/Arhar/Tur(whole),White/Desi,FAQ,2026-08-25,10067.32,11204.43,10530.92,428.5,sample,1,2026-10-08T22:44:27.515651
Maharashtra,Amravati,Amravati,Red gram/Arhar/Tur(whole),White/Desi,FAQ,2026-08-26,9916.59,11094.96,10419.97,311.3,sample,1,2026-10-08T22:44:27.515663
Maharashtra,Amravati,Amravati,Red gram/Arhar/Tur(whole),White/Desi,FAQ,2026-08-27,10083.34,10881.32,10451.22,146.1,sample,1,2026-10-08T22:44:27.515676
Maharashtra,Amravati,Amravati,Red gram/Arhar/Tur(whole),White/Desi,FAQ,2026-08-28,10173.04,11016.73,10455.37,480.4,sample,1,2026-10-08T22:44:27.515688
Maharashtra,Amravati,Amravati,Red gram/Arhar/Tur(whole),White/Desi,FAQ,2026-08-29,9996.62,11195.05,10425.91,395.5,sample,1,2026-10-08T22:44:27.515701
Maharashtra,Amravati,Amravati,Red gram/Arhar/Tur(whole),White/Desi,FAQ,2026-08-31,10149.51,10989.54,10568.46,200.2,sample,1,2026-10-08T22:44:27.515714
Maharashtra,Amravati,Amravati,Red gram/Arhar/Tur(whole),White/Desi,FAQ,2026-09-01,10072.04,11313.27,10577.09,237.1,sample,1,2026-10-08T22:44:27.515726
Maharashtra,Amravati,Amravati,Red gram/Arhar/Tur(whole),White/Desi,FAQ,2026-09-02,9972.96,10878.63,10435.44,289.7,sample,1,2026-10-08T22:44:27.515737
Maharashtra,Amravati,Amravati,Red gram/Arhar/Tur(whole),White/Desi,FAQ,2026-09-03,10004.04,11182.04,10434.49,479.5,sample,1,2026-10-08T22:44:27.515748
Maharashtra,Amravati,Amravati,Red gram/Arhar/Tur(whole),White/Desi,FAQ,2026-09-04,10093.0,11261.78,10520.69,481.5,sample,1,2026-10-08T22:44:27.515762
Maharashtra,Amravati,Amravati,Red gram/Arhar/Tur(whole),White/Desi,FAQ,2026-09-05,10150.08,11209.87,10516.28,152.1,sample,1,2026-10-08T22:44:27.515773
Maharashtra,Amravati,Amravati,Red gram/Arhar/Tur(whole),White/Desi,FAQ,2026-09-07,10120.08,10985.32,10435.24,72.5,sample,1,2026-10-08T22:44:27.515785
Maharashtra,Amravati,Amravati,Red gram/Arhar/Tur(whole),White/Desi,FAQ,2026-09-08,10228.71,11289.9,10522.95,301.9,sample,1,2026-10-08T22:44:27.515799
Maharashtra,Amravati,Amravati,Red gram/Arhar/Tur(whole),White/Desi,FAQ,2026-09-09,10033.54,10983.26,10409.01,460.4,sample,1,2026-10-08T22:44:27.515811
Maharashtra,Amravati,Amravati,Red gram/Arhar/Tur(whole),White/Desi,FAQ,2026-09-10,9876.62,10795.6,10354.44,291.5,sample,1,2026-10-08T22:44:27.515822
Maharashtra,Amravati,Amravati,Red gram/Arhar/Tur(whole),White/Desi,FAQ,2026-09-11,10051.61,11012.55,10342.19,151.2,sample,1,2026-10-08T22:44:27.515834
Maharashtra,Amravati,Amravati,Red gram/Arhar/Tur(whole),White/Desi,FAQ,2026-09-12,9856.25,10767.35,10251.21,352.9,sample,1,2026-10-08T22:44:27.515845
Maharashtra,Amravati,Amravati,Red gram/Arhar/Tur(whole),White/Desi,FAQ,2026-09-14,9779.36,10843.59,10218.29,172.9,sample,1,2026-10-08T22:44:27.515859
Maharashtra,Amravati,Amravati,Red gram/Arhar/Tur(whole),White/Desi,FAQ,2026-09-15,9594.06,10780.25,10013.51,212.5,sample,1,2026-10-08T22:44:27.515870
Maharashtra,Amravati,Amravati,Red gram/Arhar/Tur(whole),White/Desi,FAQ,2026-09-16,9642.59,10596.09,10040.38,430.1,sample,1,2026-10-08T22:44:27.515881
Maharashtra,Amravati,Amravati,Red gram/Arhar/Tur(whole),White/Desi,FAQ,2026-09-17,9753.77,10609.6,10071.49,140.3,sample,1,2026-10-08T22:44:27.515893
Maharashtra,Amravati,Amravati,Red gram/Arhar/Tur(whole),White/Desi,FAQ,2026-09-18,9683.49,10477.49,9980.98,214.6,sample,1,2026-10-08T22:44:27.515905
Maharashtra,Amravati,Amravati,Red gram/Arhar/Tur(whole),White/Desi,FAQ,2026-09-19,9541.95,10626.75,9883.17,124.5,sample,1,2026-10-08T22:44:27.515917
Maharashtra,Amravati,Amravati,Red gram/Arhar/Tur(whole),White/Desi,FAQ,2026-09-21,9679.36,10445.47,10003.46,125.9,sample,1,2026-10-08T22:44:27.515930
Maharashtra,Amravati,Amravati,Red gram/Arhar/Tur(whole),White/Desi,FAQ,2026-09-22,9591.4,10771.57,10098.69,108.7,sample,1,2026-10-08T22:44:27.515941
Maharashtra,Amravati,Amravati,Red gram/Arhar/Tur(whole),White/Desi,FAQ,2026-09-23,9653.67,10584.22,10139.11,379.1,sample,1,2026-10-08T22:44:27.515953
Maharashtra,Amravati,Amravati,Red gram/Arhar/Tur(whole),White/Desi,FAQ,2026-09-24,9796.14,10518.15,10083.81,451.7,sample,1,2026-10-08T22:44:27.515964
Maharashtra,Amravati,Amravati,Red gram/Arhar/Tur(whole),White/Desi,FAQ,2026-09-25,9621.4,10408.9,9986.88,391.6,sample,1,2026-10-08T22:44:27.515978
Maharashtra,Amravati,Amravati,Red gram/Arhar/Tur(whole),White/Desi,FAQ,2026-09-26,9668.05,10826.76,10077.89,274.8,sample,1,2026-10-08T22:44:27.515989
Maharashtra,Amravati,Amravati,Red gram/Arhar/Tur(whole),White/Desi,FAQ,2026-09-28,9606.09,10554.59,10102.77,220.6,sample,1,2026-10-08T22:44:27.516002
Maharashtra,Amravati,Amravati,Red gram/Arhar/Tur(whole),White/Desi,FAQ,2026-09-29,9842.87,10644.65,10175.66,466.7,sample,1,2026-10-08T22:44:27.516013
Maharashtra,Amravati,Amravati,Red gram/Arhar/Tur(whole),White/Desi,FAQ,2026-09-30,9656.8,10919.12,10166.65,250.0,sample,1,2026-10-08T22:44:27.516025
Maharashtra,Amravati,Amravati,Red gram/Arhar/Tur(whole),White/Desi,FAQ,2026-10-01,9856.69,11096.28,10317.71,296.0,sample,1,2026-10-08T22:44:27.516038
Maharashtra,Amravati,Amravati,Red gram/Arhar/Tur(whole),White/Desi,FAQ,2026-10-02,9940.55,11156.13,10426.28,80.4,sample,1,2026-10-08T22:44:27.516050
Maharashtra,Amravati,Amravati,Red gram/Arhar/Tur(whole),White/Desi,FAQ,2026-10-03,9997.93,11054.04,10420.35,234.8,sample,1,2026-10-08T22:44:27.516062
Maharashtra,Amravati,Amravati,Red gram/Arhar/Tur(whole),White/Desi,FAQ,2026-10-05,9930.8,10946.08,10439.58,348.7,sample,1,2026-10-08T22:44:27.516075
Maharashtra,Amravati,Amravati,Red gram/Arhar/Tur(whole),White/Desi,FAQ,2026-10-06,9976.46,11175.25,10468.21,447.0,sample,1,2026-10-08T22:44:27.516086
Maharashtra,Amravati,Amravati,Red gram/Arhar/Tur(whole),White/Desi,FAQ,2026-10-07,10120.87,10973.82,10525.83,252.5,sample,1,2026-10-08T22:44:27.516098
Maharashtra,Amravati,Amravati,Red gram/Arhar/Tur(whole),White/Desi,FAQ,2026-10-08,10202.0,11022.09,10593.21,314.1,sample,1,2026-10-08T22:44:27.516111
Maharashtra,Amravati,Amravati,Soyabean,Yellow,FAQ,2026-07-10,4710.22,5004.71,4823.4,114.6,sample,1,2026-10-08T22:44:27.516124
Maharashtra,Amravati,Amravati,Soyabean,Yellow,FAQ,2026-07-11,4652.3,5027.62,4821.53,123.2,sample,1,2026-10-08T22:44:27.516136
Maharashtra,Amravati,Amravati,Soyabean,Yellow,FAQ,2026-07-13,4614.22,4963.56,4728.13,373.8,sample,1,2026-10-08T22:44:27.516155
Maharashtra,Amravati,Amravati,Soyabean,Yellow,FAQ,2026-07-14,4652.31,4955.0,4772.69,458.8,sample,1,2026-10-08T22:44:27.516168
Maharashtra,Amravati,Amravati,Soyabean,Yellow,FAQ,2026-07-15,4596.97,5010.59,4783.86,355.7,sample,1,2026-10-08T22:44:27.516179
Maharashtra,Amravati,Amravati,Soyabean,Yellow,FAQ,2026-07-16,4580.36,4928.31,4736.26,395.5,sample,1,2026-10-08T22:44:27.516190
Maharashtra,Amravati,Amravati,Soyabean,Yellow,FAQ,2026-07-17,4572.45,4916.91,4710.88,77.5,sample,1,2026-10-08T22:44:27.516203
Maharashtra,Amravati,Amravati,Soyabean,Yellow,FAQ,2026-07-18,4555.82,4891.34,4713.79,384.8,sample,1,2026-10-08T22:44:27.516214
Maharashtra,Amravati,Amravati,Soyabean,Yellow,FAQ,2026-07-20,4532.21,4851.87,4700.57,295.8,sample,1,2026-10-08T22:44:27.516226
Maharashtra,Amravati,Amravati,Soyabean,Yellow,FAQ,2026-07-21,4553.58,4808.62,4662.58,496.5,sample,1,2026-10-08T22:44:27.516237
Maharashtra,Amravati,Amravati,Soyabean,Yellow,FAQ,2026-07-22,4499.61,4889.76,4652.76,317.8,sample,1,2026-10-08T22:44:27.516250
Maharashtra,Amravati,Amravati,Soyabean,Yellow,FAQ,2026-07-23,4559.52,4889.66,4683.96,212.7,sample,1,2026-10-08T22:44:27.516261
Maharashtra,Amravati,Amravati,Soyabean,Yellow,FAQ,2026-07-24,4576.0,4981.28,4733.37,409.7,sample,1,2026-10-08T22:44:27.516272
Maharashtra,Amravati,Amravati,Soyabean,Yellow,FAQ,2026-07-25,4589.03,4974.25,4718.88,183.1,sample,1,2026-10-08T22:44:27.516285
Maharashtra,Amravati,Amravati,Soyabean,Yellow,FAQ,2026-07-27,4587.65,4899.07,4738.9,386.8,sample,1,2026-10-08T22:44:27.516298
Maharashtra,Amravati,Amravati,Soyabean,Yellow,FAQ,2026-07-28,4627.24,4893.35,4746.87,293.6,sample,1,2026-10-08T22:44:27.516309
Maharashtra,Amravati,Amravati,Soyabean,Yellow,FAQ,2026-07-29,4550.05,4951.96,4711.32,145.2,sample,1,2026-10-08T22:44:27.516321
Maharashtra,Amravati,Amravati,Soyabean,Yellow,FAQ,2026-07-30,4517.31,4840.59,4681.93,155.9,sample,1,2026-10-08T22:44:27.516332
Maharashtra,Amravati,Amravati,Soyabean,Yellow,FAQ,2026-07-31,4548.82,4844.28,4678.91,100.6,sample,1,2026-10-08T22:44:27.516343
Maharashtra,Amravati,Amravati,Soyabean,Yellow,FAQ,2026-08-01,4557.07,4932.5,4729.51,90.5,sample,1,2026-10-08T22:44:27.516354
Maharashtra,Amravati,Amravati,Soyabean,Yellow,FAQ,2026-08-03,4507.38,4857.06,4644.77,130.3,sample,1,2026-10-08T22:44:27.516368
Maharashtra,Amravati,Amravati,Soyabean,Yellow,FAQ,2026-08-04,4592.55,4853.65,4698.47,328.6,sample,1,2026-10-08T22:44:27.516380
Maharashtra,Amravati,Amravati,Soyabean,Yellow,FAQ,2026-08-05,4589.65,4859.44,4713.36,471.1,sample,1,2026-10-08T22:44:27.516391
Maharashtra,Amravati,Amravati,Soyabean,Yellow,FAQ,2026-08-06,4549.95,4883.86,4717.58,100.4,sample,1,2026-10-08T22:44:27.516404
Maharashtra,Amravati,Amravati,Soyabean,Yellow,FAQ,2026-08-07,4529.48,4866.28,4711.02,442.9,sample,1,2026-10-08T22:44:27.516416
Maharashtra,Amravati,Amravati,Soyabean,Yellow,FAQ,2026-08-08,4541.59,4894.66,4668.52,59.1,sample,1,2026-10-08T22:44:27.516427
Maharashtra,Amravati,Amravati,Soyabean,Yellow,FAQ,2026-08-10,4564.23,4857.91,4677.65,61.6,sample,1,2026-10-08T22:44:27.516439
Maharashtra,Amravati,Amravati,Soyabean,Yellow,FAQ,2026-08-11,4534.09,4825.54,4661.9,353.8,sample,1,2026-10-08T22:44:27.516450
Maharashtra,Amravati,Amravati,Soyabean,Yellow,FAQ,2026-08-12,4508.1,4852.17,4684.47,421.0,sample,1,2026-10-08T22:44:27.516462
Maharashtra,Amravati,Amravati,Soyabean,Yellow,FAQ,2026-08-13,4510.36,4839.18,4656.48,455.4,sample,1,2026-10-08T22:44:27.516473
Maharashtra,Amravati,Amravati,Soyabean,Yellow,FAQ,2026-08-14,4586.68,4852.08,4703.56,50.5,sample,1,2026-10-08T22:44:27.516493
Maharashtra,Amravati,Amravati,Soyabean,Yellow,FAQ,2026-08-15,4615.97,4947.33,4735.54,231.2,sample,1,2026-10-08T22:44:27.516506
Maharashtra,Amravati,Amravati,Soyabean,Yellow,FAQ,2026-08-17,4611.22,4979.39,4783.03,213.9,sample,1,2026-10-08T22:44:27.516519
Maharashtra,Amravati,Amravati,Soyabean,Yellow,FAQ,2026-08-18,4582.46,4985.46,4742.19,113.2,sample,1,2026-10-08T22:44:27.516534
Maharashtra,Amravati,Amravati,Soyabean,Yellow,FAQ,2026-08-19,4628.05,4978.01,4743.79,161.3,sample,1,2026-10-08T22:44:27.516545
Maharashtra,Amravati,Amravati,Soyabean,Yellow,FAQ,2026-08-20,4515.6,4925.41,4696.39,417.7,sample,1,2026-10-08T22:44:27.516556
Maharashtra,Amravati,Amravati,Soyabean,Yellow,FAQ,2026-08-21,4617.11,4944.81,4736.71,408.7,sample,1,2026-10-08T22:44:27.516567
Maharashtra,Amravati,Amravati,Soyabean,Yellow,FAQ,2026-08-22,4631.75,4909.24,4755.02,264.0,sample,1,2026-10-08T22:44:27.516578
Maharashtra,Amravati,Amravati,Soyabean,Yellow,FAQ,2026-08-24,4562.87,4902.25,4718.02,427.0,sample,1,2026-10-08T22:44:27.516590
Maharashtra,Amravati,Amravati,Soyabean,Yellow,FAQ,2026-08-25,4540.13,4969.75,4720.86,251.8,sample,1,2026-10-08T22:44:27.516600
Maharashtra,Amravati,Amravati,Soyabean,Yellow,FAQ,2026-08-26,4586.0,4949.53,4725.48,467.7,sample,1,2026-10-08T22:44:27.516611
Maharashtra,Amravati,Amravati,Soyabean,Yellow,FAQ,2026-08-27,4531.45,4845.48,4644.02,221.1,sample,1,2026-10-08T22:44:27.516622
Maharashtra,Amravati,Amravati,Soyabean,Yellow,FAQ,2026-08-28,4498.05,4860.44,4628.87,157.2,sample,1,2026-10-08T22:44:27.516633
Maharashtra,Amravati,Amravati,Soyabean,Yellow,FAQ,2026-08-29,4498.36,4855.32,4662.4,238.5,sample,1,2026-10-08T22:44:27.516646
Maharashtra,Amravati,Amravati,Soyabean,Yellow,FAQ,2026-08-31,4569.15,4891.2,4728.57,143.4,sample,1,2026-10-08T22:44:27.516658
Maharashtra,Amravati,Amravati,Soyabean,Yellow,FAQ,2026-09-01,4580.9,4864.43,4723.41,337.7,sample,1,2026-10-08T22:44:27.516669
Maharashtra,Amravati,Amravati,Soyabean,Yellow,FAQ,2026-09-02,4578.12,4855.04,4694.77,102.0,sample,1,2026-10-08T22:44:27.516680
Maharashtra,Amravati,Amravati,Soyabean,Yellow,FAQ,2026-09-03,4545.36,4883.85,4729.75,175.9,sample,1,2026-10-08T22:44:27.516691
Maharashtra,Amravati,Amravati,Soyabean,Yellow,FAQ,2026-09-04,4607.15,4905.62,4749.13,421.2,sample,1,2026-10-08T22:44:27.516703
Maharashtra,Amravati,Amravati,Soyabean,Yellow,FAQ,2026-09-05,4637.03,4991.5,4772.95,359.9,sample,1,2026-10-08T22:44:27.516714
Maharashtra,Amravati,Amravati,Soyabean,Yellow,FAQ,2026-09-07,4604.79,5012.94,4770.92,332.7,sample,1,2026-10-08T22:44:27.516728
Maharashtra,Amravati,Amravati,Soyabean,Yellow,FAQ,2026-09-08,4603.21,4998.22,4794.16,266.8,sample,1,2026-10-08T22:44:27.516739
Maharashtra,Amravati,Amravati,Soyabean,Yellow,FAQ,2026-09-09,4730.53,5119.91,4891.12,467.9,sample,1,2026-10-08T22:44:27.516761
Maharashtra,Amravati,Amravati,Soyabean,Yellow,FAQ,2026-09-10,4758.87,5045.96,4877.15,183.1,sample,1,2026-10-08T22:44:27.516858
Maharashtra,Amravati,Amravati,Soyabean,Yellow,FAQ,2026-09-11,4720.45,5101.44,4879.52,161.3,sample,1,2026-10-08T22:44:27.516883
Maharashtra,Amravati,Amravati,Soyabean,Yellow,FAQ,2026-09-12,4736.26,5040.01,4859.35,150.1,sample,1,2026-10-08T22:44:27.516989
Maharashtra,Amravati,Amravati,Soyabean,Yellow,FAQ,2026-09-14,4730.54,5178.25,4924.58,488.1,sample,1,2026-10-08T22:44:27.517021
Maharashtra,Amravati,Amravati,Soyabean,Yellow,FAQ,2026-09-15,4873.03,5178.71,4994.83,66.5,sample,1,2026-10-08T22:44:27.517057
Maharashtra,Amravati,Amravati,Soyabean,Yellow,FAQ,2026-09-16,4827.63,5120.38,4956.1,415.0,sample,1,2026-10-08T22:44:27.517088
Maharashtra,Amravati,Amravati,Soyabean,Yellow,FAQ,2026-09-17,4763.86,5110.57,4941.66,76.2,sample,1,2026-10-08T22:44:27.517106
Maharashtra,Amravati,Amravati,Soyabean,Yellow,FAQ,2026-09-18,4820.28,5161.57,4972.89,212.0,sample,1,2026-10-08T22:44:27.517119
Maharashtra,Amravati,Amravati,Soyabean,Yellow,FAQ,2026-09-19,4726.55,5080.62,4896.24,254.8,sample,1,2026-10-08T22:44:27.517131
Maharashtra,Amravati,Amravati,Soyabean,Yellow,FAQ,2026-09-21,4722.3,5050.26,4878.03,192.2,sample,1,2026-10-08T22:44:27.517145
Maharashtra,Amravati,Amravati,Soyabean,Yellow,FAQ,2026-09-22,4639.12,4995.36,4784.94,451.7,sample,1,2026-10-08T22:44:27.517159
Maharashtra,Amravati,Amravati,Soyabean,Yellow,FAQ,2026-09-23,4619.5,5042.17,4793.99,332.4,sample,1,2026-10-08T22:44:27.517172
Maharashtra,Amravati,Amravati,Soyabean,Yellow,FAQ,2026-09-24,4572.84,4946.33,4763.07,150.4,sample,1,2026-10-08T22:44:27.517185
Maharashtra,Amravati,Amravati,Soyabean,Yellow,FAQ,2026-09-25,4550.66,4919.97,4732.81,468.3,sample,1,2026-10-08T22:44:27.517197
Maharashtra,Amravati,Amravati,Soyabean,Yellow,FAQ,2026-09-26,4609.47,4968.32,4767.99,482.6,sample,1,2026-10-08T22:44:27.517208
Maharashtra,Amravati,Amravati,Soyabean,Yellow,FAQ,2026-09-28,4663.57,4943.29,4793.8,197.9,sample,1,2026-10-08T22:44:27.517221
Maharashtra,Amravati,Amravati,Soyabean,Yellow,FAQ,2026-09-29,4665.46,5008.01,4803.75,457.8,sample,1,2026-10-08T22:44:27.517232
Maharashtra,Amravati,Amravati,Soyabean,Yellow,FAQ,2026-09-30,4531.47,4970.84,4720.79,180.9,sample,1,2026-10-08T22:44:27.517243
Maharashtra,Amravati,Amravati,Soyabean,Yellow,FAQ,2026-10-01,4570.69,4864.57,4683.57,389.8,sample,1,2026-10-08T22:44:27.517254
Maharashtra,Amravati,Amravati,Soyabean,Yellow,FAQ,2026-10-02,4469.68,4868.37,4659.28,222.7,sample,1,2026-10-08T22:44:27.517266
Maharashtra,Amravati,Amravati,Soyabean,Yellow,FAQ,2026-10-03,4464.3,4807.09,4645.28,432.6,sample,1,2026-10-08T22:44:27.517278
Maharashtra,Amravati,Amravati,Soyabean,Yellow,FAQ,2026-10-05,4461.63,4811.32,4654.91,209.3,sample,1,2026-10-08T22:44:27.517291
Maharashtra,Amravati,Amravati,Soyabean,Yellow,FAQ,2026-10-06,4535.45,4963.5,4705.02,162.2,sample,1,2026-10-08T22:44:27.517301
Maharashtra,Amravati,Amravati,Soyabean,Yellow,FAQ,2026-10-07,4508.33,4898.78,4639.06,478.7,sample,1,2026-10-08T22:44:27.517312
Maharashtra,Amravati,Amravati,Soyabean,Yellow,FAQ,2026-10-08,4544.16,4917.74,4707.72,154.0,sample,1,2026-10-08T22:44:27.517323
Maharashtra,Latur,Latur,Soyabean,Yellow,FAQ,2026-07-10,4647.52,5002.13,4826.01,185.7,sample,1,2026-10-08T22:44:27.517343
Maharashtra,Latur,Latur,Soyabean,Yellow,FAQ,2026-07-11,4632.15,4991.17,4764.96,65.7,sample,1,2026-10-08T22:44:27.517355
Maharashtra,Latur,Latur,Soyabean,Yellow,FAQ,2026-07-13,4564.12,4905.57,4738.45,482.1,sample,1,2026-10-08T22:44:27.517368
Maharashtra,Latur,Latur,Soyabean,Yellow,FAQ,2026-07-14,4561.31,4869.74,4727.57,285.7,sample,1,2026-10-08T22:44:27.517378
Maharashtra,Latur,Latur,Soyabean,Yellow,FAQ,2026-07-15,4531.13,4959.37,4720.74,463.1,sample,1,2026-10-08T22:44:27.517389
Maharashtra,Latur,Latur,Soyabean,Yellow,FAQ,2026-07-16,4585.62,4857.84,4703.41,209.4,sample,1,2026-10-08T22:44:27.517404
Maharashtra,Latur,Latur,Soyabean,Yellow,FAQ,2026-07-17,4500.03,4862.66,4688.96,112.0,sample,1,2026-10-08T22:44:27.517416
Maharashtra,Latur,Latur,Soyabean,Yellow,FAQ,2026-07-18,4549.03,4943.02,4686.68,168.5,sample,1,2026-10-08T22:44:27.517427
Maharashtra,Latur,Latur,Soyabean,Yellow,FAQ,2026-07-20,4537.19,4959.42,4723.72,159.5,sample,1,2026-10-08T22:44:27.517439
Maharashtra,Latur,Latur,Soyabean,Yellow,FAQ,2026-07-21,4518.22,4917.25,4699.19,352.2,sample,1,2026-10-08T22:44:27.517450
Maharashtra,Latur,Latur,Soyabean,Yellow,FAQ,2026-07-22,4583.62,4906.1,4746.47,338.1,sample,1,2026-10-08T22:44:27.517462
Maharashtra,Latur,Latur,Soyabean,Yellow,FAQ,2026-07-23,4582.32,4903.79,4760.75,283.4,sample,1,2026-10-08T22:44:27.517472
Maharashtra,Latur,Latur,Soyabean,Yellow,FAQ,2026-07-24,4604.96,4950.5,4783.79,244.6,sample,1,2026-10-08T22:44:27.517483
Maharashtra,Latur,Latur,Soyabean,Yellow,FAQ,2026-07-25,4558.19,4913.24,4703.96,224.1,sample,1,2026-10-08T22:44:27.517494
Maharashtra,Latur,Latur,Soyabean,Yellow,FAQ,2026-07-27,4547.57,4848.07,4694.69,459.1,sample,1,2026-10-08T22:44:27.517506
Maharashtra,Latur,Latur,Soyabean,Yellow,FAQ,2026-07-28,4557.45,4866.16,4720.56,391.1,sample,1,2026-10-08T22:44:27.517519
Maharashtra,Latur,Latur,Soyabean,Yellow,FAQ,2026-07-29,4521.2,4951.32,4699.43,68.9,sample,1,2026-10-08T22:44:27.517531
Maharashtra,Latur,Latur,Soyabean,Yellow,FAQ,2026-07-30,4443.52,4816.1,4632.0,338.6,sample,1,2026-10-08T22:44:27.517542
Maharashtra,Latur,Latur,Soyabean,Yellow,FAQ,2026-07-31,4523.96,4789.48,4631.24,433.9,sample,1,2026-10-08T22:44:27.517560
Maharashtra,Latur,Latur,Soyabean,Yellow,FAQ,2026-08-01,4505.89,4782.29,4626.93,182.2,sample,1,2026-10-08T22:44:27.517633
Maharashtra,Latur,Latur,Soyabean,Yellow,FAQ,2026-08-03,4417.97,4762.44,4608.05,52.2,sample,1,2026-10-08T22:44:27.517658
Maharashtra,Latur,Latur,Soyabean,Yellow,FAQ,2026-08-04,4536.43,4924.65,4668.53,358.5,sample,1,2026-10-08T22:44:27.517671
Maharashtra,Latur,Latur,Soyabean,Yellow,FAQ,2026-08-05,4562.88,4940.05,4736.56,328.7,sample,1,2026-10-08T22:44:27.517682
Maharashtra,Latur,Latur,Soyabean,Yellow,FAQ,2026-08-06,4687.11,5059.14,4799.93,457.9,sample,1,2026-10-08T22:44:27.517694
Maharashtra,Latur,Latur,Soyabean,Yellow,FAQ,2026-08-07,4644.87,4988.02,4805.89,110.9,sample,1,2026-10-08T22:44:27.517708
Maharashtra,Latur,Latur,Soyabean,Yellow,FAQ,2026-08-08,4653.49,4989.41,4828.29,371.6,sample,1,2026-10-08T22:44:27.517722
Maharashtra,Latur,Latur,Soyabean,Yellow,FAQ,2026-08-10,4633.31,5046.38,4803.67,400.7,sample,1,2026-10-08T22:44:27.517735
Maharashtra,Latur,Latur,Soyabean,Yellow,FAQ,2026-08-11,4649.8,5012.06,4785.76,484.5,sample,1,2026-10-08T22:44:27.517746
Maharashtra,Latur,Latur,Soyabean,Yellow,FAQ,2026-08-12,4568.95,4898.87,4733.28,147.9,sample,1,2026-10-08T22:44:27.517757
Maharashtra,Latur,Latur,Soyabean,Yellow,FAQ,2026-08-13,4681.65,5018.65,4801.86,394.6,sample,1,2026-10-08T22:44:27.517768
Maharashtra,Latur,Latur,Soyabean,Yellow,FAQ,2026-08-14,4619.12,4943.9,4741.23,319.6,sample,1,2026-10-08T22:44:27.517780
Maharashtra,Latur,Latur,Soyabean,Yellow,FAQ,2026-08-15,4658.39,4947.15,4763.52,257.9,sample,1,2026-10-08T22:44:27.517791
Maharashtra,Latur,Latur,Soyabean,Yellow,FAQ,2026-08-17,4553.52,4967.18,4733.36,143.7,sample,1,2026-10-08T22:44:27.517804
Maharashtra,Latur,Latur,Soyabean,Yellow,FAQ,2026-08-18,4529.26,4845.88,4654.66,273.3,sample,1,2026-10-08T22:44:27.517815
Maharashtra,Latur,Latur,Soyabean,Yellow,FAQ,2026-08-19,4590.52,4849.64,4703.77,489.0,sample,1,2026-10-08T22:44:27.517827
Maharashtra,Latur,Latur,Soyabean,Yellow,FAQ,2026-08-20,4589.1,4860.69,4698.2,319.3,sample,1,2026-10-08T22:44:27.517840
Maharashtra,Latur,Latur,Soyabean,Yellow,FAQ,2026-08-21,4555.07,4864.59,4705.58,432.6,sample,1,2026-10-08T22:44:27.517852
Maharashtra,Latur,Latur,Soyabean,Yellow,FAQ,2026-08-22,4548.78,4839.92,4688.08,266.0,sample,1,2026-10-08T22:44:27.517865
Maharashtra,Latur,Latur,Soyabean,Yellow,FAQ,2026-08-24,4538.36,4955.65,4701.39,491.0,sample,1,2026-10-08T22:44:27.517882
Maharashtra,Latur,Latur,Soyabean,Yellow,FAQ,2026-08-25,4594.05,4974.58,4719.05,351.8,sample,1,2026-10-08T22:44:27.517895
Maharashtra,Latur,Latur,Soyabean,Yellow,FAQ,2026-08-26,4590.37,4946.52,4703.44,346.5,sample,1,2026-10-08T22:44:27.517908
Maharashtra,Latur,Latur,Soyabean,Yellow,FAQ,2026-08-27,4506.25,4879.18,4687.01,365.4,sample,1,2026-10-08T22:44:27.517921
Maharashtra,Latur,Latur,Soyabean,Yellow,FAQ,2026-08-28,4508.98,4881.54,4684.12,189.2,sample,1,2026-10-08T22:44:27.517933
Maharashtra,Latur,Latur,Soyabean,Yellow,FAQ,2026-08-29,4593.6,4922.16,4766.44,136.5,sample,1,2026-10-08T22:44:27.517944
Maharashtra,Latur,Latur,Soyabean,Yellow,FAQ,2026-08-31,4625.89,4951.4,4793.07,478.1,sample,1,2026-10-08T22:44:27.517957
Maharashtra,Latur,Latur,Soyabean,Yellow,FAQ,2026-09-01,4597.88,4986.65,4785.65,332.0,sample,1,2026-10-08T22:44:27.517971
Maharashtra,Latur,Latur,Soyabean,Yellow,FAQ,2026-09-02,4590.04,4966.31,4784.78,495.6,sample,1,2026-10-08T22:44:27.517982
Maharashtra,Latur,Latur,Soyabean,Yellow,FAQ,2026-09-03,4567.58,4957.74,4749.81,370.0,sample,1,2026-10-08T22:44:27.517993
Maharashtra,Latur,Latur,Soyabean,Yellow,FAQ,2026-09-04,4536.44,4880.3,4718.86,480.8,sample,1,2026-10-08T22:44:27.518004
Maharashtra,Latur,Latur,Soyabean,Yellow,FAQ,2026-09-05,4526.61,4853.3,4668.06,417.7,sample,1,2026-10-08T22:44:27.518015
Maharashtra,Latur,Latur,Soyabean,Yellow,FAQ,2026-09-07,4455.11,4797.84,4579.11,454.1,sample,1,2026-10-08T22:44:27.518028
Maharashtra,Latur,Latur,Soyabean,Yellow,FAQ,2026-09-08,4375.73,4750.18,4502.53,403.6,sample,1,2026-10-08T22:44:27.518057
Maharashtra,Latur,Latur,Soyabean,Yellow,FAQ,2026-09-09,4332.91,4661.64,4443.91,284.5,sample,1,2026-10-08T22:44:27.518069
Maharashtra,Latur,Latur,Soyabean,Yellow,FAQ,2026-09-10,4339.29,4690.77,4468.73,266.2,sample,1,2026-10-08T22:44:27.518080
Maharashtra,Latur,Latur,Soyabean,Yellow,FAQ,2026-09-11,4357.35,4683.88,4506.05,434.1,sample,1,2026-10-08T22:44:27.518092
Maharashtra,Latur,Latur,Soyabean,Yellow,FAQ,2026-09-12,4345.7,4768.84,4536.18,340.5,sample,1,2026-10-08T22:44:27.518104
Maharashtra,Latur,Latur,Soyabean,Yellow,FAQ,2026-09-14,4379.51,4710.28,4543.91,217.3,sample,1,2026-10-08T22:44:27.518117
Maharashtra,Latur,Latur,Soyabean,Yellow,FAQ,2026-09-15,4419.0,4707.0,4560.12,400.9,sample,1,2026-10-08T22:44:27.518127
Maharashtra,Latur,Latur,Soyabean,Yellow,FAQ,2026-09-16,4375.22,4751.58,4554.76,208.1,sample,1,2026-10-08T22:44:27.518138
Maharashtra,Latur,Latur,Soyabean,Yellow,FAQ,2026-09-17,4429.08,4767.43,4539.77,403.7,sample,1,2026-10-08T22:44:27.518148
Maharashtra,Latur,Latur,Soyabean,Yellow,FAQ,2026-09-18,4427.73,4819.82,4583.91,470.9,sample,1,2026-10-08T22:44:27.518159
Maharashtra,Latur,Latur,Soyabean,Yellow,FAQ,2026-09-19,4437.62,4786.18,4601.99,236.9,sample,1,2026-10-08T22:44:27.518169
Maharashtra,Latur,Latur,Soyabean,Yellow,FAQ,2026-09-21,4450.57,4856.73,4606.53,197.4,sample,1,2026-10-08T22:44:27.518181
Maharashtra,Latur,Latur,Soyabean,Yellow,FAQ,2026-09-22,4454.96,4740.53,4598.5,469.3,sample,1,2026-10-08T22:44:27.518191
Maharashtra,Latur,Latur,Soyabean,Yellow,FAQ,2026-09-23,4501.42,4825.12,4659.74,187.7,sample,1,2026-10-08T22:44:27.518201
Maharashtra,Latur,Latur,Soyabean,Yellow,FAQ,2026-09-24,4544.7,4881.87,4698.94,125.0,sample,1,2026-10-08T22:44:27.518214
Maharashtra,Latur,Latur,Soyabean,Yellow,FAQ,2026-09-25,4582.87,4870.64,4700.21,239.9,sample,1,2026-10-08T22:44:27.518225
Maharashtra,Latur,Latur,Soyabean,Yellow,FAQ,2026-09-26,4583.64,4844.68,4702.89,326.5,sample,1,2026-10-08T22:44:27.518235
Maharashtra,Latur,Latur,Soyabean,Yellow,FAQ,2026-09-28,4524.25,4845.64,4694.86,181.4,sample,1,2026-10-08T22:44:27.518247
Maharashtra,Latur,Latur,Soyabean,Yellow,FAQ,2026-09-29,4493.27,4891.53,4682.94,385.9,sample,1,2026-10-08T22:44:27.518259
Maharashtra,Latur,Latur,Soyabean,Yellow,FAQ,2026-09-30,4457.35,4802.51,4598.67,337.7,sample,1,2026-10-08T22:44:27.518270
Maharashtra,Latur,Latur,Soyabean,Yellow,FAQ,2026-10-01,4505.93,4855.44,4647.47,280.7,sample,1,2026-10-08T22:44:27.518280
Maharashtra,Latur,Latur,Soyabean,Yellow,FAQ,2026-10-02,4508.59,4855.8,4657.74,76.8,sample,1,2026-10-08T22:44:27.518291
Maharashtra,Latur,Latur,Soyabean,Yellow,FAQ,2026-10-03,4526.64,4918.27,4685.81,100.7,sample,1,2026-10-08T22:44:27.518302
Maharashtra,Latur,Latur,Soyabean,Yellow,FAQ,2026-10-05,4546.84,4909.49,4654.39,359.9,sample,1,2026-10-08T22:44:27.518315
Maharashtra,Latur,Latur,Soyabean,Yellow,FAQ,2026-10-06,4418.46,4814.38,4610.21,258.6,sample,1,2026-10-08T22:44:27.518327
Maharashtra,Latur,Latur,Soyabean,Yellow,FAQ,2026-10-07,4400.71,4833.69,4581.37,472.7,sample,1,2026-10-08T22:44:27.518337
Maharashtra,Latur,Latur,Soyabean,Yellow,FAQ,2026-10-08,4412.83,4827.48,4579.47,361.2,sample,1,2026-10-08T22:44:27.518347
Maharashtra,Latur,Latur,Red gram/Arhar/Tur(whole),White/Desi,FAQ,2026-07-10,10181.91,11181.11,10483.92,191.3,sample,1,2026-10-08T22:44:27.518363
Maharashtra,Latur,Latur,Red gram/Arhar/Tur(whole),White/Desi,FAQ,2026-07-11,10201.06,11289.64,10526.27,349.2,sample,1,2026-10-08T22:44:27.518373
Maharashtra,Latur,Latur,Red gram/Arhar/Tur(whole),White/Desi,FAQ,2026-07-13,10229.79,11018.29,10553.4,61.0,sample,1,2026-10-08T22:44:27.518385
Maharashtra,Latur,Latur,Red gram/Arhar/Tur(whole),White/Desi,FAQ,2026-07-14,10116.76,10870.74,10425.81,427.4,sample,1,2026-10-08T22:44:27.518395
Maharashtra,Latur,Latur,Red gram/Arhar/Tur(whole),White/Desi,FAQ,2026-07-15,10074.76,11223.06,10445.51,299.0,sample,1,2026-10-08T22:44:27.518406
Maharashtra,Latur,Latur,Red gram/Arhar/Tur(whole),White/Desi,FAQ,2026-07-16,9956.13,11097.39,10345.59,260.8,sample,1,2026-10-08T22:44:27.518422
Maharashtra,Latur,Latur,Red gram/Arhar/Tur(whole),White/Desi,FAQ,2026-07-17,9971.23,10974.29,10352.24,222.0,sample,1,2026-10-08T22:44:27.518433
Maharashtra,Latur,Latur,Red gram/Arhar/Tur(whole),White/Desi,FAQ,2026-07-18,10001.17,11014.91,10355.37,240.2,sample,1,2026-10-08T22:44:27.518445
Maharashtra,Latur,Latur,Red gram/Arhar/Tur(whole),White/Desi,FAQ,2026-07-20,9844.96,11019.71,10267.3,447.0,sample,1,2026-10-08T22:44:27.518456
Maharashtra,Latur,Latur,Red gram/Arhar/Tur(whole),White/Desi,FAQ,2026-07-21,10045.98,11061.19,10347.35,217.4,sample,1,2026-10-08T22:44:27.518466
Maharashtra,Latur,Latur,Red gram/Arhar/Tur(whole),White/Desi,FAQ,2026-07-22,9987.56,11004.51,10275.67,55.2,sample,1,2026-10-08T22:44:27.518477
Maharashtra,Latur,Latur,Red gram/Arhar/Tur(whole),White/Desi,FAQ,2026-07-23,10022.04,10946.73,10399.65,361.6,sample,1,2026-10-08T22:44:27.518497
Maharashtra,Latur,Latur,Red gram/Arhar/Tur(whole),White/Desi,FAQ,2026-07-24,9922.78,11151.19,10380.17,299.9,sample,1,2026-10-08T22:44:27.518511
Maharashtra,Latur,Latur,Red gram/Arhar/Tur(whole),White/Desi,FAQ,2026-07-25,9962.84,11157.43,10390.79,243.0,sample,1,2026-10-08T22:44:27.518523
Maharashtra,Latur,Latur,Red gram/Arhar/Tur(whole),White/Desi,FAQ,2026-07-27,10058.73,10964.2,10494.75,360.1,sample,1,2026-10-08T22:44:27.518535
Maharashtra,Latur,Latur,Red gram/Arhar/Tur(whole),White/Desi,FAQ,2026-07-28,10242.94,11070.52,10576.4,359.6,sample,1,2026-10-08T22:44:27.518545
Maharashtra,Latur,Latur,Red gram/Arhar/Tur(whole),White/Desi,FAQ,2026-07-29,10130.23,10999.17,10453.25,114.3,sample,1,2026-10-08T22:44:27.518556
Maharashtra,Latur,Latur,Red gram/Arhar/Tur(whole),White/Desi,FAQ,2026-07-30,10057.39,10944.92,10376.05,134.9,sample,1,2026-10-08T22:44:27.518569
Maharashtra,Latur,Latur,Red gram/Arhar/Tur(whole),White/Desi,FAQ,2026-07-31,9815.61,10941.48,10300.41,461.4,sample,1,2026-10-08T22:44:27.518580
Maharashtra,Latur,Latur,Red gram/Arhar/Tur(whole),White/Desi,FAQ,2026-08-01,10134.84,11185.27,10563.82,302.2,sample,1,2026-10-08T22:44:27.518615
Maharashtra,Latur,Latur,Red gram/Arhar/Tur(whole),White/Desi,FAQ,2026-08-03,10013.2,11083.64,10514.62,239.9,sample,1,2026-10-08T22:44:27.518630
Maharashtra,Latur,Latur,Red gram/Arhar/Tur(whole),White/Desi,FAQ,2026-08-04,10239.59,11130.19,10591.24,160.4,sample,1,2026-10-08T22:44:27.518641
Maharashtra,Latur,Latur,Red gram/Arhar/Tur(whole),White/Desi,FAQ,2026-08-05,10293.67,11283.21,10752.55,158.4,sample,1,2026-10-08T22:44:27.518652
Maharashtra,Latur,Latur,Red gram/Arhar/Tur(whole),White/Desi,FAQ,2026-08-06,10323.68,11364.01,10621.2,321.5,sample,1,2026-10-08T22:44:27.518666
Maharashtra,Latur,Latur,Red gram/Arhar/Tur(whole),White/Desi,FAQ,2026-08-07,10030.21,11142.66,10451.59,151.5,sample,1,2026-10-08T22:44:27.518816
Maharashtra,Latur,Latur,Red gram/Arhar/Tur(whole),White/Desi,FAQ,2026-08-08,10130.65,11308.79,10580.01,166.9,sample,1,2026-10-08T22:44:27.518846
Maharashtra,Latur,Latur,Red gram/Arhar/Tur(whole),White/Desi,FAQ,2026-08-10,10023.15,11250.32,10514.57,161.3,sample,1,2026-10-08T22:44:27.518865
Maharashtra,Latur,Latur,Red gram/Arhar/Tur(whole),White/Desi,FAQ,2026-08-11,10127.23,11196.8,10533.43,342.4,sample,1,2026-10-08T22:44:27.518890
Maharashtra,Latur,Latur,Red gram/Arhar/Tur(whole),White/Desi,FAQ,2026-08-12,10193.43,11023.04,10484.89,233.3,sample,1,2026-10-08T22:44:27.518906
Maharashtra,Latur,Latur,Red gram/Arhar/Tur(whole),White/Desi,FAQ,2026-08-13,10041.31,11058.35,10466.62,470.2,sample,1,2026-10-08T22:44:27.518919
Maharashtra,Latur,Latur,Red gram/Arhar/Tur(whole),White/Desi,FAQ,2026-08-14,10193.8,11299.15,10601.76,280.3,sample,1,2026-10-08T22:44:27.518934
Maharashtra,Latur,Latur,Red gram/Arhar/Tur(whole),White/Desi,FAQ,2026-08-15,10100.92,11103.93,10586.87,154.6,sample,1,2026-10-08T22:44:27.518949
Maharashtra,Latur,Latur,Red gram/Arhar/Tur(whole),White/Desi,FAQ,2026-08-17,10096.98,11217.15,10591.59,99.4,sample,1,2026-10-08T22:44:27.518966
Maharashtra,Latur,Latur,Red gram/Arhar/Tur(whole),White/Desi,FAQ,2026-08-18,10148.0,11055.36,10593.91,260.2,sample,1,2026-10-08T22:44:27.518980
Maharashtra,Latur,Latur,Red gram/Arhar/Tur(whole),White/Desi,FAQ,2026-08-19,10170.51,11273.02,10666.33,128.6,sample,1,2026-10-08T22:44:27.518994
Maharashtra,Latur,Latur,Red gram/Arhar/Tur(whole),White/Desi,FAQ,2026-08-20,10248.28,11381.92,10679.55,210.5,sample,1,2026-10-08T22:44:27.519008
Maharashtra,Latur,Latur,Red gram/Arhar/Tur(whole),White/Desi,FAQ,2026-08-21,10066.68,11018.11,10552.87,152.4,sample,1,2026-10-08T22:44:27.519022
Maharashtra,Latur,Latur,Red gram/Arhar/Tur(whole),White/Desi,FAQ,2026-08-22,10280.38,11090.81,10570.68,239.1,sample,1,2026-10-08T22:44:27.519041
Maharashtra,Latur,Latur,Red gram/Arhar/Tur(whole),White/Desi,FAQ,2026-08-24,10182.19,11137.74,10497.8,300.6,sample,1,2026-10-08T22:44:27.519058
Maharashtra,Latur,Latur,Red gram/Arhar/Tur(whole),White/Desi,FAQ,2026-08-25,10215.38,11163.81,10692.89,379.2,sample,1,2026-10-08T22:44:27.519071
Maharashtra,Latur,Latur,Red gram/Arhar/Tur(whole),White/Desi,FAQ,2026-08-26,10345.64,11337.37,10653.19,252.3,sample,1,2026-10-08T22:44:27.519085
Maharashtra,Latur,Latur,Red gram/Arhar/Tur(whole),White/Desi,FAQ,2026-08-27,10197.86,11415.04,10683.89,283.2,sample,1,2026-10-08T22:44:27.519098
Maharashtra,Latur,Latur,Red gram/Arhar/Tur(whole),White/Desi,FAQ,2026-08-28,10206.55,11272.39,10626.31,426.2,sample,1,2026-10-08T22:44:27.519113
Maharashtra,Latur,Latur,Red gram/Arhar/Tur(whole),White/Desi,FAQ,2026-08-29,10075.83,11207.09,10587.15,237.9,sample,1,2026-10-08T22:44:27.519126
Maharashtra,Latur,Latur,Red gram/Arhar/Tur(whole),White/Desi,FAQ,2026-08-31,10226.9,11413.16,10653.18,160.1,sample,1,2026-10-08T22:44:27.519142
Maharashtra,Latur,Latur,Red gram/Arhar/Tur(whole),White/Desi,FAQ,2026-09-01,10087.9,10981.82,10454.42,159.3,sample,1,2026-10-08T22:44:27.519155
Maharashtra,Latur,Latur,Red gram/Arhar/Tur(whole),White/Desi,FAQ,2026-09-02,10114.78,10915.31,10415.09,289.3,sample,1,2026-10-08T22:44:27.519169
Maharashtra,Latur,Latur,Red gram/Arhar/Tur(whole),White/Desi,FAQ,2026-09-03,10129.17,11236.82,10498.21,176.4,sample,1,2026-10-08T22:44:27.519189
Maharashtra,Latur,Latur,Red gram/Arhar/Tur(whole),White/Desi,FAQ,2026-09-04,10249.03,11228.32,10566.85,102.4,sample,1,2026-10-08T22:44:27.519202
Maharashtra,Latur,Latur,Red gram/Arhar/Tur(whole),White/Desi,FAQ,2026-09-05,10232.17,11208.25,10718.08,250.5,sample,1,2026-10-08T22:44:27.519216
Maharashtra,Latur,Latur,Red gram/Arhar/Tur(whole),White/Desi,FAQ,2026-09-07,10307.24,11171.43,10744.69,146.7,sample,1,2026-10-08T22:44:27.519231
Maharashtra,Latur,Latur,Red gram/Arhar/Tur(whole),White/Desi,FAQ,2026-09-08,10428.22,11445.0,10816.4,272.0,sample,1,2026-10-08T22:44:27.519245
Maharashtra,Latur,Latur,Red gram/Arhar/Tur(whole),White/Desi,FAQ,2026-09-09,10368.93,11459.79,10744.03,422.3,sample,1,2026-10-08T22:44:27.519259
Maharashtra,Latur,Latur,Red gram/Arhar/Tur(whole),White/Desi,FAQ,2026-09-10,10292.48,11285.25,10580.32,494.7,sample,1,2026-10-08T22:44:27.519272
Maharashtra,Latur,Latur,Red gram/Arhar/Tur(whole),White/Desi,FAQ,2026-09-11,9998.47,11118.66,10493.79,169.1,sample,1,2026-10-08T22:44:27.519286
Maharashtra,Latur,Latur,Red gram/Arhar/Tur(whole),White/Desi,FAQ,2026-09-12,9918.05,11144.16,10378.83,110.4,sample,1,2026-10-08T22:44:27.519302
Maharashtra,Latur,Latur,Red gram/Arhar/Tur(whole),White/Desi,FAQ,2026-09-14,9959.0,10993.47,10398.04,449.1,sample,1,2026-10-08T22:44:27.519319
Maharashtra,Latur,Latur,Red gram/Arhar/Tur(whole),White/Desi,FAQ,2026-09-15,10070.95,10881.27,10366.41,497.0,sample,1,2026-10-08T22:44:27.519336
Maharashtra,Latur,Latur,Red gram/Arhar/Tur(whole),White/Desi,FAQ,2026-09-16,10023.52,10819.77,10317.55,405.2,sample,1,2026-10-08T22:44:27.519351
Maharashtra,Latur,Latur,Red gram/Arhar/Tur(whole),White/Desi,FAQ,2026-09-17,10009.91,11251.25,10490.24,115.1,sample,1,2026-10-08T22:44:27.519365
Maharashtra,Latur,Latur,Red gram/Arhar/Tur(whole),White/Desi,FAQ,2026-09-18,10192.51,11100.49,10539.79,123.3,sample,1,2026-10-08T22:44:27.519379
Maharashtra,Latur,Latur,Red gram/Arhar/Tur(whole),White/Desi,FAQ,2026-09-19,9964.16,11107.29,10424.55,386.8,sample,1,2026-10-08T22:44:27.519392
Maharashtra,Latur,Latur,Red gram/Arhar/Tur(whole),White/Desi,FAQ,2026-09-21,10119.6,11209.48,10431.63,326.9,sample,1,2026-10-08T22:44:27.519408
Maharashtra,Latur,Latur,Red gram/Arhar/Tur(whole),White/Desi,FAQ,2026-09-22,10039.08,10844.26,10375.19,101.8,sample,1,2026-10-08T22:44:27.519420
Maharashtra,Latur,Latur,Red gram/Arhar/Tur(whole),White/Desi,FAQ,2026-09-23,9823.55,10891.29,10155.28,145.7,sample,1,2026-10-08T22:44:27.519435
Maharashtra,Latur,Latur,Red gram/Arhar/Tur(whole),White/Desi,FAQ,2026-09-24,10001.41,10845.39,10334.08,255.5,sample,1,2026-10-08T22:44:27.519449
Maharashtra,Latur,Latur,Red gram/Arhar/Tur(whole),White/Desi,FAQ,2026-09-25,10027.35,11042.23,10468.23,249.9,sample,1,2026-10-08T22:44:27.519462
Maharashtra,Latur,Latur,Red gram/Arhar/Tur(whole),White/Desi,FAQ,2026-09-26,10022.97,10950.7,10526.85,433.7,sample,1,2026-10-08T22:44:27.519479
Maharashtra,Latur,Latur,Red gram/Arhar/Tur(whole),White/Desi,FAQ,2026-09-28,10163.57,11280.29,10589.96,185.0,sample,1,2026-10-08T22:44:27.519497
Maharashtra,Latur,Latur,Red gram/Arhar/Tur(whole),White/Desi,FAQ,2026-09-29,10169.72,11105.79,10665.39,167.9,sample,1,2026-10-08T22:44:27.519510
Maharashtra,Latur,Latur,Red gram/Arhar/Tur(whole),White/Desi,FAQ,2026-09-30,10130.2,11118.46,10636.17,146.2,sample,1,2026-10-08T22:44:27.519524
Maharashtra,Latur,Latur,Red gram/Arhar/Tur(whole),White/Desi,FAQ,2026-10-01,10232.01,11348.67,10651.62,415.4,sample,1,2026-10-08T22:44:27.519538
Maharashtra,Latur,Latur,Red gram/Arhar/Tur(whole),White/Desi,FAQ,2026-10-02,10309.49,11404.93,10654.49,404.5,sample,1,2026-10-08T22:44:27.519552
Maharashtra,Latur,Latur,Red gram/Arhar/Tur(whole),White/Desi,FAQ,2026-10-03,10374.76,11280.43,10665.96,250.9,sample,1,2026-10-08T22:44:27.519566
Maharashtra,Latur,Latur,Red gram/Arhar/Tur(whole),White/Desi,FAQ,2026-10-05,10335.73,11516.99,10810.01,461.9,sample,1,2026-10-08T22:44:27.519840
Maharashtra,Latur,Latur,Red gram/Arhar/Tur(whole),White/Desi,FAQ,2026-10-06,10457.4,11324.85,10741.33,115.0,sample,1,2026-10-08T22:44:27.519867
Maharashtra,Latur,Latur,Red gram/Arhar/Tur(whole),White/Desi,FAQ,2026-10-07,10462.23,11549.66,10812.47,66.9,sample,1,2026-10-08T22:44:27.519886
Maharashtra,Latur,Latur,Red gram/Arhar/Tur(whole),White/Desi,FAQ,2026-10-08,10458.94,11614.38,10934.38,461.5,sample,1,2026-10-08T22:44:27.519909
Maharashtra,Latur,Latur,Wheat,Lokwan,FAQ,2026-07-10,2629.78,2956.92,2747.09,86.7,sample,1,2026-10-08T22:44:27.519931
Maharashtra,Latur,Latur,Wheat,Lokwan,FAQ,2026-07-11,2648.9,2994.31,2798.95,357.9,sample,1,2026-10-08T22:44:27.519946
Maharashtra,Latur,Latur,Wheat,Lokwan,FAQ,2026-07-13,2696.49,2999.07,2788.11,316.3,sample,1,2026-10-08T22:44:27.519962
Maharashtra,Latur,Latur,Wheat,Lokwan,FAQ,2026-07-14,2657.64,3029.69,2803.72,63.0,sample,1,2026-10-08T22:44:27.519976
Maharashtra,Latur,Latur,Wheat,Lokwan,FAQ,2026-07-15,2658.52,3006.58,2781.17,110.9,sample,1,2026-10-08T22:44:27.519990
Maharashtra,Latur,Latur,Wheat,Lokwan,FAQ,2026-07-16,2670.91,2997.62,2803.7,196.2,sample,1,2026-10-08T22:44:27.520003
Maharashtra,Latur,Latur,Wheat,Lokwan,FAQ,2026-07-17,2712.14,2998.01,2807.34,409.2,sample,1,2026-10-08T22:44:27.520017
Maharashtra,Latur,Latur,Wheat,Lokwan,FAQ,2026-07-18,2671.81,2998.24,2797.93,217.2,sample,1,2026-10-08T22:44:27.520030
Maharashtra,Latur,Latur,Wheat,Lokwan,FAQ,2026-07-20,2694.25,2977.36,2796.59,380.2,sample,1,2026-10-08T22:44:27.520045
Maharashtra,Latur,Latur,Wheat,Lokwan,FAQ,2026-07-21,2621.75,2952.38,2773.95,328.5,sample,1,2026-10-08T22:44:27.520063
Maharashtra,Latur,Latur,Wheat,Lokwan,FAQ,2026-07-22,2642.42,2878.03,2731.91,99.8,sample,1,2026-10-08T22:44:27.520077
Maharashtra,Latur,Latur,Wheat,Lokwan,FAQ,2026-07-23,2655.51,2876.79,2745.7,284.2,sample,1,2026-10-08T22:44:27.520091
Maharashtra,Latur,Latur,Wheat,Lokwan,FAQ,2026-07-24,2618.89,2985.18,2753.07,294.3,sample,1,2026-10-08T22:44:27.520105
Maharashtra,Latur,Latur,Wheat,Lokwan,FAQ,2026-07-25,2609.24,2957.59,2751.37,63.0,sample,1,2026-10-08T22:44:27.520118
Maharashtra,Latur,Latur,Wheat,Lokwan,FAQ,2026-07-27,2721.04,3028.71,2810.36,437.0,sample,1,2026-10-08T22:44:27.520133
Maharashtra,Latur,Latur,Wheat,Lokwan,FAQ,2026-07-28,2654.18,2973.99,2773.08,407.1,sample,1,2026-10-08T22:44:27.520146
Maharashtra,Latur,Latur,Wheat,Lokwan,FAQ,2026-07-29,2693.32,2992.18,2802.7,324.9,sample,1,2026-10-08T22:44:27.520160
Maharashtra,Latur,Latur,Wheat,Lokwan,FAQ,2026-07-30,2684.05,2950.52,2786.18,315.2,sample,1,2026-10-08T22:44:27.520173
Maharashtra,Latur,Latur,Wheat,Lokwan,FAQ,2026-07-31,2687.54,2916.44,2779.42,120.7,sample,1,2026-10-08T22:44:27.520187
Maharashtra,Latur,Latur,Wheat,Lokwan,FAQ,2026-08-01,2575.65,2952.93,2724.83,384.3,sample,1,2026-10-08T22:44:27.520204
Maharashtra,Latur,Latur,Wheat,Lokwan,FAQ,2026-08-03,2629.04,2854.45,2726.13,434.3,sample,1,2026-10-08T22:44:27.520223
Maharashtra,Latur,Latur,Wheat,Lokwan,FAQ,2026-08-04,2664.47,2897.45,2759.25,121.0,sample,1,2026-10-08T22:44:27.520236
Maharashtra,Latur,Latur,Wheat,Lokwan,FAQ,2026-08-05,2639.65,2963.36,2742.42,216.0,sample,1,2026-10-08T22:44:27.520251
Maharashtra,Latur,Latur,Wheat,Lokwan,FAQ,2026-08-06,2555.52,2932.65,2708.5,380.4,sample,1,2026-10-08T22:44:27.520269
Maharashtra,Latur,Latur,Wheat,Lokwan,FAQ,2026-08-07,2643.63,2973.14,2741.71,175.4,sample,1,2026-10-08T22:44:27.520283
Maharashtra,Latur,Latur,Wheat,Lokwan,FAQ,2026-08-08,2626.54,2966.14,2742.42,48.5,sample,1,2026-10-08T22:44:27.520297
Maharashtra,Latur,Latur,Wheat,Lokwan,FAQ,2026-08-10,2591.95,2901.22,2712.57,192.1,sample,1,2026-10-08T22:44:27.520312
Maharashtra,Latur,Latur,Wheat,Lokwan,FAQ,2026-08-11,2610.51,2842.27,2714.02,116.5,sample,1,2026-10-08T22:44:27.520325
Maharashtra,Latur,Latur,Wheat,Lokwan,FAQ,2026-08-12,2626.65,2918.64,2737.83,200.7,sample,1,2026-10-08T22:44:27.520339
Maharashtra,Latur,Latur,Wheat,Lokwan,FAQ,2026-08-13,2583.82,2932.39,2711.89,127.2,sample,1,2026-10-08T22:44:27.520354
Maharashtra,Latur,Latur,Wheat,Lokwan,FAQ,2026-08-14,2572.71,2925.24,2701.63,222.7,sample,1,2026-10-08T22:44:27.520368
Maharashtra,Latur,Latur,Wheat,Lokwan,FAQ,2026-08-15,2547.69,2825.98,2677.39,475.9,sample,1,2026-10-08T22:44:27.520382
Maharashtra,Latur,Latur,Wheat,Lokwan,FAQ,2026-08-17,2562.4,2809.17,2663.19,463.8,sample,1,2026-10-08T22:44:27.520398
Maharashtra,Latur,Latur,Wheat,Lokwan,FAQ,2026-08-18,2536.82,2866.8,2654.96,113.6,sample,1,2026-10-08T22:44:27.520412
Maharashtra,Latur,Latur,Wheat,Lokwan,FAQ,2026-08-19,2536.48,2872.27,2650.6,200.7,sample,1,2026-10-08T22:44:27.520426
Maharashtra,Latur,Latur,Wheat,Lokwan,FAQ,2026-08-20,2576.74,2880.2,2666.77,101.6,sample,1,2026-10-08T22:44:27.520440
Maharashtra,Latur,Latur,Wheat,Lokwan,FAQ,2026-08-21,2501.68,2794.76,2652.46,171.5,sample,1,2026-10-08T22:44:27.520454
Maharashtra,Latur,Latur,Wheat,Lokwan,FAQ,2026-08-22,2541.33,2856.27,2630.47,479.3,sample,1,2026-10-08T22:44:27.520468
Maharashtra,Latur,Latur,Wheat,Lokwan,FAQ,2026-08-24,2543.57,2798.81,2638.49,388.4,sample,1,2026-10-08T22:44:27.520483
Maharashtra,Latur,Latur,Wheat,Lokwan,FAQ,2026-08-25,2492.16,2796.08,2626.64,240.5,sample,1,2026-10-08T22:44:27.520498
Maharashtra,Latur,Latur,Wheat,Lokwan,FAQ,2026-08-26,2498.86,2764.09,2593.96,420.3,sample,1,2026-10-08T22:44:27.520512
Maharashtra,Latur,Latur,Wheat,Lokwan,FAQ,2026-08-27,2474.85,2808.61,2610.89,478.8,sample,1,2026-10-08T22:44:27.520528
Maharashtra,Latur,Latur,Wheat,Lokwan,FAQ,2026-08-28,2533.15,2795.28,2641.29,276.6,sample,1,2026-10-08T22:44:27.520541
Maharashtra,Latur,Latur,Wheat,Lokwan,FAQ,2026-08-29,2522.65,2838.71,2653.18,84.7,sample,1,2026-10-08T22:44:27.520554
Maharashtra,Latur,Latur,Wheat,Lokwan,FAQ,2026-08-31,2530.22,2869.47,2661.36,58.6,sample,1,2026-10-08T22:44:27.520565
Maharashtra,Latur,Latur,Wheat,Lokwan,FAQ,2026-09-01,2573.58,2860.93,2677.21,431.5,sample,1,2026-10-08T22:44:27.520574
Maharashtra,Latur,Latur,Wheat,Lokwan,FAQ,2026-09-02,2533.76,2811.76,2676.72,431.2,sample,1,2026-10-08T22:44:27.520584
Maharashtra,Latur,Latur,Wheat,Lokwan,FAQ,2026-09-03,2575.58,2881.88,2666.37,399.8,sample,1,2026-10-08T22:44:27.520594
Maharashtra,Latur,Latur,Wheat,Lokwan,FAQ,2026-09-04,2524.29,2877.42,2656.01,367.2,sample,1,2026-10-08T22:44:27.520604
Maharashtra,Latur,Latur,Wheat,Lokwan,FAQ,2026-09-05,2553.03,2895.72,2675.79,290.0,sample,1,2026-10-08T22:44:27.520616
Maharashtra,Latur,Latur,Wheat,Lokwan,FAQ,2026-09-07,2498.86,2731.22,2604.31,391.2,sample,1,2026-10-08T22:44:27.520627
Maharashtra,Latur,Latur,Wheat,Lokwan,FAQ,2026-09-08,2502.5,2755.69,2594.4,295.9,sample,1,2026-10-08T22:44:27.520637
Maharashtra,Latur,Latur,Wheat,Lokwan,FAQ,2026-09-09,2516.25,2762.68,2622.25,424.9,sample,1,2026-10-08T22:44:27.520647
Maharashtra,Latur,Latur,Wheat,Lokwan,FAQ,2026-09-10,2552.29,2848.18,2636.36,121.7,sample,1,2026-10-08T22:44:27.520656
Maharashtra,Latur,Latur,Wheat,Lokwan,FAQ,2026-09-11,2572.21,2886.98,2692.05,261.0,sample,1,2026-10-08T22:44:27.520668
Maharashtra,Latur,Latur,Wheat,Lokwan,FAQ,2026-09-12,2526.77,2852.91,2670.67,396.9,sample,1,2026-10-08T22:44:27.520678
Maharashtra,Latur,Latur,Wheat,Lokwan,FAQ,2026-09-14,2604.84,2929.11,2709.13,384.5,sample,1,2026-10-08T22:44:27.520689
Maharashtra,Latur,Latur,Wheat,Lokwan,FAQ,2026-09-15,2562.45,2841.09,2702.26,240.3,sample,1,2026-10-08T22:44:27.520699
Maharashtra,Latur,Latur,Wheat,Lokwan,FAQ,2026-09-16,2622.08,2911.0,2719.06,368.8,sample,1,2026-10-08T22:44:27.520710
Maharashtra,Latur,Latur,Wheat,Lokwan,FAQ,2026-09-17,2620.42,2877.46,2735.82,74.5,sample,1,2026-10-08T22:44:27.520722
Maharashtra,Latur,Latur,Wheat,Lokwan,FAQ,2026-09-18,2656.64,2901.96,2745.25,321.4,sample,1,2026-10-08T22:44:27.520732
Maharashtra,Latur,Latur,Wheat,Lokwan,FAQ,2026-09-19,2642.68,2976.93,2764.98,91.9,sample,1,2026-10-08T22:44:27.520742
Maharashtra,Latur,Latur,Wheat,Lokwan,FAQ,2026-09-21,2607.83,2945.24,2757.86,436.5,sample,1,2026-10-08T22:44:27.520753
Maharashtra,Latur,Latur,Wheat,Lokwan,FAQ,2026-09-22,2552.58,2834.65,2698.92,436.8,sample,1,2026-10-08T22:44:27.520762
Maharashtra,Latur,Latur,Wheat,Lokwan,FAQ,2026-09-23,2544.13,2849.2,2657.38,489.3,sample,1,2026-10-08T22:44:27.520773
Maharashtra,Latur,Latur,Wheat,Lokwan,FAQ,2026-09-24,2573.42,2878.0,2677.41,84.4,sample,1,2026-10-08T22:44:27.520783
Maharashtra,Latur,Latur,Wheat,Lokwan,FAQ,2026-09-25,2609.62,2886.95,2701.6,66.2,sample,1,2026-10-08T22:44:27.520793
Maharashtra,Latur,Latur,Wheat,Lokwan,FAQ,2026-09-26,2589.8,2908.41,2736.81,49.6,sample,1,2026-10-08T22:44:27.520803
Maharashtra,Latur,Latur,Wheat,Lokwan,FAQ,2026-09-28,2647.58,2858.31,2731.73,470.7,sample,1,2026-10-08T22:44:27.520813
Maharashtra,Latur,Latur,Wheat,Lokwan,FAQ,2026-09-29,2580.75,2902.85,2718.61,129.0,sample,1,2026-10-08T22:44:27.520825
Maharashtra,Latur,Latur,Wheat,Lokwan,FAQ,2026-09-30,2595.57,2874.09,2679.85,190.3,sample,1,2026-10-08T22:44:27.520835
Maharashtra,Latur,Latur,Wheat,Lokwan,FAQ,2026-10-01,2617.3,2866.6,2714.22,283.6,sample,1,2026-10-08T22:44:27.520846
Maharashtra,Latur,Latur,Wheat,Lokwan,FAQ,2026-10-02,2568.38,2905.46,2719.72,114.4,sample,1,2026-10-08T22:44:27.520859
Maharashtra,Latur,Latur,Wheat,Lokwan,FAQ,2026-10-03,2646.29,2973.89,2760.38,118.6,sample,1,2026-10-08T22:44:27.520871
Maharashtra,Latur,Latur,Wheat,Lokwan,FAQ,2026-10-05,2678.93,2942.15,2767.43,285.6,sample,1,2026-10-08T22:44:27.520883
Maharashtra,Latur,Latur,Wheat,Lokwan,FAQ,2026-10-06,2609.42,2939.38,2724.54,387.9,sample,1,2026-10-08T22:44:27.520893
Maharashtra,Latur,Latur,Wheat,Lokwan,FAQ,2026-10-07,2674.18,2956.98,2770.95,449.2,sample,1,2026-10-08T22:44:27.520903
Maharashtra,Latur,Latur,Wheat,Lokwan,FAQ,2026-10-08,2602.37,2930.05,2749.88,450.8,sample,1,2026-10-08T22:44:27.520913
Maharashtra,Latur,Latur,Onion,Red/Nasik,FAQ,2026-07-10,2005.26,2727.44,2251.95,227.5,sample,1,2026-10-08T22:44:27.520925
Maharashtra,Latur,Latur,Onion,Red/Nasik,FAQ,2026-07-11,1818.19,2564.01,2162.65,332.1,sample,1,2026-10-08T22:44:27.520937
Maharashtra,Latur,Latur,Onion,Red/Nasik,FAQ,2026-07-13,1890.73,2725.09,2265.08,393.3,sample,1,2026-10-08T22:44:27.520948
Maharashtra,Latur,Latur,Onion,Red/Nasik,FAQ,2026-07-14,1938.84,2569.88,2180.71,154.0,sample,1,2026-10-08T22:44:27.520957
Maharashtra,Latur,Latur,Onion,Red/Nasik,FAQ,2026-07-15,1834.47,2577.59,2064.03,127.3,sample,1,2026-10-08T22:44:27.520968
Maharashtra,Latur,Latur,Onion,Red/Nasik,FAQ,2026-07-16,1704.65,2504.0,2034.14,132.5,sample,1,2026-10-08T22:44:27.520978
Maharashtra,Latur,Latur,Onion,Red/Nasik,FAQ,2026-07-17,1830.04,2467.63,2057.89,273.7,sample,1,2026-10-08T22:44:27.520988
Maharashtra,Latur,Latur,Onion,Red/Nasik,FAQ,2026-07-18,1752.94,2501.53,2137.69,125.9,sample,1,2026-10-08T22:44:27.520997
Maharashtra,Latur,Latur,Onion,Red/Nasik,FAQ,2026-07-20,1917.92,2533.76,2139.31,365.8,sample,1,2026-10-08T22:44:27.521010
Maharashtra,Latur,Latur,Onion,Red/Nasik,FAQ,2026-07-21,1719.32,2572.72,2066.89,49.1,sample,1,2026-10-08T22:44:27.521019
Maharashtra,Latur,Latur,Onion,Red/Nasik,FAQ,2026-07-22,1853.98,2569.55,2133.4,234.3,sample,1,2026-10-08T22:44:27.521029
Maharashtra,Latur,Latur,Onion,Red/Nasik,FAQ,2026-07-23,1801.67,2493.78,2124.92,307.7,sample,1,2026-10-08T22:44:27.521041
Maharashtra,Latur,Latur,Onion,Red/Nasik,FAQ,2026-07-24,1933.74,2544.73,2240.62,340.9,sample,1,2026-10-08T22:44:27.521052
Maharashtra,Latur,Latur,Onion,Red/Nasik,FAQ,2026-07-25,1989.86,2712.69,2247.81,325.7,sample,1,2026-10-08T22:44:27.521061
Maharashtra,Latur,Latur,Onion,Red/Nasik,FAQ,2026-07-27,1913.59,2587.9,2197.35,271.5,sample,1,2026-10-08T22:44:27.521072
Maharashtra,Latur,Latur,Onion,Red/Nasik,FAQ,2026-07-28,1983.7,2726.4,2213.62,232.7,sample,1,2026-10-08T22:44:27.521082
Maharashtra,Latur,Latur,Onion,Red/Nasik,FAQ,2026-07-29,1953.92,2613.04,2261.3,343.9,sample,1,2026-10-08T22:44:27.521093
Maharashtra,Latur,Latur,Onion,Red/Nasik,FAQ,2026-07-30,1963.94,2648.15,2206.02,495.7,sample,1,2026-10-08T22:44:27.521102
Maharashtra,Latur,Latur,Onion,Red/Nasik,FAQ,2026-07-31,1942.86,2591.67,2223.2,478.5,sample,1,2026-10-08T22:44:27.521112
Maharashtra,Latur,Latur,Onion,Red/Nasik,FAQ,2026-08-01,1919.46,2573.6,2201.33,118.6,sample,1,2026-10-08T22:44:27.521122
Maharashtra,Latur,Latur,Onion,Red/Nasik,FAQ,2026-08-03,2024.03,2608.67,2250.99,133.9,sample,1,2026-10-08T22:44:27.521133
Maharashtra,Latur,Latur,Onion,Red/Nasik,FAQ,2026-08-04,1884.73,2628.1,2205.74,449.9,sample,1,2026-10-08T22:44:27.521144
Maharashtra,Latur,Latur,Onion,Red/Nasik,FAQ,2026-08-05,1915.24,2674.74,2233.66,329.0,sample,1,2026-10-08T22:44:27.521155
Maharashtra,Latur,Latur,Onion,Red/Nasik,FAQ,2026-08-06,2063.23,2661.5,2274.86,177.0,sample,1,2026-10-08T22:44:27.521164
Maharashtra,Latur,Latur,Onion,Red/Nasik,FAQ,2026-08-07,2127.13,2685.53,2341.18,258.6,sample,1,2026-10-08T22:44:27.521175
Maharashtra,Latur,Latur,Onion,Red/Nasik,FAQ,2026-08-08,2066.67,2793.22,2414.34,311.5,sample,1,2026-10-08T22:44:27.521184
Maharashtra,Latur,Latur,Onion,Red/Nasik,FAQ,2026-08-10,2137.83,2855.15,2426.65,262.8,sample,1,2026-10-08T22:44:27.521197
Maharashtra,Latur,Latur,Onion,Red/Nasik,FAQ,2026-08-11,2108.74,2832.76,2419.98,313.8,sample,1,2026-10-08T22:44:27.521207
Maharashtra,Latur,Latur,Onion,Red/Nasik,FAQ,2026-08-12,2131.66,2752.01,2387.54,324.2,sample,1,2026-10-08T22:44:27.521217
Maharashtra,Latur,Latur,Onion,Red/Nasik,FAQ,2026-08-13,2141.05,2831.18,2453.83,74.6,sample,1,2026-10-08T22:44:27.521226
Maharashtra,Latur,Latur,Onion,Red/Nasik,FAQ,2026-08-14,2001.84,2839.48,2356.2,91.8,sample,1,2026-10-08T22:44:27.521237
Maharashtra,Latur,Latur,Onion,Red/Nasik,FAQ,2026-08-15,2055.1,2697.62,2348.27,250.8,sample,1,2026-10-08T22:44:27.521254
Maharashtra,Latur,Latur,Onion,Red/Nasik,FAQ,2026-08-17,2107.12,2808.45,2388.88,411.9,sample,1,2026-10-08T22:44:27.521265
Maharashtra,Latur,Latur,Onion,Red/Nasik,FAQ,2026-08-18,2139.33,2739.96,2368.56,397.1,sample,1,2026-10-08T22:44:27.521275
Maharashtra,Latur,Latur,Onion,Red/Nasik,FAQ,2026-08-19,2059.86,2796.91,2326.75,116.7,sample,1,2026-10-08T22:44:27.521285
Maharashtra,Latur,Latur,Onion,Red/Nasik,FAQ,2026-08-20,1991.96,2790.65,2317.16,442.9,sample,1,2026-10-08T22:44:27.521295
Maharashtra,Latur,Latur,Onion,Red/Nasik,FAQ,2026-08-21,1941.7,2818.9,2302.12,115.5,sample,1,2026-10-08T22:44:27.521305
Maharashtra,Latur,Latur,Onion,Red/Nasik,FAQ,2026-08-22,2094.02,2719.22,2329.14,222.5,sample,1,2026-10-08T22:44:27.521315
Maharashtra,Latur,Latur,Onion,Red/Nasik,FAQ,2026-08-24,2089.84,2792.43,2310.86,122.4,sample,1,2026-10-08T22:44:27.521326
Maharashtra,Latur,Latur,Onion,Red/Nasik,FAQ,2026-08-25,2069.81,2716.69,2376.05,279.2,sample,1,2026-10-08T22:44:27.521336
Maharashtra,Latur,Latur,Onion,Red/Nasik,FAQ,2026-08-26,2004.55,2790.01,2372.46,127.4,sample,1,2026-10-08T22:44:27.521348
Maharashtra,Latur,Latur,Onion,Red/Nasik,FAQ,2026-08-27,2037.37,2657.08,2367.2,261.9,sample,1,2026-10-08T22:44:27.521361
Maharashtra,Latur,Latur,Onion,Red/Nasik,FAQ,2026-08-28,2080.03,2755.48,2332.68,257.9,sample,1,2026-10-08T22:44:27.521371
Maharashtra,Latur,Latur,Onion,Red/Nasik,FAQ,2026-08-29,1916.99,2735.44,2277.0,88.8,sample,1,2026-10-08T22:44:27.521404
Maharashtra,Latur,Latur,Onion,Red/Nasik,FAQ,2026-08-31,1942.63,2511.06,2195.21,481.7,sample,1,2026-10-08T22:44:27.521418
Maharashtra,Latur,Latur,Onion,Red/Nasik,FAQ,2026-09-01,1966.35,2817.89,2318.24,61.7,sample,1,2026-10-08T22:44:27.521428
Maharashtra,Latur,Latur,Onion,Red/Nasik,FAQ,2026-09-02,1995.14,2797.13,2334.78,225.5,sample,1,2026-10-08T22:44:27.521438
Maharashtra,Latur,Latur,Onion,Red/Nasik,FAQ,2026-09-03,2089.85,2895.11,2406.44,314.4,sample,1,2026-10-08T22:44:27.521448
Maharashtra,Latur,Latur,Onion,Red/Nasik,FAQ,2026-09-04,2011.12,2761.18,2395.4,174.7,sample,1,2026-10-08T22:44:27.521458
Maharashtra,Latur,Latur,Onion,Red/Nasik,FAQ,2026-09-05,2072.82,2847.39,2383.25,128.1,sample,1,2026-10-08T22:44:27.521467
Maharashtra,Latur,Latur,Onion,Red/Nasik,FAQ,2026-09-07,1959.25,2839.02,2321.29,238.7,sample,1,2026-10-08T22:44:27.521478
Maharashtra,Latur,Latur,Onion,Red/Nasik,FAQ,2026-09-08,2031.33,2744.48,2343.84,260.7,sample,1,2026-10-08T22:44:27.521489
Maharashtra,Latur,Latur,Onion,Red/Nasik,FAQ,2026-09-09,2108.55,2733.15,2339.85,230.6,sample,1,2026-10-08T22:44:27.521499
Maharashtra,Latur,Latur,Onion,Red/Nasik,FAQ,2026-09-10,2002.41,2616.48,2328.1,92.0,sample,1,2026-10-08T22:44:27.521509
Maharashtra,Latur,Latur,Onion,Red/Nasik,FAQ,2026-09-11,1956.79,2636.22,2326.73,146.2,sample,1,2026-10-08T22:44:27.521520
Maharashtra,Latur,Latur,Onion,Red/Nasik,FAQ,2026-09-12,1897.16,2625.29,2272.57,485.7,sample,1,2026-10-08T22:44:27.521529
Maharashtra,Latur,Latur,Onion,Red/Nasik,FAQ,2026-09-14,2101.72,2715.66,2319.51,346.0,sample,1,2026-10-08T22:44:27.521541
Maharashtra,Latur,Latur,Onion,Red/Nasik,FAQ,2026-09-15,1986.16,2782.07,2368.0,467.4,sample,1,2026-10-08T22:44:27.521550
Maharashtra,Latur,Latur,Onion,Red/Nasik,FAQ,2026-09-16,2120.64,2674.07,2384.8,105.2,sample,1,2026-10-08T22:44:27.521563
Maharashtra,Latur,Latur,Onion,Red/Nasik,FAQ,2026-09-17,1986.5,2644.6,2336.56,458.7,sample,1,2026-10-08T22:44:27.521573
Maharashtra,Latur,Latur,Onion,Red/Nasik,FAQ,2026-09-18,1997.78,2649.46,2293.76,235.7,sample,1,2026-10-08T22:44:27.521583
Maharashtra,Latur,Latur,Onion,Red/Nasik,FAQ,2026-09-19,2017.53,2764.97,2259.62,123.2,sample,1,2026-10-08T22:44:27.521595
Maharashtra,Latur,Latur,Onion,Red/Nasik,FAQ,2026-09-21,1978.08,2659.31,2226.86,343.6,sample,1,2026-10-08T22:44:27.521606
Maharashtra,Latur,Latur,Onion,Red/Nasik,FAQ,2026-09-22,1913.0,2489.18,2202.12,269.5,sample,1,2026-10-08T22:44:27.521615
Maharashtra,Latur,Latur,Onion,Red/Nasik,FAQ,2026-09-23,1850.36,2602.11,2157.77,189.8,sample,1,2026-10-08T22:44:27.521625
Maharashtra,Latur,Latur,Onion,Red/Nasik,FAQ,2026-09-24,1853.47,2595.17,2170.98,190.1,sample,1,2026-10-08T22:44:27.521635
Maharashtra,Latur,Latur,Onion,Red/Nasik,FAQ,2026-09-25,2002.35,2588.12,2254.07,42.8,sample,1,2026-10-08T22:44:27.521645
Maharashtra,Latur,Latur,Onion,Red/Nasik,FAQ,2026-09-26,1949.95,2822.1,2309.43,172.2,sample,1,2026-10-08T22:44:27.521655
Maharashtra,Latur,Latur,Onion,Red/Nasik,FAQ,2026-09-28,2064.35,2783.21,2304.27,453.8,sample,1,2026-10-08T22:44:27.521666
Maharashtra,Latur,Latur,Onion,Red/Nasik,FAQ,2026-09-29,2049.15,2727.14,2269.29,221.4,sample,1,2026-10-08T22:44:27.521675
Maharashtra,Latur,Latur,Onion,Red/Nasik,FAQ,2026-09-30,1827.48,2501.29,2204.97,369.9,sample,1,2026-10-08T22:44:27.521685
Maharashtra,Latur,Latur,Onion,Red/Nasik,FAQ,2026-10-01,1813.2,2609.76,2108.21,334.4,sample,1,2026-10-08T22:44:27.521696
Maharashtra,Latur,Latur,Onion,Red/Nasik,FAQ,2026-10-02,1842.2,2545.85,2080.47,286.6,sample,1,2026-10-08T22:44:27.521709
Maharashtra,Latur,Latur,Onion,Red/Nasik,FAQ,2026-10-03,1741.8,2389.13,2050.0,199.4,sample,1,2026-10-08T22:44:27.521720
Maharashtra,Latur,Latur,Onion,Red/Nasik,FAQ,2026-10-05,1720.41,2351.19,2030.16,308.8,sample,1,2026-10-08T22:44:27.521730
Maharashtra,Latur,Latur,Onion,Red/Nasik,FAQ,2026-10-06,1846.34,2554.79,2111.29,199.3,sample,1,2026-10-08T22:44:27.521740
Maharashtra,Latur,Latur,Onion,Red/Nasik,FAQ,2026-10-07,1827.61,2625.3,2110.7,190.7,sample,1,2026-10-08T22:44:27.521750
Maharashtra,Latur,Latur,Onion,Red/Nasik,FAQ,2026-10-08,1801.77,2378.22,2078.05,70.6,sample,1,2026-10-08T22:44:27.521759
Maharashtra,Nashik,Lasalgaon,Onion,Red/Nasik,FAQ,2026-07-10,1918.28,2572.9,2281.58,181.9,sample,1,2026-10-08T22:44:27.521774
Maharashtra,Nashik,Lasalgaon,Onion,Red/Nasik,FAQ,2026-07-11,2069.35,2683.62,2296.04,181.3,sample,1,2026-10-08T22:44:27.521783
Maharashtra,Nashik,Lasalgaon,Onion,Red/Nasik,FAQ,2026-07-13,1887.08,2577.62,2212.03,104.9,sample,1,2026-10-08T22:44:27.521794
Maharashtra,Nashik,Lasalgaon,Onion,Red/Nasik,FAQ,2026-07-14,1942.12,2637.96,2231.02,381.9,sample,1,2026-10-08T22:44:27.521805
Maharashtra,Nashik,Lasalgaon,Onion,Red/Nasik,FAQ,2026-07-15,1879.15,2621.95,2231.25,203.9,sample,1,2026-10-08T22:44:27.521814
Maharashtra,Nashik,Lasalgaon,Onion,Red/Nasik,FAQ,2026-07-16,1945.9,2683.34,2209.95,302.7,sample,1,2026-10-08T22:44:27.521824
Maharashtra,Nashik,Lasalgaon,Onion,Red/Nasik,FAQ,2026-07-17,1854.63,2555.62,2226.86,193.4,sample,1,2026-10-08T22:44:27.521833
Maharashtra,Nashik,Lasalgaon,Onion,Red/Nasik,FAQ,2026-07-18,1971.38,2677.52,2269.28,142.2,sample,1,2026-10-08T22:44:27.521843
Maharashtra,Nashik,Lasalgaon,Onion,Red/Nasik,FAQ,2026-07-20,2070.15,2764.12,2295.12,356.7,sample,1,2026-10-08T22:44:27.521854
Maharashtra,Nashik,Lasalgaon,Onion,Red/Nasik,FAQ,2026-07-21,2066.47,2754.24,2319.61,462.5,sample,1,2026-10-08T22:44:27.521863
Maharashtra,Nashik,Lasalgaon,Onion,Red/Nasik,FAQ,2026-07-22,2153.77,2764.37,2370.51,286.1,sample,1,2026-10-08T22:44:27.521873
Maharashtra,Nashik,Lasalgaon,Onion,Red/Nasik,FAQ,2026-07-23,2118.49,2859.27,2360.0,71.4,sample,1,2026-10-08T22:44:27.521883
Maharashtra,Nashik,Lasalgaon,Onion,Red/Nasik,FAQ,2026-07-24,2076.71,2654.56,2372.25,420.5,sample,1,2026-10-08T22:44:27.521894
Maharashtra,Nashik,Lasalgaon,Onion,Red/Nasik,FAQ,2026-07-25,2024.91,2669.0,2313.17,68.8,sample,1,2026-10-08T22:44:27.521905
Maharashtra,Nashik,Lasalgaon,Onion,Red/Nasik,FAQ,2026-07-27,2069.61,2693.05,2334.64,344.0,sample,1,2026-10-08T22:44:27.521916
Maharashtra,Nashik,Lasalgaon,Onion,Red/Nasik,FAQ,2026-07-28,2004.96,2836.69,2381.74,262.0,sample,1,2026-10-08T22:44:27.521926
Maharashtra,Nashik,Lasalgaon,Onion,Red/Nasik,FAQ,2026-07-29,2169.44,2813.2,2397.71,89.4,sample,1,2026-10-08T22:44:27.521936
Maharashtra,Nashik,Lasalgaon,Onion,Red/Nasik,FAQ,2026-07-30,2049.61,2730.89,2336.08,174.6,sample,1,2026-10-08T22:44:27.521947
Maharashtra,Nashik,Lasalgaon,Onion,Red/Nasik,FAQ,2026-07-31,2031.36,2759.95,2373.7,214.3,sample,1,2026-10-08T22:44:27.521956
Maharashtra,Nashik,Lasalgaon,Onion,Red/Nasik,FAQ,2026-08-01,2087.38,2800.83,2326.65,310.9,sample,1,2026-10-08T22:44:27.521966
Maharashtra,Nashik,Lasalgaon,Onion,Red/Nasik,FAQ,2026-08-03,2116.57,2739.4,2364.35,310.3,sample,1,2026-10-08T22:44:27.521977
Maharashtra,Nashik,Lasalgaon,Onion,Red/Nasik,FAQ,2026-08-04,2064.22,2871.11,2377.83,329.4,sample,1,2026-10-08T22:44:27.521986
Maharashtra,Nashik,Lasalgaon,Onion,Red/Nasik,FAQ,2026-08-05,1981.19,2678.95,2252.65,304.6,sample,1,2026-10-08T22:44:27.521996
Maharashtra,Nashik,Lasalgaon,Onion,Red/Nasik,FAQ,2026-08-06,1959.09,2756.82,2311.34,91.6,sample,1,2026-10-08T22:44:27.522007
Maharashtra,Nashik,Lasalgaon,Onion,Red/Nasik,FAQ,2026-08-07,1951.69,2666.62,2248.03,284.4,sample,1,2026-10-08T22:44:27.522017
Maharashtra,Nashik,Lasalgaon,Onion,Red/Nasik,FAQ,2026-08-08,1985.22,2740.8,2237.33,366.1,sample,1,2026-10-08T22:44:27.522026
Maharashtra,Nashik,Lasalgaon,Onion,Red/Nasik,FAQ,2026-08-10,1972.98,2658.53,2280.23,280.2,sample,1,2026-10-08T22:44:27.522037
Maharashtra,Nashik,Lasalgaon,Onion,Red/Nasik,FAQ,2026-08-11,1974.75,2668.43,2347.58,175.6,sample,1,2026-10-08T22:44:27.522047
Maharashtra,Nashik,Lasalgaon,Onion,Red/Nasik,FAQ,2026-08-12,1975.08,2676.26,2324.85,385.5,sample,1,2026-10-08T22:44:27.522057
Maharashtra,Nashik,Lasalgaon,Onion,Red/Nasik,FAQ,2026-08-13,2067.12,2880.09,2439.29,373.1,sample,1,2026-10-08T22:44:27.522066
Maharashtra,Nashik,Lasalgaon,Onion,Red/Nasik,FAQ,2026-08-14,2074.26,2875.69,2385.25,419.0,sample,1,2026-10-08T22:44:27.522076
Maharashtra,Nashik,Lasalgaon,Onion,Red/Nasik,FAQ,2026-08-15,1983.62,2712.65,2353.79,366.6,sample,1,2026-10-08T22:44:27.522085
Maharashtra,Nashik,Lasalgaon,Onion,Red/Nasik,FAQ,2026-08-17,1935.27,2773.51,2315.45,427.6,sample,1,2026-10-08T22:44:27.522096
Maharashtra,Nashik,Lasalgaon,Onion,Red/Nasik,FAQ,2026-08-18,2144.27,2677.94,2363.51,242.9,sample,1,2026-10-08T22:44:27.522107
Maharashtra,Nashik,Lasalgaon,Onion,Red/Nasik,FAQ,2026-08-19,1970.11,2785.1,2289.77,429.0,sample,1,2026-10-08T22:44:27.522116
Maharashtra,Nashik,Lasalgaon,Onion,Red/Nasik,FAQ,2026-08-20,1888.1,2725.85,2249.05,177.7,sample,1,2026-10-08T22:44:27.522126
Maharashtra,Nashik,Lasalgaon,Onion,Red/Nasik,FAQ,2026-08-21,1808.68,2570.43,2181.99,77.7,sample,1,2026-10-08T22:44:27.522136
Maharashtra,Nashik,Lasalgaon,Onion,Red/Nasik,FAQ,2026-08-22,1956.85,2528.2,2169.44,307.1,sample,1,2026-10-08T22:44:27.522146
Maharashtra,Nashik,Lasalgaon,Onion,Red/Nasik,FAQ,2026-08-24,1759.38,2610.57,2135.96,403.4,sample,1,2026-10-08T22:44:27.522156
Maharashtra,Nashik,Lasalgaon,Onion,Red/Nasik,FAQ,2026-08-25,1914.18,2596.71,2267.24,268.3,sample,1,2026-10-08T22:44:27.522165
Maharashtra,Nashik,Lasalgaon,Onion,Red/Nasik,FAQ,2026-08-26,2030.67,2716.7,2311.09,78.2,sample,1,2026-10-08T22:44:27.522175
Maharashtra,Nashik,Lasalgaon,Onion,Red/Nasik,FAQ,2026-08-27,1926.0,2699.87,2266.7,136.6,sample,1,2026-10-08T22:44:27.522184
Maharashtra,Nashik,Lasalgaon,Onion,Red/Nasik,FAQ,2026-08-28,1821.57,2491.76,2184.38,77.7,sample,1,2026-10-08T22:44:27.522194
Maharashtra,Nashik,Lasalgaon,Onion,Red/Nasik,FAQ,2026-08-29,1933.96,2704.86,2188.2,266.2,sample,1,2026-10-08T22:44:27.522205
Maharashtra,Nashik,Lasalgaon,Onion,Red/Nasik,FAQ,2026-08-31,1779.41,2572.72,2154.37,448.3,sample,1,2026-10-08T22:44:27.522218
Maharashtra,Nashik,Lasalgaon,Onion,Red/Nasik,FAQ,2026-09-01,1937.4,2622.26,2151.48,342.1,sample,1,2026-10-08T22:44:27.522227
Maharashtra,Nashik,Lasalgaon,Onion,Red/Nasik,FAQ,2026-09-02,1909.67,2705.8,2222.78,423.4,sample,1,2026-10-08T22:44:27.522237
Maharashtra,Nashik,Lasalgaon,Onion,Red/Nasik,FAQ,2026-09-03,1864.32,2572.97,2154.47,210.4,sample,1,2026-10-08T22:44:27.522247
Maharashtra,Nashik,Lasalgaon,Onion,Red/Nasik,FAQ,2026-09-04,1844.35,2641.23,2220.78,141.7,sample,1,2026-10-08T22:44:27.522256
Maharashtra,Nashik,Lasalgaon,Onion,Red/Nasik,FAQ,2026-09-05,1951.77,2605.31,2303.85,421.4,sample,1,2026-10-08T22:44:27.522266
Maharashtra,Nashik,Lasalgaon,Onion,Red/Nasik,FAQ,2026-09-07,1935.13,2741.37,2280.28,253.8,sample,1,2026-10-08T22:44:27.522276
Maharashtra,Nashik,Lasalgaon,Onion,Red/Nasik,FAQ,2026-09-08,1990.61,2799.94,2335.43,347.7,sample,1,2026-10-08T22:44:27.522285
Maharashtra,Nashik,Lasalgaon,Onion,Red/Nasik,FAQ,2026-09-09,2144.82,2817.08,2358.42,96.1,sample,1,2026-10-08T22:44:27.522295
Maharashtra,Nashik,Lasalgaon,Onion,Red/Nasik,FAQ,2026-09-10,2172.0,2845.68,2425.4,44.8,sample,1,2026-10-08T22:44:27.522306
Maharashtra,Nashik,Lasalgaon,Onion,Red/Nasik,FAQ,2026-09-11,2114.71,2994.56,2478.22,181.4,sample,1,2026-10-08T22:44:27.522316
Maharashtra,Nashik,Lasalgaon,Onion,Red/Nasik,FAQ,2026-09-12,2126.58,2808.56,2452.92,95.8,sample,1,2026-10-08T22:44:27.522325
Maharashtra,Nashik,Lasalgaon,Onion,Red/Nasik,FAQ,2026-09-14,2221.71,2849.81,2442.34,420.1,sample,1,2026-10-08T22:44:27.522336
Maharashtra,Nashik,Lasalgaon,Onion,Red/Nasik,FAQ,2026-09-15,2066.66,2905.57,2420.23,369.9,sample,1,2026-10-08T22:44:27.522347
Maharashtra,Nashik,Lasalgaon,Onion,Red/Nasik,FAQ,2026-09-16,2088.4,2808.52,2456.68,368.7,sample,1,2026-10-08T22:44:27.522356
Maharashtra,Nashik,Lasalgaon,Onion,Red/Nasik,FAQ,2026-09-17,2212.97,2756.88,2460.16,197.9,sample,1,2026-10-08T22:44:27.522366
Maharashtra,Nashik,Lasalgaon,Onion,Red/Nasik,FAQ,2026-09-18,2123.68,2793.98,2422.99,224.9,sample,1,2026-10-08T22:44:27.522375
Maharashtra,Nashik,Lasalgaon,Onion,Red/Nasik,FAQ,2026-09-19,1958.51,2632.14,2333.21,357.5,sample,1,2026-10-08T22:44:27.522385
Maharashtra,Nashik,Lasalgaon,Onion,Red/Nasik,FAQ,2026-09-21,1951.23,2593.69,2263.53,151.3,sample,1,2026-10-08T22:44:27.522396
Maharashtra,Nashik,Lasalgaon,Onion,Red/Nasik,FAQ,2026-09-22,1939.39,2709.79,2260.75,328.3,sample,1,2026-10-08T22:44:27.522406
Maharashtra,Nashik,Lasalgaon,Onion,Red/Nasik,FAQ,2026-09-23,1745.6,2613.35,2131.38,237.9,sample,1,2026-10-08T22:44:27.522416
Maharashtra,Nashik,Lasalgaon,Onion,Red/Nasik,FAQ,2026-09-24,1825.69,2611.05,2101.7,247.2,sample,1,2026-10-08T22:44:27.522425
Maharashtra,Nashik,Lasalgaon,Onion,Red/Nasik,FAQ,2026-09-25,1747.86,2589.7,2112.8,150.1,sample,1,2026-10-08T22:44:27.522434
Maharashtra,Nashik,Lasalgaon,Onion,Red/Nasik,FAQ,2026-09-26,1896.44,2518.78,2194.16,199.5,sample,1,2026-10-08T22:44:27.522444
Maharashtra,Nashik,Lasalgaon,Onion,Red/Nasik,FAQ,2026-09-28,1953.29,2589.81,2215.52,352.3,sample,1,2026-10-08T22:44:27.522455
Maharashtra,Nashik,Lasalgaon,Onion,Red/Nasik,FAQ,2026-09-29,1985.47,2515.31,2203.14,273.7,sample,1,2026-10-08T22:44:27.522464
Maharashtra,Nashik,Lasalgaon,Onion,Red/Nasik,FAQ,2026-09-30,1918.86,2696.37,2211.11,290.6,sample,1,2026-10-08T22:44:27.522474
Maharashtra,Nashik,Lasalgaon,Onion,Red/Nasik,FAQ,2026-10-01,1986.71,2736.41,2272.64,214.0,sample,1,2026-10-08T22:44:27.522483
Maharashtra,Nashik,Lasalgaon,Onion,Red/Nasik,FAQ,2026-10-02,2121.15,2789.35,2384.25,213.7,sample,1,2026-10-08T22:44:27.522493
Maharashtra,Nashik,Lasalgaon,Onion,Red/Nasik,FAQ,2026-10-03,2126.92,2679.29,2382.8,364.2,sample,1,2026-10-08T22:44:27.522503
Maharashtra,Nashik,Lasalgaon,Onion,Red/Nasik,FAQ,2026-10-05,2137.93,2886.6,2366.8,252.4,sample,1,2026-10-08T22:44:27.522514
Maharashtra,Nashik,Lasalgaon,Onion,Red/Nasik,FAQ,2026-10-06,1989.17,2802.26,2369.95,134.2,sample,1,2026-10-08T22:44:27.522523
Maharashtra,Nashik,Lasalgaon,Onion,Red/Nasik,FAQ,2026-10-07,1900.48,2654.21,2275.91,162.2,sample,1,2026-10-08T22:44:27.522534
Maharashtra,Nashik,Lasalgaon,Onion,Red/Nasik,FAQ,2026-10-08,1870.68,2767.44,2256.24,57.2,sample,1,2026-10-08T22:44:27.522544
Maharashtra,Nashik,Lasalgaon,Tomato,Hybrid,FAQ,2026-07-10,1545.8,2191.94,1741.11,43.8,sample,1,2026-10-08T22:44:27.522556
Maharashtra,Nashik,Lasalgaon,Tomato,Hybrid,FAQ,2026-07-11,1459.16,1988.71,1655.57,234.2,sample,1,2026-10-08T22:44:27.522565
Maharashtra,Nashik,Lasalgaon,Tomato,Hybrid,FAQ,2026-07-13,1559.18,2127.64,1749.55,351.2,sample,1,2026-10-08T22:44:27.522575
Maharashtra,Nashik,Lasalgaon,Tomato,Hybrid,FAQ,2026-07-14,1469.93,2068.98,1712.92,306.3,sample,1,2026-10-08T22:44:27.522585
Maharashtra,Nashik,Lasalgaon,Tomato,Hybrid,FAQ,2026-07-15,1283.64,1963.44,1597.62,304.6,sample,1,2026-10-08T22:44:27.522594
Maharashtra,Nashik,Lasalgaon,Tomato,Hybrid,FAQ,2026-07-16,1347.79,1878.54,1529.53,159.7,sample,1,2026-10-08T22:44:27.522605
Maharashtra,Nashik,Lasalgaon,Tomato,Hybrid,FAQ,2026-07-17,1245.44,1926.09,1549.48,358.3,sample,1,2026-10-08T22:44:27.522615
Maharashtra,Nashik,Lasalgaon,Tomato,Hybrid,FAQ,2026-07-18,1207.42,1664.44,1382.96,272.6,sample,1,2026-10-08T22:44:27.522624
Maharashtra,Nashik,Lasalgaon,Tomato,Hybrid,FAQ,2026-07-20,1141.75,1749.21,1408.8,164.0,sample,1,2026-10-08T22:44:27.522634
Maharashtra,Nashik,Lasalgaon,Tomato,Hybrid,FAQ,2026-07-21,1140.5,1810.28,1363.49,91.5,sample,1,2026-10-08T22:44:27.522644
Maharashtra,Nashik,Lasalgaon,Tomato,Hybrid,FAQ,2026-07-22,1054.42,1702.36,1344.46,450.7,sample,1,2026-10-08T22:44:27.522653
Maharashtra,Nashik,Lasalgaon,Tomato,Hybrid,FAQ,2026-07-23,1025.97,1569.44,1221.34,248.6,sample,1,2026-10-08T22:44:27.522679
Maharashtra,Nashik,Lasalgaon,Tomato,Hybrid,FAQ,2026-07-24,942.26,1676.71,1262.44,481.5,sample,1,2026-10-08T22:44:27.522690
Maharashtra,Nashik,Lasalgaon,Tomato,Hybrid,FAQ,2026-07-25,955.33,1688.76,1278.1,388.5,sample,1,2026-10-08T22:44:27.522699
Maharashtra,Nashik,Lasalgaon,Tomato,Hybrid,FAQ,2026-07-27,1091.15,1788.29,1382.5,56.2,sample,1,2026-10-08T22:44:27.522708
Maharashtra,Nashik,Lasalgaon,Tomato,Hybrid,FAQ,2026-07-28,1056.44,1565.94,1277.2,271.8,sample,1,2026-10-08T22:44:27.522719
Maharashtra,Nashik,Lasalgaon,Tomato,Hybrid,FAQ,2026-07-29,1024.8,1633.97,1273.81,243.9,sample,1,2026-10-08T22:44:27.522729
Maharashtra,Nashik,Lasalgaon,Tomato,Hybrid,FAQ,2026-07-30,1008.34,1742.43,1295.45,142.3,sample,1,2026-10-08T22:44:27.522738
Maharashtra,Nashik,Lasalgaon,Tomato,Hybrid,FAQ,2026-07-31,1039.19,1667.74,1328.34,421.5,sample,1,2026-10-08T22:44:27.522747
Maharashtra,Nashik,Lasalgaon,Tomato,Hybrid,FAQ,2026-08-01,1243.36,1828.17,1432.5,318.3,sample,1,2026-10-08T22:44:27.522756
Maharashtra,Nashik,Lasalgaon,Tomato,Hybrid,FAQ,2026-08-03,1104.58,1707.84,1422.31,419.9,sample,1,2026-10-08T22:44:27.522766
Maharashtra,Nashik,Lasalgaon,Tomato,Hybrid,FAQ,2026-08-04,1107.43,1861.99,1413.43,125.7,sample,1,2026-10-08T22:44:27.522775
Maharashtra,Nashik,Lasalgaon,Tomato,Hybrid,FAQ,2026-08-05,1247.31,1742.03,1461.99,58.2,sample,1,2026-10-08T22:44:27.522784
Maharashtra,Nashik,Lasalgaon,Tomato,Hybrid,FAQ,2026-08-06,1294.86,1891.74,1509.15,118.4,sample,1,2026-10-08T22:44:27.522793
Maharashtra,Nashik,Lasalgaon,Tomato,Hybrid,FAQ,2026-08-07,1372.56,2036.31,1639.24,203.8,sample,1,2026-10-08T22:44:27.522802
Maharashtra,Nashik,Lasalgaon,Tomato,Hybrid,FAQ,2026-08-08,1278.76,1769.57,1523.03,388.7,sample,1,2026-10-08T22:44:27.522813
Maharashtra,Nashik,Lasalgaon,Tomato,Hybrid,FAQ,2026-08-10,1282.83,1951.14,1561.35,425.9,sample,1,2026-10-08T22:44:27.522824
Maharashtra,Nashik,Lasalgaon,Tomato,Hybrid,FAQ,2026-08-11,1368.01,1947.49,1583.83,113.4,sample,1,2026-10-08T22:44:27.522832
Maharashtra,Nashik,Lasalgaon,Tomato,Hybrid,FAQ,2026-08-12,1196.91,1878.02,1497.94,67.4,sample,1,2026-10-08T22:44:27.522842
Maharashtra,Nashik,Lasalgaon,Tomato,Hybrid,FAQ,2026-08-13,1365.99,1987.79,1613.4,85.4,sample,1,2026-10-08T22:44:27.522850
Maharashtra,Nashik,Lasalgaon,Tomato,Hybrid,FAQ,2026-08-14,1304.93,1951.77,1592.53,254.2,sample,1,2026-10-08T22:44:27.522861
Maharashtra,Nashik,Lasalgaon,Tomato,Hybrid,FAQ,2026-08-15,1305.91,1968.45,1569.02,258.3,sample,1,2026-10-08T22:44:27.522870
Maharashtra,Nashik,Lasalgaon,Tomato,Hybrid,FAQ,2026-08-17,1267.22,1937.66,1572.05,134.2,sample,1,2026-10-08T22:44:27.522879
Maharashtra,Nashik,Lasalgaon,Tomato,Hybrid,FAQ,2026-08-18,1153.16,1616.19,1354.78,268.2,sample,1,2026-10-08T22:44:27.522888
Maharashtra,Nashik,Lasalgaon,Tomato,Hybrid,FAQ,2026-08-19,1144.7,1663.79,1363.14,449.4,sample,1,2026-10-08T22:44:27.522898
Maharashtra,Nashik,Lasalgaon,Tomato,Hybrid,FAQ,2026-08-20,1155.21,1717.0,1427.06,232.8,sample,1,2026-10-08T22:44:27.522909
Maharashtra,Nashik,Lasalgaon,Tomato,Hybrid,FAQ,2026-08-21,1379.47,1847.62,1562.21,216.0,sample,1,2026-10-08T22:44:27.522919
Maharashtra,Nashik,Lasalgaon,Tomato,Hybrid,FAQ,2026-08-22,1428.06,2057.18,1667.8,139.0,sample,1,2026-10-08T22:44:27.522928
Maharashtra,Nashik,Lasalgaon,Tomato,Hybrid,FAQ,2026-08-24,1394.08,2019.82,1628.98,118.1,sample,1,2026-10-08T22:44:27.522938
Maharashtra,Nashik,Lasalgaon,Tomato,Hybrid,FAQ,2026-08-25,1329.04,1920.98,1644.18,56.2,sample,1,2026-10-08T22:44:27.522947
Maharashtra,Nashik,Lasalgaon,Tomato,Hybrid,FAQ,2026-08-26,1325.74,1968.8,1536.21,230.5,sample,1,2026-10-08T22:44:27.522956
Maharashtra,Nashik,Lasalgaon,Tomato,Hybrid,FAQ,2026-08-27,1275.71,1836.0,1471.04,130.4,sample,1,2026-10-08T22:44:27.522966
Maharashtra,Nashik,Lasalgaon,Tomato,Hybrid,FAQ,2026-08-28,1412.77,1931.89,1589.27,318.3,sample,1,2026-10-08T22:44:27.522977
Maharashtra,Nashik,Lasalgaon,Tomato,Hybrid,FAQ,2026-08-29,1392.47,1837.08,1571.97,152.0,sample,1,2026-10-08T22:44:27.522987
Maharashtra,Nashik,Lasalgaon,Tomato,Hybrid,FAQ,2026-08-31,1191.33,1761.64,1511.18,252.2,sample,1,2026-10-08T22:44:27.522999
Maharashtra,Nashik,Lasalgaon,Tomato,Hybrid,FAQ,2026-09-01,1381.63,1912.72,1648.93,386.2,sample,1,2026-10-08T22:44:27.523012
Maharashtra,Nashik,Lasalgaon,Tomato,Hybrid,FAQ,2026-09-02,1542.55,2009.51,1741.59,288.6,sample,1,2026-10-08T22:44:27.523021
Maharashtra,Nashik,Lasalgaon,Tomato,Hybrid,FAQ,2026-09-03,1530.82,2016.58,1762.92,274.3,sample,1,2026-10-08T22:44:27.523031
Maharashtra,Nashik,Lasalgaon,Tomato,Hybrid,FAQ,2026-09-04,1602.3,2135.62,1851.64,51.5,sample,1,2026-10-08T22:44:27.523041
Maharashtra,Nashik,Lasalgaon,Tomato,Hybrid,FAQ,2026-09-05,1472.61,2082.55,1771.15,464.1,sample,1,2026-10-08T22:44:27.523049
Maharashtra,Nashik,Lasalgaon,Tomato,Hybrid,FAQ,2026-09-07,1497.64,2246.24,1791.49,91.0,sample,1,2026-10-08T22:44:27.523059
Maharashtra,Nashik,Lasalgaon,Tomato,Hybrid,FAQ,2026-09-08,1460.8,2075.51,1660.88,483.6,sample,1,2026-10-08T22:44:27.523069
Maharashtra,Nashik,Lasalgaon,Tomato,Hybrid,FAQ,2026-09-09,1444.94,1954.89,1658.47,64.7,sample,1,2026-10-08T22:44:27.523078
Maharashtra,Nashik,Lasalgaon,Tomato,Hybrid,FAQ,2026-09-10,1344.75,2084.77,1666.51,389.4,sample,1,2026-10-08T22:44:27.523087
Maharashtra,Nashik,Lasalgaon,Tomato,Hybrid,FAQ,2026-09-11,1324.68,1918.61,1635.04,106.3,sample,1,2026-10-08T22:44:27.523096
Maharashtra,Nashik,Lasalgaon,Tomato,Hybrid,FAQ,2026-09-12,1506.06,2026.48,1778.25,197.5,sample,1,2026-10-08T22:44:27.523106
Maharashtra,Nashik,Lasalgaon,Tomato,Hybrid,FAQ,2026-09-14,1513.98,2077.08,1802.28,377.0,sample,1,2026-10-08T22:44:27.523117
Maharashtra,Nashik,Lasalgaon,Tomato,Hybrid,FAQ,2026-09-15,1590.07,2303.94,1905.55,308.3,sample,1,2026-10-08T22:44:27.523126
Maharashtra,Nashik,Lasalgaon,Tomato,Hybrid,FAQ,2026-09-16,1554.56,2193.88,1849.24,122.9,sample,1,2026-10-08T22:44:27.523135
Maharashtra,Nashik,Lasalgaon,Tomato,Hybrid,FAQ,2026-09-17,1718.84,2275.12,1986.39,124.0,sample,1,2026-10-08T22:44:27.523144
Maharashtra,Nashik,Lasalgaon,Tomato,Hybrid,FAQ,2026-09-18,1740.38,2368.36,1929.54,256.3,sample,1,2026-10-08T22:44:27.523153
Maharashtra,Nashik,Lasalgaon,Tomato,Hybrid,FAQ,2026-09-19,1677.73,2207.35,1864.57,416.4,sample,1,2026-10-08T22:44:27.523162
Maharashtra,Nashik,Lasalgaon,Tomato,Hybrid,FAQ,2026-09-21,1536.95,2130.68,1857.55,476.1,sample,1,2026-10-08T22:44:27.523173
Maharashtra,Nashik,Lasalgaon,Tomato,Hybrid,FAQ,2026-09-22,1537.74,2157.22,1836.81,288.4,sample,1,2026-10-08T22:44:27.523182
Maharashtra,Nashik,Lasalgaon,Tomato,Hybrid,FAQ,2026-09-23,1660.37,2216.98,1851.24,90.8,sample,1,2026-10-08T22:44:27.523192
Maharashtra,Nashik,Lasalgaon,Tomato,Hybrid,FAQ,2026-09-24,1544.14,2220.18,1862.4,464.2,sample,1,2026-10-08T22:44:27.523202
Maharashtra,Nashik,Lasalgaon,Tomato,Hybrid,FAQ,2026-09-25,1724.48,2310.52,1980.55,388.4,sample,1,2026-10-08T22:44:27.523212
Maharashtra,Nashik,Lasalgaon,Tomato,Hybrid,FAQ,2026-09-26,1831.46,2421.69,2049.29,286.5,sample,1,2026-10-08T22:44:27.523220
Maharashtra,Nashik,Lasalgaon,Tomato,Hybrid,FAQ,2026-09-28,1718.91,2387.65,1958.1,491.1,sample,1,2026-10-08T22:44:27.523230
Maharashtra,Nashik,Lasalgaon,Tomato,Hybrid,FAQ,2026-09-29,1720.7,2268.52,1996.87,253.3,sample,1,2026-10-08T22:44:27.523239
Maharashtra,Nashik,Lasalgaon,Tomato,Hybrid,FAQ,2026-09-30,1911.19,2462.76,2161.22,249.8,sample,1,2026-10-08T22:44:27.523248
Maharashtra,Nashik,Lasalgaon,Tomato,Hybrid,FAQ,2026-10-01,1963.15,2544.03,2141.7,241.6,sample,1,2026-10-08T22:44:27.523257
Maharashtra,Nashik,Lasalgaon,Tomato,Hybrid,FAQ,2026-10-02,1682.19,2271.7,2003.7,55.0,sample,1,2026-10-08T22:44:27.523267
Maharashtra,Nashik,Lasalgaon,Tomato,Hybrid,FAQ,2026-10-03,1591.34,2232.82,1810.08,100.1,sample,1,2026-10-08T22:44:27.523275
Maharashtra,Nashik,Lasalgaon,Tomato,Hybrid,FAQ,2026-10-05,1551.47,2186.79,1787.02,391.5,sample,1,2026-10-08T22:44:27.523286
Maharashtra,Nashik,Lasalgaon,Tomato,Hybrid,FAQ,2026-10-06,1481.37,2202.75,1796.36,473.5,sample,1,2026-10-08T22:44:27.523300
Maharashtra,Nashik,Lasalgaon,Tomato,Hybrid,FAQ,2026-10-07,1544.27,2100.67,1828.82,130.8,sample,1,2026-10-08T22:44:27.523310
Maharashtra,Nashik,Lasalgaon,Tomato,Hybrid,FAQ,2026-10-08,1707.42,2224.73,1931.33,288.6,sample,1,2026-10-08T22:44:27.523319
Maharashtra,Nashik,Lasalgaon,Soyabean,Yellow,FAQ,2026-07-10,4518.29,4852.99,4708.3,112.6,sample,1,2026-10-08T22:44:27.523330
Maharashtra,Nashik,Lasalgaon,Soyabean,Yellow,FAQ,2026-07-11,4582.76,4963.78,4707.92,228.7,sample,1,2026-10-08T22:44:27.523339
Maharashtra,Nashik,Lasalgaon,Soyabean,Yellow,FAQ,2026-07-13,4536.3,4846.77,4705.6,70.3,sample,1,2026-10-08T22:44:27.523350
Maharashtra,Nashik,Lasalgaon,Soyabean,Yellow,FAQ,2026-07-14,4612.82,4962.02,4732.8,266.2,sample,1,2026-10-08T22:44:27.523359
Maharashtra,Nashik,Lasalgaon,Soyabean,Yellow,FAQ,2026-07-15,4647.87,5002.5,4754.18,40.7,sample,1,2026-10-08T22:44:27.523368
Maharashtra,Nashik,Lasalgaon,Soyabean,Yellow,FAQ,2026-07-16,4621.24,4911.11,4744.97,68.0,sample,1,2026-10-08T22:44:27.523377
Maharashtra,Nashik,Lasalgaon,Soyabean,Yellow,FAQ,2026-07-17,4665.42,4967.8,4792.8,368.6,sample,1,2026-10-08T22:44:27.523397
Maharashtra,Nashik,Lasalgaon,Soyabean,Yellow,FAQ,2026-07-18,4654.37,4964.38,4795.67,91.2,sample,1,2026-10-08T22:44:27.523409
Maharashtra,Nashik,Lasalgaon,Soyabean,Yellow,FAQ,2026-07-20,4684.6,5074.44,4841.06,499.7,sample,1,2026-10-08T22:44:27.523419
Maharashtra,Nashik,Lasalgaon,Soyabean,Yellow,FAQ,2026-07-21,4721.55,4991.76,4837.47,407.2,sample,1,2026-10-08T22:44:27.523428
Maharashtra,Nashik,Lasalgaon,Soyabean,Yellow,FAQ,2026-07-22,4749.6,5117.28,4931.14,386.4,sample,1,2026-10-08T22:44:27.523437
Maharashtra,Nashik,Lasalgaon,Soyabean,Yellow,FAQ,2026-07-23,4774.51,5174.46,4936.01,103.9,sample,1,2026-10-08T22:44:27.523446
Maharashtra,Nashik,Lasalgaon,Soyabean,Yellow,FAQ,2026-07-24,4661.26,5042.89,4833.05,284.7,sample,1,2026-10-08T22:44:27.523455
Maharashtra,Nashik,Lasalgaon,Soyabean,Yellow,FAQ,2026-07-25,4657.03,5058.84,4831.63,380.4,sample,1,2026-10-08T22:44:27.523464
Maharashtra,Nashik,Lasalgaon,Soyabean,Yellow,FAQ,2026-07-27,4644.01,5025.74,4797.77,178.1,sample,1,2026-10-08T22:44:27.523475
Maharashtra,Nashik,Lasalgaon,Soyabean,Yellow,FAQ,2026-07-28,4574.13,5022.25,4768.14,473.7,sample,1,2026-10-08T22:44:27.523484
Maharashtra,Nashik,Lasalgaon,Soyabean,Yellow,FAQ,2026-07-29,4652.23,4971.39,4800.43,152.7,sample,1,2026-10-08T22:44:27.523496
Maharashtra,Nashik,Lasalgaon,Soyabean,Yellow,FAQ,2026-07-30,4650.39,5010.51,4759.95,415.3,sample,1,2026-10-08T22:44:27.523506
Maharashtra,Nashik,Lasalgaon,Soyabean,Yellow,FAQ,2026-07-31,4639.77,4976.24,4806.36,94.6,sample,1,2026-10-08T22:44:27.523516
Maharashtra,Nashik,Lasalgaon,Soyabean,Yellow,FAQ,2026-08-01,4681.04,5034.95,4794.75,478.4,sample,1,2026-10-08T22:44:27.523524
Maharashtra,Nashik,Lasalgaon,Soyabean,Yellow,FAQ,2026-08-03,4623.22,4985.83,4807.63,344.6,sample,1,2026-10-08T22:44:27.523535
Maharashtra,Nashik,Lasalgaon,Soyabean,Yellow,FAQ,2026-08-04,4658.18,4997.49,4813.16,159.2,sample,1,2026-10-08T22:44:27.523543
Maharashtra,Nashik,Lasalgaon,Soyabean,Yellow,FAQ,2026-08-05,4550.34,4919.09,4742.0,487.5,sample,1,2026-10-08T22:44:27.523553
Maharashtra,Nashik,Lasalgaon,Soyabean,Yellow,FAQ,2026-08-06,4619.35,4912.54,4741.37,430.0,sample,1,2026-10-08T22:44:27.523562
Maharashtra,Nashik,Lasalgaon,Soyabean,Yellow,FAQ,2026-08-07,4645.03,4947.88,4779.18,229.9,sample,1,2026-10-08T22:44:27.523571
Maharashtra,Nashik,Lasalgaon,Soyabean,Yellow,FAQ,2026-08-08,4672.39,4958.69,4780.09,474.0,sample,1,2026-10-08T22:44:27.523580
Maharashtra,Nashik,Lasalgaon,Soyabean,Yellow,FAQ,2026-08-10,4596.97,4978.84,4754.35,437.1,sample,1,2026-10-08T22:44:27.523590
Maharashtra,Nashik,Lasalgaon,Soyabean,Yellow,FAQ,2026-08-11,4590.82,4892.48,4734.69,64.7,sample,1,2026-10-08T22:44:27.523602
Maharashtra,Nashik,Lasalgaon,Soyabean,Yellow,FAQ,2026-08-12,4570.98,4981.81,4755.29,412.7,sample,1,2026-10-08T22:44:27.523611
Maharashtra,Nashik,Lasalgaon,Soyabean,Yellow,FAQ,2026-08-13,4593.8,4967.06,4762.37,82.1,sample,1,2026-10-08T22:44:27.523622
Maharashtra,Nashik,Lasalgaon,Soyabean,Yellow,FAQ,2026-08-14,4507.55,4872.89,4671.29,314.4,sample,1,2026-10-08T22:44:27.523632
Maharashtra,Nashik,Lasalgaon,Soyabean,Yellow,FAQ,2026-08-15,4496.73,4926.95,4670.77,108.7,sample,1,2026-10-08T22:44:27.523641
Maharashtra,Nashik,Lasalgaon,Soyabean,Yellow,FAQ,2026-08-17,4538.49,4891.37,4691.27,72.2,sample,1,2026-10-08T22:44:27.523651
Maharashtra,Nashik,Lasalgaon,Soyabean,Yellow,FAQ,2026-08-18,4551.15,4858.71,4679.74,102.5,sample,1,2026-10-08T22:44:27.523660
Maharashtra,Nashik,Lasalgaon,Soyabean,Yellow,FAQ,2026-08-19,4532.9,4858.37,4695.25,183.3,sample,1,2026-10-08T22:44:27.523698
Maharashtra,Nashik,Lasalgaon,Soyabean,Yellow,FAQ,2026-08-20,4594.35,4951.61,4784.94,498.0,sample,1,2026-10-08T22:44:27.523722
Maharashtra,Nashik,Lasalgaon,Soyabean,Yellow,FAQ,2026-08-21,4696.57,4967.28,4815.92,394.9,sample,1,2026-10-08T22:44:27.523736
Maharashtra,Nashik,Lasalgaon,Soyabean,Yellow,FAQ,2026-08-22,4625.23,5021.97,4815.77,192.7,sample,1,2026-10-08T22:44:27.523750
Maharashtra,Nashik,Lasalgaon,Soyabean,Yellow,FAQ,2026-08-24,4564.47,4969.31,4753.91,401.7,sample,1,2026-10-08T22:44:27.523787
Maharashtra,Nashik,Lasalgaon,Soyabean,Yellow,FAQ,2026-08-25,4542.06,4916.28,4734.77,48.2,sample,1,2026-10-08T22:44:27.523957
Maharashtra,Nashik,Lasalgaon,Soyabean,Yellow,FAQ,2026-08-26,4577.01,4836.11,4692.31,253.7,sample,1,2026-10-08T22:44:27.523988
Maharashtra,Nashik,Lasalgaon,Soyabean,Yellow,FAQ,2026-08-27,4501.31,4768.52,4621.87,236.2,sample,1,2026-10-08T22:44:27.523998
Maharashtra,Nashik,Lasalgaon,Soyabean,Yellow,FAQ,2026-08-28,4488.94,4847.16,4644.48,250.8,sample,1,2026-10-08T22:44:27.524011
Maharashtra,Nashik,Lasalgaon,Soyabean,Yellow,FAQ,2026-08-29,4544.07,4878.55,4651.74,383.0,sample,1,2026-10-08T22:44:27.524019
Maharashtra,Nashik,Lasalgaon,Soyabean,Yellow,FAQ,2026-08-31,4591.28,4935.92,4707.72,465.6,sample,1,2026-10-08T22:44:27.524054
Maharashtra,Nashik,Lasalgaon,Soyabean,Yellow,FAQ,2026-09-01,4668.33,4993.88,4811.78,97.5,sample,1,2026-10-08T22:44:27.524072
Maharashtra,Nashik,Lasalgaon,Soyabean,Yellow,FAQ,2026-09-02,4637.64,4975.46,4790.55,269.0,sample,1,2026-10-08T22:44:27.524086
Maharashtra,Nashik,Lasalgaon,Soyabean,Yellow,FAQ,2026-09-03,4618.47,4992.28,4762.11,143.2,sample,1,2026-10-08T22:44:27.524101
Maharashtra,Nashik,Lasalgaon,Soyabean,Yellow,FAQ,2026-09-04,4607.21,5024.89,4794.42,183.5,sample,1,2026-10-08T22:44:27.524112
Maharashtra,Nashik,Lasalgaon,Soyabean,Yellow,FAQ,2026-09-05,4544.06,4970.83,4714.35,180.5,sample,1,2026-10-08T22:44:27.524121
Maharashtra,Nashik,Lasalgaon,Soyabean,Yellow,FAQ,2026-09-07,4580.85,4983.94,4725.43,432.0,sample,1,2026-10-08T22:44:27.524130
Maharashtra,Nashik,Lasalgaon,Soyabean,Yellow,FAQ,2026-09-08,4614.24,4985.26,4746.23,51.6,sample,1,2026-10-08T22:44:27.524139
Maharashtra,Nashik,Lasalgaon,Soyabean,Yellow,FAQ,2026-09-09,4614.38,4919.91,4720.0,382.0,sample,1,2026-10-08T22:44:27.524149
Maharashtra,Nashik,Lasalgaon,Soyabean,Yellow,FAQ,2026-09-10,4534.7,4860.62,4696.03,376.7,sample,1,2026-10-08T22:44:27.524158
Maharashtra,Nashik,Lasalgaon,Soyabean,Yellow,FAQ,2026-09-11,4549.4,4882.54,4675.54,234.1,sample,1,2026-10-08T22:44:27.524167
Maharashtra,Nashik,Lasalgaon,Soyabean,Yellow,FAQ,2026-09-12,4530.72,4869.11,4679.93,117.8,sample,1,2026-10-08T22:44:27.524175
Maharashtra,Nashik,Lasalgaon,Soyabean,Yellow,FAQ,2026-09-14,4573.06,4900.66,4745.51,251.1,sample,1,2026-10-08T22:44:27.524186
Maharashtra,Nashik,Lasalgaon,Soyabean,Yellow,FAQ,2026-09-15,4529.81,4907.86,4720.55,494.0,sample,1,2026-10-08T22:44:27.524197
Maharashtra,Nashik,Lasalgaon,Soyabean,Yellow,FAQ,2026-09-16,4475.79,4830.6,4644.11,201.5,sample,1,2026-10-08T22:44:27.524206
Maharashtra,Nashik,Lasalgaon,Soyabean,Yellow,FAQ,2026-09-17,4476.44,4832.35,4644.33,110.2,sample,1,2026-10-08T22:44:27.524214
Maharashtra,Nashik,Lasalgaon,Soyabean,Yellow,FAQ,2026-09-18,4536.51,4942.16,4727.59,243.3,sample,1,2026-10-08T22:44:27.524224
Maharashtra,Nashik,Lasalgaon,Soyabean,Yellow,FAQ,2026-09-19,4617.0,5054.08,4811.8,243.3,sample,1,2026-10-08T22:44:27.524234
Maharashtra,Nashik,Lasalgaon,Soyabean,Yellow,FAQ,2026-09-21,4666.72,5024.64,4827.84,421.7,sample,1,2026-10-08T22:44:27.524243
Maharashtra,Nashik,Lasalgaon,Soyabean,Yellow,FAQ,2026-09-22,4633.93,5007.93,4798.55,334.0,sample,1,2026-10-08T22:44:27.524252
Maharashtra,Nashik,Lasalgaon,Soyabean,Yellow,FAQ,2026-09-23,4595.84,4941.65,4788.59,274.7,sample,1,2026-10-08T22:44:27.524261
Maharashtra,Nashik,Lasalgaon,Soyabean,Yellow,FAQ,2026-09-24,4644.44,4992.49,4794.49,178.6,sample,1,2026-10-08T22:44:27.524271
Maharashtra,Nashik,Lasalgaon,Soyabean,Yellow,FAQ,2026-09-25,4626.87,5047.04,4809.64,181.5,sample,1,2026-10-08T22:44:27.524279
Maharashtra,Nashik,Lasalgaon,Soyabean,Yellow,FAQ,2026-09-26,4696.72,5019.68,4829.37,379.9,sample,1,2026-10-08T22:44:27.524290
Maharashtra,Nashik,Lasalgaon,Soyabean,Yellow,FAQ,2026-09-28,4693.35,4958.72,4808.29,403.7,sample,1,2026-10-08T22:44:27.524300
Maharashtra,Nashik,Lasalgaon,Soyabean,Yellow,FAQ,2026-09-29,4676.84,4991.12,4820.79,379.6,sample,1,2026-10-08T22:44:27.524308
Maharashtra,Nashik,Lasalgaon,Soyabean,Yellow,FAQ,2026-09-30,4636.75,4954.13,4793.48,486.2,sample,1,2026-10-08T22:44:27.524317
Maharashtra,Nashik,Lasalgaon,Soyabean,Yellow,FAQ,2026-10-01,4655.93,4993.49,4820.32,170.2,sample,1,2026-10-08T22:44:27.524325
Maharashtra,Nashik,Lasalgaon,Soyabean,Yellow,FAQ,2026-10-02,4730.61,5069.94,4844.71,266.8,sample,1,2026-10-08T22:44:27.524334
Maharashtra,Nashik,Lasalgaon,Soyabean,Yellow,FAQ,2026-10-03,4654.85,4983.5,4777.45,284.4,sample,1,2026-10-08T22:44:27.524343
Maharashtra,Nashik,Lasalgaon,Soyabean,Yellow,FAQ,2026-10-05,4607.63,4940.83,4772.81,143.7,sample,1,2026-10-08T22:44:27.524352
Maharashtra,Nashik,Lasalgaon,Soyabean,Yellow,FAQ,2026-10-06,4605.86,5006.48,4771.81,270.2,sample,1,2026-10-08T22:44:27.524360
Maharashtra,Nashik,Lasalgaon,Soyabean,Yellow,FAQ,2026-10-07,4647.64,5021.19,4817.8,167.5,sample,1,2026-10-08T22:44:27.524370
Maharashtra,Nashik,Lasalgaon,Soyabean,Yellow,FAQ,2026-10-08,4582.13,4963.67,4759.25,496.8,sample,1,2026-10-08T22:44:27.524380
Maharashtra,Nashik,Lasalgaon,Wheat,Lokwan,FAQ,2026-07-10,2613.18,2915.95,2698.5,415.6,sample,1,2026-10-08T22:44:27.524397
Maharashtra,Nashik,Lasalgaon,Wheat,Lokwan,FAQ,2026-07-11,2573.23,2874.35,2728.72,114.1,sample,1,2026-10-08T22:44:27.524408
Maharashtra,Nashik,Lasalgaon,Wheat,Lokwan,FAQ,2026-07-13,2613.57,2900.97,2744.84,409.0,sample,1,2026-10-08T22:44:27.524417
Maharashtra,Nashik,Lasalgaon,Wheat,Lokwan,FAQ,2026-07-14,2632.22,2948.87,2729.65,94.5,sample,1,2026-10-08T22:44:27.524426
Maharashtra,Nashik,Lasalgaon,Wheat,Lokwan,FAQ,2026-07-15,2575.03,2895.61,2712.6,41.9,sample,1,2026-10-08T22:44:27.524438
Maharashtra,Nashik,Lasalgaon,Wheat,Lokwan,FAQ,2026-07-16,2574.38,2906.13,2726.49,86.2,sample,1,2026-10-08T22:44:27.524447
Maharashtra,Nashik,Lasalgaon,Wheat,Lokwan,FAQ,2026-07-17,2609.08,2953.45,2720.8,133.2,sample,1,2026-10-08T22:44:27.524455
Maharashtra,Nashik,Lasalgaon,Wheat,Lokwan,FAQ,2026-07-18,2582.94,2872.92,2671.44,88.3,sample,1,2026-10-08T22:44:27.524464
Maharashtra,Nashik,Lasalgaon,Wheat,Lokwan,FAQ,2026-07-20,2501.71,2855.1,2630.56,62.8,sample,1,2026-10-08T22:44:27.524529
Maharashtra,Nashik,Lasalgaon,Wheat,Lokwan,FAQ,2026-07-21,2561.0,2807.25,2651.44,471.6,sample,1,2026-10-08T22:44:27.524563
Maharashtra,Nashik,Lasalgaon,Wheat,Lokwan,FAQ,2026-07-22,2551.67,2808.47,2669.86,89.2,sample,1,2026-10-08T22:44:27.524579
Maharashtra,Nashik,Lasalgaon,Wheat,Lokwan,FAQ,2026-07-23,2593.97,2934.37,2727.64,311.3,sample,1,2026-10-08T22:44:27.524590
Maharashtra,Nashik,Lasalgaon,Wheat,Lokwan,FAQ,2026-07-24,2578.84,2903.03,2692.72,88.3,sample,1,2026-10-08T22:44:27.524600
Maharashtra,Nashik,Lasalgaon,Wheat,Lokwan,FAQ,2026-07-25,2573.27,2870.55,2702.65,466.6,sample,1,2026-10-08T22:44:27.524609
Maharashtra,Nashik,Lasalgaon,Wheat,Lokwan,FAQ,2026-07-27,2575.22,2901.07,2708.45,385.6,sample,1,2026-10-08T22:44:27.524620
Maharashtra,Nashik,Lasalgaon,Wheat,Lokwan,FAQ,2026-07-28,2563.2,2831.66,2650.87,85.3,sample,1,2026-10-08T22:44:27.524632
Maharashtra,Nashik,Lasalgaon,Wheat,Lokwan,FAQ,2026-07-29,2496.65,2841.17,2626.45,191.2,sample,1,2026-10-08T22:44:27.524642
Maharashtra,Nashik,Lasalgaon,Wheat,Lokwan,FAQ,2026-07-30,2483.14,2720.42,2593.4,95.4,sample,1,2026-10-08T22:44:27.524652
Maharashtra,Nashik,Lasalgaon,Wheat,Lokwan,FAQ,2026-07-31,2507.96,2791.3,2608.05,364.8,sample,1,2026-10-08T22:44:27.524662
Maharashtra,Nashik,Lasalgaon,Wheat,Lokwan,FAQ,2026-08-01,2554.82,2866.09,2640.45,296.7,sample,1,2026-10-08T22:44:27.524674
Maharashtra,Nashik,Lasalgaon,Wheat,Lokwan,FAQ,2026-08-03,2502.44,2750.44,2624.07,103.3,sample,1,2026-10-08T22:44:27.524684
Maharashtra,Nashik,Lasalgaon,Wheat,Lokwan,FAQ,2026-08-04,2469.61,2795.43,2587.3,368.9,sample,1,2026-10-08T22:44:27.524694
Maharashtra,Nashik,Lasalgaon,Wheat,Lokwan,FAQ,2026-08-05,2444.23,2664.82,2535.85,357.5,sample,1,2026-10-08T22:44:27.524703
Maharashtra,Nashik,Lasalgaon,Wheat,Lokwan,FAQ,2026-08-06,2466.12,2750.6,2558.12,488.9,sample,1,2026-10-08T22:44:27.524713
Maharashtra,Nashik,Lasalgaon,Wheat,Lokwan,FAQ,2026-08-07,2464.34,2818.01,2597.07,310.5,sample,1,2026-10-08T22:44:27.524723
Maharashtra,Nashik,Lasalgaon,Wheat,Lokwan,FAQ,2026-08-08,2492.81,2801.07,2647.93,265.6,sample,1,2026-10-08T22:44:27.524732
Maharashtra,Nashik,Lasalgaon,Wheat,Lokwan,FAQ,2026-08-10,2556.19,2815.07,2664.59,245.8,sample,1,2026-10-08T22:44:27.524745
Maharashtra,Nashik,Lasalgaon,Wheat,Lokwan,FAQ,2026-08-11,2565.59,2899.01,2679.77,453.8,sample,1,2026-10-08T22:44:27.524754
Maharashtra,Nashik,Lasalgaon,Wheat,Lokwan,FAQ,2026-08-12,2604.08,2926.23,2727.47,369.5,sample,1,2026-10-08T22:44:27.524764
Maharashtra,Nashik,Lasalgaon,Wheat,Lokwan,FAQ,2026-08-13,2619.68,2894.06,2730.06,438.9,sample,1,2026-10-08T22:44:27.524775
Maharashtra,Nashik,Lasalgaon,Wheat,Lokwan,FAQ,2026-08-14,2595.35,2924.52,2726.25,174.9,sample,1,2026-10-08T22:44:27.524785
Maharashtra,Nashik,Lasalgaon,Wheat,Lokwan,FAQ,2026-08-15,2585.44,2867.49,2726.92,443.1,sample,1,2026-10-08T22:44:27.524795
Maharashtra,Nashik,Lasalgaon,Wheat,Lokwan,FAQ,2026-08-17,2598.72,2910.27,2742.07,57.5,sample,1,2026-10-08T22:44:27.524806
Maharashtra,Nashik,Lasalgaon,Wheat,Lokwan,FAQ,2026-08-18,2583.11,2929.7,2738.63,391.2,sample,1,2026-10-08T22:44:27.524817
Maharashtra,Nashik,Lasalgaon,Wheat,Lokwan,FAQ,2026-08-19,2590.09,2890.75,2692.78,49.2,sample,1,2026-10-08T22:44:27.524827
Maharashtra,Nashik,Lasalgaon,Wheat,Lokwan,FAQ,2026-08-20,2538.08,2879.42,2679.74,204.0,sample,1,2026-10-08T22:44:27.524837
Maharashtra,Nashik,Lasalgaon,Wheat,Lokwan,FAQ,2026-08-21,2545.74,2865.22,2647.45,460.6,sample,1,2026-10-08T22:44:27.524847
Maharashtra,Nashik,Lasalgaon,Wheat,Lokwan,FAQ,2026-08-22,2556.59,2873.7,2666.85,443.6,sample,1,2026-10-08T22:44:27.524856
Maharashtra,Nashik,Lasalgaon,Wheat,Lokwan,FAQ,2026-08-24,2547.35,2900.91,2684.33,451.5,sample,1,2026-10-08T22:44:27.524868
Maharashtra,Nashik,Lasalgaon,Wheat,Lokwan,FAQ,2026-08-25,2560.98,2872.22,2704.27,42.0,sample,1,2026-10-08T22:44:27.524879
Maharashtra,Nashik,Lasalgaon,Wheat,Lokwan,FAQ,2026-08-26,2611.59,2953.56,2721.8,479.3,sample,1,2026-10-08T22:44:27.524889
Maharashtra,Nashik,Lasalgaon,Wheat,Lokwan,FAQ,2026-08-27,2584.32,2923.85,2715.03,450.7,sample,1,2026-10-08T22:44:27.524898
Maharashtra,Nashik,Lasalgaon,Wheat,Lokwan,FAQ,2026-08-28,2608.59,2944.23,2743.19,325.2,sample,1,2026-10-08T22:44:27.524908
Maharashtra,Nashik,Lasalgaon,Wheat,Lokwan,FAQ,2026-08-29,2637.14,2971.88,2783.47,172.7,sample,1,2026-10-08T22:44:27.524918
Maharashtra,Nashik,Lasalgaon,Wheat,Lokwan,FAQ,2026-08-31,2699.6,2926.57,2799.47,459.9,sample,1,2026-10-08T22:44:27.524928
Maharashtra,Nashik,Lasalgaon,Wheat,Lokwan,FAQ,2026-09-01,2635.98,2964.03,2773.16,412.4,sample,1,2026-10-08T22:44:27.524938
Maharashtra,Nashik,Lasalgaon,Wheat,Lokwan,FAQ,2026-09-02,2679.58,2921.95,2780.04,209.4,sample,1,2026-10-08T22:44:27.524950
Maharashtra,Nashik,Lasalgaon,Wheat,Lokwan,FAQ,2026-09-03,2668.84,2935.41,2757.97,207.8,sample,1,2026-10-08T22:44:27.524960
Maharashtra,Nashik,Lasalgaon,Wheat,Lokwan,FAQ,2026-09-04,2656.3,2925.66,2768.25,367.9,sample,1,2026-10-08T22:44:27.524969
Maharashtra,Nashik,Lasalgaon,Wheat,Lokwan,FAQ,2026-09-05,2635.64,2935.4,2737.28,470.4,sample,1,2026-10-08T22:44:27.524981
Maharashtra,Nashik,Lasalgaon,Wheat,Lokwan,FAQ,2026-09-07,2625.63,2885.33,2749.23,189.9,sample,1,2026-10-08T22:44:27.524992
Maharashtra,Nashik,Lasalgaon,Wheat,Lokwan,FAQ,2026-09-08,2591.88,2956.02,2734.93,167.0,sample,1,2026-10-08T22:44:27.525002
Maharashtra,Nashik,Lasalgaon,Wheat,Lokwan,FAQ,2026-09-09,2560.26,2894.78,2715.8,417.3,sample,1,2026-10-08T22:44:27.525011
Maharashtra,Nashik,Lasalgaon,Wheat,Lokwan,FAQ,2026-09-10,2591.04,2889.01,2717.17,481.2,sample,1,2026-10-08T22:44:27.525020
Maharashtra,Nashik,Lasalgaon,Wheat,Lokwan,FAQ,2026-09-11,2602.03,2916.69,2710.29,460.6,sample,1,2026-10-08T22:44:27.525030
Maharashtra,Nashik,Lasalgaon,Wheat,Lokwan,FAQ,2026-09-12,2636.8,2913.77,2728.8,75.1,sample,1,2026-10-08T22:44:27.525039
Maharashtra,Nashik,Lasalgaon,Wheat,Lokwan,FAQ,2026-09-14,2559.6,2842.19,2701.72,312.4,sample,1,2026-10-08T22:44:27.525051
Maharashtra,Nashik,Lasalgaon,Wheat,Lokwan,FAQ,2026-09-15,2573.71,2892.56,2712.8,85.3,sample,1,2026-10-08T22:44:27.525060
Maharashtra,Nashik,Lasalgaon,Wheat,Lokwan,FAQ,2026-09-16,2559.27,2899.83,2704.76,390.7,sample,1,2026-10-08T22:44:27.525070
Maharashtra,Nashik,Lasalgaon,Wheat,Lokwan,FAQ,2026-09-17,2575.09,2893.44,2717.56,144.5,sample,1,2026-10-08T22:44:27.525081
Maharashtra,Nashik,Lasalgaon,Wheat,Lokwan,FAQ,2026-09-18,2567.3,2880.94,2707.95,379.5,sample,1,2026-10-08T22:44:27.525090
Maharashtra,Nashik,Lasalgaon,Wheat,Lokwan,FAQ,2026-09-19,2563.87,2928.55,2719.21,234.5,sample,1,2026-10-08T22:44:27.525100
Maharashtra,Nashik,Lasalgaon,Wheat,Lokwan,FAQ,2026-09-21,2597.05,2880.52,2706.83,52.6,sample,1,2026-10-08T22:44:27.525111
Maharashtra,Nashik,Lasalgaon,Wheat,Lokwan,FAQ,2026-09-22,2613.04,2927.01,2711.7,253.4,sample,1,2026-10-08T22:44:27.525120
Maharashtra,Nashik,Lasalgaon,Wheat,Lokwan,FAQ,2026-09-23,2545.58,2861.83,2683.92,497.7,sample,1,2026-10-08T22:44:27.525130
Maharashtra,Nashik,Lasalgaon,Wheat,Lokwan,FAQ,2026-09-24,2583.09,2899.24,2721.28,372.4,sample,1,2026-10-08T22:44:27.525141
Maharashtra,Nashik,Lasalgaon,Wheat,Lokwan,FAQ,2026-09-25,2622.15,2878.9,2728.25,47.3,sample,1,2026-10-08T22:44:27.525151
Maharashtra,Nashik,Lasalgaon,Wheat,Lokwan,FAQ,2026-09-26,2659.7,2930.84,2757.07,417.8,sample,1,2026-10-08T22:44:27.525161
Maharashtra,Nashik,Lasalgaon,Wheat,Lokwan,FAQ,2026-09-28,2664.8,2947.72,2772.15,123.3,sample,1,2026-10-08T22:44:27.525171
Maharashtra,Nashik,Lasalgaon,Wheat,Lokwan,FAQ,2026-09-29,2658.04,2932.39,2745.63,192.9,sample,1,2026-10-08T22:44:27.525183
Maharashtra,Nashik,Lasalgaon,Wheat,Lokwan,FAQ,2026-09-30,2626.56,2980.56,2748.58,451.0,sample,1,2026-10-08T22:44:27.525193
Maharashtra,Nashik,Lasalgaon,Wheat,Lokwan,FAQ,2026-10-01,2625.93,2905.07,2723.32,178.1,sample,1,2026-10-08T22:44:27.525202
Maharashtra,Nashik,Lasalgaon,Wheat,Lokwan,FAQ,2026-10-02,2647.0,2876.16,2749.05,340.2,sample,1,2026-10-08T22:44:27.525212
Maharashtra,Nashik,Lasalgaon,Wheat,Lokwan,FAQ,2026-10-03,2644.79,2904.29,2755.95,260.0,sample,1,2026-10-08T22:44:27.525221
Maharashtra,Nashik,Lasalgaon,Wheat,Lokwan,FAQ,2026-10-05,2699.51,2960.91,2798.38,374.2,sample,1,2026-10-08T22:44:27.525232
Maharashtra,Nashik,Lasalgaon,Wheat,Lokwan,FAQ,2026-10-06,2661.39,2984.31,2815.01,232.1,sample,1,2026-10-08T22:44:27.525241
Maharashtra,Nashik,Lasalgaon,Wheat,Lokwan,FAQ,2026-10-07,2733.52,3016.34,2833.21,372.1,sample,1,2026-10-08T22:44:27.525250
Maharashtra,Nashik,Lasalgaon,Wheat,Lokwan,FAQ,2026-10-08,2710.36,3046.14,2854.54,227.0,sample,1,2026-10-08T22:44:27.525260
Maharashtra,Nashik,Pimpalgaon,Tomato,Hybrid,FAQ,2026-07-10,1506.16,2158.54,1720.65,280.7,sample,1,2026-10-08T22:44:27.525279
Maharashtra,Nashik,Pimpalgaon,Tomato,Hybrid,FAQ,2026-07-11,1469.64,2091.33,1703.65,121.1,sample,1,2026-10-08T22:44:27.525291
Maharashtra,Nashik,Pimpalgaon,Tomato,Hybrid,FAQ,2026-07-13,1365.3,1956.45,1656.91,199.6,sample,1,2026-10-08T22:44:27.525301
Maharashtra,Nashik,Pimpalgaon,Tomato,Hybrid,FAQ,2026-07-14,1351.06,1885.08,1529.87,423.8,sample,1,2026-10-08T22:44:27.525311
Maharashtra,Nashik,Pimpalgaon,Tomato,Hybrid,FAQ,2026-07-15,1290.72,1953.24,1552.38,480.2,sample,1,2026-10-08T22:44:27.525320
Maharashtra,Nashik,Pimpalgaon,Tomato,Hybrid,FAQ,2026-07-16,1247.3,1895.7,1471.41,237.4,sample,1,2026-10-08T22:44:27.525330
Maharashtra,Nashik,Pimpalgaon,Tomato,Hybrid,FAQ,2026-07-17,1280.07,1866.66,1483.85,188.0,sample,1,2026-10-08T22:44:27.525340
Maharashtra,Nashik,Pimpalgaon,Tomato,Hybrid,FAQ,2026-07-18,1264.27,1906.52,1506.8,270.1,sample,1,2026-10-08T22:44:27.525349
Maharashtra,Nashik,Pimpalgaon,Tomato,Hybrid,FAQ,2026-07-20,1361.49,1885.83,1587.34,240.7,sample,1,2026-10-08T22:44:27.525360
Maharashtra,Nashik,Pimpalgaon,Tomato,Hybrid,FAQ,2026-07-21,1344.26,1923.75,1530.81,52.7,sample,1,2026-10-08T22:44:27.525369
Maharashtra,Nashik,Pimpalgaon,Tomato,Hybrid,FAQ,2026-07-22,1391.49,1871.55,1588.56,136.6,sample,1,2026-10-08T22:44:27.525379
Maharashtra,Nashik,Pimpalgaon,Tomato,Hybrid,FAQ,2026-07-23,1274.83,1931.03,1510.2,249.5,sample,1,2026-10-08T22:44:27.525390
Maharashtra,Nashik,Pimpalgaon,Tomato,Hybrid,FAQ,2026-07-24,1327.4,1971.99,1528.81,107.7,sample,1,2026-10-08T22:44:27.525402
Maharashtra,Nashik,Pimpalgaon,Tomato,Hybrid,FAQ,2026-07-25,1375.38,1970.8,1565.87,424.5,sample,1,2026-10-08T22:44:27.525412
Maharashtra,Nashik,Pimpalgaon,Tomato,Hybrid,FAQ,2026-07-27,1381.59,2002.52,1630.1,485.6,sample,1,2026-10-08T22:44:27.525422
Maharashtra,Nashik,Pimpalgaon,Tomato,Hybrid,FAQ,2026-07-28,1342.4,1812.91,1533.39,398.5,sample,1,2026-10-08T22:44:27.525432
Maharashtra,Nashik,Pimpalgaon,Tomato,Hybrid,FAQ,2026-07-29,1403.32,1939.79,1634.11,425.1,sample,1,2026-10-08T22:44:27.525441
Maharashtra,Nashik,Pimpalgaon,Tomato,Hybrid,FAQ,2026-07-30,1541.87,2138.72,1777.49,54.9,sample,1,2026-10-08T22:44:27.525450
Maharashtra,Nashik,Pimpalgaon,Tomato,Hybrid,FAQ,2026-07-31,1553.23,2158.45,1791.95,135.4,sample,1,2026-10-08T22:44:27.525460
Maharashtra,Nashik,Pimpalgaon,Tomato,Hybrid,FAQ,2026-08-01,1518.79,2104.89,1822.26,53.6,sample,1,2026-10-08T22:44:27.525471
Maharashtra,Nashik,Pimpalgaon,Tomato,Hybrid,FAQ,2026-08-03,1533.57,2217.14,1852.73,292.8,sample,1,2026-10-08T22:44:27.525481
Maharashtra,Nashik,Pimpalgaon,Tomato,Hybrid,FAQ,2026-08-04,1732.03,2372.03,1921.38,162.4,sample,1,2026-10-08T22:44:27.525492
Maharashtra,Nashik,Pimpalgaon,Tomato,Hybrid,FAQ,2026-08-05,1585.05,2142.09,1884.37,291.3,sample,1,2026-10-08T22:44:27.525502
Maharashtra,Nashik,Pimpalgaon,Tomato,Hybrid,FAQ,2026-08-06,1514.38,2159.25,1819.63,446.4,sample,1,2026-10-08T22:44:27.525511
Maharashtra,Nashik,Pimpalgaon,Tomato,Hybrid,FAQ,2026-08-07,1529.96,2087.77,1825.89,465.0,sample,1,2026-10-08T22:44:27.525521
Maharashtra,Nashik,Pimpalgaon,Tomato,Hybrid,FAQ,2026-08-08,1399.05,2049.39,1640.9,448.6,sample,1,2026-10-08T22:44:27.525530
Maharashtra,Nashik,Pimpalgaon,Tomato,Hybrid,FAQ,2026-08-10,1351.28,1856.6,1569.96,125.0,sample,1,2026-10-08T22:44:27.525540
Maharashtra,Nashik,Pimpalgaon,Tomato,Hybrid,FAQ,2026-08-11,1102.7,1686.51,1402.97,461.7,sample,1,2026-10-08T22:44:27.525549
Maharashtra,Nashik,Pimpalgaon,Tomato,Hybrid,FAQ,2026-08-12,1186.64,1793.36,1378.61,113.6,sample,1,2026-10-08T22:44:27.525560
Maharashtra,Nashik,Pimpalgaon,Tomato,Hybrid,FAQ,2026-08-13,1219.21,1774.17,1436.01,490.3,sample,1,2026-10-08T22:44:27.525569
Maharashtra,Nashik,Pimpalgaon,Tomato,Hybrid,FAQ,2026-08-14,1249.51,1821.04,1457.85,381.1,sample,1,2026-10-08T22:44:27.525579
Maharashtra,Nashik,Pimpalgaon,Tomato,Hybrid,FAQ,2026-08-15,1178.86,1780.56,1467.29,68.0,sample,1,2026-10-08T22:44:27.525588
Maharashtra,Nashik,Pimpalgaon,Tomato,Hybrid,FAQ,2026-08-17,1294.64,2013.74,1561.55,189.5,sample,1,2026-10-08T22:44:27.525599
Maharashtra,Nashik,Pimpalgaon,Tomato,Hybrid,FAQ,2026-08-18,1214.89,1785.71,1494.72,318.2,sample,1,2026-10-08T22:44:27.525607
Maharashtra,Nashik,Pimpalgaon,Tomato,Hybrid,FAQ,2026-08-19,1269.42,1941.7,1593.12,288.8,sample,1,2026-10-08T22:44:27.525615
Maharashtra,Nashik,Pimpalgaon,Tomato,Hybrid,FAQ,2026-08-20,1501.0,2121.96,1689.05,94.2,sample,1,2026-10-08T22:44:27.525622
Maharashtra,Nashik,Pimpalgaon,Tomato,Hybrid,FAQ,2026-08-21,1452.63,2084.53,1634.79,299.1,sample,1,2026-10-08T22:44:27.525631
Maharashtra,Nashik,Pimpalgaon,Tomato,Hybrid,FAQ,2026-08-22,1448.18,1958.91,1687.57,238.0,sample,1,2026-10-08T22:44:27.525639
Maharashtra,Nashik,Pimpalgaon,Tomato,Hybrid,FAQ,2026-08-24,1394.78,1900.5,1619.45,437.0,sample,1,2026-10-08T22:44:27.525648
Maharashtra,Nashik,Pimpalgaon,Tomato,Hybrid,FAQ,2026-08-25,1405.78,1972.5,1663.72,489.5,sample,1,2026-10-08T22:44:27.525656
Maharashtra,Nashik,Pimpalgaon,Tomato,Hybrid,FAQ,2026-08-26,1326.32,1981.8,1613.66,50.8,sample,1,2026-10-08T22:44:27.525664
Maharashtra,Nashik,Pimpalgaon,Tomato,Hybrid,FAQ,2026-08-27,1303.07,1937.68,1586.49,291.2,sample,1,2026-10-08T22:44:27.525673
Maharashtra,Nashik,Pimpalgaon,Tomato,Hybrid,FAQ,2026-08-28,1304.54,2045.45,1591.77,386.6,sample,1,2026-10-08T22:44:27.525681
Maharashtra,Nashik,Pimpalgaon,Tomato,Hybrid,FAQ,2026-08-29,1302.38,1853.91,1604.35,60.5,sample,1,2026-10-08T22:44:27.525689
Maharashtra,Nashik,Pimpalgaon,Tomato,Hybrid,FAQ,2026-08-31,1546.61,2183.66,1737.1,428.4,sample,1,2026-10-08T22:44:27.525699
Maharashtra,Nashik,Pimpalgaon,Tomato,Hybrid,FAQ,2026-09-01,1480.64,2024.73,1744.89,395.0,sample,1,2026-10-08T22:44:27.525706
Maharashtra,Nashik,Pimpalgaon,Tomato,Hybrid,FAQ,2026-09-02,1541.6,2288.51,1858.27,149.6,sample,1,2026-10-08T22:44:27.525715
Maharashtra,Nashik,Pimpalgaon,Tomato,Hybrid,FAQ,2026-09-03,1593.48,2072.77,1773.37,303.3,sample,1,2026-10-08T22:44:27.525722
Maharashtra,Nashik,Pimpalgaon,Tomato,Hybrid,FAQ,2026-09-04,1517.19,2145.18,1827.0,128.5,sample,1,2026-10-08T22:44:27.525731
Maharashtra,Nashik,Pimpalgaon,Tomato,Hybrid,FAQ,2026-09-05,1628.53,2080.85,1834.47,117.2,sample,1,2026-10-08T22:44:27.525738
Maharashtra,Nashik,Pimpalgaon,Tomato,Hybrid,FAQ,2026-09-07,1518.38,2250.05,1814.82,410.5,sample,1,2026-10-08T22:44:27.525748
Maharashtra,Nashik,Pimpalgaon,Tomato,Hybrid,FAQ,2026-09-08,1601.97,2278.0,1828.58,92.2,sample,1,2026-10-08T22:44:27.525759
Maharashtra,Nashik,Pimpalgaon,Tomato,Hybrid,FAQ,2026-09-09,1640.92,2180.57,1866.57,370.2,sample,1,2026-10-08T22:44:27.525768
Maharashtra,Nashik,Pimpalgaon,Tomato,Hybrid,FAQ,2026-09-10,1512.16,2114.25,1821.78,226.2,sample,1,2026-10-08T22:44:27.525776
Maharashtra,Nashik,Pimpalgaon,Tomato,Hybrid,FAQ,2026-09-11,1456.47,2106.49,1715.51,135.7,sample,1,2026-10-08T22:44:27.525784
Maharashtra,Nashik,Pimpalgaon,Tomato,Hybrid,FAQ,2026-09-12,1509.44,2121.4,1713.49,128.7,sample,1,2026-10-08T22:44:27.525792
Maharashtra,Nashik,Pimpalgaon,Tomato,Hybrid,FAQ,2026-09-14,1561.84,2075.23,1795.96,236.3,sample,1,2026-10-08T22:44:27.525801
Maharashtra,Nashik,Pimpalgaon,Tomato,Hybrid,FAQ,2026-09-15,1749.24,2283.18,1925.33,199.5,sample,1,2026-10-08T22:44:27.525809
Maharashtra,Nashik,Pimpalgaon,Tomato,Hybrid,FAQ,2026-09-16,1641.68,2184.16,1913.45,422.6,sample,1,2026-10-08T22:44:27.525817
Maharashtra,Nashik,Pimpalgaon,Tomato,Hybrid,FAQ,2026-09-17,1511.53,2207.89,1804.83,81.6,sample,1,2026-10-08T22:44:27.525825
Maharashtra,Nashik,Pimpalgaon,Tomato,Hybrid,FAQ,2026-09-18,1529.12,2223.91,1821.13,220.7,sample,1,2026-10-08T22:44:27.525833
Maharashtra,Nashik,Pimpalgaon,Tomato,Hybrid,FAQ,2026-09-19,1486.53,2171.14,1797.68,322.8,sample,1,2026-10-08T22:44:27.525842
Maharashtra,Nashik,Pimpalgaon,Tomato,Hybrid,FAQ,2026-09-21,1621.1,2181.76,1832.51,131.1,sample,1,2026-10-08T22:44:27.525853
Maharashtra,Nashik,Pimpalgaon,Tomato,Hybrid,FAQ,2026-09-22,1568.16,2125.22,1815.33,211.0,sample,1,2026-10-08T22:44:27.525861
Maharashtra,Nashik,Pimpalgaon,Tomato,Hybrid,FAQ,2026-09-23,1671.73,2274.33,1904.32,438.8,sample,1,2026-10-08T22:44:27.525871
Maharashtra,Nashik,Pimpalgaon,Tomato,Hybrid,FAQ,2026-09-24,1771.52,2406.6,2042.66,454.8,sample,1,2026-10-08T22:44:27.525880
Maharashtra,Nashik,Pimpalgaon,Tomato,Hybrid,FAQ,2026-09-25,1709.78,2172.26,1899.45,221.9,sample,1,2026-10-08T22:44:27.525888
Maharashtra,Nashik,Pimpalgaon,Tomato,Hybrid,FAQ,2026-09-26,1900.41,2379.92,2086.81,261.5,sample,1,2026-10-08T22:44:27.525896
Maharashtra,Nashik,Pimpalgaon,Tomato,Hybrid,FAQ,2026-09-28,1761.43,2502.59,2078.05,166.1,sample,1,2026-10-08T22:44:27.525905
Maharashtra,Nashik,Pimpalgaon,Tomato,Hybrid,FAQ,2026-09-29,1918.32,2526.33,2141.1,274.0,sample,1,2026-10-08T22:44:27.525912
Maharashtra,Nashik,Pimpalgaon,Tomato,Hybrid,FAQ,2026-09-30,1983.11,2608.74,2173.54,362.6,sample,1,2026-10-08T22:44:27.525921
Maharashtra,Nashik,Pimpalgaon,Tomato,Hybrid,FAQ,2026-10-01,1812.72,2455.67,2121.27,246.3,sample,1,2026-10-08T22:44:27.525930
Maharashtra,Nashik,Pimpalgaon,Tomato,Hybrid,FAQ,2026-10-02,1842.96,2381.87,2103.62,381.2,sample,1,2026-10-08T22:44:27.525939
Maharashtra,Nashik,Pimpalgaon,Tomato,Hybrid,FAQ,2026-10-03,1811.55,2367.91,2066.51,442.3,sample,1,2026-10-08T22:44:27.525947
Maharashtra,Nashik,Pimpalgaon,Tomato,Hybrid,FAQ,2026-10-05,1762.23,2301.19,2043.0,357.9,sample,1,2026-10-08T22:44:27.525955
Maharashtra,Nashik,Pimpalgaon,Tomato,Hybrid,FAQ,2026-10-06,1775.0,2398.48,2079.01,186.2,sample,1,2026-10-08T22:44:27.525963
Maharashtra,Nashik,Pimpalgaon,Tomato,Hybrid,FAQ,2026-10-07,1848.91,2412.05,2044.85,88.3,sample,1,2026-10-08T22:44:27.525971
Maharashtra,Nashik,Pimpalgaon,Tomato,Hybrid,FAQ,2026-10-08,1944.96,2577.3,2155.62,278.0,sample,1,2026-10-08T22:44:27.525980
Maharashtra,Nashik,Pimpalgaon,Onion,Red/Nasik,FAQ,2026-07-10,1832.8,2439.3,2125.78,254.4,sample,1,2026-10-08T22:44:27.525990
Maharashtra,Nashik,Pimpalgaon,Onion,Red/Nasik,FAQ,2026-07-11,1785.74,2540.88,2171.03,381.0,sample,1,2026-10-08T22:44:27.525998
Maharashtra,Nashik,Pimpalgaon,Onion,Red/Nasik,FAQ,2026-07-13,1965.54,2603.22,2192.36,365.8,sample,1,2026-10-08T22:44:27.526007
Maharashtra,Nashik,Pimpalgaon,Onion,Red/Nasik,FAQ,2026-07-14,1916.22,2643.5,2172.01,187.8,sample,1,2026-10-08T22:44:27.526016
Maharashtra,Nashik,Pimpalgaon,Onion,Red/Nasik,FAQ,2026-07-15,1939.07,2712.03,2255.4,485.8,sample,1,2026-10-08T22:44:27.526025
Maharashtra,Nashik,Pimpalgaon,Onion,Red/Nasik,FAQ,2026-07-16,1952.89,2627.6,2217.34,266.6,sample,1,2026-10-08T22:44:27.526034
Maharashtra,Nashik,Pimpalgaon,Onion,Red/Nasik,FAQ,2026-07-17,1794.25,2481.15,2153.56,136.1,sample,1,2026-10-08T22:44:27.526043
Maharashtra,Nashik,Pimpalgaon,Onion,Red/Nasik,FAQ,2026-07-18,1934.78,2507.83,2186.99,311.2,sample,1,2026-10-08T22:44:27.526050
Maharashtra,Nashik,Pimpalgaon,Onion,Red/Nasik,FAQ,2026-07-20,1871.04,2573.67,2145.47,66.3,sample,1,2026-10-08T22:44:27.526059
Maharashtra,Nashik,Pimpalgaon,Onion,Red/Nasik,FAQ,2026-07-21,1861.73,2584.92,2132.98,346.1,sample,1,2026-10-08T22:44:27.526066
Maharashtra,Nashik,Pimpalgaon,Onion,Red/Nasik,FAQ,2026-07-22,1807.65,2536.72,2176.67,271.6,sample,1,2026-10-08T22:44:27.526075
Maharashtra,Nashik,Pimpalgaon,Onion,Red/Nasik,FAQ,2026-07-23,1818.18,2625.83,2169.37,284.0,sample,1,2026-10-08T22:44:27.526083
Maharashtra,Nashik,Pimpalgaon,Onion,Red/Nasik,FAQ,2026-07-24,1817.24,2559.27,2202.32,241.1,sample,1,2026-10-08T22:44:27.526091
Maharashtra,Nashik,Pimpalgaon,Onion,Red/Nasik,FAQ,2026-07-25,1796.03,2461.29,2148.9,402.7,sample,1,2026-10-08T22:44:27.526100
Maharashtra,Nashik,Pimpalgaon,Onion,Red/Nasik,FAQ,2026-07-27,1930.5,2522.2,2212.12,308.9,sample,1,2026-10-08T22:44:27.526109
Maharashtra,Nashik,Pimpalgaon,Onion,Red/Nasik,FAQ,2026-07-28,1979.44,2572.96,2219.73,139.7,sample,1,2026-10-08T22:44:27.526117
Maharashtra,Nashik,Pimpalgaon,Onion,Red/Nasik,FAQ,2026-07-29,1896.75,2538.67,2239.43,309.4,sample,1,2026-10-08T22:44:27.526125
Maharashtra,Nashik,Pimpalgaon,Onion,Red/Nasik,FAQ,2026-07-30,1898.45,2457.0,2138.83,124.4,sample,1,2026-10-08T22:44:27.526133
Maharashtra,Nashik,Pimpalgaon,Onion,Red/Nasik,FAQ,2026-07-31,1787.95,2458.58,2093.94,406.1,sample,1,2026-10-08T22:44:27.526142
Maharashtra,Nashik,Pimpalgaon,Onion,Red/Nasik,FAQ,2026-08-01,1790.38,2545.85,2168.47,388.2,sample,1,2026-10-08T22:44:27.526150
Maharashtra,Nashik,Pimpalgaon,Onion,Red/Nasik,FAQ,2026-08-03,1916.42,2551.15,2225.86,389.8,sample,1,2026-10-08T22:44:27.526159
Maharashtra,Nashik,Pimpalgaon,Onion,Red/Nasik,FAQ,2026-08-04,1853.71,2657.33,2222.26,81.7,sample,1,2026-10-08T22:44:27.526167
Maharashtra,Nashik,Pimpalgaon,Onion,Red/Nasik,FAQ,2026-08-05,2052.06,2651.93,2306.28,172.2,sample,1,2026-10-08T22:44:27.526175
Maharashtra,Nashik,Pimpalgaon,Onion,Red/Nasik,FAQ,2026-08-06,1959.6,2695.38,2272.81,402.5,sample,1,2026-10-08T22:44:27.526184
Maharashtra,Nashik,Pimpalgaon,Onion,Red/Nasik,FAQ,2026-08-07,1932.16,2692.71,2213.16,244.0,sample,1,2026-10-08T22:44:27.526192
Maharashtra,Nashik,Pimpalgaon,Onion,Red/Nasik,FAQ,2026-08-08,1934.92,2544.75,2169.11,160.6,sample,1,2026-10-08T22:44:27.526200
Maharashtra,Nashik,Pimpalgaon,Onion,Red/Nasik,FAQ,2026-08-10,1833.43,2705.57,2194.48,206.2,sample,1,2026-10-08T22:44:27.526209
Maharashtra,Nashik,Pimpalgaon,Onion,Red/Nasik,FAQ,2026-08-11,1911.3,2452.28,2156.26,424.5,sample,1,2026-10-08T22:44:27.526231
Maharashtra,Nashik,Pimpalgaon,Onion,Red/Nasik,FAQ,2026-08-12,1902.39,2452.05,2154.08,379.2,sample,1,2026-10-08T22:44:27.526240
Maharashtra,Nashik,Pimpalgaon,Onion,Red/Nasik,FAQ,2026-08-13,1924.92,2482.82,2150.11,210.5,sample,1,2026-10-08T22:44:27.526248
Maharashtra,Nashik,Pimpalgaon,Onion,Red/Nasik,FAQ,2026-08-14,1941.05,2526.74,2175.25,253.3,sample,1,2026-10-08T22:44:27.526256
Maharashtra,Nashik,Pimpalgaon,Onion,Red/Nasik,FAQ,2026-08-15,2018.54,2666.22,2244.17,215.9,sample,1,2026-10-08T22:44:27.526264
Maharashtra,Nashik,Pimpalgaon,Onion,Red/Nasik,FAQ,2026-08-17,1875.21,2762.55,2258.93,106.0,sample,1,2026-10-08T22:44:27.526273
Maharashtra,Nashik,Pimpalgaon,Onion,Red/Nasik,FAQ,2026-08-18,1960.6,2547.0,2258.05,224.0,sample,1,2026-10-08T22:44:27.526282
Maharashtra,Nashik,Pimpalgaon,Onion,Red/Nasik,FAQ,2026-08-19,1820.13,2644.27,2164.84,65.3,sample,1,2026-10-08T22:44:27.526290
Maharashtra,Nashik,Pimpalgaon,Onion,Red/Nasik,FAQ,2026-08-20,1848.98,2723.46,2234.59,219.8,sample,1,2026-10-08T22:44:27.526299
Maharashtra,Nashik,Pimpalgaon,Onion,Red/Nasik,FAQ,2026-08-21,1867.32,2528.89,2246.41,303.3,sample,1,2026-10-08T22:44:27.526307
Maharashtra,Nashik,Pimpalgaon,Onion,Red/Nasik,FAQ,2026-08-22,2054.37,2627.09,2305.46,164.8,sample,1,2026-10-08T22:44:27.526317
Maharashtra,Nashik,Pimpalgaon,Onion,Red/Nasik,FAQ,2026-08-24,2051.99,2866.39,2380.62,349.7,sample,1,2026-10-08T22:44:27.526326
Maharashtra,Nashik,Pimpalgaon,Onion,Red/Nasik,FAQ,2026-08-25,2176.26,2911.43,2423.27,131.2,sample,1,2026-10-08T22:44:27.526334
Maharashtra,Nashik,Pimpalgaon,Onion,Red/Nasik,FAQ,2026-08-26,2028.29,2835.05,2406.92,170.2,sample,1,2026-10-08T22:44:27.526342
Maharashtra,Nashik,Pimpalgaon,Onion,Red/Nasik,FAQ,2026-08-27,2175.53,2786.77,2402.3,103.1,sample,1,2026-10-08T22:44:27.526350
Maharashtra,Nashik,Pimpalgaon,Onion,Red/Nasik,FAQ,2026-08-28,2127.93,2896.72,2400.74,172.3,sample,1,2026-10-08T22:44:27.526358
Maharashtra,Nashik,Pimpalgaon,Onion,Red/Nasik,FAQ,2026-08-29,2039.17,2741.13,2413.94,122.2,sample,1,2026-10-08T22:44:27.526367
Maharashtra,Nashik,Pimpalgaon,Onion,Red/Nasik,FAQ,2026-08-31,1996.34,2694.93,2300.54,233.3,sample,1,2026-10-08T22:44:27.526376
Maharashtra,Nashik,Pimpalgaon,Onion,Red/Nasik,FAQ,2026-09-01,1941.63,2604.58,2316.98,435.0,sample,1,2026-10-08T22:44:27.526384
Maharashtra,Nashik,Pimpalgaon,Onion,Red/Nasik,FAQ,2026-09-02,2059.83,2752.13,2322.45,60.7,sample,1,2026-10-08T22:44:27.526392
Maharashtra,Nashik,Pimpalgaon,Onion,Red/Nasik,FAQ,2026-09-03,2094.61,2737.41,2354.55,72.0,sample,1,2026-10-08T22:44:27.526400
Maharashtra,Nashik,Pimpalgaon,Onion,Red/Nasik,FAQ,2026-09-04,2024.82,2712.84,2326.91,499.1,sample,1,2026-10-08T22:44:27.526409
Maharashtra,Nashik,Pimpalgaon,Onion,Red/Nasik,FAQ,2026-09-05,2001.86,2760.98,2362.32,323.1,sample,1,2026-10-08T22:44:27.526417
Maharashtra,Nashik,Pimpalgaon,Onion,Red/Nasik,FAQ,2026-09-07,2128.64,2863.27,2371.54,172.0,sample,1,2026-10-08T22:44:27.526427
Maharashtra,Nashik,Pimpalgaon,Onion,Red/Nasik,FAQ,2026-09-08,2154.14,2757.43,2403.59,394.9,sample,1,2026-10-08T22:44:27.526435
Maharashtra,Nashik,Pimpalgaon,Onion,Red/Nasik,FAQ,2026-09-09,2197.19,2809.49,2446.61,399.2,sample,1,2026-10-08T22:44:27.526444
Maharashtra,Nashik,Pimpalgaon,Onion,Red/Nasik,FAQ,2026-09-10,2109.96,2863.5,2463.26,218.8,sample,1,2026-10-08T22:44:27.526453
Maharashtra,Nashik,Pimpalgaon,Onion,Red/Nasik,FAQ,2026-09-11,2059.8,2769.06,2449.34,442.1,sample,1,2026-10-08T22:44:27.526461
Maharashtra,Nashik,Pimpalgaon,Onion,Red/Nasik,FAQ,2026-09-12,2154.23,2872.05,2503.32,143.7,sample,1,2026-10-08T22:44:27.526469
Maharashtra,Nashik,Pimpalgaon,Onion,Red/Nasik,FAQ,2026-09-14,2193.79,2794.43,2504.48,356.6,sample,1,2026-10-08T22:44:27.526478
Maharashtra,Nashik,Pimpalgaon,Onion,Red/Nasik,FAQ,2026-09-15,2226.92,2871.82,2468.05,377.6,sample,1,2026-10-08T22:44:27.526485
Maharashtra,Nashik,Pimpalgaon,Onion,Red/Nasik,FAQ,2026-09-16,2062.48,2729.52,2448.75,195.9,sample,1,2026-10-08T22:44:27.526494
Maharashtra,Nashik,Pimpalgaon,Onion,Red/Nasik,FAQ,2026-09-17,2210.02,2871.1,2510.17,447.4,sample,1,2026-10-08T22:44:27.526502
Maharashtra,Nashik,Pimpalgaon,Onion,Red/Nasik,FAQ,2026-09-18,2135.66,2750.85,2377.05,168.1,sample,1,2026-10-08T22:44:27.526510
Maharashtra,Nashik,Pimpalgaon,Onion,Red/Nasik,FAQ,2026-09-19,2115.62,2805.04,2383.45,47.4,sample,1,2026-10-08T22:44:27.526518
Maharashtra,Nashik,Pimpalgaon,Onion,Red/Nasik,FAQ,2026-09-21,2145.75,2803.49,2395.42,160.5,sample,1,2026-10-08T22:44:27.526527
Maharashtra,Nashik,Pimpalgaon,Onion,Red/Nasik,FAQ,2026-09-22,2037.22,2677.27,2324.14,429.4,sample,1,2026-10-08T22:44:27.526536
Maharashtra,Nashik,Pimpalgaon,Onion,Red/Nasik,FAQ,2026-09-23,2002.57,2654.77,2265.42,479.8,sample,1,2026-10-08T22:44:27.526544
Maharashtra,Nashik,Pimpalgaon,Onion,Red/Nasik,FAQ,2026-09-24,1898.26,2548.51,2202.32,250.2,sample,1,2026-10-08T22:44:27.526552
Maharashtra,Nashik,Pimpalgaon,Onion,Red/Nasik,FAQ,2026-09-25,1857.57,2553.5,2165.17,339.8,sample,1,2026-10-08T22:44:27.526560
Maharashtra,Nashik,Pimpalgaon,Onion,Red/Nasik,FAQ,2026-09-26,1833.74,2688.68,2197.85,157.9,sample,1,2026-10-08T22:44:27.526568
Maharashtra,Nashik,Pimpalgaon,Onion,Red/Nasik,FAQ,2026-09-28,1819.02,2524.37,2151.32,147.6,sample,1,2026-10-08T22:44:27.526578
Maharashtra,Nashik,Pimpalgaon,Onion,Red/Nasik,FAQ,2026-09-29,1874.48,2658.29,2184.1,483.8,sample,1,2026-10-08T22:44:27.526586
Maharashtra,Nashik,Pimpalgaon,Onion,Red/Nasik,FAQ,2026-09-30,1884.51,2554.23,2253.32,211.5,sample,1,2026-10-08T22:44:27.526595
Maharashtra,Nashik,Pimpalgaon,Onion,Red/Nasik,FAQ,2026-10-01,1979.03,2708.33,2282.19,55.4,sample,1,2026-10-08T22:44:27.526604
Maharashtra,Nashik,Pimpalgaon,Onion,Red/Nasik,FAQ,2026-10-02,1954.25,2650.72,2330.66,427.8,sample,1,2026-10-08T22:44:27.526612
Maharashtra,Nashik,Pimpalgaon,Onion,Red/Nasik,FAQ,2026-10-03,2133.78,2749.87,2345.78,193.9,sample,1,2026-10-08T22:44:27.526621
Maharashtra,Nashik,Pimpalgaon,Onion,Red/Nasik,FAQ,2026-10-05,1955.76,2688.94,2316.53,173.4,sample,1,2026-10-08T22:44:27.526630
Maharashtra,Nashik,Pimpalgaon,Onion,Red/Nasik,FAQ,2026-10-06,1991.17,2622.54,2243.68,445.9,sample,1,2026-10-08T22:44:27.526637
Maharashtra,Nashik,Pimpalgaon,Onion,Red/Nasik,FAQ,2026-10-07,2096.81,2687.34,2347.83,162.8,sample,1,2026-10-08T22:44:27.526645
Maharashtra,Nashik,Pimpalgaon,Onion,Red/Nasik,FAQ,2026-10-08,2077.71,2766.39,2364.18,137.2,sample,1,2026-10-08T22:44:27.526653
Maharashtra,Nashik,Pimpalgaon,Soyabean,Yellow,FAQ,2026-07-10,4469.31,4776.91,4634.24,226.1,sample,1,2026-10-08T22:44:27.526662
Maharashtra,Nashik,Pimpalgaon,Soyabean,Yellow,FAQ,2026-07-11,4503.32,4917.92,4671.4,95.3,sample,1,2026-10-08T22:44:27.526670
Maharashtra,Nashik,Pimpalgaon,Soyabean,Yellow,FAQ,2026-07-13,4573.53,4884.28,4695.04,434.5,sample,1,2026-10-08T22:44:27.526679
Maharashtra,Nashik,Pimpalgaon,Soyabean,Yellow,FAQ,2026-07-14,4496.89,4900.98,4683.9,397.0,sample,1,2026-10-08T22:44:27.526687
Maharashtra,Nashik,Pimpalgaon,Soyabean,Yellow,FAQ,2026-07-15,4486.29,4849.63,4631.98,238.2,sample,1,2026-10-08T22:44:27.526697
Maharashtra,Nashik,Pimpalgaon,Soyabean,Yellow,FAQ,2026-07-16,4464.56,4820.37,4589.18,351.1,sample,1,2026-10-08T22:44:27.526706
Maharashtra,Nashik,Pimpalgaon,Soyabean,Yellow,FAQ,2026-07-17,4450.78,4762.78,4598.15,230.8,sample,1,2026-10-08T22:44:27.526714
Maharashtra,Nashik,Pimpalgaon,Soyabean,Yellow,FAQ,2026-07-18,4458.27,4828.27,4590.69,360.3,sample,1,2026-10-08T22:44:27.526722
Maharashtra,Nashik,Pimpalgaon,Soyabean,Yellow,FAQ,2026-07-20,4416.87,4764.99,4567.2,223.9,sample,1,2026-10-08T22:44:27.526732
Maharashtra,Nashik,Pimpalgaon,Soyabean,Yellow,FAQ,2026-07-21,4325.51,4675.07,4497.28,497.4,sample,1,2026-10-08T22:44:27.526739
Maharashtra,Nashik,Pimpalgaon,Soyabean,Yellow,FAQ,2026-07-22,4337.33,4679.02,4502.7,103.5,sample,1,2026-10-08T22:44:27.526748
Maharashtra,Nashik,Pimpalgaon,Soyabean,Yellow,FAQ,2026-07-23,4339.56,4742.46,4519.12,67.0,sample,1,2026-10-08T22:44:27.526755
Maharashtra,Nashik,Pimpalgaon,Soyabean,Yellow,FAQ,2026-07-24,4322.6,4728.23,4496.45,290.7,sample,1,2026-10-08T22:44:27.526763
Maharashtra,Nashik,Pimpalgaon,Soyabean,Yellow,FAQ,2026-07-25,4323.37,4691.29,4464.5,53.7,sample,1,2026-10-08T22:44:27.526770
Maharashtra,Nashik,Pimpalgaon,Soyabean,Yellow,FAQ,2026-07-27,4344.87,4603.75,4455.38,391.0,sample,1,2026-10-08T22:44:27.526779
Maharashtra,Nashik,Pimpalgaon,Soyabean,Yellow,FAQ,2026-07-28,4325.9,4738.37,4482.91,452.3,sample,1,2026-10-08T22:44:27.526787
Maharashtra,Nashik,Pimpalgaon,Soyabean,Yellow,FAQ,2026-07-29,4340.88,4728.5,4518.74,392.7,sample,1,2026-10-08T22:44:27.526795
Maharashtra,Nashik,Pimpalgaon,Soyabean,Yellow,FAQ,2026-07-30,4378.42,4743.12,4529.23,349.5,sample,1,2026-10-08T22:44:27.526803
Maharashtra,Nashik,Pimpalgaon,Soyabean,Yellow,FAQ,2026-07-31,4372.07,4645.85,4491.45,110.8,sample,1,2026-10-08T22:44:27.526811
Maharashtra,Nashik,Pimpalgaon,Soyabean,Yellow,FAQ,2026-08-01,4312.49,4736.6,4480.71,394.0,sample,1,2026-10-08T22:44:27.526818
Maharashtra,Nashik,Pimpalgaon,Soyabean,Yellow,FAQ,2026-08-03,4381.66,4723.3,4494.8,464.1,sample,1,2026-10-08T22:44:27.526827
Maharashtra,Nashik,Pimpalgaon,Soyabean,Yellow,FAQ,2026-08-04,4322.14,4713.87,4475.19,181.7,sample,1,2026-10-08T22:44:27.526835
Maharashtra,Nashik,Pimpalgaon,Soyabean,Yellow,FAQ,2026-08-05,4350.98,4625.87,4482.25,370.3,sample,1,2026-10-08T22:44:27.526844
Maharashtra,Nashik,Pimpalgaon,Soyabean,Yellow,FAQ,2026-08-06,4374.57,4755.23,4532.79,345.8,sample,1,2026-10-08T22:44:27.526852
Maharashtra,Nashik,Pimpalgaon,Soyabean,Yellow,FAQ,2026-08-07,4382.57,4811.89,4556.97,179.1,sample,1,2026-10-08T22:44:27.526861
Maharashtra,Nashik,Pimpalgaon,Soyabean,Yellow,FAQ,2026-08-08,4366.12,4772.36,4560.18,48.9,sample,1,2026-10-08T22:44:27.526870
Maharashtra,Nashik,Pimpalgaon,Soyabean,Yellow,FAQ,2026-08-10,4392.31,4742.48,4552.25,52.3,sample,1,2026-10-08T22:44:27.526878
Maharashtra,Nashik,Pimpalgaon,Soyabean,Yellow,FAQ,2026-08-11,4487.09,4787.88,4626.32,323.8,sample,1,2026-10-08T22:44:27.526885
Maharashtra,Nashik,Pimpalgaon,Soyabean,Yellow,FAQ,2026-08-12,4542.03,4818.23,4647.21,319.3,sample,1,2026-10-08T22:44:27.526892
Maharashtra,Nashik,Pimpalgaon,Soyabean,Yellow,FAQ,2026-08-13,4490.25,4869.79,4609.87,146.7,sample,1,2026-10-08T22:44:27.526900
Maharashtra,Nashik,Pimpalgaon,Soyabean,Yellow,FAQ,2026-08-14,4539.54,4903.91,4669.55,413.4,sample,1,2026-10-08T22:44:27.526907
Maharashtra,Nashik,Pimpalgaon,Soyabean,Yellow,FAQ,2026-08-15,4467.87,4869.57,4635.63,359.1,sample,1,2026-10-08T22:44:27.526914
Maharashtra,Nashik,Pimpalgaon,Soyabean,Yellow,FAQ,2026-08-17,4474.55,4798.17,4644.77,256.9,sample,1,2026-10-08T22:44:27.526922
Maharashtra,Nashik,Pimpalgaon,Soyabean,Yellow,FAQ,2026-08-18,4449.89,4772.96,4632.29,331.6,sample,1,2026-10-08T22:44:27.526930
Maharashtra,Nashik,Pimpalgaon,Soyabean,Yellow,FAQ,2026-08-19,4540.2,4818.83,4665.16,446.2,sample,1,2026-10-08T22:44:27.526937
Maharashtra,Nashik,Pimpalgaon,Soyabean,Yellow,FAQ,2026-08-20,4504.32,4900.45,4656.81,389.0,sample,1,2026-10-08T22:44:27.526946
Maharashtra,Nashik,Pimpalgaon,Soyabean,Yellow,FAQ,2026-08-21,4510.83,4844.68,4674.37,395.3,sample,1,2026-10-08T22:44:27.526955
Maharashtra,Nashik,Pimpalgaon,Soyabean,Yellow,FAQ,2026-08-22,4477.9,4884.77,4665.79,454.6,sample,1,2026-10-08T22:44:27.526962
Maharashtra,Nashik,Pimpalgaon,Soyabean,Yellow,FAQ,2026-08-24,4551.34,4909.21,4656.47,396.4,sample,1,2026-10-08T22:44:27.526971
Maharashtra,Nashik,Pimpalgaon,Soyabean,Yellow,FAQ,2026-08-25,4527.78,4789.61,4643.08,315.6,sample,1,2026-10-08T22:44:27.526978
Maharashtra,Nashik,Pimpalgaon,Soyabean,Yellow,FAQ,2026-08-26,4567.52,4921.93,4676.35,133.7,sample,1,2026-10-08T22:44:27.526985
Maharashtra,Nashik,Pimpalgaon,Soyabean,Yellow,FAQ,2026-08-27,4572.26,4928.18,4723.45,278.1,sample,1,2026-10-08T22:44:27.526993
Maharashtra,Nashik,Pimpalgaon,Soyabean,Yellow,FAQ,2026-08-28,4692.13,4962.15,4803.03,109.1,sample,1,2026-10-08T22:44:27.527000
Maharashtra,Nashik,Pimpalgaon,Soyabean,Yellow,FAQ,2026-08-29,4616.2,4989.6,4736.1,293.1,sample,1,2026-10-08T22:44:27.527007
Maharashtra,Nashik,Pimpalgaon,Soyabean,Yellow,FAQ,2026-08-31,4513.45,4934.5,4693.41,190.1,sample,1,2026-10-08T22:44:27.527016
Maharashtra,Nashik,Pimpalgaon,Soyabean,Yellow,FAQ,2026-09-01,4446.71,4856.16,4636.9,48.9,sample,1,2026-10-08T22:44:27.527024
Maharashtra,Nashik,Pimpalgaon,Soyabean,Yellow,FAQ,2026-09-02,4510.54,4848.36,4667.69,299.9,sample,1,2026-10-08T22:44:27.527032
Maharashtra,Nashik,Pimpalgaon,Soyabean,Yellow,FAQ,2026-09-03,4543.61,4902.38,4706.35,166.8,sample,1,2026-10-08T22:44:27.527039
Maharashtra,Nashik,Pimpalgaon,Soyabean,Yellow,FAQ,2026-09-04,4606.33,4960.48,4749.4,91.7,sample,1,2026-10-08T22:44:27.527047
Maharashtra,Nashik,Pimpalgaon,Soyabean,Yellow,FAQ,2026-09-05,4609.64,5015.95,4768.63,434.9,sample,1,2026-10-08T22:44:27.527054
Maharashtra,Nashik,Pimpalgaon,Soyabean,Yellow,FAQ,2026-09-07,4645.34,4927.48,4785.61,55.2,sample,1,2026-10-08T22:44:27.527062
Maharashtra,Nashik,Pimpalgaon,Soyabean,Yellow,FAQ,2026-09-08,4703.15,4962.17,4820.16,327.5,sample,1,2026-10-08T22:44:27.527070
Maharashtra,Nashik,Pimpalgaon,Soyabean,Yellow,FAQ,2026-09-09,4581.05,5017.76,4758.45,233.8,sample,1,2026-10-08T22:44:27.527077
Maharashtra,Nashik,Pimpalgaon,Soyabean,Yellow,FAQ,2026-09-10,4604.41,5015.82,4769.94,169.1,sample,1,2026-10-08T22:44:27.527084
Maharashtra,Nashik,Pimpalgaon,Soyabean,Yellow,FAQ,2026-09-11,4640.36,4997.81,4779.69,335.3,sample,1,2026-10-08T22:44:27.527094
Maharashtra,Nashik,Pimpalgaon,Soyabean,Yellow,FAQ,2026-09-12,4710.33,5048.02,4845.39,417.8,sample,1,2026-10-08T22:44:27.527102
Maharashtra,Nashik,Pimpalgaon,Soyabean,Yellow,FAQ,2026-09-14,4711.72,5061.09,4832.8,175.8,sample,1,2026-10-08T22:44:27.527110
Maharashtra,Nashik,Pimpalgaon,Soyabean,Yellow,FAQ,2026-09-15,4661.01,5044.51,4825.58,177.2,sample,1,2026-10-08T22:44:27.527118
Maharashtra,Nashik,Pimpalgaon,Soyabean,Yellow,FAQ,2026-09-16,4655.37,4939.3,4797.07,81.4,sample,1,2026-10-08T22:44:27.527125
Maharashtra,Nashik,Pimpalgaon,Soyabean,Yellow,FAQ,2026-09-17,4570.5,5013.66,4758.84,250.9,sample,1,2026-10-08T22:44:27.527133
Maharashtra,Nashik,Pimpalgaon,Soyabean,Yellow,FAQ,2026-09-18,4568.26,4963.5,4755.11,226.3,sample,1,2026-10-08T22:44:27.527142
Maharashtra,Nashik,Pimpalgaon,Soyabean,Yellow,FAQ,2026-09-19,4598.29,5001.27,4776.76,155.0,sample,1,2026-10-08T22:44:27.527150
Maharashtra,Nashik,Pimpalgaon,Soyabean,Yellow,FAQ,2026-09-21,4618.48,4973.74,4723.55,175.1,sample,1,2026-10-08T22:44:27.527158
Maharashtra,Nashik,Pimpalgaon,Soyabean,Yellow,FAQ,2026-09-22,4629.92,4924.66,4768.71,391.8,sample,1,2026-10-08T22:44:27.527166
Maharashtra,Nashik,Pimpalgaon,Soyabean,Yellow,FAQ,2026-09-23,4623.0,4983.75,4759.94,235.5,sample,1,2026-10-08T22:44:27.527173
Maharashtra,Nashik,Pimpalgaon,Soyabean,Yellow,FAQ,2026-09-24,4594.94,4894.55,4745.05,285.1,sample,1,2026-10-08T22:44:27.527182
Maharashtra,Nashik,Pimpalgaon,Soyabean,Yellow,FAQ,2026-09-25,4516.5,4927.81,4706.25,486.6,sample,1,2026-10-08T22:44:27.527190
Maharashtra,Nashik,Pimpalgaon,Soyabean,Yellow,FAQ,2026-09-26,4535.48,4958.36,4719.11,165.1,sample,1,2026-10-08T22:44:27.527199
Maharashtra,Nashik,Pimpalgaon,Soyabean,Yellow,FAQ,2026-09-28,4633.18,4933.67,4751.4,369.8,sample,1,2026-10-08T22:44:27.527207
Maharashtra,Nashik,Pimpalgaon,Soyabean,Yellow,FAQ,2026-09-29,4568.85,4914.32,4714.51,278.2,sample,1,2026-10-08T22:44:27.527214
Maharashtra,Nashik,Pimpalgaon,Soyabean,Yellow,FAQ,2026-09-30,4560.34,4962.23,4702.34,481.9,sample,1,2026-10-08T22:44:27.527222
Maharashtra,Nashik,Pimpalgaon,Soyabean,Yellow,FAQ,2026-10-01,4637.72,4908.1,4763.49,225.5,sample,1,2026-10-08T22:44:27.527229
Maharashtra,Nashik,Pimpalgaon,Soyabean,Yellow,FAQ,2026-10-02,4499.67,4880.91,4691.98,309.2,sample,1,2026-10-08T22:44:27.527237
Maharashtra,Nashik,Pimpalgaon,Soyabean,Yellow,FAQ,2026-10-03,4590.42,4916.84,4707.06,300.8,sample,1,2026-10-08T22:44:27.527244
Maharashtra,Nashik,Pimpalgaon,Soyabean,Yellow,FAQ,2026-10-05,4433.19,4866.67,4618.06,102.0,sample,1,2026-10-08T22:44:27.527253
Maharashtra,Nashik,Pimpalgaon,Soyabean,Yellow,FAQ,2026-10-06,4520.12,4800.45,4629.66,318.2,sample,1,2026-10-08T22:44:27.527262
Maharashtra,Nashik,Pimpalgaon,Soyabean,Yellow,FAQ,2026-10-07,4471.95,4828.31,4613.92,45.1,sample,1,2026-10-08T22:44:27.527269
Maharashtra,Nashik,Pimpalgaon,Soyabean,Yellow,FAQ,2026-10-08,4490.4,4781.65,4632.93,248.7,sample,1,2026-10-08T22:44:27.527277
Maharashtra,Nashik,Pimpalgaon,Wheat,Lokwan,FAQ,2026-07-10,2613.32,2932.45,2710.06,213.4,sample,1,2026-10-08T22:44:27.527285
Maharashtra,Nashik,Pimpalgaon,Wheat,Lokwan,FAQ,2026-07-11,2539.8,2918.88,2694.74,476.1,sample,1,2026-10-08T22:44:27.527293
Maharashtra,Nashik,Pimpalgaon,Wheat,Lokwan,FAQ,2026-07-13,2536.17,2877.19,2686.04,477.6,sample,1,2026-10-08T22:44:27.527301
Maharashtra,Nashik,Pimpalgaon,Wheat,Lokwan,FAQ,2026-07-14,2550.18,2822.91,2673.65,385.7,sample,1,2026-10-08T22:44:27.527349
Maharashtra,Nashik,Pimpalgaon,Wheat,Lokwan,FAQ,2026-07-15,2556.41,2850.79,2669.2,366.7,sample,1,2026-10-08T22:44:27.527356
Maharashtra,Nashik,Pimpalgaon,Wheat,Lokwan,FAQ,2026-07-16,2503.45,2766.15,2619.92,461.5,sample,1,2026-10-08T22:44:27.527364
Maharashtra,Nashik,Pimpalgaon,Wheat,Lokwan,FAQ,2026-07-17,2501.78,2786.29,2603.57,62.5,sample,1,2026-10-08T22:44:27.527371
Maharashtra,Nashik,Pimpalgaon,Wheat,Lokwan,FAQ,2026-07-18,2463.72,2829.15,2615.94,451.8,sample,1,2026-10-08T22:44:27.527380
Maharashtra,Nashik,Pimpalgaon,Wheat,Lokwan,FAQ,2026-07-20,2525.06,2806.48,2623.47,127.2,sample,1,2026-10-08T22:44:27.527389
Maharashtra,Nashik,Pimpalgaon,Wheat,Lokwan,FAQ,2026-07-21,2476.92,2751.1,2615.96,495.9,sample,1,2026-10-08T22:44:27.527396
Maharashtra,Nashik,Pimpalgaon,Wheat,Lokwan,FAQ,2026-07-22,2465.6,2771.45,2614.17,62.8,sample,1,2026-10-08T22:44:27.527404
Maharashtra,Nashik,Pimpalgaon,Wheat,Lokwan,FAQ,2026-07-23,2466.49,2822.4,2620.97,467.8,sample,1,2026-10-08T22:44:27.527411
Maharashtra,Nashik,Pimpalgaon,Wheat,Lokwan,FAQ,2026-07-24,2507.06,2778.11,2644.84,404.5,sample,1,2026-10-08T22:44:27.527419
Maharashtra,Nashik,Pimpalgaon,Wheat,Lokwan,FAQ,2026-07-25,2536.83,2871.62,2674.2,432.3,sample,1,2026-10-08T22:44:27.527426
Maharashtra,Nashik,Pimpalgaon,Wheat,Lokwan,FAQ,2026-07-27,2577.75,2851.87,2702.36,94.4,sample,1,2026-10-08T22:44:27.527434
Maharashtra,Nashik,Pimpalgaon,Wheat,Lokwan,FAQ,2026-07-28,2573.13,2885.47,2671.83,268.0,sample,1,2026-10-08T22:44:27.527442
Maharashtra,Nashik,Pimpalgaon,Wheat,Lokwan,FAQ,2026-07-29,2569.56,2833.0,2692.7,312.1,sample,1,2026-10-08T22:44:27.527449
Maharashtra,Nashik,Pimpalgaon,Wheat,Lokwan,FAQ,2026-07-30,2598.21,2916.7,2721.1,423.1,sample,1,2026-10-08T22:44:27.527457
Maharashtra,Nashik,Pimpalgaon,Wheat,Lokwan,FAQ,2026-07-31,2567.47,2935.56,2708.06,102.3,sample,1,2026-10-08T22:44:27.527465
Maharashtra,Nashik,Pimpalgaon,Wheat,Lokwan,FAQ,2026-08-01,2567.08,2878.09,2716.5,486.0,sample,1,2026-10-08T22:44:27.527472
Maharashtra,Nashik,Pimpalgaon,Wheat,Lokwan,FAQ,2026-08-03,2612.51,2872.04,2709.66,146.8,sample,1,2026-10-08T22:44:27.527481
Maharashtra,Nashik,Pimpalgaon,Wheat,Lokwan,FAQ,2026-08-04,2576.31,2879.69,2701.37,236.2,sample,1,2026-10-08T22:44:27.527488
Maharashtra,Nashik,Pimpalgaon,Wheat,Lokwan,FAQ,2026-08-05,2536.67,2819.67,2665.48,456.6,sample,1,2026-10-08T22:44:27.527499
Maharashtra,Nashik,Pimpalgaon,Wheat,Lokwan,FAQ,2026-08-06,2525.05,2862.76,2637.9,301.5,sample,1,2026-10-08T22:44:27.527506
Maharashtra,Nashik,Pimpalgaon,Wheat,Lokwan,FAQ,2026-08-07,2532.51,2914.57,2682.84,55.6,sample,1,2026-10-08T22:44:27.527514
Maharashtra,Nashik,Pimpalgaon,Wheat,Lokwan,FAQ,2026-08-08,2521.28,2842.36,2676.4,285.6,sample,1,2026-10-08T22:44:27.527521
Maharashtra,Nashik,Pimpalgaon,Wheat,Lokwan,FAQ,2026-08-10,2552.8,2836.81,2684.24,470.2,sample,1,2026-10-08T22:44:27.527529
Maharashtra,Nashik,Pimpalgaon,Wheat,Lokwan,FAQ,2026-08-11,2560.48,2846.9,2676.78,86.2,sample,1,2026-10-08T22:44:27.527540
Maharashtra,Nashik,Pimpalgaon,Wheat,Lokwan,FAQ,2026-08-12,2490.39,2787.34,2644.82,391.7,sample,1,2026-10-08T22:44:27.527548
Maharashtra,Nashik,Pimpalgaon,Wheat,Lokwan,FAQ,2026-08-13,2491.33,2836.57,2641.24,394.8,sample,1,2026-10-08T22:44:27.527555
Maharashtra,Nashik,Pimpalgaon,Wheat,Lokwan,FAQ,2026-08-14,2543.03,2872.33,2644.88,265.7,sample,1,2026-10-08T22:44:27.527563
Maharashtra,Nashik,Pimpalgaon,Wheat,Lokwan,FAQ,2026-08-15,2551.6,2787.92,2644.28,143.7,sample,1,2026-10-08T22:44:27.527570
Maharashtra,Nashik,Pimpalgaon,Wheat,Lokwan,FAQ,2026-08-17,2529.27,2820.92,2660.82,226.2,sample,1,2026-10-08T22:44:27.527579
Maharashtra,Nashik,Pimpalgaon,Wheat,Lokwan,FAQ,2026-08-18,2584.09,2848.6,2669.01,268.1,sample,1,2026-10-08T22:44:27.527589
Maharashtra,Nashik,Pimpalgaon,Wheat,Lokwan,FAQ,2026-08-19,2508.13,2827.21,2663.45,143.8,sample,1,2026-10-08T22:44:27.527597
Maharashtra,Nashik,Pimpalgaon,Wheat,Lokwan,FAQ,2026-08-20,2566.47,2844.83,2656.67,345.1,sample,1,2026-10-08T22:44:27.527603
Maharashtra,Nashik,Pimpalgaon,Wheat,Lokwan,FAQ,2026-08-21,2563.58,2864.77,2671.59,424.5,sample,1,2026-10-08T22:44:27.527611
Maharashtra,Nashik,Pimpalgaon,Wheat,Lokwan,FAQ,2026-08-22,2542.0,2802.7,2669.03,131.2,sample,1,2026-10-08T22:44:27.527619
Maharashtra,Nashik,Pimpalgaon,Wheat,Lokwan,FAQ,2026-08-24,2565.6,2810.71,2652.5,124.6,sample,1,2026-10-08T22:44:27.527627
Maharashtra,Nashik,Pimpalgaon,Wheat,Lokwan,FAQ,2026-08-25,2550.41,2889.17,2655.57,166.5,sample,1,2026-10-08T22:44:27.527634
Maharashtra,Nashik,Pimpalgaon,Wheat,Lokwan,FAQ,2026-08-26,2542.83,2782.1,2626.84,238.4,sample,1,2026-10-08T22:44:27.527644
Maharashtra,Nashik,Pimpalgaon,Wheat,Lokwan,FAQ,2026-08-27,2523.57,2869.08,2639.53,231.4,sample,1,2026-10-08T22:44:27.527651
Maharashtra,Nashik,Pimpalgaon,Wheat,Lokwan,FAQ,2026-08-28,2498.88,2879.58,2653.9,447.0,sample,1,2026-10-08T22:44:27.527658
Maharashtra,Nashik,Pimpalgaon,Wheat,Lokwan,FAQ,2026-08-29,2534.32,2844.94,2668.13,187.8,sample,1,2026-10-08T22:44:27.527665
Maharashtra,Nashik,Pimpalgaon,Wheat,Lokwan,FAQ,2026-08-31,2533.97,2868.62,2674.59,489.6,sample,1,2026-10-08T22:44:27.527673
Maharashtra,Nashik,Pimpalgaon,Wheat,Lokwan,FAQ,2026-09-01,2507.6,2859.3,2641.14,488.5,sample,1,2026-10-08T22:44:27.527680
Maharashtra,Nashik,Pimpalgaon,Wheat,Lokwan,FAQ,2026-09-02,2522.45,2819.62,2675.64,287.6,sample,1,2026-10-08T22:44:27.527687
Maharashtra,Nashik,Pimpalgaon,Wheat,Lokwan,FAQ,2026-09-03,2587.48,2851.41,2696.47,216.4,sample,1,2026-10-08T22:44:27.527696
Maharashtra,Nashik,Pimpalgaon,Wheat,Lokwan,FAQ,2026-09-04,2559.81,2888.71,2702.41,202.8,sample,1,2026-10-08T22:44:27.527703
Maharashtra,Nashik,Pimpalgaon,Wheat,Lokwan,FAQ,2026-09-05,2615.97,2863.47,2700.07,381.3,sample,1,2026-10-08T22:44:27.527710
Maharashtra,Nashik,Pimpalgaon,Wheat,Lokwan,FAQ,2026-09-07,2585.96,2909.27,2693.07,159.9,sample,1,2026-10-08T22:44:27.527718
Maharashtra,Nashik,Pimpalgaon,Wheat,Lokwan,FAQ,2026-09-08,2511.69,2840.28,2647.41,347.8,sample,1,2026-10-08T22:44:27.527725
Maharashtra,Nashik,Pimpalgaon,Wheat,Lokwan,FAQ,2026-09-09,2498.93,2780.36,2649.3,266.3,sample,1,2026-10-08T22:44:27.527733
Maharashtra,Nashik,Pimpalgaon,Wheat,Lokwan,FAQ,2026-09-10,2569.84,2819.34,2687.88,45.2,sample,1,2026-10-08T22:44:27.527740
Maharashtra,Nashik,Pimpalgaon,Wheat,Lokwan,FAQ,2026-09-11,2603.81,2848.36,2688.72,450.7,sample,1,2026-10-08T22:44:27.527748
Maharashtra,Nashik,Pimpalgaon,Wheat,Lokwan,FAQ,2026-09-12,2642.8,2891.08,2735.24,48.5,sample,1,2026-10-08T22:44:27.527755
Maharashtra,Nashik,Pimpalgaon,Wheat,Lokwan,FAQ,2026-09-14,2594.09,2919.82,2734.86,122.0,sample,1,2026-10-08T22:44:27.527764
Maharashtra,Nashik,Pimpalgaon,Wheat,Lokwan,FAQ,2026-09-15,2556.25,2826.77,2698.16,136.1,sample,1,2026-10-08T22:44:27.527772
Maharashtra,Nashik,Pimpalgaon,Wheat,Lokwan,FAQ,2026-09-16,2526.34,2871.33,2665.58,58.4,sample,1,2026-10-08T22:44:27.527779
Maharashtra,Nashik,Pimpalgaon,Wheat,Lokwan,FAQ,2026-09-17,2574.09,2919.94,2695.08,290.2,sample,1,2026-10-08T22:44:27.527786
Maharashtra,Nashik,Pimpalgaon,Wheat,Lokwan,FAQ,2026-09-18,2515.97,2846.09,2645.21,49.7,sample,1,2026-10-08T22:44:27.527793
Maharashtra,Nashik,Pimpalgaon,Wheat,Lokwan,FAQ,2026-09-19,2566.92,2867.32,2682.95,109.7,sample,1,2026-10-08T22:44:27.527801
Maharashtra,Nashik,Pimpalgaon,Wheat,Lokwan,FAQ,2026-09-21,2559.57,2898.75,2667.9,215.8,sample,1,2026-10-08T22:44:27.527809
Maharashtra,Nashik,Pimpalgaon,Wheat,Lokwan,FAQ,2026-09-22,2565.48,2901.91,2699.31,135.1,sample,1,2026-10-08T22:44:27.527815
Maharashtra,Nashik,Pimpalgaon,Wheat,Lokwan,FAQ,2026-09-23,2567.71,2843.88,2703.61,65.5,sample,1,2026-10-08T22:44:27.527823
Maharashtra,Nashik,Pimpalgaon,Wheat,Lokwan,FAQ,2026-09-24,2622.36,2952.46,2720.03,178.0,sample,1,2026-10-08T22:44:27.527830
Maharashtra,Nashik,Pimpalgaon,Wheat,Lokwan,FAQ,2026-09-25,2614.89,2867.18,2735.41,393.6,sample,1,2026-10-08T22:44:27.527837
Maharashtra,Nashik,Pimpalgaon,Wheat,Lokwan,FAQ,2026-09-26,2593.62,2839.32,2708.72,371.1,sample,1,2026-10-08T22:44:27.527845
Maharashtra,Nashik,Pimpalgaon,Wheat,Lokwan,FAQ,2026-09-28,2530.85,2875.04,2684.61,58.9,sample,1,2026-10-08T22:44:27.527854
Maharashtra,Nashik,Pimpalgaon,Wheat,Lokwan,FAQ,2026-09-29,2533.84,2805.45,2666.76,361.7,sample,1,2026-10-08T22:44:27.527861
Maharashtra,Nashik,Pimpalgaon,Wheat,Lokwan,FAQ,2026-09-30,2564.13,2901.29,2707.34,490.4,sample,1,2026-10-08T22:44:27.527868
Maharashtra,Nashik,Pimpalgaon,Wheat,Lokwan,FAQ,2026-10-01,2585.92,2866.77,2732.25,131.9,sample,1,2026-10-08T22:44:27.527875
Maharashtra,Nashik,Pimpalgaon,Wheat,Lokwan,FAQ,2026-10-02,2626.23,2875.13,2738.3,194.2,sample,1,2026-10-08T22:44:27.527884
Maharashtra,Nashik,Pimpalgaon,Wheat,Lokwan,FAQ,2026-10-03,2620.53,2886.94,2724.38,61.6,sample,1,2026-10-08T22:44:27.527891
Maharashtra,Nashik,Pimpalgaon,Wheat,Lokwan,FAQ,2026-10-05,2637.85,2874.16,2735.28,313.2,sample,1,2026-10-08T22:44:27.527899
Maharashtra,Nashik,Pimpalgaon,Wheat,Lokwan,FAQ,2026-10-06,2641.04,2911.97,2754.08,249.2,sample,1,2026-10-08T22:44:27.527906
Maharashtra,Nashik,Pimpalgaon,Wheat,Lokwan,FAQ,2026-10-07,2625.8,2880.23,2720.37,316.3,sample,1,2026-10-08T22:44:27.527914
Maharashtra,Nashik,Pimpalgaon,Wheat,Lokwan,FAQ,2026-10-08,2532.61,2777.24,2650.48,259.6,sample,1,2026-10-08T22:44:27.527922
Maharashtra,Nashik,Pimpalgaon Baswant,Tomato,Hybrid,FAQ,2026-07-10,1552.69,2169.68,1772.13,480.9,sample,1,2026-10-08T22:44:27.527934
Maharashtra,Nashik,Pimpalgaon Baswant,Tomato,Hybrid,FAQ,2026-07-11,1714.32,2254.51,1897.83,450.2,sample,1,2026-10-08T22:44:27.527941
Maharashtra,Nashik,Pimpalgaon Baswant,Tomato,Hybrid,FAQ,2026-07-13,1608.46,2179.55,1917.77,385.3,sample,1,2026-10-08T22:44:27.527949
Maharashtra,Nashik,Pimpalgaon Baswant,Tomato,Hybrid,FAQ,2026-07-14,1515.63,2135.66,1734.02,418.5,sample,1,2026-10-08T22:44:27.527956
Maharashtra,Nashik,Pimpalgaon Baswant,Tomato,Hybrid,FAQ,2026-07-15,1359.13,1954.08,1620.62,404.6,sample,1,2026-10-08T22:44:27.527963
Maharashtra,Nashik,Pimpalgaon Baswant,Tomato,Hybrid,FAQ,2026-07-16,1276.76,2026.89,1572.35,100.8,sample,1,2026-10-08T22:44:27.527971
Maharashtra,Nashik,Pimpalgaon Baswant,Tomato,Hybrid,FAQ,2026-07-17,1252.27,1898.75,1532.74,464.5,sample,1,2026-10-08T22:44:27.527979
Maharashtra,Nashik,Pimpalgaon Baswant,Tomato,Hybrid,FAQ,2026-07-18,1349.3,2028.81,1578.8,103.4,sample,1,2026-10-08T22:44:27.527986
Maharashtra,Nashik,Pimpalgaon Baswant,Tomato,Hybrid,FAQ,2026-07-20,1271.05,1763.48,1491.23,263.6,sample,1,2026-10-08T22:44:27.527995
Maharashtra,Nashik,Pimpalgaon Baswant,Tomato,Hybrid,FAQ,2026-07-21,1335.05,1932.55,1593.38,139.4,sample,1,2026-10-08T22:44:27.528006
Maharashtra,Nashik,Pimpalgaon Baswant,Tomato,Hybrid,FAQ,2026-07-22,1316.74,1956.99,1541.34,221.0,sample,1,2026-10-08T22:44:27.528014
Maharashtra,Nashik,Pimpalgaon Baswant,Tomato,Hybrid,FAQ,2026-07-23,1424.87,1934.22,1606.1,239.6,sample,1,2026-10-08T22:44:27.528022
Maharashtra,Nashik,Pimpalgaon Baswant,Tomato,Hybrid,FAQ,2026-07-24,1354.63,2070.56,1639.27,80.4,sample,1,2026-10-08T22:44:27.528029
Maharashtra,Nashik,Pimpalgaon Baswant,Tomato,Hybrid,FAQ,2026-07-25,1378.08,1948.93,1648.07,43.7,sample,1,2026-10-08T22:44:27.528036
Maharashtra,Nashik,Pimpalgaon Baswant,Tomato,Hybrid,FAQ,2026-07-27,1312.27,1984.4,1616.21,312.5,sample,1,2026-10-08T22:44:27.528044
Maharashtra,Nashik,Pimpalgaon Baswant,Tomato,Hybrid,FAQ,2026-07-28,1290.31,1870.91,1613.58,380.8,sample,1,2026-10-08T22:44:27.528051
Maharashtra,Nashik,Pimpalgaon Baswant,Tomato,Hybrid,FAQ,2026-07-29,1398.57,1966.61,1593.86,195.9,sample,1,2026-10-08T22:44:27.528059
Maharashtra,Nashik,Pimpalgaon Baswant,Tomato,Hybrid,FAQ,2026-07-30,1291.28,1975.71,1569.56,251.6,sample,1,2026-10-08T22:44:27.528067
Maharashtra,Nashik,Pimpalgaon Baswant,Tomato,Hybrid,FAQ,2026-07-31,1254.06,1812.25,1518.68,91.6,sample,1,2026-10-08T22:44:27.528074
Maharashtra,Nashik,Pimpalgaon Baswant,Tomato,Hybrid,FAQ,2026-08-01,1324.93,1881.52,1597.32,220.5,sample,1,2026-10-08T22:44:27.528082
Maharashtra,Nashik,Pimpalgaon Baswant,Tomato,Hybrid,FAQ,2026-08-03,1488.33,2000.83,1727.89,484.8,sample,1,2026-10-08T22:44:27.528090
Maharashtra,Nashik,Pimpalgaon Baswant,Tomato,Hybrid,FAQ,2026-08-04,1542.58,2185.99,1769.9,266.8,sample,1,2026-10-08T22:44:27.528096
Maharashtra,Nashik,Pimpalgaon Baswant,Tomato,Hybrid,FAQ,2026-08-05,1454.42,2202.23,1751.12,311.6,sample,1,2026-10-08T22:44:27.528104
Maharashtra,Nashik,Pimpalgaon Baswant,Tomato,Hybrid,FAQ,2026-08-06,1625.16,2132.71,1820.72,383.7,sample,1,2026-10-08T22:44:27.528110
Maharashtra,Nashik,Pimpalgaon Baswant,Tomato,Hybrid,FAQ,2026-08-07,1664.65,2196.62,1882.45,276.3,sample,1,2026-10-08T22:44:27.528117
Maharashtra,Nashik,Pimpalgaon Baswant,Tomato,Hybrid,FAQ,2026-08-08,1669.05,2111.12,1862.7,298.1,sample,1,2026-10-08T22:44:27.528124
Maharashtra,Nashik,Pimpalgaon Baswant,Tomato,Hybrid,FAQ,2026-08-10,1610.64,2156.4,1837.82,137.2,sample,1,2026-10-08T22:44:27.528133
Maharashtra,Nashik,Pimpalgaon Baswant,Tomato,Hybrid,FAQ,2026-08-11,1422.0,2152.46,1729.95,390.6,sample,1,2026-10-08T22:44:27.528140
Maharashtra,Nashik,Pimpalgaon Baswant,Tomato,Hybrid,FAQ,2026-08-12,1362.4,2037.83,1667.44,355.5,sample,1,2026-10-08T22:44:27.528147
Maharashtra,Nashik,Pimpalgaon Baswant,Tomato,Hybrid,FAQ,2026-08-13,1524.93,2070.94,1722.34,267.7,sample,1,2026-10-08T22:44:27.528155
Maharashtra,Nashik,Pimpalgaon Baswant,Tomato,Hybrid,FAQ,2026-08-14,1516.46,2141.87,1693.27,227.9,sample,1,2026-10-08T22:44:27.528163
Maharashtra,Nashik,Pimpalgaon Baswant,Tomato,Hybrid,FAQ,2026-08-15,1476.6,2194.7,1773.23,182.4,sample,1,2026-10-08T22:44:27.528170
Maharashtra,Nashik,Pimpalgaon Baswant,Tomato,Hybrid,FAQ,2026-08-17,1477.44,2123.27,1696.89,111.0,sample,1,2026-10-08T22:44:27.528177
Maharashtra,Nashik,Pimpalgaon Baswant,Tomato,Hybrid,FAQ,2026-08-18,1503.82,2180.58,1742.06,47.4,sample,1,2026-10-08T22:44:27.528184
Maharashtra,Nashik,Pimpalgaon Baswant,Tomato,Hybrid,FAQ,2026-08-19,1607.15,2142.41,1791.58,52.5,sample,1,2026-10-08T22:44:27.528191
Maharashtra,Nashik,Pimpalgaon Baswant,Tomato,Hybrid,FAQ,2026-08-20,1695.85,2213.82,1927.02,42.0,sample,1,2026-10-08T22:44:27.528198
Maharashtra,Nashik,Pimpalgaon Baswant,Tomato,Hybrid,FAQ,2026-08-21,1537.42,2071.57,1807.64,268.6,sample,1,2026-10-08T22:44:27.528205
Maharashtra,Nashik,Pimpalgaon Baswant,Tomato,Hybrid,FAQ,2026-08-22,1661.24,2184.2,1850.32,199.6,sample,1,2026-10-08T22:44:27.528212
Maharashtra,Nashik,Pimpalgaon Baswant,Tomato,Hybrid,FAQ,2026-08-24,1626.38,2119.41,1820.72,74.5,sample,1,2026-10-08T22:44:27.528220
Maharashtra,Nashik,Pimpalgaon Baswant,Tomato,Hybrid,FAQ,2026-08-25,1617.91,2143.24,1829.7,243.5,sample,1,2026-10-08T22:44:27.528237
Maharashtra,Nashik,Pimpalgaon Baswant,Tomato,Hybrid,FAQ,2026-08-26,1495.31,2214.3,1815.6,208.1,sample,1,2026-10-08T22:44:27.528245
Maharashtra,Nashik,Pimpalgaon Baswant,Tomato,Hybrid,FAQ,2026-08-27,1749.99,2355.0,1939.55,359.4,sample,1,2026-10-08T22:44:27.528252
Maharashtra,Nashik,Pimpalgaon Baswant,Tomato,Hybrid,FAQ,2026-08-28,1838.45,2418.37,2021.61,96.6,sample,1,2026-10-08T22:44:27.528259
Maharashtra,Nashik,Pimpalgaon Baswant,Tomato,Hybrid,FAQ,2026-08-29,1687.95,2264.78,2002.99,335.8,sample,1,2026-10-08T22:44:27.528266
Maharashtra,Nashik,Pimpalgaon Baswant,Tomato,Hybrid,FAQ,2026-08-31,1654.18,2336.39,1888.86,470.9,sample,1,2026-10-08T22:44:27.528274
Maharashtra,Nashik,Pimpalgaon Baswant,Tomato,Hybrid,FAQ,2026-09-01,1565.58,2197.69,1867.72,138.8,sample,1,2026-10-08T22:44:27.528280
Maharashtra,Nashik,Pimpalgaon Baswant,Tomato,Hybrid,FAQ,2026-09-02,1525.5,2069.47,1783.56,188.2,sample,1,2026-10-08T22:44:27.528288
Maharashtra,Nashik,Pimpalgaon Baswant,Tomato,Hybrid,FAQ,2026-09-03,1663.6,2230.1,1929.69,348.5,sample,1,2026-10-08T22:44:27.528294
Maharashtra,Nashik,Pimpalgaon Baswant,Tomato,Hybrid,FAQ,2026-09-04,1649.16,2214.4,1825.2,62.6,sample,1,2026-10-08T22:44:27.528301
Maharashtra,Nashik,Pimpalgaon Baswant,Tomato,Hybrid,FAQ,2026-09-05,1645.61,2144.48,1848.47,383.2,sample,1,2026-10-08T22:44:27.528309
Maharashtra,Nashik,Pimpalgaon Baswant,Tomato,Hybrid,FAQ,2026-09-07,1471.04,2114.53,1755.7,152.4,sample,1,2026-10-08T22:44:27.528317
Maharashtra,Nashik,Pimpalgaon Baswant,Tomato,Hybrid,FAQ,2026-09-08,1593.86,2149.66,1769.76,299.3,sample,1,2026-10-08T22:44:27.528324
Maharashtra,Nashik,Pimpalgaon Baswant,Tomato,Hybrid,FAQ,2026-09-09,1586.91,2122.58,1826.78,127.2,sample,1,2026-10-08T22:44:27.528331
Maharashtra,Nashik,Pimpalgaon Baswant,Tomato,Hybrid,FAQ,2026-09-10,1620.62,2308.17,1918.23,317.7,sample,1,2026-10-08T22:44:27.528338
Maharashtra,Nashik,Pimpalgaon Baswant,Tomato,Hybrid,FAQ,2026-09-11,1577.53,2136.28,1772.52,435.9,sample,1,2026-10-08T22:44:27.528345
Maharashtra,Nashik,Pimpalgaon Baswant,Tomato,Hybrid,FAQ,2026-09-12,1573.47,2045.21,1791.83,439.5,sample,1,2026-10-08T22:44:27.528351
Maharashtra,Nashik,Pimpalgaon Baswant,Tomato,Hybrid,FAQ,2026-09-14,1564.43,2270.14,1853.89,470.0,sample,1,2026-10-08T22:44:27.528360
Maharashtra,Nashik,Pimpalgaon Baswant,Tomato,Hybrid,FAQ,2026-09-15,1507.95,2158.96,1817.32,324.0,sample,1,2026-10-08T22:44:27.528367
Maharashtra,Nashik,Pimpalgaon Baswant,Tomato,Hybrid,FAQ,2026-09-16,1573.37,2117.58,1773.17,148.9,sample,1,2026-10-08T22:44:27.528376
Maharashtra,Nashik,Pimpalgaon Baswant,Tomato,Hybrid,FAQ,2026-09-17,1430.47,2023.92,1745.43,371.6,sample,1,2026-10-08T22:44:27.528384
Maharashtra,Nashik,Pimpalgaon Baswant,Tomato,Hybrid,FAQ,2026-09-18,1643.83,2120.88,1825.84,123.9,sample,1,2026-10-08T22:44:27.528391
Maharashtra,Nashik,Pimpalgaon Baswant,Tomato,Hybrid,FAQ,2026-09-19,1476.81,2035.88,1738.09,496.1,sample,1,2026-10-08T22:44:27.528398
Maharashtra,Nashik,Pimpalgaon Baswant,Tomato,Hybrid,FAQ,2026-09-21,1633.12,2254.97,1842.31,277.5,sample,1,2026-10-08T22:44:27.528406
Maharashtra,Nashik,Pimpalgaon Baswant,Tomato,Hybrid,FAQ,2026-09-22,1664.87,2173.48,1883.87,176.6,sample,1,2026-10-08T22:44:27.528413
Maharashtra,Nashik,Pimpalgaon Baswant,Tomato,Hybrid,FAQ,2026-09-23,1566.9,2252.48,1820.69,44.2,sample,1,2026-10-08T22:44:27.528420
Maharashtra,Nashik,Pimpalgaon Baswant,Tomato,Hybrid,FAQ,2026-09-24,1451.29,2041.78,1727.19,187.7,sample,1,2026-10-08T22:44:27.528427
Maharashtra,Nashik,Pimpalgaon Baswant,Tomato,Hybrid,FAQ,2026-09-25,1584.71,2134.86,1863.22,218.9,sample,1,2026-10-08T22:44:27.528434
Maharashtra,Nashik,Pimpalgaon Baswant,Tomato,Hybrid,FAQ,2026-09-26,1624.91,2275.08,1937.14,240.8,sample,1,2026-10-08T22:44:27.528441
Maharashtra,Nashik,Pimpalgaon Baswant,Tomato,Hybrid,FAQ,2026-09-28,1683.25,2334.98,1888.51,97.2,sample,1,2026-10-08T22:44:27.528449
Maharashtra,Nashik,Pimpalgaon Baswant,Tomato,Hybrid,FAQ,2026-09-29,1604.28,2199.64,1779.85,402.8,sample,1,2026-10-08T22:44:27.528457
Maharashtra,Nashik,Pimpalgaon Baswant,Tomato,Hybrid,FAQ,2026-09-30,1637.33,2242.97,1835.54,238.9,sample,1,2026-10-08T22:44:27.528464
Maharashtra,Nashik,Pimpalgaon Baswant,Tomato,Hybrid,FAQ,2026-10-01,1559.13,2236.55,1827.94,460.3,sample,1,2026-10-08T22:44:27.528472
Maharashtra,Nashik,Pimpalgaon Baswant,Tomato,Hybrid,FAQ,2026-10-02,1528.58,2178.57,1736.33,230.5,sample,1,2026-10-08T22:44:27.528479
Maharashtra,Nashik,Pimpalgaon Baswant,Tomato,Hybrid,FAQ,2026-10-03,1459.2,2135.07,1743.1,55.5,sample,1,2026-10-08T22:44:27.528486
Maharashtra,Nashik,Pimpalgaon Baswant,Tomato,Hybrid,FAQ,2026-10-05,1313.31,1848.77,1597.83,409.2,sample,1,2026-10-08T22:44:27.528494
Maharashtra,Nashik,Pimpalgaon Baswant,Tomato,Hybrid,FAQ,2026-10-06,1541.42,2079.23,1716.94,64.1,sample,1,2026-10-08T22:44:27.528501
Maharashtra,Nashik,Pimpalgaon Baswant,Tomato,Hybrid,FAQ,2026-10-07,1438.12,1985.86,1705.27,271.6,sample,1,2026-10-08T22:44:27.528508
Maharashtra,Nashik,Pimpalgaon Baswant,Tomato,Hybrid,FAQ,2026-10-08,1503.54,2101.52,1724.18,79.0,sample,1,2026-10-08T22:44:27.528514
Maharashtra,Nashik,Pimpalgaon Baswant,Onion,Red/Nasik,FAQ,2026-07-10,1969.7,2673.5,2322.1,64.7,sample,1,2026-10-08T22:44:27.528523
Maharashtra,Nashik,Pimpalgaon Baswant,Onion,Red/Nasik,FAQ,2026-07-11,1884.99,2601.46,2256.6,350.7,sample,1,2026-10-08T22:44:27.528531
Maharashtra,Nashik,Pimpalgaon Baswant,Onion,Red/Nasik,FAQ,2026-07-13,1950.09,2698.16,2296.64,236.9,sample,1,2026-10-08T22:44:27.528539
Maharashtra,Nashik,Pimpalgaon Baswant,Onion,Red/Nasik,FAQ,2026-07-14,1969.05,2623.79,2254.69,466.0,sample,1,2026-10-08T22:44:27.528548
Maharashtra,Nashik,Pimpalgaon Baswant,Onion,Red/Nasik,FAQ,2026-07-15,2046.59,2767.63,2285.37,152.8,sample,1,2026-10-08T22:44:27.528555
Maharashtra,Nashik,Pimpalgaon Baswant,Onion,Red/Nasik,FAQ,2026-07-16,1958.32,2714.35,2241.19,344.7,sample,1,2026-10-08T22:44:27.528561
Maharashtra,Nashik,Pimpalgaon Baswant,Onion,Red/Nasik,FAQ,2026-07-17,1827.66,2560.23,2183.38,479.4,sample,1,2026-10-08T22:44:27.528569
Maharashtra,Nashik,Pimpalgaon Baswant,Onion,Red/Nasik,FAQ,2026-07-18,2007.34,2643.36,2264.57,72.6,sample,1,2026-10-08T22:44:27.528575
Maharashtra,Nashik,Pimpalgaon Baswant,Onion,Red/Nasik,FAQ,2026-07-20,1913.46,2665.53,2230.56,136.1,sample,1,2026-10-08T22:44:27.528582
Maharashtra,Nashik,Pimpalgaon Baswant,Onion,Red/Nasik,FAQ,2026-07-21,1911.83,2548.14,2215.92,310.1,sample,1,2026-10-08T22:44:27.528589
Maharashtra,Nashik,Pimpalgaon Baswant,Onion,Red/Nasik,FAQ,2026-07-22,1884.37,2710.38,2229.11,365.7,sample,1,2026-10-08T22:44:27.528596
Maharashtra,Nashik,Pimpalgaon Baswant,Onion,Red/Nasik,FAQ,2026-07-23,1795.76,2580.9,2157.34,75.6,sample,1,2026-10-08T22:44:27.528605
Maharashtra,Nashik,Pimpalgaon Baswant,Onion,Red/Nasik,FAQ,2026-07-24,1813.41,2521.74,2100.31,325.3,sample,1,2026-10-08T22:44:27.528612
Maharashtra,Nashik,Pimpalgaon Baswant,Onion,Red/Nasik,FAQ,2026-07-25,1797.61,2419.57,2064.31,438.7,sample,1,2026-10-08T22:44:27.528619
Maharashtra,Nashik,Pimpalgaon Baswant,Onion,Red/Nasik,FAQ,2026-07-27,1754.7,2479.71,2002.06,396.5,sample,1,2026-10-08T22:44:27.528626
Maharashtra,Nashik,Pimpalgaon Baswant,Onion,Red/Nasik,FAQ,2026-07-28,1676.4,2296.92,1964.97,100.6,sample,1,2026-10-08T22:44:27.528633
Maharashtra,Nashik,Pimpalgaon Baswant,Onion,Red/Nasik,FAQ,2026-07-29,1621.97,2297.08,1992.74,86.4,sample,1,2026-10-08T22:44:27.528640
Maharashtra,Nashik,Pimpalgaon Baswant,Onion,Red/Nasik,FAQ,2026-07-30,1734.07,2493.99,2073.42,469.9,sample,1,2026-10-08T22:44:27.528646
Maharashtra,Nashik,Pimpalgaon Baswant,Onion,Red/Nasik,FAQ,2026-07-31,1684.42,2511.78,2013.32,191.6,sample,1,2026-10-08T22:44:27.528653
Maharashtra,Nashik,Pimpalgaon Baswant,Onion,Red/Nasik,FAQ,2026-08-01,1750.02,2515.79,2011.92,144.9,sample,1,2026-10-08T22:44:27.528660
Maharashtra,Nashik,Pimpalgaon Baswant,Onion,Red/Nasik,FAQ,2026-08-03,1860.15,2491.09,2102.99,381.0,sample,1,2026-10-08T22:44:27.528667
Maharashtra,Nashik,Pimpalgaon Baswant,Onion,Red/Nasik,FAQ,2026-08-04,1732.47,2610.42,2120.26,103.2,sample,1,2026-10-08T22:44:27.528675
Maharashtra,Nashik,Pimpalgaon Baswant,Onion,Red/Nasik,FAQ,2026-08-05,1846.57,2651.86,2152.16,472.0,sample,1,2026-10-08T22:44:27.528682
Maharashtra,Nashik,Pimpalgaon Baswant,Onion,Red/Nasik,FAQ,2026-08-06,1957.7,2700.14,2221.73,467.4,sample,1,2026-10-08T22:44:27.528688
Maharashtra,Nashik,Pimpalgaon Baswant,Onion,Red/Nasik,FAQ,2026-08-07,1958.69,2652.65,2251.69,266.2,sample,1,2026-10-08T22:44:27.528695
Maharashtra,Nashik,Pimpalgaon Baswant,Onion,Red/Nasik,FAQ,2026-08-08,1933.89,2762.23,2296.39,282.1,sample,1,2026-10-08T22:44:27.528706
Maharashtra,Nashik,Pimpalgaon Baswant,Onion,Red/Nasik,FAQ,2026-08-10,2027.1,2752.46,2318.15,338.5,sample,1,2026-10-08T22:44:27.528714
Maharashtra,Nashik,Pimpalgaon Baswant,Onion,Red/Nasik,FAQ,2026-08-11,2082.13,2740.28,2302.54,487.4,sample,1,2026-10-08T22:44:27.528720
Maharashtra,Nashik,Pimpalgaon Baswant,Onion,Red/Nasik,FAQ,2026-08-12,2070.64,2736.96,2289.55,494.2,sample,1,2026-10-08T22:44:27.528727
Maharashtra,Nashik,Pimpalgaon Baswant,Onion,Red/Nasik,FAQ,2026-08-13,2091.56,2791.15,2337.55,304.7,sample,1,2026-10-08T22:44:27.528734
Maharashtra,Nashik,Pimpalgaon Baswant,Onion,Red/Nasik,FAQ,2026-08-14,1961.34,2723.9,2305.91,286.8,sample,1,2026-10-08T22:44:27.528743
Maharashtra,Nashik,Pimpalgaon Baswant,Onion,Red/Nasik,FAQ,2026-08-15,1969.68,2681.29,2336.25,51.3,sample,1,2026-10-08T22:44:27.528750
Maharashtra,Nashik,Pimpalgaon Baswant,Onion,Red/Nasik,FAQ,2026-08-17,1974.52,2737.78,2308.13,301.0,sample,1,2026-10-08T22:44:27.528758
Maharashtra,Nashik,Pimpalgaon Baswant,Onion,Red/Nasik,FAQ,2026-08-18,1899.44,2579.13,2252.86,352.0,sample,1,2026-10-08T22:44:27.528765
Maharashtra,Nashik,Pimpalgaon Baswant,Onion,Red/Nasik,FAQ,2026-08-19,1933.19,2755.35,2254.95,110.9,sample,1,2026-10-08T22:44:27.528772
Maharashtra,Nashik,Pimpalgaon Baswant,Onion,Red/Nasik,FAQ,2026-08-20,1979.92,2569.65,2261.01,426.1,sample,1,2026-10-08T22:44:27.528778
Maharashtra,Nashik,Pimpalgaon Baswant,Onion,Red/Nasik,FAQ,2026-08-21,2073.27,2730.57,2358.36,100.9,sample,1,2026-10-08T22:44:27.528785
Maharashtra,Nashik,Pimpalgaon Baswant,Onion,Red/Nasik,FAQ,2026-08-22,2164.65,2749.9,2392.46,454.4,sample,1,2026-10-08T22:44:27.528792
Maharashtra,Nashik,Pimpalgaon Baswant,Onion,Red/Nasik,FAQ,2026-08-24,2095.84,2725.65,2378.98,269.7,sample,1,2026-10-08T22:44:27.528799
Maharashtra,Nashik,Pimpalgaon Baswant,Onion,Red/Nasik,FAQ,2026-08-25,1922.24,2806.35,2299.06,188.3,sample,1,2026-10-08T22:44:27.528806
Maharashtra,Nashik,Pimpalgaon Baswant,Onion,Red/Nasik,FAQ,2026-08-26,2000.24,2603.05,2299.08,484.4,sample,1,2026-10-08T22:44:27.528813
Maharashtra,Nashik,Pimpalgaon Baswant,Onion,Red/Nasik,FAQ,2026-08-27,1995.66,2634.95,2251.52,42.6,sample,1,2026-10-08T22:44:27.528821
Maharashtra,Nashik,Pimpalgaon Baswant,Onion,Red/Nasik,FAQ,2026-08-28,2040.33,2779.95,2311.09,230.9,sample,1,2026-10-08T22:44:27.528828
Maharashtra,Nashik,Pimpalgaon Baswant,Onion,Red/Nasik,FAQ,2026-08-29,2024.12,2641.56,2329.69,354.3,sample,1,2026-10-08T22:44:27.528836
Maharashtra,Nashik,Pimpalgaon Baswant,Onion,Red/Nasik,FAQ,2026-08-31,2021.85,2653.39,2295.37,110.8,sample,1,2026-10-08T22:44:27.528843
Maharashtra,Nashik,Pimpalgaon Baswant,Onion,Red/Nasik,FAQ,2026-09-01,1964.99,2822.29,2335.51,159.6,sample,1,2026-10-08T22:44:27.528850
Maharashtra,Nashik,Pimpalgaon Baswant,Onion,Red/Nasik,FAQ,2026-09-02,2046.5,2692.59,2341.52,106.1,sample,1,2026-10-08T22:44:27.528857
Maharashtra,Nashik,Pimpalgaon Baswant,Onion,Red/Nasik,FAQ,2026-09-03,1910.16,2601.22,2272.81,283.5,sample,1,2026-10-08T22:44:27.528863
Maharashtra,Nashik,Pimpalgaon Baswant,Onion,Red/Nasik,FAQ,2026-09-04,2211.4,2890.59,2424.46,424.8,sample,1,2026-10-08T22:44:27.528870
Maharashtra,Nashik,Pimpalgaon Baswant,Onion,Red/Nasik,FAQ,2026-09-05,1967.18,2813.02,2324.88,375.9,sample,1,2026-10-08T22:44:27.528877
Maharashtra,Nashik,Pimpalgaon Baswant,Onion,Red/Nasik,FAQ,2026-09-07,1919.14,2493.56,2202.62,326.2,sample,1,2026-10-08T22:44:27.528884
Maharashtra,Nashik,Pimpalgaon Baswant,Onion,Red/Nasik,FAQ,2026-09-08,1888.17,2588.22,2243.95,461.5,sample,1,2026-10-08T22:44:27.528892
Maharashtra,Nashik,Pimpalgaon Baswant,Onion,Red/Nasik,FAQ,2026-09-09,1953.75,2666.31,2194.95,193.1,sample,1,2026-10-08T22:44:27.528899
Maharashtra,Nashik,Pimpalgaon Baswant,Onion,Red/Nasik,FAQ,2026-09-10,1976.87,2622.35,2195.6,286.0,sample,1,2026-10-08T22:44:27.528906
Maharashtra,Nashik,Pimpalgaon Baswant,Onion,Red/Nasik,FAQ,2026-09-11,1900.49,2726.78,2267.57,137.8,sample,1,2026-10-08T22:44:27.528912
Maharashtra,Nashik,Pimpalgaon Baswant,Onion,Red/Nasik,FAQ,2026-09-12,1951.45,2564.6,2281.69,394.3,sample,1,2026-10-08T22:44:27.528919
Maharashtra,Nashik,Pimpalgaon Baswant,Onion,Red/Nasik,FAQ,2026-09-14,1926.21,2618.17,2221.82,428.5,sample,1,2026-10-08T22:44:27.528926
Maharashtra,Nashik,Pimpalgaon Baswant,Onion,Red/Nasik,FAQ,2026-09-15,1796.39,2572.43,2154.22,264.0,sample,1,2026-10-08T22:44:27.528937
Maharashtra,Nashik,Pimpalgaon Baswant,Onion,Red/Nasik,FAQ,2026-09-16,1947.94,2529.94,2185.45,136.5,sample,1,2026-10-08T22:44:27.528943
Maharashtra,Nashik,Pimpalgaon Baswant,Onion,Red/Nasik,FAQ,2026-09-17,1872.48,2497.41,2152.54,46.1,sample,1,2026-10-08T22:44:27.528950
Maharashtra,Nashik,Pimpalgaon Baswant,Onion,Red/Nasik,FAQ,2026-09-18,1906.51,2614.19,2153.35,213.7,sample,1,2026-10-08T22:44:27.528957
Maharashtra,Nashik,Pimpalgaon Baswant,Onion,Red/Nasik,FAQ,2026-09-19,1839.13,2525.36,2173.56,274.3,sample,1,2026-10-08T22:44:27.528965
Maharashtra,Nashik,Pimpalgaon Baswant,Onion,Red/Nasik,FAQ,2026-09-21,1944.58,2677.67,2244.27,142.5,sample,1,2026-10-08T22:44:27.528974
Maharashtra,Nashik,Pimpalgaon Baswant,Onion,Red/Nasik,FAQ,2026-09-22,1984.65,2524.39,2239.87,194.9,sample,1,2026-10-08T22:44:27.528981
Maharashtra,Nashik,Pimpalgaon Baswant,Onion,Red/Nasik,FAQ,2026-09-23,2064.26,2720.28,2282.39,238.8,sample,1,2026-10-08T22:44:27.528988
Maharashtra,Nashik,Pimpalgaon Baswant,Onion,Red/Nasik,FAQ,2026-09-24,1967.85,2636.28,2208.2,164.3,sample,1,2026-10-08T22:44:27.528995
Maharashtra,Nashik,Pimpalgaon Baswant,Onion,Red/Nasik,FAQ,2026-09-25,1941.18,2495.13,2159.15,81.4,sample,1,2026-10-08T22:44:27.529003
Maharashtra,Nashik,Pimpalgaon Baswant,Onion,Red/Nasik,FAQ,2026-09-26,1717.85,2516.0,2091.89,390.8,sample,1,2026-10-08T22:44:27.529010
Maharashtra,Nashik,Pimpalgaon Baswant,Onion,Red/Nasik,FAQ,2026-09-28,1720.3,2365.99,2081.78,128.0,sample,1,2026-10-08T22:44:27.529017
Maharashtra,Nashik,Pimpalgaon Baswant,Onion,Red/Nasik,FAQ,2026-09-29,1861.28,2417.28,2127.47,84.3,sample,1,2026-10-08T22:44:27.529024
Maharashtra,Nashik,Pimpalgaon Baswant,Onion,Red/Nasik,FAQ,2026-09-30,1838.05,2540.68,2132.86,251.7,sample,1,2026-10-08T22:44:27.529031
Maharashtra,Nashik,Pimpalgaon Baswant,Onion,Red/Nasik,FAQ,2026-10-01,1747.08,2576.18,2066.82,92.3,sample,1,2026-10-08T22:44:27.529040
Maharashtra,Nashik,Pimpalgaon Baswant,Onion,Red/Nasik,FAQ,2026-10-02,1769.76,2400.47,2056.32,458.2,sample,1,2026-10-08T22:44:27.529047
Maharashtra,Nashik,Pimpalgaon Baswant,Onion,Red/Nasik,FAQ,2026-10-03,1819.9,2442.13,2123.98,41.7,sample,1,2026-10-08T22:44:27.529054
Maharashtra,Nashik,Pimpalgaon Baswant,Onion,Red/Nasik,FAQ,2026-10-05,1691.79,2409.63,2052.83,335.0,sample,1,2026-10-08T22:44:27.529062
Maharashtra,Nashik,Pimpalgaon Baswant,Onion,Red/Nasik,FAQ,2026-10-06,1686.36,2500.76,2053.64,410.8,sample,1,2026-10-08T22:44:27.529070
Maharashtra,Nashik,Pimpalgaon Baswant,Onion,Red/Nasik,FAQ,2026-10-07,1816.05,2489.91,2054.7,141.1,sample,1,2026-10-08T22:44:27.529078
Maharashtra,Nashik,Pimpalgaon Baswant,Onion,Red/Nasik,FAQ,2026-10-08,1745.79,2513.63,2130.58,378.9,sample,1,2026-10-08T22:44:27.529084
Maharashtra,Nashik,Pimpalgaon Baswant,Soyabean,Yellow,FAQ,2026-07-10,4538.21,4938.5,4707.69,116.2,sample,1,2026-10-08T22:44:27.529093
Maharashtra,Nashik,Pimpalgaon Baswant,Soyabean,Yellow,FAQ,2026-07-11,4605.26,4945.73,4748.06,466.9,sample,1,2026-10-08T22:44:27.529100
Maharashtra,Nashik,Pimpalgaon Baswant,Soyabean,Yellow,FAQ,2026-07-13,4622.2,4991.09,4767.11,216.6,sample,1,2026-10-08T22:44:27.529109
Maharashtra,Nashik,Pimpalgaon Baswant,Soyabean,Yellow,FAQ,2026-07-14,4719.74,5051.94,4841.1,342.3,sample,1,2026-10-08T22:44:27.529117
Maharashtra,Nashik,Pimpalgaon Baswant,Soyabean,Yellow,FAQ,2026-07-15,4659.7,5055.95,4798.14,283.6,sample,1,2026-10-08T22:44:27.529124
Maharashtra,Nashik,Pimpalgaon Baswant,Soyabean,Yellow,FAQ,2026-07-16,4562.66,4979.8,4748.08,255.6,sample,1,2026-10-08T22:44:27.529131
Maharashtra,Nashik,Pimpalgaon Baswant,Soyabean,Yellow,FAQ,2026-07-17,4596.04,4900.02,4714.24,206.4,sample,1,2026-10-08T22:44:27.529141
Maharashtra,Nashik,Pimpalgaon Baswant,Soyabean,Yellow,FAQ,2026-07-18,4579.8,4892.88,4715.39,326.5,sample,1,2026-10-08T22:44:27.529148
Maharashtra,Nashik,Pimpalgaon Baswant,Soyabean,Yellow,FAQ,2026-07-20,4566.54,4867.71,4709.38,101.4,sample,1,2026-10-08T22:44:27.529156
Maharashtra,Nashik,Pimpalgaon Baswant,Soyabean,Yellow,FAQ,2026-07-21,4535.84,4872.49,4706.08,257.9,sample,1,2026-10-08T22:44:27.529163
Maharashtra,Nashik,Pimpalgaon Baswant,Soyabean,Yellow,FAQ,2026-07-22,4505.66,4920.47,4662.79,446.6,sample,1,2026-10-08T22:44:27.529171
Maharashtra,Nashik,Pimpalgaon Baswant,Soyabean,Yellow,FAQ,2026-07-23,4555.65,4902.69,4681.17,303.7,sample,1,2026-10-08T22:44:27.529178
Maharashtra,Nashik,Pimpalgaon Baswant,Soyabean,Yellow,FAQ,2026-07-24,4581.79,4946.86,4755.45,419.0,sample,1,2026-10-08T22:44:27.529186
Maharashtra,Nashik,Pimpalgaon Baswant,Soyabean,Yellow,FAQ,2026-07-25,4587.49,4996.79,4771.05,328.7,sample,1,2026-10-08T22:44:27.529194
Maharashtra,Nashik,Pimpalgaon Baswant,Soyabean,Yellow,FAQ,2026-07-27,4558.3,4950.19,4713.0,492.8,sample,1,2026-10-08T22:44:27.529201
Maharashtra,Nashik,Pimpalgaon Baswant,Soyabean,Yellow,FAQ,2026-07-28,4576.21,4957.88,4733.49,72.5,sample,1,2026-10-08T22:44:27.529208
Maharashtra,Nashik,Pimpalgaon Baswant,Soyabean,Yellow,FAQ,2026-07-29,4611.22,4908.78,4744.48,281.4,sample,1,2026-10-08T22:44:27.529216
Maharashtra,Nashik,Pimpalgaon Baswant,Soyabean,Yellow,FAQ,2026-07-30,4509.85,4949.26,4703.84,290.5,sample,1,2026-10-08T22:44:27.529223
Maharashtra,Nashik,Pimpalgaon Baswant,Soyabean,Yellow,FAQ,2026-07-31,4551.83,4862.77,4697.55,276.5,sample,1,2026-10-08T22:44:27.529230
Maharashtra,Nashik,Pimpalgaon Baswant,Soyabean,Yellow,FAQ,2026-08-01,4554.9,4839.43,4691.65,267.3,sample,1,2026-10-08T22:44:27.529237
Maharashtra,Nashik,Pimpalgaon Baswant,Soyabean,Yellow,FAQ,2026-08-03,4605.1,5001.87,4743.36,390.6,sample,1,2026-10-08T22:44:27.529245
Maharashtra,Nashik,Pimpalgaon Baswant,Soyabean,Yellow,FAQ,2026-08-04,4600.57,4922.14,4762.02,420.3,sample,1,2026-10-08T22:44:27.529251
Maharashtra,Nashik,Pimpalgaon Baswant,Soyabean,Yellow,FAQ,2026-08-05,4617.62,4958.0,4768.68,281.6,sample,1,2026-10-08T22:44:27.529258
Maharashtra,Nashik,Pimpalgaon Baswant,Soyabean,Yellow,FAQ,2026-08-06,4615.05,5052.7,4797.56,355.2,sample,1,2026-10-08T22:44:27.529266
Maharashtra,Nashik,Pimpalgaon Baswant,Soyabean,Yellow,FAQ,2026-08-07,4617.86,4998.04,4776.29,123.0,sample,1,2026-10-08T22:44:27.529273
Maharashtra,Nashik,Pimpalgaon Baswant,Soyabean,Yellow,FAQ,2026-08-08,4598.88,5022.45,4788.09,317.2,sample,1,2026-10-08T22:44:27.529280
Maharashtra,Nashik,Pimpalgaon Baswant,Soyabean,Yellow,FAQ,2026-08-10,4648.41,5006.77,4761.35,291.5,sample,1,2026-10-08T22:44:27.529287
Maharashtra,Nashik,Pimpalgaon Baswant,Soyabean,Yellow,FAQ,2026-08-11,4614.77,4941.74,4733.69,403.0,sample,1,2026-10-08T22:44:27.529294
Maharashtra,Nashik,Pimpalgaon Baswant,Soyabean,Yellow,FAQ,2026-08-12,4530.84,4926.34,4694.85,274.9,sample,1,2026-10-08T22:44:27.529301
Maharashtra,Nashik,Pimpalgaon Baswant,Soyabean,Yellow,FAQ,2026-08-13,4574.37,4928.42,4691.41,338.5,sample,1,2026-10-08T22:44:27.529310
Maharashtra,Nashik,Pimpalgaon Baswant,Soyabean,Yellow,FAQ,2026-08-14,4465.25,4836.42,4605.17,484.2,sample,1,2026-10-08T22:44:27.529317
Maharashtra,Nashik,Pimpalgaon Baswant,Soyabean,Yellow,FAQ,2026-08-15,4510.06,4772.57,4618.36,249.2,sample,1,2026-10-08T22:44:27.529324
Maharashtra,Nashik,Pimpalgaon Baswant,Soyabean,Yellow,FAQ,2026-08-17,4537.18,4861.97,4655.39,218.3,sample,1,2026-10-08T22:44:27.529331
Maharashtra,Nashik,Pimpalgaon Baswant,Soyabean,Yellow,FAQ,2026-08-18,4533.8,4861.12,4693.4,166.5,sample,1,2026-10-08T22:44:27.529339
Maharashtra,Nashik,Pimpalgaon Baswant,Soyabean,Yellow,FAQ,2026-08-19,4498.33,4899.15,4679.79,319.4,sample,1,2026-10-08T22:44:27.529346
Maharashtra,Nashik,Pimpalgaon Baswant,Soyabean,Yellow,FAQ,2026-08-20,4480.15,4771.57,4626.02,368.4,sample,1,2026-10-08T22:44:27.529353
Maharashtra,Nashik,Pimpalgaon Baswant,Soyabean,Yellow,FAQ,2026-08-21,4529.99,4890.11,4676.41,436.6,sample,1,2026-10-08T22:44:27.529360
Maharashtra,Nashik,Pimpalgaon Baswant,Soyabean,Yellow,FAQ,2026-08-22,4516.88,4936.14,4692.34,498.4,sample,1,2026-10-08T22:44:27.529366
Maharashtra,Nashik,Pimpalgaon Baswant,Soyabean,Yellow,FAQ,2026-08-24,4563.13,4944.32,4708.28,243.4,sample,1,2026-10-08T22:44:27.529375
Maharashtra,Nashik,Pimpalgaon Baswant,Soyabean,Yellow,FAQ,2026-08-25,4573.16,4976.65,4744.74,426.3,sample,1,2026-10-08T22:44:27.529382
Maharashtra,Nashik,Pimpalgaon Baswant,Soyabean,Yellow,FAQ,2026-08-26,4585.59,4879.11,4699.6,330.8,sample,1,2026-10-08T22:44:27.529389
Maharashtra,Nashik,Pimpalgaon Baswant,Soyabean,Yellow,FAQ,2026-08-27,4466.28,4864.72,4632.6,242.4,sample,1,2026-10-08T22:44:27.529395
Maharashtra,Nashik,Pimpalgaon Baswant,Soyabean,Yellow,FAQ,2026-08-28,4506.17,4872.08,4669.1,324.2,sample,1,2026-10-08T22:44:27.529403
Maharashtra,Nashik,Pimpalgaon Baswant,Soyabean,Yellow,FAQ,2026-08-29,4485.71,4880.21,4651.51,277.6,sample,1,2026-10-08T22:44:27.529411
Maharashtra,Nashik,Pimpalgaon Baswant,Soyabean,Yellow,FAQ,2026-08-31,4539.03,4832.17,4648.05,274.2,sample,1,2026-10-08T22:44:27.529418
Maharashtra,Nashik,Pimpalgaon Baswant,Soyabean,Yellow,FAQ,2026-09-01,4497.36,4877.81,4621.19,183.2,sample,1,2026-10-08T22:44:27.529425
Maharashtra,Nashik,Pimpalgaon Baswant,Soyabean,Yellow,FAQ,2026-09-02,4500.96,4860.96,4610.59,87.1,sample,1,2026-10-08T22:44:27.529432
Maharashtra,Nashik,Pimpalgaon Baswant,Soyabean,Yellow,FAQ,2026-09-03,4541.25,4827.18,4659.96,338.2,sample,1,2026-10-08T22:44:27.529439
Maharashtra,Nashik,Pimpalgaon Baswant,Soyabean,Yellow,FAQ,2026-09-04,4517.31,4917.22,4658.36,92.4,sample,1,2026-10-08T22:44:27.529445
Maharashtra,Nashik,Pimpalgaon Baswant,Soyabean,Yellow,FAQ,2026-09-05,4512.35,4861.08,4673.85,469.8,sample,1,2026-10-08T22:44:27.529452
Maharashtra,Nashik,Pimpalgaon Baswant,Soyabean,Yellow,FAQ,2026-09-07,4553.39,4878.42,4661.76,444.0,sample,1,2026-10-08T22:44:27.529459
Maharashtra,Nashik,Pimpalgaon Baswant,Soyabean,Yellow,FAQ,2026-09-08,4516.82,4855.92,4662.35,64.6,sample,1,2026-10-08T22:44:27.529466
Maharashtra,Nashik,Pimpalgaon Baswant,Soyabean,Yellow,FAQ,2026-09-09,4495.11,4924.25,4687.73,328.7,sample,1,2026-10-08T22:44:27.529473
Maharashtra,Nashik,Pimpalgaon Baswant,Soyabean,Yellow,FAQ,2026-09-10,4533.63,4872.26,4670.77,161.2,sample,1,2026-10-08T22:44:27.529482
Maharashtra,Nashik,Pimpalgaon Baswant,Soyabean,Yellow,FAQ,2026-09-11,4594.54,4975.75,4725.95,495.3,sample,1,2026-10-08T22:44:27.529489
Maharashtra,Nashik,Pimpalgaon Baswant,Soyabean,Yellow,FAQ,2026-09-12,4540.15,4909.69,4718.9,433.9,sample,1,2026-10-08T22:44:27.529496
Maharashtra,Nashik,Pimpalgaon Baswant,Soyabean,Yellow,FAQ,2026-09-14,4679.31,4956.44,4790.29,102.0,sample,1,2026-10-08T22:44:27.529505
Maharashtra,Nashik,Pimpalgaon Baswant,Soyabean,Yellow,FAQ,2026-09-15,4633.01,4932.99,4766.75,269.4,sample,1,2026-10-08T22:44:27.529512
Maharashtra,Nashik,Pimpalgaon Baswant,Soyabean,Yellow,FAQ,2026-09-16,4586.09,4976.44,4723.05,208.4,sample,1,2026-10-08T22:44:27.529519
Maharashtra,Nashik,Pimpalgaon Baswant,Soyabean,Yellow,FAQ,2026-09-17,4486.76,4814.56,4655.34,458.6,sample,1,2026-10-08T22:44:27.529526
Maharashtra,Nashik,Pimpalgaon Baswant,Soyabean,Yellow,FAQ,2026-09-18,4504.94,4832.05,4630.96,482.4,sample,1,2026-10-08T22:44:27.529534
Maharashtra,Nashik,Pimpalgaon Baswant,Soyabean,Yellow,FAQ,2026-09-19,4410.2,4749.87,4584.86,57.4,sample,1,2026-10-08T22:44:27.529543
Maharashtra,Nashik,Pimpalgaon Baswant,Soyabean,Yellow,FAQ,2026-09-21,4421.46,4827.4,4576.79,344.5,sample,1,2026-10-08T22:44:27.529550
Maharashtra,Nashik,Pimpalgaon Baswant,Soyabean,Yellow,FAQ,2026-09-22,4415.28,4837.62,4578.11,144.3,sample,1,2026-10-08T22:44:27.529558
Maharashtra,Nashik,Pimpalgaon Baswant,Soyabean,Yellow,FAQ,2026-09-23,4412.2,4822.48,4594.11,71.7,sample,1,2026-10-08T22:44:27.529566
Maharashtra,Nashik,Pimpalgaon Baswant,Soyabean,Yellow,FAQ,2026-09-24,4480.7,4845.59,4616.93,287.3,sample,1,2026-10-08T22:44:27.529573
Maharashtra,Nashik,Pimpalgaon Baswant,Soyabean,Yellow,FAQ,2026-09-25,4453.99,4757.14,4561.15,135.4,sample,1,2026-10-08T22:44:27.529579
Maharashtra,Nashik,Pimpalgaon Baswant,Soyabean,Yellow,FAQ,2026-09-26,4403.22,4720.59,4534.47,256.6,sample,1,2026-10-08T22:44:27.529586
Maharashtra,Nashik,Pimpalgaon Baswant,Soyabean,Yellow,FAQ,2026-09-28,4428.01,4773.18,4544.02,303.3,sample,1,2026-10-08T22:44:27.529593
Maharashtra,Nashik,Pimpalgaon Baswant,Soyabean,Yellow,FAQ,2026-09-29,4424.72,4796.79,4578.75,463.9,sample,1,2026-10-08T22:44:27.529600
Maharashtra,Nashik,Pimpalgaon Baswant,Soyabean,Yellow,FAQ,2026-09-30,4333.21,4734.48,4521.31,235.4,sample,1,2026-10-08T22:44:27.529607
Maharashtra,Nashik,Pimpalgaon Baswant,Soyabean,Yellow,FAQ,2026-10-01,4392.8,4717.98,4537.58,476.2,sample,1,2026-10-08T22:44:27.529614
Maharashtra,Nashik,Pimpalgaon Baswant,Soyabean,Yellow,FAQ,2026-10-02,4395.7,4749.04,4560.5,293.8,sample,1,2026-10-08T22:44:27.529621
Maharashtra,Nashik,Pimpalgaon Baswant,Soyabean,Yellow,FAQ,2026-10-03,4396.77,4813.01,4559.87,450.0,sample,1,2026-10-08T22:44:27.529629
Maharashtra,Nashik,Pimpalgaon Baswant,Soyabean,Yellow,FAQ,2026-10-05,4494.15,4798.95,4626.14,260.6,sample,1,2026-10-08T22:44:27.529638
Maharashtra,Nashik,Pimpalgaon Baswant,Soyabean,Yellow,FAQ,2026-10-06,4504.92,4819.86,4672.83,311.8,sample,1,2026-10-08T22:44:27.529645
Maharashtra,Nashik,Pimpalgaon Baswant,Soyabean,Yellow,FAQ,2026-10-07,4538.44,4881.23,4687.26,51.9,sample,1,2026-10-08T22:44:27.529652
Maharashtra,Nashik,Pimpalgaon Baswant,Soyabean,Yellow,FAQ,2026-10-08,4470.64,4876.28,4665.3,370.7,sample,1,2026-10-08T22:44:27.529658
Maharashtra,Nashik,Pimpalgaon Baswant,Wheat,Lokwan,FAQ,2026-07-10,2626.13,2991.64,2757.97,486.7,sample,1,2026-10-08T22:44:27.529666
Maharashtra,Nashik,Pimpalgaon Baswant,Wheat,Lokwan,FAQ,2026-07-11,2635.64,2904.23,2775.13,109.7,sample,1,2026-10-08T22:44:27.529673
Maharashtra,Nashik,Pimpalgaon Baswant,Wheat,Lokwan,FAQ,2026-07-13,2654.03,3014.72,2807.82,304.6,sample,1,2026-10-08T22:44:27.529680
Maharashtra,Nashik,Pimpalgaon Baswant,Wheat,Lokwan,FAQ,2026-07-14,2665.49,2963.51,2795.99,416.8,sample,1,2026-10-08T22:44:27.529687
Maharashtra,Nashik,Pimpalgaon Baswant,Wheat,Lokwan,FAQ,2026-07-15,2718.38,3007.16,2832.3,96.6,sample,1,2026-10-08T22:44:27.529694
Maharashtra,Nashik,Pimpalgaon Baswant,Wheat,Lokwan,FAQ,2026-07-16,2725.13,3095.77,2862.86,230.4,sample,1,2026-10-08T22:44:27.529702
Maharashtra,Nashik,Pimpalgaon Baswant,Wheat,Lokwan,FAQ,2026-07-17,2702.21,3064.65,2858.02,461.0,sample,1,2026-10-08T22:44:27.529709
Maharashtra,Nashik,Pimpalgaon Baswant,Wheat,Lokwan,FAQ,2026-07-18,2747.71,3065.34,2851.72,464.0,sample,1,2026-10-08T22:44:27.529715
Maharashtra,Nashik,Pimpalgaon Baswant,Wheat,Lokwan,FAQ,2026-07-20,2785.19,3077.86,2878.41,490.3,sample,1,2026-10-08T22:44:27.529723
Maharashtra,Nashik,Pimpalgaon Baswant,Wheat,Lokwan,FAQ,2026-07-21,2804.5,3097.39,2907.84,58.2,sample,1,2026-10-08T22:44:27.529729
Maharashtra,Nashik,Pimpalgaon Baswant,Wheat,Lokwan,FAQ,2026-07-22,2797.75,3084.99,2913.27,141.5,sample,1,2026-10-08T22:44:27.529736
Maharashtra,Nashik,Pimpalgaon Baswant,Wheat,Lokwan,FAQ,2026-07-23,2780.21,3059.19,2894.52,380.6,sample,1,2026-10-08T22:44:27.529742
Maharashtra,Nashik,Pimpalgaon Baswant,Wheat,Lokwan,FAQ,2026-07-24,2800.1,3089.69,2928.33,332.4,sample,1,2026-10-08T22:44:27.529749
Maharashtra,Nashik,Pimpalgaon Baswant,Wheat,Lokwan,FAQ,2026-07-25,2842.8,3116.27,2946.68,166.2,sample,1,2026-10-08T22:44:27.529756
Maharashtra,Nashik,Pimpalgaon Baswant,Wheat,Lokwan,FAQ,2026-07-27,2849.45,3169.81,2951.11,68.8,sample,1,2026-10-08T22:44:27.529763
Maharashtra,Nashik,Pimpalgaon Baswant,Wheat,Lokwan,FAQ,2026-07-28,2837.18,3111.78,2943.07,205.8,sample,1,2026-10-08T22:44:27.529772
Maharashtra,Nashik,Pimpalgaon Baswant,Wheat,Lokwan,FAQ,2026-07-29,2800.78,3156.89,2943.03,90.6,sample,1,2026-10-08T22:44:27.529779
Maharashtra,Nashik,Pimpalgaon Baswant,Wheat,Lokwan,FAQ,2026-07-30,2811.95,3102.46,2923.58,99.0,sample,1,2026-10-08T22:44:27.529786
Maharashtra,Nashik,Pimpalgaon Baswant,Wheat,Lokwan,FAQ,2026-07-31,2780.5,3085.35,2920.83,456.1,sample,1,2026-10-08T22:44:27.529793
Maharashtra,Nashik,Pimpalgaon Baswant,Wheat,Lokwan,FAQ,2026-08-01,2832.06,3135.65,2943.52,194.0,sample,1,2026-10-08T22:44:27.529799
Maharashtra,Nashik,Pimpalgaon Baswant,Wheat,Lokwan,FAQ,2026-08-03,2823.47,3120.63,2920.62,212.8,sample,1,2026-10-08T22:44:27.529807
Maharashtra,Nashik,Pimpalgaon Baswant,Wheat,Lokwan,FAQ,2026-08-04,2756.89,3117.99,2904.31,177.4,sample,1,2026-10-08T22:44:27.529814
Maharashtra,Nashik,Pimpalgaon Baswant,Wheat,Lokwan,FAQ,2026-08-05,2767.06,3124.48,2912.86,414.6,sample,1,2026-10-08T22:44:27.529820
Maharashtra,Nashik,Pimpalgaon Baswant,Wheat,Lokwan,FAQ,2026-08-06,2801.81,3140.15,2909.09,381.8,sample,1,2026-10-08T22:44:27.529827
Maharashtra,Nashik,Pimpalgaon Baswant,Wheat,Lokwan,FAQ,2026-08-07,2760.07,3044.54,2896.05,470.9,sample,1,2026-10-08T22:44:27.529834
Maharashtra,Nashik,Pimpalgaon Baswant,Wheat,Lokwan,FAQ,2026-08-08,2742.32,3106.24,2896.06,465.7,sample,1,2026-10-08T22:44:27.529842
Maharashtra,Nashik,Pimpalgaon Baswant,Wheat,Lokwan,FAQ,2026-08-10,2768.46,3032.6,2887.1,458.9,sample,1,2026-10-08T22:44:27.529850
Maharashtra,Nashik,Pimpalgaon Baswant,Wheat,Lokwan,FAQ,2026-08-11,2810.82,3037.38,2911.29,255.7,sample,1,2026-10-08T22:44:27.529857
Maharashtra,Nashik,Pimpalgaon Baswant,Wheat,Lokwan,FAQ,2026-08-12,2801.54,3068.74,2903.73,213.9,sample,1,2026-10-08T22:44:27.529866
Maharashtra,Nashik,Pimpalgaon Baswant,Wheat,Lokwan,FAQ,2026-08-13,2776.54,3048.78,2913.74,355.9,sample,1,2026-10-08T22:44:27.529873
Maharashtra,Nashik,Pimpalgaon Baswant,Wheat,Lokwan,FAQ,2026-08-14,2797.96,3028.69,2892.67,159.9,sample,1,2026-10-08T22:44:27.529880
Maharashtra,Nashik,Pimpalgaon Baswant,Wheat,Lokwan,FAQ,2026-08-15,2790.12,3105.86,2930.4,277.8,sample,1,2026-10-08T22:44:27.529886
Maharashtra,Nashik,Pimpalgaon Baswant,Wheat,Lokwan,FAQ,2026-08-17,2813.86,3122.91,2902.43,43.7,sample,1,2026-10-08T22:44:27.529894
Maharashtra,Nashik,Pimpalgaon Baswant,Wheat,Lokwan,FAQ,2026-08-18,2797.65,3043.46,2882.66,152.2,sample,1,2026-10-08T22:44:27.529900
Maharashtra,Nashik,Pimpalgaon Baswant,Wheat,Lokwan,FAQ,2026-08-19,2757.98,2995.79,2848.8,361.2,sample,1,2026-10-08T22:44:27.529907
Maharashtra,Nashik,Pimpalgaon Baswant,Wheat,Lokwan,FAQ,2026-08-20,2702.19,3024.33,2844.11,67.5,sample,1,2026-10-08T22:44:27.529915
Maharashtra,Nashik,Pimpalgaon Baswant,Wheat,Lokwan,FAQ,2026-08-21,2680.21,2968.95,2833.69,134.8,sample,1,2026-10-08T22:44:27.529922
Maharashtra,Nashik,Pimpalgaon Baswant,Wheat,Lokwan,FAQ,2026-08-22,2708.4,2934.42,2798.47,69.9,sample,1,2026-10-08T22:44:27.529929
Maharashtra,Nashik,Pimpalgaon Baswant,Wheat,Lokwan,FAQ,2026-08-24,2685.64,2993.52,2799.34,474.8,sample,1,2026-10-08T22:44:27.529937
Maharashtra,Nashik,Pimpalgaon Baswant,Wheat,Lokwan,FAQ,2026-08-25,2739.71,3037.0,2824.77,75.7,sample,1,2026-10-08T22:44:27.529945
Maharashtra,Nashik,Pimpalgaon Baswant,Wheat,Lokwan,FAQ,2026-08-26,2680.86,3007.33,2813.2,187.2,sample,1,2026-10-08T22:44:27.529952
Maharashtra,Nashik,Pimpalgaon Baswant,Wheat,Lokwan,FAQ,2026-08-27,2705.92,2973.32,2811.61,248.9,sample,1,2026-10-08T22:44:27.529959
Maharashtra,Nashik,Pimpalgaon Baswant,Wheat,Lokwan,FAQ,2026-08-28,2711.0,2968.17,2841.92,437.3,sample,1,2026-10-08T22:44:27.529974
Maharashtra,Nashik,Pimpalgaon Baswant,Wheat,Lokwan,FAQ,2026-08-29,2705.34,3045.43,2848.52,152.4,sample,1,2026-10-08T22:44:27.529984
Maharashtra,Nashik,Pimpalgaon Baswant,Wheat,Lokwan,FAQ,2026-08-31,2694.75,2991.93,2846.58,381.8,sample,1,2026-10-08T22:44:27.529993
Maharashtra,Nashik,Pimpalgaon Baswant,Wheat,Lokwan,FAQ,2026-09-01,2747.35,2961.82,2832.23,125.0,sample,1,2026-10-08T22:44:27.530002
Maharashtra,Nashik,Pimpalgaon Baswant,Wheat,Lokwan,FAQ,2026-09-02,2772.07,3049.37,2887.16,337.6,sample,1,2026-10-08T22:44:27.530009
Maharashtra,Nashik,Pimpalgaon Baswant,Wheat,Lokwan,FAQ,2026-09-03,2749.06,3125.18,2900.91,48.7,sample,1,2026-10-08T22:44:27.530018
Maharashtra,Nashik,Pimpalgaon Baswant,Wheat,Lokwan,FAQ,2026-09-04,2774.98,3077.11,2871.09,84.1,sample,1,2026-10-08T22:44:27.530026
Maharashtra,Nashik,Pimpalgaon Baswant,Wheat,Lokwan,FAQ,2026-09-05,2765.59,3035.29,2906.34,228.1,sample,1,2026-10-08T22:44:27.530033
Maharashtra,Nashik,Pimpalgaon Baswant,Wheat,Lokwan,FAQ,2026-09-07,2816.76,3124.96,2919.2,300.5,sample,1,2026-10-08T22:44:27.530042
Maharashtra,Nashik,Pimpalgaon Baswant,Wheat,Lokwan,FAQ,2026-09-08,2829.84,3147.39,2915.21,224.8,sample,1,2026-10-08T22:44:27.530049
Maharashtra,Nashik,Pimpalgaon Baswant,Wheat,Lokwan,FAQ,2026-09-09,2782.43,3060.91,2919.72,102.4,sample,1,2026-10-08T22:44:27.530057
Maharashtra,Nashik,Pimpalgaon Baswant,Wheat,Lokwan,FAQ,2026-09-10,2806.31,3030.18,2900.15,496.0,sample,1,2026-10-08T22:44:27.530065
Maharashtra,Nashik,Pimpalgaon Baswant,Wheat,Lokwan,FAQ,2026-09-11,2806.46,3097.66,2899.86,61.7,sample,1,2026-10-08T22:44:27.530073
Maharashtra,Nashik,Pimpalgaon Baswant,Wheat,Lokwan,FAQ,2026-09-12,2849.03,3156.97,2960.23,84.0,sample,1,2026-10-08T22:44:27.530082
Maharashtra,Nashik,Pimpalgaon Baswant,Wheat,Lokwan,FAQ,2026-09-14,2844.0,3065.5,2931.34,388.8,sample,1,2026-10-08T22:44:27.530090
Maharashtra,Nashik,Pimpalgaon Baswant,Wheat,Lokwan,FAQ,2026-09-15,2789.85,3051.41,2892.28,142.9,sample,1,2026-10-08T22:44:27.530098
Maharashtra,Nashik,Pimpalgaon Baswant,Wheat,Lokwan,FAQ,2026-09-16,2802.59,3044.75,2899.14,214.3,sample,1,2026-10-08T22:44:27.530105
Maharashtra,Nashik,Pimpalgaon Baswant,Wheat,Lokwan,FAQ,2026-09-17,2747.79,3113.87,2901.84,112.8,sample,1,2026-10-08T22:44:27.530112
Maharashtra,Nashik,Pimpalgaon Baswant,Wheat,Lokwan,FAQ,2026-09-18,2747.77,3062.17,2891.7,170.3,sample,1,2026-10-08T22:44:27.530121
Maharashtra,Nashik,Pimpalgaon Baswant,Wheat,Lokwan,FAQ,2026-09-19,2771.99,3023.94,2865.08,270.3,sample,1,2026-10-08T22:44:27.530128
Maharashtra,Nashik,Pimpalgaon Baswant,Wheat,Lokwan,FAQ,2026-09-21,2717.43,3017.56,2845.31,42.3,sample,1,2026-10-08T22:44:27.530135
Maharashtra,Nashik,Pimpalgaon Baswant,Wheat,Lokwan,FAQ,2026-09-22,2780.13,3064.42,2883.12,237.5,sample,1,2026-10-08T22:44:27.530142
Maharashtra,Nashik,Pimpalgaon Baswant,Wheat,Lokwan,FAQ,2026-09-23,2734.85,3060.39,2871.39,204.0,sample,1,2026-10-08T22:44:27.530149
Maharashtra,Nashik,Pimpalgaon Baswant,Wheat,Lokwan,FAQ,2026-09-24,2790.44,3080.93,2905.92,348.2,sample,1,2026-10-08T22:44:27.530158
Maharashtra,Nashik,Pimpalgaon Baswant,Wheat,Lokwan,FAQ,2026-09-25,2760.68,3059.62,2862.14,293.1,sample,1,2026-10-08T22:44:27.530165
Maharashtra,Nashik,Pimpalgaon Baswant,Wheat,Lokwan,FAQ,2026-09-26,2691.49,2965.65,2820.5,257.1,sample,1,2026-10-08T22:44:27.530171
Maharashtra,Nashik,Pimpalgaon Baswant,Wheat,Lokwan,FAQ,2026-09-28,2679.58,2981.48,2819.34,121.7,sample,1,2026-10-08T22:44:27.530179
Maharashtra,Nashik,Pimpalgaon Baswant,Wheat,Lokwan,FAQ,2026-09-29,2729.06,3070.34,2840.68,210.6,sample,1,2026-10-08T22:44:27.530186
Maharashtra,Nashik,Pimpalgaon Baswant,Wheat,Lokwan,FAQ,2026-09-30,2708.38,3020.16,2811.64,219.4,sample,1,2026-10-08T22:44:27.530192
Maharashtra,Nashik,Pimpalgaon Baswant,Wheat,Lokwan,FAQ,2026-10-01,2754.79,3061.19,2850.14,441.3,sample,1,2026-10-08T22:44:27.530199
Maharashtra,Nashik,Pimpalgaon Baswant,Wheat,Lokwan,FAQ,2026-10-02,2695.97,2968.38,2809.96,162.6,sample,1,2026-10-08T22:44:27.530207
Maharashtra,Nashik,Pimpalgaon Baswant,Wheat,Lokwan,FAQ,2026-10-03,2663.72,2969.98,2804.08,154.6,sample,1,2026-10-08T22:44:27.530214
Maharashtra,Nashik,Pimpalgaon Baswant,Wheat,Lokwan,FAQ,2026-10-05,2727.95,3044.26,2823.42,397.6,sample,1,2026-10-08T22:44:27.530222
Maharashtra,Nashik,Pimpalgaon Baswant,Wheat,Lokwan,FAQ,2026-10-06,2635.48,3013.58,2787.81,221.2,sample,1,2026-10-08T22:44:27.530230
Maharashtra,Nashik,Pimpalgaon Baswant,Wheat,Lokwan,FAQ,2026-10-07,2670.06,2965.01,2778.4,361.4,sample,1,2026-10-08T22:44:27.530238
Maharashtra,Nashik,Pimpalgaon Baswant,Wheat,Lokwan,FAQ,2026-10-08,2605.7,2910.11,2740.08,390.5,sample,1,2026-10-08T22:44:27.530245
Maharashtra,Ahilyanagar,Rahata,Onion,Red/Nasik,FAQ,2026-07-10,2018.1,2847.49,2387.98,110.9,sample,1,2026-10-08T22:44:27.530258
Maharashtra,Ahilyanagar,Rahata,Onion,Red/Nasik,FAQ,2026-07-11,2094.46,2839.51,2340.92,387.3,sample,1,2026-10-08T22:44:27.530266
Maharashtra,Ahilyanagar,Rahata,Onion,Red/Nasik,FAQ,2026-07-13,2017.13,2559.04,2254.26,258.4,sample,1,2026-10-08T22:44:27.530274
Maharashtra,Ahilyanagar,Rahata,Onion,Red/Nasik,FAQ,2026-07-14,2093.61,2721.65,2331.81,336.6,sample,1,2026-10-08T22:44:27.530281
Maharashtra,Ahilyanagar,Rahata,Onion,Red/Nasik,FAQ,2026-07-15,2100.49,2855.87,2444.58,143.3,sample,1,2026-10-08T22:44:27.530288
Maharashtra,Ahilyanagar,Rahata,Onion,Red/Nasik,FAQ,2026-07-16,2131.04,2895.54,2389.9,171.8,sample,1,2026-10-08T22:44:27.530294
Maharashtra,Ahilyanagar,Rahata,Onion,Red/Nasik,FAQ,2026-07-17,2043.98,2771.73,2331.23,52.0,sample,1,2026-10-08T22:44:27.530302
Maharashtra,Ahilyanagar,Rahata,Onion,Red/Nasik,FAQ,2026-07-18,1962.73,2688.38,2313.99,287.7,sample,1,2026-10-08T22:44:27.530310
Maharashtra,Ahilyanagar,Rahata,Onion,Red/Nasik,FAQ,2026-07-20,1974.21,2727.03,2299.21,385.9,sample,1,2026-10-08T22:44:27.530317
Maharashtra,Ahilyanagar,Rahata,Onion,Red/Nasik,FAQ,2026-07-21,2008.67,2824.24,2355.28,75.5,sample,1,2026-10-08T22:44:27.530324
Maharashtra,Ahilyanagar,Rahata,Onion,Red/Nasik,FAQ,2026-07-22,2104.88,2836.19,2436.17,86.7,sample,1,2026-10-08T22:44:27.530331
Maharashtra,Ahilyanagar,Rahata,Onion,Red/Nasik,FAQ,2026-07-23,2116.29,2891.4,2487.74,130.5,sample,1,2026-10-08T22:44:27.530338
Maharashtra,Ahilyanagar,Rahata,Onion,Red/Nasik,FAQ,2026-07-24,2254.36,2942.06,2468.52,258.0,sample,1,2026-10-08T22:44:27.530345
Maharashtra,Ahilyanagar,Rahata,Onion,Red/Nasik,FAQ,2026-07-25,2186.66,2858.15,2464.98,116.4,sample,1,2026-10-08T22:44:27.530351
Maharashtra,Ahilyanagar,Rahata,Onion,Red/Nasik,FAQ,2026-07-27,2233.73,2869.62,2460.91,234.9,sample,1,2026-10-08T22:44:27.530360
Maharashtra,Ahilyanagar,Rahata,Onion,Red/Nasik,FAQ,2026-07-28,2154.15,2863.84,2450.91,367.3,sample,1,2026-10-08T22:44:27.530367
Maharashtra,Ahilyanagar,Rahata,Onion,Red/Nasik,FAQ,2026-07-29,2077.85,2837.31,2419.59,94.2,sample,1,2026-10-08T22:44:27.530374
Maharashtra,Ahilyanagar,Rahata,Onion,Red/Nasik,FAQ,2026-07-30,2019.9,2921.13,2406.16,223.2,sample,1,2026-10-08T22:44:27.530381
Maharashtra,Ahilyanagar,Rahata,Onion,Red/Nasik,FAQ,2026-07-31,2080.13,2817.16,2431.07,124.6,sample,1,2026-10-08T22:44:27.530389
Maharashtra,Ahilyanagar,Rahata,Onion,Red/Nasik,FAQ,2026-08-01,2181.58,2988.42,2507.22,384.4,sample,1,2026-10-08T22:44:27.530396
Maharashtra,Ahilyanagar,Rahata,Onion,Red/Nasik,FAQ,2026-08-03,2289.59,3018.15,2569.54,198.5,sample,1,2026-10-08T22:44:27.530405
Maharashtra,Ahilyanagar,Rahata,Onion,Red/Nasik,FAQ,2026-08-04,2271.3,3054.4,2554.28,128.0,sample,1,2026-10-08T22:44:27.530411
Maharashtra,Ahilyanagar,Rahata,Onion,Red/Nasik,FAQ,2026-08-05,2187.21,3051.28,2564.74,310.8,sample,1,2026-10-08T22:44:27.530419
Maharashtra,Ahilyanagar,Rahata,Onion,Red/Nasik,FAQ,2026-08-06,2198.9,2853.49,2570.77,221.9,sample,1,2026-10-08T22:44:27.530426
Maharashtra,Ahilyanagar,Rahata,Onion,Red/Nasik,FAQ,2026-08-07,2176.27,3024.39,2505.96,90.5,sample,1,2026-10-08T22:44:27.530432
Maharashtra,Ahilyanagar,Rahata,Onion,Red/Nasik,FAQ,2026-08-08,2145.93,2920.1,2471.5,216.3,sample,1,2026-10-08T22:44:27.530439
Maharashtra,Ahilyanagar,Rahata,Onion,Red/Nasik,FAQ,2026-08-10,2128.72,2838.76,2450.4,349.2,sample,1,2026-10-08T22:44:27.530446
Maharashtra,Ahilyanagar,Rahata,Onion,Red/Nasik,FAQ,2026-08-11,2214.37,2991.83,2498.47,143.1,sample,1,2026-10-08T22:44:27.530454
Maharashtra,Ahilyanagar,Rahata,Onion,Red/Nasik,FAQ,2026-08-12,2242.52,2967.86,2458.44,89.4,sample,1,2026-10-08T22:44:27.530462
Maharashtra,Ahilyanagar,Rahata,Onion,Red/Nasik,FAQ,2026-08-13,2239.14,2977.73,2512.12,52.7,sample,1,2026-10-08T22:44:27.530470
Maharashtra,Ahilyanagar,Rahata,Onion,Red/Nasik,FAQ,2026-08-14,2126.54,2784.03,2438.72,309.1,sample,1,2026-10-08T22:44:27.530477
Maharashtra,Ahilyanagar,Rahata,Onion,Red/Nasik,FAQ,2026-08-15,2132.96,2779.53,2480.02,144.2,sample,1,2026-10-08T22:44:27.530484
Maharashtra,Ahilyanagar,Rahata,Onion,Red/Nasik,FAQ,2026-08-17,2171.77,2907.3,2467.49,423.3,sample,1,2026-10-08T22:44:27.530494
Maharashtra,Ahilyanagar,Rahata,Onion,Red/Nasik,FAQ,2026-08-18,2172.34,2829.79,2500.56,355.4,sample,1,2026-10-08T22:44:27.530501
Maharashtra,Ahilyanagar,Rahata,Onion,Red/Nasik,FAQ,2026-08-19,2251.83,2885.24,2470.04,406.7,sample,1,2026-10-08T22:44:27.530507
Maharashtra,Ahilyanagar,Rahata,Onion,Red/Nasik,FAQ,2026-08-20,2200.99,2913.55,2458.74,479.3,sample,1,2026-10-08T22:44:27.530514
Maharashtra,Ahilyanagar,Rahata,Onion,Red/Nasik,FAQ,2026-08-21,2242.4,2789.11,2491.37,155.5,sample,1,2026-10-08T22:44:27.530522
Maharashtra,Ahilyanagar,Rahata,Onion,Red/Nasik,FAQ,2026-08-22,2132.05,2744.94,2440.04,44.8,sample,1,2026-10-08T22:44:27.530530
Maharashtra,Ahilyanagar,Rahata,Onion,Red/Nasik,FAQ,2026-08-24,2103.81,2857.92,2420.07,395.0,sample,1,2026-10-08T22:44:27.530538
Maharashtra,Ahilyanagar,Rahata,Onion,Red/Nasik,FAQ,2026-08-25,2268.84,2842.17,2487.4,453.5,sample,1,2026-10-08T22:44:27.530546
Maharashtra,Ahilyanagar,Rahata,Onion,Red/Nasik,FAQ,2026-08-26,2301.08,2953.01,2538.17,445.6,sample,1,2026-10-08T22:44:27.530552
Maharashtra,Ahilyanagar,Rahata,Onion,Red/Nasik,FAQ,2026-08-27,2258.3,3124.08,2621.88,225.9,sample,1,2026-10-08T22:44:27.530559
Maharashtra,Ahilyanagar,Rahata,Onion,Red/Nasik,FAQ,2026-08-28,2211.66,3085.61,2595.33,317.0,sample,1,2026-10-08T22:44:27.530567
Maharashtra,Ahilyanagar,Rahata,Onion,Red/Nasik,FAQ,2026-08-29,2324.65,2893.66,2579.01,479.2,sample,1,2026-10-08T22:44:27.530574
Maharashtra,Ahilyanagar,Rahata,Onion,Red/Nasik,FAQ,2026-08-31,2200.67,3076.12,2571.83,179.1,sample,1,2026-10-08T22:44:27.530820
Maharashtra,Ahilyanagar,Rahata,Onion,Red/Nasik,FAQ,2026-09-01,2264.92,2839.34,2521.92,67.6,sample,1,2026-10-08T22:44:27.530846
Maharashtra,Ahilyanagar,Rahata,Onion,Red/Nasik,FAQ,2026-09-02,2283.47,2899.25,2504.52,492.8,sample,1,2026-10-08T22:44:27.530861
Maharashtra,Ahilyanagar,Rahata,Onion,Red/Nasik,FAQ,2026-09-03,2286.85,2995.12,2514.16,466.9,sample,1,2026-10-08T22:44:27.530871
Maharashtra,Ahilyanagar,Rahata,Onion,Red/Nasik,FAQ,2026-09-04,2317.88,2895.83,2596.67,402.1,sample,1,2026-10-08T22:44:27.530880
Maharashtra,Ahilyanagar,Rahata,Onion,Red/Nasik,FAQ,2026-09-05,2422.04,3098.29,2649.84,79.7,sample,1,2026-10-08T22:44:27.530886
Maharashtra,Ahilyanagar,Rahata,Onion,Red/Nasik,FAQ,2026-09-07,2366.31,3049.95,2600.65,308.2,sample,1,2026-10-08T22:44:27.530895
Maharashtra,Ahilyanagar,Rahata,Onion,Red/Nasik,FAQ,2026-09-08,2322.87,3071.99,2588.57,47.5,sample,1,2026-10-08T22:44:27.530902
Maharashtra,Ahilyanagar,Rahata,Onion,Red/Nasik,FAQ,2026-09-09,2317.48,2928.93,2647.9,486.5,sample,1,2026-10-08T22:44:27.530910
Maharashtra,Ahilyanagar,Rahata,Onion,Red/Nasik,FAQ,2026-09-10,2410.53,3186.99,2714.27,80.6,sample,1,2026-10-08T22:44:27.530916
Maharashtra,Ahilyanagar,Rahata,Onion,Red/Nasik,FAQ,2026-09-11,2411.83,3202.14,2717.88,177.6,sample,1,2026-10-08T22:44:27.530924
Maharashtra,Ahilyanagar,Rahata,Onion,Red/Nasik,FAQ,2026-09-12,2478.95,3109.86,2713.56,360.7,sample,1,2026-10-08T22:44:27.530930
Maharashtra,Ahilyanagar,Rahata,Onion,Red/Nasik,FAQ,2026-09-14,2320.0,3098.9,2704.56,274.6,sample,1,2026-10-08T22:44:27.530939
Maharashtra,Ahilyanagar,Rahata,Onion,Red/Nasik,FAQ,2026-09-15,2320.28,2969.33,2618.63,237.2,sample,1,2026-10-08T22:44:27.530947
Maharashtra,Ahilyanagar,Rahata,Onion,Red/Nasik,FAQ,2026-09-16,2223.59,2874.67,2575.54,462.3,sample,1,2026-10-08T22:44:27.530973
Maharashtra,Ahilyanagar,Rahata,Onion,Red/Nasik,FAQ,2026-09-17,2241.21,2968.61,2541.09,91.2,sample,1,2026-10-08T22:44:27.530984
Maharashtra,Ahilyanagar,Rahata,Onion,Red/Nasik,FAQ,2026-09-18,2242.48,2905.15,2556.45,154.8,sample,1,2026-10-08T22:44:27.530994
Maharashtra,Ahilyanagar,Rahata,Onion,Red/Nasik,FAQ,2026-09-19,2306.05,2906.97,2543.37,443.4,sample,1,2026-10-08T22:44:27.531000
Maharashtra,Ahilyanagar,Rahata,Onion,Red/Nasik,FAQ,2026-09-21,2190.28,2898.16,2565.89,63.6,sample,1,2026-10-08T22:44:27.531009
Maharashtra,Ahilyanagar,Rahata,Onion,Red/Nasik,FAQ,2026-09-22,2254.11,2955.54,2571.54,344.5,sample,1,2026-10-08T22:44:27.531015
Maharashtra,Ahilyanagar,Rahata,Onion,Red/Nasik,FAQ,2026-09-23,2265.32,2883.56,2520.91,116.9,sample,1,2026-10-08T22:44:27.531025
Maharashtra,Ahilyanagar,Rahata,Onion,Red/Nasik,FAQ,2026-09-24,2276.61,3006.62,2544.78,268.6,sample,1,2026-10-08T22:44:27.531032
Maharashtra,Ahilyanagar,Rahata,Onion,Red/Nasik,FAQ,2026-09-25,2292.04,2894.24,2527.05,263.8,sample,1,2026-10-08T22:44:27.531039
Maharashtra,Ahilyanagar,Rahata,Onion,Red/Nasik,FAQ,2026-09-26,2180.4,3040.19,2535.97,254.6,sample,1,2026-10-08T22:44:27.531047
Maharashtra,Ahilyanagar,Rahata,Onion,Red/Nasik,FAQ,2026-09-28,2191.2,2857.04,2450.87,458.5,sample,1,2026-10-08T22:44:27.531055
Maharashtra,Ahilyanagar,Rahata,Onion,Red/Nasik,FAQ,2026-09-29,2137.9,2849.65,2424.57,273.1,sample,1,2026-10-08T22:44:27.531062
Maharashtra,Ahilyanagar,Rahata,Onion,Red/Nasik,FAQ,2026-09-30,2100.79,2774.75,2487.4,88.7,sample,1,2026-10-08T22:44:27.531069
Maharashtra,Ahilyanagar,Rahata,Onion,Red/Nasik,FAQ,2026-10-01,2084.13,2920.58,2472.4,196.7,sample,1,2026-10-08T22:44:27.531076
Maharashtra,Ahilyanagar,Rahata,Onion,Red/Nasik,FAQ,2026-10-02,1977.9,2682.93,2352.96,207.5,sample,1,2026-10-08T22:44:27.531084
Maharashtra,Ahilyanagar,Rahata,Onion,Red/Nasik,FAQ,2026-10-03,2086.98,2880.62,2387.86,431.8,sample,1,2026-10-08T22:44:27.531090
Maharashtra,Ahilyanagar,Rahata,Onion,Red/Nasik,FAQ,2026-10-05,2188.54,2731.55,2414.1,225.9,sample,1,2026-10-08T22:44:27.531098
Maharashtra,Ahilyanagar,Rahata,Onion,Red/Nasik,FAQ,2026-10-06,2128.81,2842.48,2475.69,208.8,sample,1,2026-10-08T22:44:27.531105
Maharashtra,Ahilyanagar,Rahata,Onion,Red/Nasik,FAQ,2026-10-07,2167.41,2902.36,2463.16,78.2,sample,1,2026-10-08T22:44:27.531112
Maharashtra,Ahilyanagar,Rahata,Onion,Red/Nasik,FAQ,2026-10-08,2193.98,2995.54,2558.6,166.2,sample,1,2026-10-08T22:44:27.531120
Maharashtra,Ahilyanagar,Rahata,Soyabean,Yellow,FAQ,2026-07-10,4613.48,4993.25,4792.14,479.6,sample,1,2026-10-08T22:44:27.531132
Maharashtra,Ahilyanagar,Rahata,Soyabean,Yellow,FAQ,2026-07-11,4645.71,4950.2,4788.6,58.6,sample,1,2026-10-08T22:44:27.531139
Maharashtra,Ahilyanagar,Rahata,Soyabean,Yellow,FAQ,2026-07-13,4597.65,5020.6,4775.37,41.6,sample,1,2026-10-08T22:44:27.531147
Maharashtra,Ahilyanagar,Rahata,Soyabean,Yellow,FAQ,2026-07-14,4572.34,4972.31,4734.78,228.2,sample,1,2026-10-08T22:44:27.531154
Maharashtra,Ahilyanagar,Rahata,Soyabean,Yellow,FAQ,2026-07-15,4495.15,4925.59,4689.09,86.1,sample,1,2026-10-08T22:44:27.531161
Maharashtra,Ahilyanagar,Rahata,Soyabean,Yellow,FAQ,2026-07-16,4541.96,4816.05,4659.16,257.0,sample,1,2026-10-08T22:44:27.531168
Maharashtra,Ahilyanagar,Rahata,Soyabean,Yellow,FAQ,2026-07-17,4573.81,4870.97,4688.83,404.7,sample,1,2026-10-08T22:44:27.531175
Maharashtra,Ahilyanagar,Rahata,Soyabean,Yellow,FAQ,2026-07-18,4615.51,4902.55,4735.03,294.0,sample,1,2026-10-08T22:44:27.531182
Maharashtra,Ahilyanagar,Rahata,Soyabean,Yellow,FAQ,2026-07-20,4628.65,4963.53,4759.2,256.7,sample,1,2026-10-08T22:44:27.531190
Maharashtra,Ahilyanagar,Rahata,Soyabean,Yellow,FAQ,2026-07-21,4624.03,5010.12,4807.0,204.6,sample,1,2026-10-08T22:44:27.531199
Maharashtra,Ahilyanagar,Rahata,Soyabean,Yellow,FAQ,2026-07-22,4655.95,4936.58,4763.83,57.9,sample,1,2026-10-08T22:44:27.531208
Maharashtra,Ahilyanagar,Rahata,Soyabean,Yellow,FAQ,2026-07-23,4559.27,4904.05,4731.89,318.5,sample,1,2026-10-08T22:44:27.531215
Maharashtra,Ahilyanagar,Rahata,Soyabean,Yellow,FAQ,2026-07-24,4588.3,4988.2,4763.66,470.6,sample,1,2026-10-08T22:44:27.531222
Maharashtra,Ahilyanagar,Rahata,Soyabean,Yellow,FAQ,2026-07-25,4654.46,4934.25,4790.69,432.4,sample,1,2026-10-08T22:44:27.531228
Maharashtra,Ahilyanagar,Rahata,Soyabean,Yellow,FAQ,2026-07-27,4602.6,5047.89,4794.65,466.7,sample,1,2026-10-08T22:44:27.531237
Maharashtra,Ahilyanagar,Rahata,Soyabean,Yellow,FAQ,2026-07-28,4648.6,4985.61,4768.43,312.3,sample,1,2026-10-08T22:44:27.531244
Maharashtra,Ahilyanagar,Rahata,Soyabean,Yellow,FAQ,2026-07-29,4585.26,4948.62,4773.91,334.2,sample,1,2026-10-08T22:44:27.531252
Maharashtra,Ahilyanagar,Rahata,Soyabean,Yellow,FAQ,2026-07-30,4583.18,4955.55,4772.42,265.1,sample,1,2026-10-08T22:44:27.531258
Maharashtra,Ahilyanagar,Rahata,Soyabean,Yellow,FAQ,2026-07-31,4680.17,4995.79,4826.96,98.7,sample,1,2026-10-08T22:44:27.531266
Maharashtra,Ahilyanagar,Rahata,Soyabean,Yellow,FAQ,2026-08-01,4664.88,5060.7,4818.52,50.9,sample,1,2026-10-08T22:44:27.531274
Maharashtra,Ahilyanagar,Rahata,Soyabean,Yellow,FAQ,2026-08-03,4612.92,5025.3,4799.82,191.5,sample,1,2026-10-08T22:44:27.531282
Maharashtra,Ahilyanagar,Rahata,Soyabean,Yellow,FAQ,2026-08-04,4720.27,5065.98,4852.39,440.9,sample,1,2026-10-08T22:44:27.531289
Maharashtra,Ahilyanagar,Rahata,Soyabean,Yellow,FAQ,2026-08-05,4723.34,5048.3,4896.83,341.7,sample,1,2026-10-08T22:44:27.531296
Maharashtra,Ahilyanagar,Rahata,Soyabean,Yellow,FAQ,2026-08-06,4808.89,5146.48,4939.8,407.9,sample,1,2026-10-08T22:44:27.531304
Maharashtra,Ahilyanagar,Rahata,Soyabean,Yellow,FAQ,2026-08-07,4796.17,5057.14,4912.77,79.1,sample,1,2026-10-08T22:44:27.531312
Maharashtra,Ahilyanagar,Rahata,Soyabean,Yellow,FAQ,2026-08-08,4836.4,5193.95,4987.29,320.7,sample,1,2026-10-08T22:44:27.531319
Maharashtra,Ahilyanagar,Rahata,Soyabean,Yellow,FAQ,2026-08-10,4869.49,5263.24,5005.48,297.3,sample,1,2026-10-08T22:44:27.531327
Maharashtra,Ahilyanagar,Rahata,Soyabean,Yellow,FAQ,2026-08-11,4829.78,5141.7,4998.71,497.9,sample,1,2026-10-08T22:44:27.531334
Maharashtra,Ahilyanagar,Rahata,Soyabean,Yellow,FAQ,2026-08-12,4821.12,5094.02,4936.51,142.1,sample,1,2026-10-08T22:44:27.531344
Maharashtra,Ahilyanagar,Rahata,Soyabean,Yellow,FAQ,2026-08-13,4776.41,5167.92,4940.87,370.6,sample,1,2026-10-08T22:44:27.531355
Maharashtra,Ahilyanagar,Rahata,Soyabean,Yellow,FAQ,2026-08-14,4806.44,5159.46,4933.0,314.3,sample,1,2026-10-08T22:44:27.531363
Maharashtra,Ahilyanagar,Rahata,Soyabean,Yellow,FAQ,2026-08-15,4909.01,5252.97,5015.25,294.2,sample,1,2026-10-08T22:44:27.531370
Maharashtra,Ahilyanagar,Rahata,Soyabean,Yellow,FAQ,2026-08-17,4914.12,5300.78,5089.7,180.8,sample,1,2026-10-08T22:44:27.531379
Maharashtra,Ahilyanagar,Rahata,Soyabean,Yellow,FAQ,2026-08-18,4877.32,5256.82,5051.45,168.0,sample,1,2026-10-08T22:44:27.531387
Maharashtra,Ahilyanagar,Rahata,Soyabean,Yellow,FAQ,2026-08-19,4800.26,5192.66,4980.33,237.8,sample,1,2026-10-08T22:44:27.531394
Maharashtra,Ahilyanagar,Rahata,Soyabean,Yellow,FAQ,2026-08-20,4778.43,5163.56,4940.82,205.3,sample,1,2026-10-08T22:44:27.531401
Maharashtra,Ahilyanagar,Rahata,Soyabean,Yellow,FAQ,2026-08-21,4810.65,5106.31,4964.54,70.7,sample,1,2026-10-08T22:44:27.531409
Maharashtra,Ahilyanagar,Rahata,Soyabean,Yellow,FAQ,2026-08-22,4891.37,5180.52,5000.73,251.5,sample,1,2026-10-08T22:44:27.531415
Maharashtra,Ahilyanagar,Rahata,Soyabean,Yellow,FAQ,2026-08-24,4858.73,5244.38,4997.14,78.2,sample,1,2026-10-08T22:44:27.531423
Maharashtra,Ahilyanagar,Rahata,Soyabean,Yellow,FAQ,2026-08-25,4919.97,5246.92,5053.62,82.9,sample,1,2026-10-08T22:44:27.531432
Maharashtra,Ahilyanagar,Rahata,Soyabean,Yellow,FAQ,2026-08-26,4939.31,5261.06,5050.53,293.8,sample,1,2026-10-08T22:44:27.531440
Maharashtra,Ahilyanagar,Rahata,Soyabean,Yellow,FAQ,2026-08-27,4978.1,5262.09,5095.7,49.4,sample,1,2026-10-08T22:44:27.531448
Maharashtra,Ahilyanagar,Rahata,Soyabean,Yellow,FAQ,2026-08-28,4930.9,5285.41,5071.76,334.5,sample,1,2026-10-08T22:44:27.531455
Maharashtra,Ahilyanagar,Rahata,Soyabean,Yellow,FAQ,2026-08-29,4921.12,5278.01,5102.52,178.6,sample,1,2026-10-08T22:44:27.531462
Maharashtra,Ahilyanagar,Rahata,Soyabean,Yellow,FAQ,2026-08-31,4907.07,5272.69,5093.92,443.2,sample,1,2026-10-08T22:44:27.531470
Maharashtra,Ahilyanagar,Rahata,Soyabean,Yellow,FAQ,2026-09-01,4926.41,5206.07,5032.23,124.7,sample,1,2026-10-08T22:44:27.531476
Maharashtra,Ahilyanagar,Rahata,Soyabean,Yellow,FAQ,2026-09-02,4896.18,5193.03,5016.85,42.2,sample,1,2026-10-08T22:44:27.531484
Maharashtra,Ahilyanagar,Rahata,Soyabean,Yellow,FAQ,2026-09-03,4811.68,5069.15,4919.55,366.3,sample,1,2026-10-08T22:44:27.531491
Maharashtra,Ahilyanagar,Rahata,Soyabean,Yellow,FAQ,2026-09-04,4754.61,5143.47,4890.39,223.2,sample,1,2026-10-08T22:44:27.531498
Maharashtra,Ahilyanagar,Rahata,Soyabean,Yellow,FAQ,2026-09-05,4830.32,5149.19,4945.04,185.0,sample,1,2026-10-08T22:44:27.531511
Maharashtra,Ahilyanagar,Rahata,Soyabean,Yellow,FAQ,2026-09-07,4728.87,5103.5,4917.4,423.7,sample,1,2026-10-08T22:44:27.531520
Maharashtra,Ahilyanagar,Rahata,Soyabean,Yellow,FAQ,2026-09-08,4853.59,5194.73,5009.27,114.6,sample,1,2026-10-08T22:44:27.531527
Maharashtra,Ahilyanagar,Rahata,Soyabean,Yellow,FAQ,2026-09-09,4894.23,5252.3,5020.75,141.9,sample,1,2026-10-08T22:44:27.531535
Maharashtra,Ahilyanagar,Rahata,Soyabean,Yellow,FAQ,2026-09-10,4928.92,5282.3,5046.92,350.8,sample,1,2026-10-08T22:44:27.531542
Maharashtra,Ahilyanagar,Rahata,Soyabean,Yellow,FAQ,2026-09-11,4902.61,5177.52,5027.61,334.4,sample,1,2026-10-08T22:44:27.531550
Maharashtra,Ahilyanagar,Rahata,Soyabean,Yellow,FAQ,2026-09-12,4852.24,5196.91,5040.19,218.0,sample,1,2026-10-08T22:44:27.531557
Maharashtra,Ahilyanagar,Rahata,Soyabean,Yellow,FAQ,2026-09-14,4855.91,5248.05,5035.44,220.5,sample,1,2026-10-08T22:44:27.531565
Maharashtra,Ahilyanagar,Rahata,Soyabean,Yellow,FAQ,2026-09-15,4839.05,5248.3,5025.48,316.0,sample,1,2026-10-08T22:44:27.531573
Maharashtra,Ahilyanagar,Rahata,Soyabean,Yellow,FAQ,2026-09-16,4865.01,5155.44,4996.6,103.9,sample,1,2026-10-08T22:44:27.531581
Maharashtra,Ahilyanagar,Rahata,Soyabean,Yellow,FAQ,2026-09-17,4875.93,5168.96,4992.72,227.3,sample,1,2026-10-08T22:44:27.531589
Maharashtra,Ahilyanagar,Rahata,Soyabean,Yellow,FAQ,2026-09-18,4729.95,5099.52,4916.42,150.7,sample,1,2026-10-08T22:44:27.531597
Maharashtra,Ahilyanagar,Rahata,Soyabean,Yellow,FAQ,2026-09-19,4771.56,5081.14,4892.41,317.9,sample,1,2026-10-08T22:44:27.531604
Maharashtra,Ahilyanagar,Rahata,Soyabean,Yellow,FAQ,2026-09-21,4661.27,4933.27,4766.72,98.1,sample,1,2026-10-08T22:44:27.531612
Maharashtra,Ahilyanagar,Rahata,Soyabean,Yellow,FAQ,2026-09-22,4650.16,4931.07,4787.11,139.1,sample,1,2026-10-08T22:44:27.531618
Maharashtra,Ahilyanagar,Rahata,Soyabean,Yellow,FAQ,2026-09-23,4665.44,4991.7,4815.45,398.9,sample,1,2026-10-08T22:44:27.531626
Maharashtra,Ahilyanagar,Rahata,Soyabean,Yellow,FAQ,2026-09-24,4590.2,4910.03,4769.12,109.6,sample,1,2026-10-08T22:44:27.531634
Maharashtra,Ahilyanagar,Rahata,Soyabean,Yellow,FAQ,2026-09-25,4608.84,4927.4,4718.23,335.8,sample,1,2026-10-08T22:44:27.531642
Maharashtra,Ahilyanagar,Rahata,Soyabean,Yellow,FAQ,2026-09-26,4627.18,4965.51,4751.23,265.1,sample,1,2026-10-08T22:44:27.531648
Maharashtra,Ahilyanagar,Rahata,Soyabean,Yellow,FAQ,2026-09-28,4593.73,4916.46,4698.92,124.6,sample,1,2026-10-08T22:44:27.531657
Maharashtra,Ahilyanagar,Rahata,Soyabean,Yellow,FAQ,2026-09-29,4550.48,4888.83,4707.84,85.7,sample,1,2026-10-08T22:44:27.531666
Maharashtra,Ahilyanagar,Rahata,Soyabean,Yellow,FAQ,2026-09-30,4619.66,4984.7,4758.55,169.2,sample,1,2026-10-08T22:44:27.531673
Maharashtra,Ahilyanagar,Rahata,Soyabean,Yellow,FAQ,2026-10-01,4671.87,5022.86,4821.17,209.5,sample,1,2026-10-08T22:44:27.531680
Maharashtra,Ahilyanagar,Rahata,Soyabean,Yellow,FAQ,2026-10-02,4682.95,5062.91,4853.39,326.0,sample,1,2026-10-08T22:44:27.531689
Maharashtra,Ahilyanagar,Rahata,Soyabean,Yellow,FAQ,2026-10-03,4657.87,5010.97,4843.74,171.4,sample,1,2026-10-08T22:44:27.531696
Maharashtra,Ahilyanagar,Rahata,Soyabean,Yellow,FAQ,2026-10-05,4660.02,5009.4,4852.99,147.8,sample,1,2026-10-08T22:44:27.531706
Maharashtra,Ahilyanagar,Rahata,Soyabean,Yellow,FAQ,2026-10-06,4594.89,5004.61,4786.5,255.6,sample,1,2026-10-08T22:44:27.531713
Maharashtra,Ahilyanagar,Rahata,Soyabean,Yellow,FAQ,2026-10-07,4717.63,5009.2,4829.42,173.2,sample,1,2026-10-08T22:44:27.531720
Maharashtra,Ahilyanagar,Rahata,Soyabean,Yellow,FAQ,2026-10-08,4631.5,5043.09,4802.55,244.2,sample,1,2026-10-08T22:44:27.531727
Maharashtra,Ahilyanagar,Rahata,Wheat,Lokwan,FAQ,2026-07-10,2687.24,3000.28,2792.53,130.1,sample,1,2026-10-08T22:44:27.531735
Maharashtra,Ahilyanagar,Rahata,Wheat,Lokwan,FAQ,2026-07-11,2651.89,3004.66,2780.12,463.2,sample,1,2026-10-08T22:44:27.531744
Maharashtra,Ahilyanagar,Rahata,Wheat,Lokwan,FAQ,2026-07-13,2633.29,2919.54,2748.1,236.9,sample,1,2026-10-08T22:44:27.531754
Maharashtra,Ahilyanagar,Rahata,Wheat,Lokwan,FAQ,2026-07-14,2602.77,2836.07,2690.98,256.6,sample,1,2026-10-08T22:44:27.531761
Maharashtra,Ahilyanagar,Rahata,Wheat,Lokwan,FAQ,2026-07-15,2623.62,2927.27,2716.62,113.7,sample,1,2026-10-08T22:44:27.531772
Maharashtra,Ahilyanagar,Rahata,Wheat,Lokwan,FAQ,2026-07-16,2614.29,2906.15,2704.52,187.7,sample,1,2026-10-08T22:44:27.531781
Maharashtra,Ahilyanagar,Rahata,Wheat,Lokwan,FAQ,2026-07-17,2595.03,2888.28,2684.37,67.5,sample,1,2026-10-08T22:44:27.531788
Maharashtra,Ahilyanagar,Rahata,Wheat,Lokwan,FAQ,2026-07-18,2588.64,2815.63,2682.15,92.4,sample,1,2026-10-08T22:44:27.531795
Maharashtra,Ahilyanagar,Rahata,Wheat,Lokwan,FAQ,2026-07-20,2505.59,2784.96,2656.36,329.4,sample,1,2026-10-08T22:44:27.531806
Maharashtra,Ahilyanagar,Rahata,Wheat,Lokwan,FAQ,2026-07-21,2548.89,2839.47,2667.29,194.2,sample,1,2026-10-08T22:44:27.531819
Maharashtra,Ahilyanagar,Rahata,Wheat,Lokwan,FAQ,2026-07-22,2565.37,2868.61,2684.38,309.5,sample,1,2026-10-08T22:44:27.531834
Maharashtra,Ahilyanagar,Rahata,Wheat,Lokwan,FAQ,2026-07-23,2613.01,2843.08,2702.17,416.6,sample,1,2026-10-08T22:44:27.531870
Maharashtra,Ahilyanagar,Rahata,Wheat,Lokwan,FAQ,2026-07-24,2565.31,2856.94,2686.22,459.3,sample,1,2026-10-08T22:44:27.531884
Maharashtra,Ahilyanagar,Rahata,Wheat,Lokwan,FAQ,2026-07-25,2599.22,2846.15,2689.25,110.0,sample,1,2026-10-08T22:44:27.532032
Maharashtra,Ahilyanagar,Rahata,Wheat,Lokwan,FAQ,2026-07-27,2606.24,2898.94,2692.32,248.6,sample,1,2026-10-08T22:44:27.532078
Maharashtra,Ahilyanagar,Rahata,Wheat,Lokwan,FAQ,2026-07-28,2593.8,2926.14,2702.04,302.1,sample,1,2026-10-08T22:44:27.532095
Maharashtra,Ahilyanagar,Rahata,Wheat,Lokwan,FAQ,2026-07-29,2558.69,2805.66,2653.38,360.8,sample,1,2026-10-08T22:44:27.532110
Maharashtra,Ahilyanagar,Rahata,Wheat,Lokwan,FAQ,2026-07-30,2548.42,2801.38,2647.34,198.5,sample,1,2026-10-08T22:44:27.532123
Maharashtra,Ahilyanagar,Rahata,Wheat,Lokwan,FAQ,2026-07-31,2527.08,2830.61,2638.45,98.3,sample,1,2026-10-08T22:44:27.532151
Maharashtra,Ahilyanagar,Rahata,Wheat,Lokwan,FAQ,2026-08-01,2502.75,2851.38,2621.22,368.3,sample,1,2026-10-08T22:44:27.532164
Maharashtra,Ahilyanagar,Rahata,Wheat,Lokwan,FAQ,2026-08-03,2560.36,2858.65,2658.88,229.9,sample,1,2026-10-08T22:44:27.532179
Maharashtra,Ahilyanagar,Rahata,Wheat,Lokwan,FAQ,2026-08-04,2562.55,2908.9,2687.6,196.8,sample,1,2026-10-08T22:44:27.532194
Maharashtra,Ahilyanagar,Rahata,Wheat,Lokwan,FAQ,2026-08-05,2613.27,2836.86,2700.24,166.4,sample,1,2026-10-08T22:44:27.532208
Maharashtra,Ahilyanagar,Rahata,Wheat,Lokwan,FAQ,2026-08-06,2587.54,2948.21,2734.24,409.8,sample,1,2026-10-08T22:44:27.532220
Maharashtra,Ahilyanagar,Rahata,Wheat,Lokwan,FAQ,2026-08-07,2645.59,2923.23,2750.67,438.3,sample,1,2026-10-08T22:44:27.532233
Maharashtra,Ahilyanagar,Rahata,Wheat,Lokwan,FAQ,2026-08-08,2628.14,2995.39,2775.27,209.6,sample,1,2026-10-08T22:44:27.532246
Maharashtra,Ahilyanagar,Rahata,Wheat,Lokwan,FAQ,2026-08-10,2630.36,2946.01,2785.89,198.9,sample,1,2026-10-08T22:44:27.532260
Maharashtra,Ahilyanagar,Rahata,Wheat,Lokwan,FAQ,2026-08-11,2605.63,2983.15,2758.91,264.9,sample,1,2026-10-08T22:44:27.532272
Maharashtra,Ahilyanagar,Rahata,Wheat,Lokwan,FAQ,2026-08-12,2672.76,2986.52,2779.37,322.3,sample,1,2026-10-08T22:44:27.532286
Maharashtra,Ahilyanagar,Rahata,Wheat,Lokwan,FAQ,2026-08-13,2593.3,2901.77,2747.67,243.0,sample,1,2026-10-08T22:44:27.532299
Maharashtra,Ahilyanagar,Rahata,Wheat,Lokwan,FAQ,2026-08-14,2646.82,2956.61,2742.68,305.8,sample,1,2026-10-08T22:44:27.532312
Maharashtra,Ahilyanagar,Rahata,Wheat,Lokwan,FAQ,2026-08-15,2635.41,2986.09,2770.4,50.0,sample,1,2026-10-08T22:44:27.532334
Maharashtra,Ahilyanagar,Rahata,Wheat,Lokwan,FAQ,2026-08-17,2675.6,2930.65,2760.02,99.6,sample,1,2026-10-08T22:44:27.532348
Maharashtra,Ahilyanagar,Rahata,Wheat,Lokwan,FAQ,2026-08-18,2644.19,2930.37,2769.05,285.6,sample,1,2026-10-08T22:44:27.532361
Maharashtra,Ahilyanagar,Rahata,Wheat,Lokwan,FAQ,2026-08-19,2621.11,2895.9,2764.04,234.0,sample,1,2026-10-08T22:44:27.532374
Maharashtra,Ahilyanagar,Rahata,Wheat,Lokwan,FAQ,2026-08-20,2682.67,2950.08,2775.77,232.2,sample,1,2026-10-08T22:44:27.532387
Maharashtra,Ahilyanagar,Rahata,Wheat,Lokwan,FAQ,2026-08-21,2642.14,2903.31,2742.8,50.0,sample,1,2026-10-08T22:44:27.532403
Maharashtra,Ahilyanagar,Rahata,Wheat,Lokwan,FAQ,2026-08-22,2631.07,2956.79,2746.81,158.4,sample,1,2026-10-08T22:44:27.532416
Maharashtra,Ahilyanagar,Rahata,Wheat,Lokwan,FAQ,2026-08-24,2695.71,2973.12,2784.96,178.5,sample,1,2026-10-08T22:44:27.532431
Maharashtra,Ahilyanagar,Rahata,Wheat,Lokwan,FAQ,2026-08-25,2603.72,2947.19,2750.26,454.5,sample,1,2026-10-08T22:44:27.532443
Maharashtra,Ahilyanagar,Rahata,Wheat,Lokwan,FAQ,2026-08-26,2664.38,2948.74,2769.45,293.0,sample,1,2026-10-08T22:44:27.532456
Maharashtra,Ahilyanagar,Rahata,Wheat,Lokwan,FAQ,2026-08-27,2665.26,3037.94,2810.97,361.6,sample,1,2026-10-08T22:44:27.532471
Maharashtra,Ahilyanagar,Rahata,Wheat,Lokwan,FAQ,2026-08-28,2660.0,3040.6,2809.57,372.6,sample,1,2026-10-08T22:44:27.532484
Maharashtra,Ahilyanagar,Rahata,Wheat,Lokwan,FAQ,2026-08-29,2688.43,3026.55,2805.81,211.8,sample,1,2026-10-08T22:44:27.532497
Maharashtra,Ahilyanagar,Rahata,Wheat,Lokwan,FAQ,2026-08-31,2687.45,2994.21,2818.64,133.7,sample,1,2026-10-08T22:44:27.532511
Maharashtra,Ahilyanagar,Rahata,Wheat,Lokwan,FAQ,2026-09-01,2670.78,2984.77,2801.56,83.1,sample,1,2026-10-08T22:44:27.532523
Maharashtra,Ahilyanagar,Rahata,Wheat,Lokwan,FAQ,2026-09-02,2612.69,2997.24,2764.86,106.2,sample,1,2026-10-08T22:44:27.532536
Maharashtra,Ahilyanagar,Rahata,Wheat,Lokwan,FAQ,2026-09-03,2675.66,2951.19,2777.16,376.3,sample,1,2026-10-08T22:44:27.532550
Maharashtra,Ahilyanagar,Rahata,Wheat,Lokwan,FAQ,2026-09-04,2657.68,2984.47,2782.53,185.7,sample,1,2026-10-08T22:44:27.532567
Maharashtra,Ahilyanagar,Rahata,Wheat,Lokwan,FAQ,2026-09-05,2654.28,2958.59,2789.96,224.1,sample,1,2026-10-08T22:44:27.532581
Maharashtra,Ahilyanagar,Rahata,Wheat,Lokwan,FAQ,2026-09-07,2691.29,2983.54,2789.48,348.6,sample,1,2026-10-08T22:44:27.532613
Maharashtra,Ahilyanagar,Rahata,Wheat,Lokwan,FAQ,2026-09-08,2640.58,2996.34,2785.69,411.7,sample,1,2026-10-08T22:44:27.532628
Maharashtra,Ahilyanagar,Rahata,Wheat,Lokwan,FAQ,2026-09-09,2694.97,2924.76,2783.82,405.1,sample,1,2026-10-08T22:44:27.532639
Maharashtra,Ahilyanagar,Rahata,Wheat,Lokwan,FAQ,2026-09-10,2690.26,2999.91,2785.17,426.9,sample,1,2026-10-08T22:44:27.532646
Maharashtra,Ahilyanagar,Rahata,Wheat,Lokwan,FAQ,2026-09-11,2695.06,2996.73,2816.36,163.5,sample,1,2026-10-08T22:44:27.532654
Maharashtra,Ahilyanagar,Rahata,Wheat,Lokwan,FAQ,2026-09-12,2677.96,2943.21,2789.87,483.8,sample,1,2026-10-08T22:44:27.532661
Maharashtra,Ahilyanagar,Rahata,Wheat,Lokwan,FAQ,2026-09-14,2635.38,2945.25,2773.58,247.6,sample,1,2026-10-08T22:44:27.532669
Maharashtra,Ahilyanagar,Rahata,Wheat,Lokwan,FAQ,2026-09-15,2644.38,2898.35,2769.87,403.4,sample,1,2026-10-08T22:44:27.532676
Maharashtra,Ahilyanagar,Rahata,Wheat,Lokwan,FAQ,2026-09-16,2682.48,2975.17,2805.38,372.9,sample,1,2026-10-08T22:44:27.532683
Maharashtra,Ahilyanagar,Rahata,Wheat,Lokwan,FAQ,2026-09-17,2734.18,3065.44,2864.13,215.3,sample,1,2026-10-08T22:44:27.532690
Maharashtra,Ahilyanagar,Rahata,Wheat,Lokwan,FAQ,2026-09-18,2779.53,3106.83,2881.76,449.7,sample,1,2026-10-08T22:44:27.532697
Maharashtra,Ahilyanagar,Rahata,Wheat,Lokwan,FAQ,2026-09-19,2701.38,3039.23,2848.5,51.1,sample,1,2026-10-08T22:44:27.532706
Maharashtra,Ahilyanagar,Rahata,Wheat,Lokwan,FAQ,2026-09-21,2796.99,3104.39,2901.15,63.9,sample,1,2026-10-08T22:44:27.532714
Maharashtra,Ahilyanagar,Rahata,Wheat,Lokwan,FAQ,2026-09-22,2744.04,3032.19,2890.47,326.0,sample,1,2026-10-08T22:44:27.532720
Maharashtra,Ahilyanagar,Rahata,Wheat,Lokwan,FAQ,2026-09-23,2761.79,3035.63,2886.39,63.0,sample,1,2026-10-08T22:44:27.532728
Maharashtra,Ahilyanagar,Rahata,Wheat,Lokwan,FAQ,2026-09-24,2739.51,3092.65,2870.53,40.4,sample,1,2026-10-08T22:44:27.532734
Maharashtra,Ahilyanagar,Rahata,Wheat,Lokwan,FAQ,2026-09-25,2771.76,3061.27,2883.95,402.1,sample,1,2026-10-08T22:44:27.532741
Maharashtra,Ahilyanagar,Rahata,Wheat,Lokwan,FAQ,2026-09-26,2771.17,3093.99,2893.37,365.9,sample,1,2026-10-08T22:44:27.532748
Maharashtra,Ahilyanagar,Rahata,Wheat,Lokwan,FAQ,2026-09-28,2836.25,3118.44,2935.86,274.4,sample,1,2026-10-08T22:44:27.532757
Maharashtra,Ahilyanagar,Rahata,Wheat,Lokwan,FAQ,2026-09-29,2817.44,3152.09,2947.44,56.4,sample,1,2026-10-08T22:44:27.532764
Maharashtra,Ahilyanagar,Rahata,Wheat,Lokwan,FAQ,2026-09-30,2834.97,3094.63,2939.26,69.4,sample,1,2026-10-08T22:44:27.532771
Maharashtra,Ahilyanagar,Rahata,Wheat,Lokwan,FAQ,2026-10-01,2827.97,3163.69,2941.18,196.4,sample,1,2026-10-08T22:44:27.532780
Maharashtra,Ahilyanagar,Rahata,Wheat,Lokwan,FAQ,2026-10-02,2817.64,3109.89,2915.39,87.4,sample,1,2026-10-08T22:44:27.532787
Maharashtra,Ahilyanagar,Rahata,Wheat,Lokwan,FAQ,2026-10-03,2744.34,3014.88,2865.42,182.7,sample,1,2026-10-08T22:44:27.532794
Maharashtra,Ahilyanagar,Rahata,Wheat,Lokwan,FAQ,2026-10-05,2750.87,3042.5,2849.06,45.5,sample,1,2026-10-08T22:44:27.532801
Maharashtra,Ahilyanagar,Rahata,Wheat,Lokwan,FAQ,2026-10-06,2722.58,3054.74,2872.98,186.2,sample,1,2026-10-08T22:44:27.532809
Maharashtra,Ahilyanagar,Rahata,Wheat,Lokwan,FAQ,2026-10-07,2721.89,3041.12,2866.43,160.6,sample,1,2026-10-08T22:44:27.532816
Maharashtra,Ahilyanagar,Rahata,Wheat,Lokwan,FAQ,2026-10-08,2783.87,3100.57,2874.44,57.1,sample,1,2026-10-08T22:44:27.532823
Maharashtra,Ahilyanagar,Shrirampur,Onion,Red/Nasik,FAQ,2026-07-10,2049.32,2754.74,2377.59,318.9,sample,1,2026-10-08T22:44:27.532836
Maharashtra,Ahilyanagar,Shrirampur,Onion,Red/Nasik,FAQ,2026-07-11,1982.37,2752.27,2317.27,133.9,sample,1,2026-10-08T22:44:27.532843
Maharashtra,Ahilyanagar,Shrirampur,Onion,Red/Nasik,FAQ,2026-07-13,2071.72,2704.76,2300.93,219.1,sample,1,2026-10-08T22:44:27.532873
Maharashtra,Ahilyanagar,Shrirampur,Onion,Red/Nasik,FAQ,2026-07-14,1863.75,2654.49,2250.32,234.3,sample,1,2026-10-08T22:44:27.532888
Maharashtra,Ahilyanagar,Shrirampur,Onion,Red/Nasik,FAQ,2026-07-15,1950.49,2681.77,2309.28,203.9,sample,1,2026-10-08T22:44:27.532898
Maharashtra,Ahilyanagar,Shrirampur,Onion,Red/Nasik,FAQ,2026-07-16,2000.06,2747.63,2342.51,345.4,sample,1,2026-10-08T22:44:27.532908
Maharashtra,Ahilyanagar,Shrirampur,Onion,Red/Nasik,FAQ,2026-07-17,1984.22,2803.44,2350.78,437.8,sample,1,2026-10-08T22:44:27.532916
Maharashtra,Ahilyanagar,Shrirampur,Onion,Red/Nasik,FAQ,2026-07-18,2094.38,2879.26,2364.29,135.4,sample,1,2026-10-08T22:44:27.532923
Maharashtra,Ahilyanagar,Shrirampur,Onion,Red/Nasik,FAQ,2026-07-20,2071.93,2800.1,2378.97,234.1,sample,1,2026-10-08T22:44:27.532932
Maharashtra,Ahilyanagar,Shrirampur,Onion,Red/Nasik,FAQ,2026-07-21,2129.98,2735.12,2419.13,210.0,sample,1,2026-10-08T22:44:27.532939
Maharashtra,Ahilyanagar,Shrirampur,Onion,Red/Nasik,FAQ,2026-07-22,2134.72,2826.73,2389.26,394.4,sample,1,2026-10-08T22:44:27.532946
Maharashtra,Ahilyanagar,Shrirampur,Onion,Red/Nasik,FAQ,2026-07-23,2111.43,2760.83,2413.08,218.4,sample,1,2026-10-08T22:44:27.532953
Maharashtra,Ahilyanagar,Shrirampur,Onion,Red/Nasik,FAQ,2026-07-24,2022.96,2844.04,2395.94,194.2,sample,1,2026-10-08T22:44:27.532960
Maharashtra,Ahilyanagar,Shrirampur,Onion,Red/Nasik,FAQ,2026-07-25,2155.1,2816.42,2372.9,288.1,sample,1,2026-10-08T22:44:27.532968
Maharashtra,Ahilyanagar,Shrirampur,Onion,Red/Nasik,FAQ,2026-07-27,2055.27,2789.06,2363.92,135.7,sample,1,2026-10-08T22:44:27.532976
Maharashtra,Ahilyanagar,Shrirampur,Onion,Red/Nasik,FAQ,2026-07-28,2056.87,2879.86,2413.53,43.0,sample,1,2026-10-08T22:44:27.532983
Maharashtra,Ahilyanagar,Shrirampur,Onion,Red/Nasik,FAQ,2026-07-29,2180.98,2897.53,2419.35,122.2,sample,1,2026-10-08T22:44:27.532990
Maharashtra,Ahilyanagar,Shrirampur,Onion,Red/Nasik,FAQ,2026-07-30,2023.85,2752.76,2369.56,297.7,sample,1,2026-10-08T22:44:27.532997
Maharashtra,Ahilyanagar,Shrirampur,Onion,Red/Nasik,FAQ,2026-07-31,2120.99,2712.55,2343.52,379.8,sample,1,2026-10-08T22:44:27.533004
Maharashtra,Ahilyanagar,Shrirampur,Onion,Red/Nasik,FAQ,2026-08-01,2090.16,2667.96,2311.18,442.4,sample,1,2026-10-08T22:44:27.533011
Maharashtra,Ahilyanagar,Shrirampur,Onion,Red/Nasik,FAQ,2026-08-03,2052.93,2619.35,2282.1,409.7,sample,1,2026-10-08T22:44:27.533020
Maharashtra,Ahilyanagar,Shrirampur,Onion,Red/Nasik,FAQ,2026-08-04,2020.08,2639.87,2314.16,461.0,sample,1,2026-10-08T22:44:27.533027
Maharashtra,Ahilyanagar,Shrirampur,Onion,Red/Nasik,FAQ,2026-08-05,1956.13,2743.71,2251.07,427.5,sample,1,2026-10-08T22:44:27.533036
Maharashtra,Ahilyanagar,Shrirampur,Onion,Red/Nasik,FAQ,2026-08-06,1914.89,2703.62,2239.89,142.9,sample,1,2026-10-08T22:44:27.533047
Maharashtra,Ahilyanagar,Shrirampur,Onion,Red/Nasik,FAQ,2026-08-07,1926.19,2777.62,2307.21,255.8,sample,1,2026-10-08T22:44:27.533054
Maharashtra,Ahilyanagar,Shrirampur,Onion,Red/Nasik,FAQ,2026-08-08,1859.42,2743.02,2234.99,93.3,sample,1,2026-10-08T22:44:27.533061
Maharashtra,Ahilyanagar,Shrirampur,Onion,Red/Nasik,FAQ,2026-08-10,2046.19,2592.22,2281.43,376.9,sample,1,2026-10-08T22:44:27.533069
Maharashtra,Ahilyanagar,Shrirampur,Onion,Red/Nasik,FAQ,2026-08-11,1914.72,2743.34,2242.17,131.3,sample,1,2026-10-08T22:44:27.533076
Maharashtra,Ahilyanagar,Shrirampur,Onion,Red/Nasik,FAQ,2026-08-12,1959.25,2548.83,2248.92,73.7,sample,1,2026-10-08T22:44:27.533083
Maharashtra,Ahilyanagar,Shrirampur,Onion,Red/Nasik,FAQ,2026-08-13,1875.57,2686.4,2234.48,168.2,sample,1,2026-10-08T22:44:27.533090
Maharashtra,Ahilyanagar,Shrirampur,Onion,Red/Nasik,FAQ,2026-08-14,1966.34,2757.56,2264.33,483.6,sample,1,2026-10-08T22:44:27.533098
Maharashtra,Ahilyanagar,Shrirampur,Onion,Red/Nasik,FAQ,2026-08-15,2064.13,2774.99,2336.91,430.4,sample,1,2026-10-08T22:44:27.533105
Maharashtra,Ahilyanagar,Shrirampur,Onion,Red/Nasik,FAQ,2026-08-17,2021.54,2777.85,2316.08,423.7,sample,1,2026-10-08T22:44:27.533113
Maharashtra,Ahilyanagar,Shrirampur,Onion,Red/Nasik,FAQ,2026-08-18,1913.89,2761.75,2264.96,470.0,sample,1,2026-10-08T22:44:27.533121
Maharashtra,Ahilyanagar,Shrirampur,Onion,Red/Nasik,FAQ,2026-08-19,1942.82,2608.56,2238.27,366.5,sample,1,2026-10-08T22:44:27.533128
Maharashtra,Ahilyanagar,Shrirampur,Onion,Red/Nasik,FAQ,2026-08-20,1894.23,2647.69,2182.44,225.2,sample,1,2026-10-08T22:44:27.533136
Maharashtra,Ahilyanagar,Shrirampur,Onion,Red/Nasik,FAQ,2026-08-21,1829.26,2602.19,2148.57,213.7,sample,1,2026-10-08T22:44:27.533143
Maharashtra,Ahilyanagar,Shrirampur,Onion,Red/Nasik,FAQ,2026-08-22,1804.42,2495.01,2168.26,398.3,sample,1,2026-10-08T22:44:27.533150
Maharashtra,Ahilyanagar,Shrirampur,Onion,Red/Nasik,FAQ,2026-08-24,1968.08,2562.83,2244.08,419.1,sample,1,2026-10-08T22:44:27.533158
Maharashtra,Ahilyanagar,Shrirampur,Onion,Red/Nasik,FAQ,2026-08-25,1993.66,2567.56,2254.34,350.3,sample,1,2026-10-08T22:44:27.533201
Maharashtra,Ahilyanagar,Shrirampur,Onion,Red/Nasik,FAQ,2026-08-26,1886.97,2667.22,2237.43,480.3,sample,1,2026-10-08T22:44:27.533208
Maharashtra,Ahilyanagar,Shrirampur,Onion,Red/Nasik,FAQ,2026-08-27,1954.9,2678.78,2197.71,306.5,sample,1,2026-10-08T22:44:27.533214
Maharashtra,Ahilyanagar,Shrirampur,Onion,Red/Nasik,FAQ,2026-08-28,1883.45,2488.92,2205.73,49.8,sample,1,2026-10-08T22:44:27.533222
Maharashtra,Ahilyanagar,Shrirampur,Onion,Red/Nasik,FAQ,2026-08-29,1838.84,2568.41,2173.63,151.9,sample,1,2026-10-08T22:44:27.533230
Maharashtra,Ahilyanagar,Shrirampur,Onion,Red/Nasik,FAQ,2026-08-31,1905.13,2637.57,2203.84,92.6,sample,1,2026-10-08T22:44:27.533238
Maharashtra,Ahilyanagar,Shrirampur,Onion,Red/Nasik,FAQ,2026-09-01,1843.34,2575.66,2216.76,382.8,sample,1,2026-10-08T22:44:27.533245
Maharashtra,Ahilyanagar,Shrirampur,Onion,Red/Nasik,FAQ,2026-09-02,1899.42,2735.3,2237.01,232.8,sample,1,2026-10-08T22:44:27.533252
Maharashtra,Ahilyanagar,Shrirampur,Onion,Red/Nasik,FAQ,2026-09-03,2035.89,2539.27,2251.42,224.6,sample,1,2026-10-08T22:44:27.533259
Maharashtra,Ahilyanagar,Shrirampur,Onion,Red/Nasik,FAQ,2026-09-04,1850.0,2663.23,2180.5,458.5,sample,1,2026-10-08T22:44:27.533266
Maharashtra,Ahilyanagar,Shrirampur,Onion,Red/Nasik,FAQ,2026-09-05,1839.83,2644.69,2157.45,462.5,sample,1,2026-10-08T22:44:27.533273
Maharashtra,Ahilyanagar,Shrirampur,Onion,Red/Nasik,FAQ,2026-09-07,1876.37,2629.04,2177.74,204.8,sample,1,2026-10-08T22:44:27.533281
Maharashtra,Ahilyanagar,Shrirampur,Onion,Red/Nasik,FAQ,2026-09-08,1855.28,2650.31,2226.28,89.6,sample,1,2026-10-08T22:44:27.533288
Maharashtra,Ahilyanagar,Shrirampur,Onion,Red/Nasik,FAQ,2026-09-09,1952.97,2519.92,2179.4,151.5,sample,1,2026-10-08T22:44:27.533295
Maharashtra,Ahilyanagar,Shrirampur,Onion,Red/Nasik,FAQ,2026-09-10,1790.4,2563.01,2161.72,230.1,sample,1,2026-10-08T22:44:27.533305
Maharashtra,Ahilyanagar,Shrirampur,Onion,Red/Nasik,FAQ,2026-09-11,1771.54,2441.34,2103.72,111.7,sample,1,2026-10-08T22:44:27.533312
Maharashtra,Ahilyanagar,Shrirampur,Onion,Red/Nasik,FAQ,2026-09-12,1673.38,2343.16,2041.17,497.7,sample,1,2026-10-08T22:44:27.533319
Maharashtra,Ahilyanagar,Shrirampur,Onion,Red/Nasik,FAQ,2026-09-14,1698.97,2408.89,2027.3,107.3,sample,1,2026-10-08T22:44:27.533327
Maharashtra,Ahilyanagar,Shrirampur,Onion,Red/Nasik,FAQ,2026-09-15,1739.0,2396.81,2042.32,287.8,sample,1,2026-10-08T22:44:27.533334
Maharashtra,Ahilyanagar,Shrirampur,Onion,Red/Nasik,FAQ,2026-09-16,1674.28,2563.82,2046.58,269.1,sample,1,2026-10-08T22:44:27.533341
Maharashtra,Ahilyanagar,Shrirampur,Onion,Red/Nasik,FAQ,2026-09-17,1931.05,2444.82,2164.19,413.0,sample,1,2026-10-08T22:44:27.533348
Maharashtra,Ahilyanagar,Shrirampur,Onion,Red/Nasik,FAQ,2026-09-18,1812.71,2426.11,2141.12,219.9,sample,1,2026-10-08T22:44:27.533355
Maharashtra,Ahilyanagar,Shrirampur,Onion,Red/Nasik,FAQ,2026-09-19,1855.06,2427.0,2073.99,383.3,sample,1,2026-10-08T22:44:27.533362
Maharashtra,Ahilyanagar,Shrirampur,Onion,Red/Nasik,FAQ,2026-09-21,1780.62,2510.95,2096.68,195.4,sample,1,2026-10-08T22:44:27.533370
Maharashtra,Ahilyanagar,Shrirampur,Onion,Red/Nasik,FAQ,2026-09-22,1817.32,2379.22,2064.84,443.6,sample,1,2026-10-08T22:44:27.533378
Maharashtra,Ahilyanagar,Shrirampur,Onion,Red/Nasik,FAQ,2026-09-23,1676.85,2509.17,2018.18,360.2,sample,1,2026-10-08T22:44:27.533385
Maharashtra,Ahilyanagar,Shrirampur,Onion,Red/Nasik,FAQ,2026-09-24,1829.55,2411.49,2075.22,453.4,sample,1,2026-10-08T22:44:27.533392
Maharashtra,Ahilyanagar,Shrirampur,Onion,Red/Nasik,FAQ,2026-09-25,1869.93,2599.64,2148.58,423.0,sample,1,2026-10-08T22:44:27.533399
Maharashtra,Ahilyanagar,Shrirampur,Onion,Red/Nasik,FAQ,2026-09-26,1819.85,2349.08,2065.99,457.3,sample,1,2026-10-08T22:44:27.533407
Maharashtra,Ahilyanagar,Shrirampur,Onion,Red/Nasik,FAQ,2026-09-28,1871.75,2568.16,2091.18,310.8,sample,1,2026-10-08T22:44:27.533415
Maharashtra,Ahilyanagar,Shrirampur,Onion,Red/Nasik,FAQ,2026-09-29,1885.1,2493.38,2106.97,92.4,sample,1,2026-10-08T22:44:27.533422
Maharashtra,Ahilyanagar,Shrirampur,Onion,Red/Nasik,FAQ,2026-09-30,1872.23,2643.49,2235.88,60.6,sample,1,2026-10-08T22:44:27.533429
Maharashtra,Ahilyanagar,Shrirampur,Onion,Red/Nasik,FAQ,2026-10-01,1937.43,2758.02,2242.24,146.1,sample,1,2026-10-08T22:44:27.533437
Maharashtra,Ahilyanagar,Shrirampur,Onion,Red/Nasik,FAQ,2026-10-02,1962.58,2724.29,2232.9,316.1,sample,1,2026-10-08T22:44:27.533444
Maharashtra,Ahilyanagar,Shrirampur,Onion,Red/Nasik,FAQ,2026-10-03,1956.05,2642.31,2198.4,326.0,sample,1,2026-10-08T22:44:27.533452
Maharashtra,Ahilyanagar,Shrirampur,Onion,Red/Nasik,FAQ,2026-10-05,1880.98,2650.12,2218.11,231.9,sample,1,2026-10-08T22:44:27.533460
Maharashtra,Ahilyanagar,Shrirampur,Onion,Red/Nasik,FAQ,2026-10-06,2109.25,2800.06,2335.18,221.2,sample,1,2026-10-08T22:44:27.533467
Maharashtra,Ahilyanagar,Shrirampur,Onion,Red/Nasik,FAQ,2026-10-07,1961.67,2738.39,2263.8,104.6,sample,1,2026-10-08T22:44:27.533474
Maharashtra,Ahilyanagar,Shrirampur,Onion,Red/Nasik,FAQ,2026-10-08,2016.31,2683.44,2250.99,279.2,sample,1,2026-10-08T22:44:27.533481
Maharashtra,Ahilyanagar,Shrirampur,Soyabean,Yellow,FAQ,2026-07-10,4519.53,4869.39,4693.02,251.1,sample,1,2026-10-08T22:44:27.533491
Maharashtra,Ahilyanagar,Shrirampur,Soyabean,Yellow,FAQ,2026-07-11,4622.27,4960.81,4790.04,250.7,sample,1,2026-10-08T22:44:27.533498
Maharashtra,Ahilyanagar,Shrirampur,Soyabean,Yellow,FAQ,2026-07-13,4655.89,4974.33,4825.49,421.0,sample,1,2026-10-08T22:44:27.533506
Maharashtra,Ahilyanagar,Shrirampur,Soyabean,Yellow,FAQ,2026-07-14,4628.28,4967.45,4823.09,200.5,sample,1,2026-10-08T22:44:27.533513
Maharashtra,Ahilyanagar,Shrirampur,Soyabean,Yellow,FAQ,2026-07-15,4618.41,4962.93,4793.59,436.5,sample,1,2026-10-08T22:44:27.533520
Maharashtra,Ahilyanagar,Shrirampur,Soyabean,Yellow,FAQ,2026-07-16,4639.69,5035.21,4783.63,318.1,sample,1,2026-10-08T22:44:27.533528
Maharashtra,Ahilyanagar,Shrirampur,Soyabean,Yellow,FAQ,2026-07-17,4640.57,4965.05,4758.13,494.2,sample,1,2026-10-08T22:44:27.533535
Maharashtra,Ahilyanagar,Shrirampur,Soyabean,Yellow,FAQ,2026-07-18,4563.51,4892.53,4735.74,234.2,sample,1,2026-10-08T22:44:27.533543
Maharashtra,Ahilyanagar,Shrirampur,Soyabean,Yellow,FAQ,2026-07-20,4581.69,4935.42,4752.7,53.2,sample,1,2026-10-08T22:44:27.533551
Maharashtra,Ahilyanagar,Shrirampur,Soyabean,Yellow,FAQ,2026-07-21,4727.46,5086.68,4898.02,263.5,sample,1,2026-10-08T22:44:27.533558
Maharashtra,Ahilyanagar,Shrirampur,Soyabean,Yellow,FAQ,2026-07-22,4660.69,5008.96,4811.51,440.1,sample,1,2026-10-08T22:44:27.533565
Maharashtra,Ahilyanagar,Shrirampur,Soyabean,Yellow,FAQ,2026-07-23,4703.26,5023.22,4819.53,412.8,sample,1,2026-10-08T22:44:27.533572
Maharashtra,Ahilyanagar,Shrirampur,Soyabean,Yellow,FAQ,2026-07-24,4691.61,5038.65,4835.53,345.8,sample,1,2026-10-08T22:44:27.533578
Maharashtra,Ahilyanagar,Shrirampur,Soyabean,Yellow,FAQ,2026-07-25,4784.06,5071.77,4921.24,341.2,sample,1,2026-10-08T22:44:27.533585
Maharashtra,Ahilyanagar,Shrirampur,Soyabean,Yellow,FAQ,2026-07-27,4844.29,5214.74,4963.82,119.1,sample,1,2026-10-08T22:44:27.533593
Maharashtra,Ahilyanagar,Shrirampur,Soyabean,Yellow,FAQ,2026-07-28,4786.23,5096.54,4905.53,240.1,sample,1,2026-10-08T22:44:27.533601
Maharashtra,Ahilyanagar,Shrirampur,Soyabean,Yellow,FAQ,2026-07-29,4731.19,5061.11,4837.2,129.6,sample,1,2026-10-08T22:44:27.533608
Maharashtra,Ahilyanagar,Shrirampur,Soyabean,Yellow,FAQ,2026-07-30,4664.76,4977.96,4827.68,221.8,sample,1,2026-10-08T22:44:27.533615
Maharashtra,Ahilyanagar,Shrirampur,Soyabean,Yellow,FAQ,2026-07-31,4679.72,5051.15,4834.25,351.0,sample,1,2026-10-08T22:44:27.533622
Maharashtra,Ahilyanagar,Shrirampur,Soyabean,Yellow,FAQ,2026-08-01,4639.05,5064.41,4808.32,40.3,sample,1,2026-10-08T22:44:27.533629
Maharashtra,Ahilyanagar,Shrirampur,Soyabean,Yellow,FAQ,2026-08-03,4614.51,5000.14,4792.27,88.8,sample,1,2026-10-08T22:44:27.533637
Maharashtra,Ahilyanagar,Shrirampur,Soyabean,Yellow,FAQ,2026-08-04,4707.72,5056.53,4841.83,260.9,sample,1,2026-10-08T22:44:27.533645
Maharashtra,Ahilyanagar,Shrirampur,Soyabean,Yellow,FAQ,2026-08-05,4698.79,5057.6,4858.08,176.3,sample,1,2026-10-08T22:44:27.533652
Maharashtra,Ahilyanagar,Shrirampur,Soyabean,Yellow,FAQ,2026-08-06,4727.63,5044.6,4882.04,296.2,sample,1,2026-10-08T22:44:27.533659
Maharashtra,Ahilyanagar,Shrirampur,Soyabean,Yellow,FAQ,2026-08-07,4790.12,5174.57,4923.66,462.5,sample,1,2026-10-08T22:44:27.533666
Maharashtra,Ahilyanagar,Shrirampur,Soyabean,Yellow,FAQ,2026-08-08,4713.38,5078.0,4903.09,395.7,sample,1,2026-10-08T22:44:27.533674
Maharashtra,Ahilyanagar,Shrirampur,Soyabean,Yellow,FAQ,2026-08-10,4831.06,5168.88,4970.94,308.0,sample,1,2026-10-08T22:44:27.533682
Maharashtra,Ahilyanagar,Shrirampur,Soyabean,Yellow,FAQ,2026-08-11,4865.49,5276.35,5021.94,104.0,sample,1,2026-10-08T22:44:27.533689
Maharashtra,Ahilyanagar,Shrirampur,Soyabean,Yellow,FAQ,2026-08-12,4902.67,5267.85,5085.74,82.7,sample,1,2026-10-08T22:44:27.533696
Maharashtra,Ahilyanagar,Shrirampur,Soyabean,Yellow,FAQ,2026-08-13,4895.34,5197.93,5048.3,92.5,sample,1,2026-10-08T22:44:27.533703
Maharashtra,Ahilyanagar,Shrirampur,Soyabean,Yellow,FAQ,2026-08-14,4973.68,5326.98,5082.22,206.1,sample,1,2026-10-08T22:44:27.533710
Maharashtra,Ahilyanagar,Shrirampur,Soyabean,Yellow,FAQ,2026-08-15,4950.15,5285.28,5059.07,124.5,sample,1,2026-10-08T22:44:27.533717
Maharashtra,Ahilyanagar,Shrirampur,Soyabean,Yellow,FAQ,2026-08-17,4915.09,5290.13,5036.38,298.1,sample,1,2026-10-08T22:44:27.533725
Maharashtra,Ahilyanagar,Shrirampur,Soyabean,Yellow,FAQ,2026-08-18,4899.49,5266.45,5084.5,253.0,sample,1,2026-10-08T22:44:27.533732
Maharashtra,Ahilyanagar,Shrirampur,Soyabean,Yellow,FAQ,2026-08-19,4989.49,5252.95,5095.99,130.2,sample,1,2026-10-08T22:44:27.533750
Maharashtra,Ahilyanagar,Shrirampur,Soyabean,Yellow,FAQ,2026-08-20,4972.05,5315.89,5088.16,109.0,sample,1,2026-10-08T22:44:27.533760
Maharashtra,Ahilyanagar,Shrirampur,Soyabean,Yellow,FAQ,2026-08-21,4911.4,5302.32,5062.05,56.6,sample,1,2026-10-08T22:44:27.533768
Maharashtra,Ahilyanagar,Shrirampur,Soyabean,Yellow,FAQ,2026-08-22,4906.37,5244.73,5036.14,485.8,sample,1,2026-10-08T22:44:27.533775
Maharashtra,Ahilyanagar,Shrirampur,Soyabean,Yellow,FAQ,2026-08-24,4839.54,5235.02,4975.56,114.5,sample,1,2026-10-08T22:44:27.533783
Maharashtra,Ahilyanagar,Shrirampur,Soyabean,Yellow,FAQ,2026-08-25,4816.5,5187.06,4998.09,137.0,sample,1,2026-10-08T22:44:27.533791
Maharashtra,Ahilyanagar,Shrirampur,Soyabean,Yellow,FAQ,2026-08-26,4884.2,5270.17,5023.8,46.3,sample,1,2026-10-08T22:44:27.533799
Maharashtra,Ahilyanagar,Shrirampur,Soyabean,Yellow,FAQ,2026-08-27,4854.82,5262.19,5045.52,49.1,sample,1,2026-10-08T22:44:27.533806
Maharashtra,Ahilyanagar,Shrirampur,Soyabean,Yellow,FAQ,2026-08-28,4931.14,5237.88,5051.69,366.9,sample,1,2026-10-08T22:44:27.533813
Maharashtra,Ahilyanagar,Shrirampur,Soyabean,Yellow,FAQ,2026-08-29,4943.12,5284.83,5060.62,304.1,sample,1,2026-10-08T22:44:27.533820
Maharashtra,Ahilyanagar,Shrirampur,Soyabean,Yellow,FAQ,2026-08-31,4839.79,5232.33,5016.12,497.3,sample,1,2026-10-08T22:44:27.533829
Maharashtra,Ahilyanagar,Shrirampur,Soyabean,Yellow,FAQ,2026-09-01,4869.63,5216.59,5037.39,446.7,sample,1,2026-10-08T22:44:27.533837
Maharashtra,Ahilyanagar,Shrirampur,Soyabean,Yellow,FAQ,2026-09-02,4823.34,5173.59,4996.98,475.2,sample,1,2026-10-08T22:44:27.533844
Maharashtra,Ahilyanagar,Shrirampur,Soyabean,Yellow,FAQ,2026-09-03,4726.14,5101.73,4917.63,227.7,sample,1,2026-10-08T22:44:27.533851
Maharashtra,Ahilyanagar,Shrirampur,Soyabean,Yellow,FAQ,2026-09-04,4808.18,5103.3,4917.65,455.5,sample,1,2026-10-08T22:44:27.533858
Maharashtra,Ahilyanagar,Shrirampur,Soyabean,Yellow,FAQ,2026-09-05,4687.6,5047.04,4863.61,179.8,sample,1,2026-10-08T22:44:27.533865
Maharashtra,Ahilyanagar,Shrirampur,Soyabean,Yellow,FAQ,2026-09-07,4749.82,5032.42,4884.55,215.2,sample,1,2026-10-08T22:44:27.533873
Maharashtra,Ahilyanagar,Shrirampur,Soyabean,Yellow,FAQ,2026-09-08,4724.31,5073.81,4867.93,286.8,sample,1,2026-10-08T22:44:27.533880
Maharashtra,Ahilyanagar,Shrirampur,Soyabean,Yellow,FAQ,2026-09-09,4695.37,5042.87,4879.03,383.9,sample,1,2026-10-08T22:44:27.533887
Maharashtra,Ahilyanagar,Shrirampur,Soyabean,Yellow,FAQ,2026-09-10,4710.44,5003.33,4839.53,176.5,sample,1,2026-10-08T22:44:27.533895
Maharashtra,Ahilyanagar,Shrirampur,Soyabean,Yellow,FAQ,2026-09-11,4644.42,5016.38,4834.0,291.6,sample,1,2026-10-08T22:44:27.533902
Maharashtra,Ahilyanagar,Shrirampur,Soyabean,Yellow,FAQ,2026-09-12,4657.91,4960.72,4801.52,231.6,sample,1,2026-10-08T22:44:27.533911
Maharashtra,Ahilyanagar,Shrirampur,Soyabean,Yellow,FAQ,2026-09-14,4616.53,4932.75,4756.78,184.1,sample,1,2026-10-08T22:44:27.533919
Maharashtra,Ahilyanagar,Shrirampur,Soyabean,Yellow,FAQ,2026-09-15,4639.53,5001.69,4758.41,413.2,sample,1,2026-10-08T22:44:27.533926
Maharashtra,Ahilyanagar,Shrirampur,Soyabean,Yellow,FAQ,2026-09-16,4605.02,4911.38,4710.43,320.1,sample,1,2026-10-08T22:44:27.533933
Maharashtra,Ahilyanagar,Shrirampur,Soyabean,Yellow,FAQ,2026-09-17,4594.29,4954.0,4721.22,339.2,sample,1,2026-10-08T22:44:27.533940
Maharashtra,Ahilyanagar,Shrirampur,Soyabean,Yellow,FAQ,2026-09-18,4605.88,4970.03,4730.54,155.8,sample,1,2026-10-08T22:44:27.533947
Maharashtra,Ahilyanagar,Shrirampur,Soyabean,Yellow,FAQ,2026-09-19,4550.66,4934.66,4677.61,238.1,sample,1,2026-10-08T22:44:27.533954
Maharashtra,Ahilyanagar,Shrirampur,Soyabean,Yellow,FAQ,2026-09-21,4498.79,4834.71,4651.99,391.1,sample,1,2026-10-08T22:44:27.533962
Maharashtra,Ahilyanagar,Shrirampur,Soyabean,Yellow,FAQ,2026-09-22,4460.47,4814.91,4636.61,67.4,sample,1,2026-10-08T22:44:27.533969
Maharashtra,Ahilyanagar,Shrirampur,Soyabean,Yellow,FAQ,2026-09-23,4532.22,4825.26,4652.96,253.2,sample,1,2026-10-08T22:44:27.533976
Maharashtra,Ahilyanagar,Shrirampur,Soyabean,Yellow,FAQ,2026-09-24,4487.01,4798.94,4657.96,250.6,sample,1,2026-10-08T22:44:27.533984
Maharashtra,Ahilyanagar,Shrirampur,Soyabean,Yellow,FAQ,2026-09-25,4472.88,4877.13,4646.11,300.9,sample,1,2026-10-08T22:44:27.533991
Maharashtra,Ahilyanagar,Shrirampur,Soyabean,Yellow,FAQ,2026-09-26,4571.87,4933.21,4739.59,460.8,sample,1,2026-10-08T22:44:27.533998
Maharashtra,Ahilyanagar,Shrirampur,Soyabean,Yellow,FAQ,2026-09-28,4526.04,4896.3,4718.53,332.1,sample,1,2026-10-08T22:44:27.534006
Maharashtra,Ahilyanagar,Shrirampur,Soyabean,Yellow,FAQ,2026-09-29,4534.0,4942.02,4721.99,486.0,sample,1,2026-10-08T22:44:27.534013
Maharashtra,Ahilyanagar,Shrirampur,Soyabean,Yellow,FAQ,2026-09-30,4667.71,4965.89,4775.28,194.1,sample,1,2026-10-08T22:44:27.534020
Maharashtra,Ahilyanagar,Shrirampur,Soyabean,Yellow,FAQ,2026-10-01,4581.71,4929.25,4776.06,57.7,sample,1,2026-10-08T22:44:27.534029
Maharashtra,Ahilyanagar,Shrirampur,Soyabean,Yellow,FAQ,2026-10-02,4711.39,5075.92,4816.83,50.7,sample,1,2026-10-08T22:44:27.534037
Maharashtra,Ahilyanagar,Shrirampur,Soyabean,Yellow,FAQ,2026-10-03,4738.11,5067.24,4859.76,183.4,sample,1,2026-10-08T22:44:27.534043
Maharashtra,Ahilyanagar,Shrirampur,Soyabean,Yellow,FAQ,2026-10-05,4691.19,5004.4,4808.72,161.8,sample,1,2026-10-08T22:44:27.534052
Maharashtra,Ahilyanagar,Shrirampur,Soyabean,Yellow,FAQ,2026-10-06,4708.97,5096.19,4875.51,147.0,sample,1,2026-10-08T22:44:27.534060
Maharashtra,Ahilyanagar,Shrirampur,Soyabean,Yellow,FAQ,2026-10-07,4695.1,5108.37,4877.36,126.5,sample,1,2026-10-08T22:44:27.534067
Maharashtra,Ahilyanagar,Shrirampur,Soyabean,Yellow,FAQ,2026-10-08,4740.61,5144.37,4917.38,86.3,sample,1,2026-10-08T22:44:27.534074
Maharashtra,Ahilyanagar,Shrirampur,Wheat,Lokwan,FAQ,2026-07-10,2657.43,2938.59,2782.91,439.7,sample,1,2026-10-08T22:44:27.534082
Maharashtra,Ahilyanagar,Shrirampur,Wheat,Lokwan,FAQ,2026-07-11,2697.38,2956.2,2810.26,251.9,sample,1,2026-10-08T22:44:27.534090
Maharashtra,Ahilyanagar,Shrirampur,Wheat,Lokwan,FAQ,2026-07-13,2660.41,2972.0,2804.93,124.3,sample,1,2026-10-08T22:44:27.534098
Maharashtra,Ahilyanagar,Shrirampur,Wheat,Lokwan,FAQ,2026-07-14,2702.13,2972.2,2834.21,63.5,sample,1,2026-10-08T22:44:27.534105
Maharashtra,Ahilyanagar,Shrirampur,Wheat,Lokwan,FAQ,2026-07-15,2721.01,3022.08,2818.87,201.0,sample,1,2026-10-08T22:44:27.534112
Maharashtra,Ahilyanagar,Shrirampur,Wheat,Lokwan,FAQ,2026-07-16,2724.31,3058.46,2829.37,159.4,sample,1,2026-10-08T22:44:27.534119
Maharashtra,Ahilyanagar,Shrirampur,Wheat,Lokwan,FAQ,2026-07-17,2687.27,3043.71,2828.74,327.9,sample,1,2026-10-08T22:44:27.534125
Maharashtra,Ahilyanagar,Shrirampur,Wheat,Lokwan,FAQ,2026-07-18,2630.68,2917.78,2756.77,76.1,sample,1,2026-10-08T22:44:27.534135
Maharashtra,Ahilyanagar,Shrirampur,Wheat,Lokwan,FAQ,2026-07-20,2619.5,2892.88,2728.27,387.7,sample,1,2026-10-08T22:44:27.534143
Maharashtra,Ahilyanagar,Shrirampur,Wheat,Lokwan,FAQ,2026-07-21,2581.18,2856.02,2681.01,54.4,sample,1,2026-10-08T22:44:27.534150
Maharashtra,Ahilyanagar,Shrirampur,Wheat,Lokwan,FAQ,2026-07-22,2588.79,2903.5,2686.22,231.2,sample,1,2026-10-08T22:44:27.534157
Maharashtra,Ahilyanagar,Shrirampur,Wheat,Lokwan,FAQ,2026-07-23,2578.08,2850.23,2676.47,217.2,sample,1,2026-10-08T22:44:27.534164
Maharashtra,Ahilyanagar,Shrirampur,Wheat,Lokwan,FAQ,2026-07-24,2604.15,2854.69,2694.4,258.8,sample,1,2026-10-08T22:44:27.534171
Maharashtra,Ahilyanagar,Shrirampur,Wheat,Lokwan,FAQ,2026-07-25,2544.12,2901.15,2697.48,390.7,sample,1,2026-10-08T22:44:27.534178
Maharashtra,Ahilyanagar,Shrirampur,Wheat,Lokwan,FAQ,2026-07-27,2597.32,2836.81,2699.85,386.5,sample,1,2026-10-08T22:44:27.534186
Maharashtra,Ahilyanagar,Shrirampur,Wheat,Lokwan,FAQ,2026-07-28,2574.49,2814.37,2660.56,94.5,sample,1,2026-10-08T22:44:27.534193
Maharashtra,Ahilyanagar,Shrirampur,Wheat,Lokwan,FAQ,2026-07-29,2589.34,2829.1,2701.58,325.9,sample,1,2026-10-08T22:44:27.534200
Maharashtra,Ahilyanagar,Shrirampur,Wheat,Lokwan,FAQ,2026-07-30,2610.7,2886.63,2698.96,78.6,sample,1,2026-10-08T22:44:27.534209
Maharashtra,Ahilyanagar,Shrirampur,Wheat,Lokwan,FAQ,2026-07-31,2570.29,2862.55,2711.18,324.5,sample,1,2026-10-08T22:44:27.534218
Maharashtra,Ahilyanagar,Shrirampur,Wheat,Lokwan,FAQ,2026-08-01,2589.31,2831.47,2697.5,382.6,sample,1,2026-10-08T22:44:27.534227
Maharashtra,Ahilyanagar,Shrirampur,Wheat,Lokwan,FAQ,2026-08-03,2634.39,2882.36,2720.73,323.2,sample,1,2026-10-08T22:44:27.534235
Maharashtra,Ahilyanagar,Shrirampur,Wheat,Lokwan,FAQ,2026-08-04,2588.39,2856.31,2714.88,417.6,sample,1,2026-10-08T22:44:27.534242
Maharashtra,Ahilyanagar,Shrirampur,Wheat,Lokwan,FAQ,2026-08-05,2636.48,2901.21,2750.63,409.8,sample,1,2026-10-08T22:44:27.534249
Maharashtra,Ahilyanagar,Shrirampur,Wheat,Lokwan,FAQ,2026-08-06,2578.88,2959.95,2731.11,139.0,sample,1,2026-10-08T22:44:27.534256
Maharashtra,Ahilyanagar,Shrirampur,Wheat,Lokwan,FAQ,2026-08-07,2619.59,2927.87,2741.82,480.3,sample,1,2026-10-08T22:44:27.534263
Maharashtra,Ahilyanagar,Shrirampur,Wheat,Lokwan,FAQ,2026-08-08,2590.54,2859.93,2696.76,470.4,sample,1,2026-10-08T22:44:27.534271
Maharashtra,Ahilyanagar,Shrirampur,Wheat,Lokwan,FAQ,2026-08-10,2591.92,2845.92,2680.04,415.3,sample,1,2026-10-08T22:44:27.534279
Maharashtra,Ahilyanagar,Shrirampur,Wheat,Lokwan,FAQ,2026-08-11,2540.89,2819.3,2653.74,435.1,sample,1,2026-10-08T22:44:27.534287
Maharashtra,Ahilyanagar,Shrirampur,Wheat,Lokwan,FAQ,2026-08-12,2532.59,2806.16,2668.6,157.5,sample,1,2026-10-08T22:44:27.534294
Maharashtra,Ahilyanagar,Shrirampur,Wheat,Lokwan,FAQ,2026-08-13,2567.5,2894.29,2685.44,243.1,sample,1,2026-10-08T22:44:27.534302
Maharashtra,Ahilyanagar,Shrirampur,Wheat,Lokwan,FAQ,2026-08-14,2567.18,2859.36,2655.78,174.7,sample,1,2026-10-08T22:44:27.534309
Maharashtra,Ahilyanagar,Shrirampur,Wheat,Lokwan,FAQ,2026-08-15,2582.36,2824.92,2668.11,159.0,sample,1,2026-10-08T22:44:27.534316
Maharashtra,Ahilyanagar,Shrirampur,Wheat,Lokwan,FAQ,2026-08-17,2561.8,2892.58,2696.72,154.4,sample,1,2026-10-08T22:44:27.534323
Maharashtra,Ahilyanagar,Shrirampur,Wheat,Lokwan,FAQ,2026-08-18,2533.76,2847.56,2681.33,461.1,sample,1,2026-10-08T22:44:27.534330
Maharashtra,Ahilyanagar,Shrirampur,Wheat,Lokwan,FAQ,2026-08-19,2560.24,2834.2,2691.27,491.4,sample,1,2026-10-08T22:44:27.534338
Maharashtra,Ahilyanagar,Shrirampur,Wheat,Lokwan,FAQ,2026-08-20,2579.41,2837.06,2698.24,335.6,sample,1,2026-10-08T22:44:27.534345
Maharashtra,Ahilyanagar,Shrirampur,Wheat,Lokwan,FAQ,2026-08-21,2557.13,2828.72,2690.33,349.6,sample,1,2026-10-08T22:44:27.534352
Maharashtra,Ahilyanagar,Shrirampur,Wheat,Lokwan,FAQ,2026-08-22,2599.26,2856.59,2716.93,455.5,sample,1,2026-10-08T22:44:27.534360
Maharashtra,Ahilyanagar,Shrirampur,Wheat,Lokwan,FAQ,2026-08-24,2613.63,2912.2,2763.13,114.4,sample,1,2026-10-08T22:44:27.534368
Maharashtra,Ahilyanagar,Shrirampur,Wheat,Lokwan,FAQ,2026-08-25,2659.62,2923.8,2751.65,355.2,sample,1,2026-10-08T22:44:27.534376
Maharashtra,Ahilyanagar,Shrirampur,Wheat,Lokwan,FAQ,2026-08-26,2639.0,2909.94,2759.25,324.5,sample,1,2026-10-08T22:44:27.534384
Maharashtra,Ahilyanagar,Shrirampur,Wheat,Lokwan,FAQ,2026-08-27,2668.16,2953.56,2763.44,153.2,sample,1,2026-10-08T22:44:27.534391
Maharashtra,Ahilyanagar,Shrirampur,Wheat,Lokwan,FAQ,2026-08-28,2647.03,2903.76,2754.23,251.8,sample,1,2026-10-08T22:44:27.534399
Maharashtra,Ahilyanagar,Shrirampur,Wheat,Lokwan,FAQ,2026-08-29,2610.44,2888.76,2750.46,52.4,sample,1,2026-10-08T22:44:27.534406
Maharashtra,Ahilyanagar,Shrirampur,Wheat,Lokwan,FAQ,2026-08-31,2654.03,2896.63,2770.52,336.0,sample,1,2026-10-08T22:44:27.534414
Maharashtra,Ahilyanagar,Shrirampur,Wheat,Lokwan,FAQ,2026-09-01,2683.82,2982.99,2792.75,324.6,sample,1,2026-10-08T22:44:27.534421
Maharashtra,Ahilyanagar,Shrirampur,Wheat,Lokwan,FAQ,2026-09-02,2689.78,2941.39,2787.93,186.2,sample,1,2026-10-08T22:44:27.534428
Maharashtra,Ahilyanagar,Shrirampur,Wheat,Lokwan,FAQ,2026-09-03,2677.83,2995.3,2762.58,42.7,sample,1,2026-10-08T22:44:27.534437
Maharashtra,Ahilyanagar,Shrirampur,Wheat,Lokwan,FAQ,2026-09-04,2624.33,2918.79,2766.43,267.4,sample,1,2026-10-08T22:44:27.534444
Maharashtra,Ahilyanagar,Shrirampur,Wheat,Lokwan,FAQ,2026-09-05,2613.97,2963.9,2742.1,382.6,sample,1,2026-10-08T22:44:27.534451
Maharashtra,Ahilyanagar,Shrirampur,Wheat,Lokwan,FAQ,2026-09-07,2646.57,2924.75,2734.55,271.4,sample,1,2026-10-08T22:44:27.534458
Maharashtra,Ahilyanagar,Shrirampur,Wheat,Lokwan,FAQ,2026-09-08,2640.68,2926.1,2757.27,149.4,sample,1,2026-10-08T22:44:27.534466
Maharashtra,Ahilyanagar,Shrirampur,Wheat,Lokwan,FAQ,2026-09-09,2633.5,2964.66,2761.03,134.6,sample,1,2026-10-08T22:44:27.534473
Maharashtra,Ahilyanagar,Shrirampur,Wheat,Lokwan,FAQ,2026-09-10,2628.0,2941.88,2741.38,352.5,sample,1,2026-10-08T22:44:27.534480
Maharashtra,Ahilyanagar,Shrirampur,Wheat,Lokwan,FAQ,2026-09-11,2604.34,2881.32,2739.53,402.9,sample,1,2026-10-08T22:44:27.534488
Maharashtra,Ahilyanagar,Shrirampur,Wheat,Lokwan,FAQ,2026-09-12,2626.57,2885.97,2749.57,74.7,sample,1,2026-10-08T22:44:27.534494
Maharashtra,Ahilyanagar,Shrirampur,Wheat,Lokwan,FAQ,2026-09-14,2657.84,2895.99,2751.36,62.3,sample,1,2026-10-08T22:44:27.534502
Maharashtra,Ahilyanagar,Shrirampur,Wheat,Lokwan,FAQ,2026-09-15,2645.32,2920.15,2783.34,152.5,sample,1,2026-10-08T22:44:27.534514
Maharashtra,Ahilyanagar,Shrirampur,Wheat,Lokwan,FAQ,2026-09-16,2667.66,2916.1,2774.02,85.3,sample,1,2026-10-08T22:44:27.534521
Maharashtra,Ahilyanagar,Shrirampur,Wheat,Lokwan,FAQ,2026-09-17,2658.89,2966.51,2781.44,206.4,sample,1,2026-10-08T22:44:27.534528
Maharashtra,Ahilyanagar,Shrirampur,Wheat,Lokwan,FAQ,2026-09-18,2657.31,2928.19,2780.92,376.4,sample,1,2026-10-08T22:44:27.534535
Maharashtra,Ahilyanagar,Shrirampur,Wheat,Lokwan,FAQ,2026-09-19,2638.71,2984.77,2786.18,280.6,sample,1,2026-10-08T22:44:27.534542
Maharashtra,Ahilyanagar,Shrirampur,Wheat,Lokwan,FAQ,2026-09-21,2679.01,2995.85,2779.01,149.3,sample,1,2026-10-08T22:44:27.534550
Maharashtra,Ahilyanagar,Shrirampur,Wheat,Lokwan,FAQ,2026-09-22,2618.25,2941.05,2742.95,79.5,sample,1,2026-10-08T22:44:27.534557
Maharashtra,Ahilyanagar,Shrirampur,Wheat,Lokwan,FAQ,2026-09-23,2668.56,2937.32,2770.24,45.8,sample,1,2026-10-08T22:44:27.534565
Maharashtra,Ahilyanagar,Shrirampur,Wheat,Lokwan,FAQ,2026-09-24,2621.03,2948.95,2758.96,180.9,sample,1,2026-10-08T22:44:27.534571
Maharashtra,Ahilyanagar,Shrirampur,Wheat,Lokwan,FAQ,2026-09-25,2643.12,2858.94,2730.44,99.5,sample,1,2026-10-08T22:44:27.534579
Maharashtra,Ahilyanagar,Shrirampur,Wheat,Lokwan,FAQ,2026-09-26,2631.92,2937.89,2734.42,399.0,sample,1,2026-10-08T22:44:27.534586
Maharashtra,Ahilyanagar,Shrirampur,Wheat,Lokwan,FAQ,2026-09-28,2672.88,2962.61,2789.77,163.7,sample,1,2026-10-08T22:44:27.534595
Maharashtra,Ahilyanagar,Shrirampur,Wheat,Lokwan,FAQ,2026-09-29,2666.45,2988.52,2776.74,405.4,sample,1,2026-10-08T22:44:27.534602
Maharashtra,Ahilyanagar,Shrirampur,Wheat,Lokwan,FAQ,2026-09-30,2646.18,2898.74,2753.27,251.0,sample,1,2026-10-08T22:44:27.534611
Maharashtra,Ahilyanagar,Shrirampur,Wheat,Lokwan,FAQ,2026-10-01,2589.54,2846.37,2711.63,90.7,sample,1,2026-10-08T22:44:27.534618
Maharashtra,Ahilyanagar,Shrirampur,Wheat,Lokwan,FAQ,2026-10-02,2593.37,2934.41,2722.17,179.8,sample,1,2026-10-08T22:44:27.534626
Maharashtra,Ahilyanagar,Shrirampur,Wheat,Lokwan,FAQ,2026-10-03,2580.33,2848.26,2683.02,318.5,sample,1,2026-10-08T22:44:27.534634
Maharashtra,Ahilyanagar,Shrirampur,Wheat,Lokwan,FAQ,2026-10-05,2594.27,2917.49,2702.64,316.0,sample,1,2026-10-08T22:44:27.534644
Maharashtra,Ahilyanagar,Shrirampur,Wheat,Lokwan,FAQ,2026-10-06,2608.36,2904.85,2725.01,148.7,sample,1,2026-10-08T22:44:27.534651
Maharashtra,Ahilyanagar,Shrirampur,Wheat,Lokwan,FAQ,2026-10-07,2598.57,2898.52,2690.95,270.5,sample,1,2026-10-08T22:44:27.534658
Maharashtra,Ahilyanagar,Shrirampur,Wheat,Lokwan,FAQ,2026-10-08,2593.11,2848.28,2707.01,235.8,sample,1,2026-10-08T22:44:27.534666
Maharashtra,Mumbai,Vashi,Onion,Red/Nasik,FAQ,2026-07-10,2012.19,2622.8,2246.39,421.4,sample,1,2026-10-08T22:44:27.534677
Maharashtra,Mumbai,Vashi,Onion,Red/Nasik,FAQ,2026-07-11,1846.65,2608.66,2222.91,140.6,sample,1,2026-10-08T22:44:27.534684
Maharashtra,Mumbai,Vashi,Onion,Red/Nasik,FAQ,2026-07-13,2025.84,2576.82,2273.19,290.5,sample,1,2026-10-08T22:44:27.534692
Maharashtra,Mumbai,Vashi,Onion,Red/Nasik,FAQ,2026-07-14,1918.17,2676.22,2281.54,171.8,sample,1,2026-10-08T22:44:27.534698
Maharashtra,Mumbai,Vashi,Onion,Red/Nasik,FAQ,2026-07-15,2076.89,2757.02,2312.05,466.7,sample,1,2026-10-08T22:44:27.534705
Maharashtra,Mumbai,Vashi,Onion,Red/Nasik,FAQ,2026-07-16,1962.52,2658.87,2309.58,215.2,sample,1,2026-10-08T22:44:27.534712
Maharashtra,Mumbai,Vashi,Onion,Red/Nasik,FAQ,2026-07-17,2066.34,2718.22,2346.72,267.3,sample,1,2026-10-08T22:44:27.534719
Maharashtra,Mumbai,Vashi,Onion,Red/Nasik,FAQ,2026-07-18,2114.63,2693.91,2361.49,176.6,sample,1,2026-10-08T22:44:27.534726
Maharashtra,Mumbai,Vashi,Onion,Red/Nasik,FAQ,2026-07-20,2057.44,2816.7,2349.71,354.7,sample,1,2026-10-08T22:44:27.534733
Maharashtra,Mumbai,Vashi,Onion,Red/Nasik,FAQ,2026-07-21,2087.94,2770.31,2329.28,212.3,sample,1,2026-10-08T22:44:27.534741
Maharashtra,Mumbai,Vashi,Onion,Red/Nasik,FAQ,2026-07-22,1999.03,2834.88,2317.2,379.1,sample,1,2026-10-08T22:44:27.534748
Maharashtra,Mumbai,Vashi,Onion,Red/Nasik,FAQ,2026-07-23,2102.94,2851.78,2350.24,160.5,sample,1,2026-10-08T22:44:27.534757
Maharashtra,Mumbai,Vashi,Onion,Red/Nasik,FAQ,2026-07-24,2118.25,2793.9,2384.62,300.1,sample,1,2026-10-08T22:44:27.534764
Maharashtra,Mumbai,Vashi,Onion,Red/Nasik,FAQ,2026-07-25,2069.58,2882.92,2386.35,466.4,sample,1,2026-10-08T22:44:27.534772
Maharashtra,Mumbai,Vashi,Onion,Red/Nasik,FAQ,2026-07-27,2044.49,2730.3,2394.78,53.0,sample,1,2026-10-08T22:44:27.534780
Maharashtra,Mumbai,Vashi,Onion,Red/Nasik,FAQ,2026-07-28,2144.0,2848.17,2451.43,317.5,sample,1,2026-10-08T22:44:27.534787
Maharashtra,Mumbai,Vashi,Onion,Red/Nasik,FAQ,2026-07-29,2160.37,2893.54,2411.23,392.1,sample,1,2026-10-08T22:44:27.534794
Maharashtra,Mumbai,Vashi,Onion,Red/Nasik,FAQ,2026-07-30,2052.19,2689.46,2365.99,478.0,sample,1,2026-10-08T22:44:27.534800
Maharashtra,Mumbai,Vashi,Onion,Red/Nasik,FAQ,2026-07-31,1995.96,2683.88,2376.61,336.2,sample,1,2026-10-08T22:44:27.534807
Maharashtra,Mumbai,Vashi,Onion,Red/Nasik,FAQ,2026-08-01,1998.42,2589.12,2295.28,191.7,sample,1,2026-10-08T22:44:27.534816
Maharashtra,Mumbai,Vashi,Onion,Red/Nasik,FAQ,2026-08-03,1924.68,2590.06,2298.09,381.7,sample,1,2026-10-08T22:44:27.534823
Maharashtra,Mumbai,Vashi,Onion,Red/Nasik,FAQ,2026-08-04,1982.26,2734.63,2315.67,77.7,sample,1,2026-10-08T22:44:27.534830
Maharashtra,Mumbai,Vashi,Onion,Red/Nasik,FAQ,2026-08-05,2051.15,2684.55,2289.39,278.6,sample,1,2026-10-08T22:44:27.534837
Maharashtra,Mumbai,Vashi,Onion,Red/Nasik,FAQ,2026-08-06,2083.58,2706.01,2297.26,245.3,sample,1,2026-10-08T22:44:27.534844
Maharashtra,Mumbai,Vashi,Onion,Red/Nasik,FAQ,2026-08-07,1884.92,2459.83,2167.01,420.6,sample,1,2026-10-08T22:44:27.534852
Maharashtra,Mumbai,Vashi,Onion,Red/Nasik,FAQ,2026-08-08,1827.87,2485.68,2098.11,321.9,sample,1,2026-10-08T22:44:27.534858
Maharashtra,Mumbai,Vashi,Onion,Red/Nasik,FAQ,2026-08-10,1799.67,2607.61,2127.78,259.4,sample,1,2026-10-08T22:44:27.534865
Maharashtra,Mumbai,Vashi,Onion,Red/Nasik,FAQ,2026-08-11,1796.57,2485.27,2057.84,327.2,sample,1,2026-10-08T22:44:27.534872
Maharashtra,Mumbai,Vashi,Onion,Red/Nasik,FAQ,2026-08-12,1730.94,2402.77,2097.22,97.1,sample,1,2026-10-08T22:44:27.534879
Maharashtra,Mumbai,Vashi,Onion,Red/Nasik,FAQ,2026-08-13,1856.98,2602.11,2117.23,403.6,sample,1,2026-10-08T22:44:27.534887
Maharashtra,Mumbai,Vashi,Onion,Red/Nasik,FAQ,2026-08-14,1829.83,2585.32,2172.63,285.9,sample,1,2026-10-08T22:44:27.534894
Maharashtra,Mumbai,Vashi,Onion,Red/Nasik,FAQ,2026-08-15,1946.56,2680.64,2174.92,485.2,sample,1,2026-10-08T22:44:27.534901
Maharashtra,Mumbai,Vashi,Onion,Red/Nasik,FAQ,2026-08-17,1803.84,2571.9,2127.57,480.5,sample,1,2026-10-08T22:44:27.534908
Maharashtra,Mumbai,Vashi,Onion,Red/Nasik,FAQ,2026-08-18,1822.42,2537.13,2159.6,151.9,sample,1,2026-10-08T22:44:27.534915
Maharashtra,Mumbai,Vashi,Onion,Red/Nasik,FAQ,2026-08-19,1972.56,2622.63,2199.5,491.3,sample,1,2026-10-08T22:44:27.534922
Maharashtra,Mumbai,Vashi,Onion,Red/Nasik,FAQ,2026-08-20,1926.62,2567.17,2202.59,416.3,sample,1,2026-10-08T22:44:27.534929
Maharashtra,Mumbai,Vashi,Onion,Red/Nasik,FAQ,2026-08-21,1975.65,2627.45,2204.25,320.0,sample,1,2026-10-08T22:44:27.534936
Maharashtra,Mumbai,Vashi,Onion,Red/Nasik,FAQ,2026-08-22,1875.7,2624.26,2124.93,273.3,sample,1,2026-10-08T22:44:27.534943
Maharashtra,Mumbai,Vashi,Onion,Red/Nasik,FAQ,2026-08-24,1966.28,2699.02,2214.31,366.8,sample,1,2026-10-08T22:44:27.534950
Maharashtra,Mumbai,Vashi,Onion,Red/Nasik,FAQ,2026-08-25,1941.95,2761.53,2268.64,64.6,sample,1,2026-10-08T22:44:27.534958
Maharashtra,Mumbai,Vashi,Onion,Red/Nasik,FAQ,2026-08-26,1814.84,2457.75,2150.43,135.3,sample,1,2026-10-08T22:44:27.534966
Maharashtra,Mumbai,Vashi,Onion,Red/Nasik,FAQ,2026-08-27,1776.15,2534.24,2134.34,236.0,sample,1,2026-10-08T22:44:27.534974
Maharashtra,Mumbai,Vashi,Onion,Red/Nasik,FAQ,2026-08-28,1776.84,2431.05,2109.83,218.9,sample,1,2026-10-08T22:44:27.534981
Maharashtra,Mumbai,Vashi,Onion,Red/Nasik,FAQ,2026-08-29,1765.66,2565.96,2120.11,233.9,sample,1,2026-10-08T22:44:27.534989
Maharashtra,Mumbai,Vashi,Onion,Red/Nasik,FAQ,2026-08-31,1974.04,2625.22,2197.88,282.4,sample,1,2026-10-08T22:44:27.534996
Maharashtra,Mumbai,Vashi,Onion,Red/Nasik,FAQ,2026-09-01,2009.78,2556.77,2267.98,430.0,sample,1,2026-10-08T22:44:27.535002
Maharashtra,Mumbai,Vashi,Onion,Red/Nasik,FAQ,2026-09-02,2023.78,2638.2,2243.91,115.1,sample,1,2026-10-08T22:44:27.535009
Maharashtra,Mumbai,Vashi,Onion,Red/Nasik,FAQ,2026-09-03,2034.94,2660.25,2309.25,277.3,sample,1,2026-10-08T22:44:27.535016
Maharashtra,Mumbai,Vashi,Onion,Red/Nasik,FAQ,2026-09-04,1955.45,2787.43,2290.52,417.4,sample,1,2026-10-08T22:44:27.535023
Maharashtra,Mumbai,Vashi,Onion,Red/Nasik,FAQ,2026-09-05,2069.25,2744.9,2321.45,309.6,sample,1,2026-10-08T22:44:27.535031
Maharashtra,Mumbai,Vashi,Onion,Red/Nasik,FAQ,2026-09-07,2024.52,2668.08,2321.25,377.0,sample,1,2026-10-08T22:44:27.535038
Maharashtra,Mumbai,Vashi,Onion,Red/Nasik,FAQ,2026-09-08,1975.35,2611.02,2294.03,459.0,sample,1,2026-10-08T22:44:27.535045
Maharashtra,Mumbai,Vashi,Onion,Red/Nasik,FAQ,2026-09-09,2082.72,2785.86,2311.77,72.1,sample,1,2026-10-08T22:44:27.535052
Maharashtra,Mumbai,Vashi,Onion,Red/Nasik,FAQ,2026-09-10,1888.69,2664.27,2206.73,188.4,sample,1,2026-10-08T22:44:27.535058
Maharashtra,Mumbai,Vashi,Onion,Red/Nasik,FAQ,2026-09-11,1881.46,2740.04,2224.49,476.4,sample,1,2026-10-08T22:44:27.535065
Maharashtra,Mumbai,Vashi,Onion,Red/Nasik,FAQ,2026-09-12,1959.36,2613.54,2215.09,233.6,sample,1,2026-10-08T22:44:27.535072
Maharashtra,Mumbai,Vashi,Onion,Red/Nasik,FAQ,2026-09-14,1911.55,2786.9,2268.95,365.1,sample,1,2026-10-08T22:44:27.535081
Maharashtra,Mumbai,Vashi,Onion,Red/Nasik,FAQ,2026-09-15,2092.59,2664.6,2375.64,360.3,sample,1,2026-10-08T22:44:27.535088
Maharashtra,Mumbai,Vashi,Onion,Red/Nasik,FAQ,2026-09-16,2062.89,2661.86,2319.89,419.4,sample,1,2026-10-08T22:44:27.535094
Maharashtra,Mumbai,Vashi,Onion,Red/Nasik,FAQ,2026-09-17,2018.04,2771.41,2358.24,186.4,sample,1,2026-10-08T22:44:27.535103
Maharashtra,Mumbai,Vashi,Onion,Red/Nasik,FAQ,2026-09-18,2046.45,2820.88,2396.13,44.0,sample,1,2026-10-08T22:44:27.535110
Maharashtra,Mumbai,Vashi,Onion,Red/Nasik,FAQ,2026-09-19,2069.51,2811.31,2418.44,224.0,sample,1,2026-10-08T22:44:27.535117
Maharashtra,Mumbai,Vashi,Onion,Red/Nasik,FAQ,2026-09-21,2005.63,2679.13,2388.06,310.1,sample,1,2026-10-08T22:44:27.535125
Maharashtra,Mumbai,Vashi,Onion,Red/Nasik,FAQ,2026-09-22,2009.37,2698.01,2344.61,445.7,sample,1,2026-10-08T22:44:27.535131
Maharashtra,Mumbai,Vashi,Onion,Red/Nasik,FAQ,2026-09-23,1969.44,2792.29,2292.77,54.8,sample,1,2026-10-08T22:44:27.535138
Maharashtra,Mumbai,Vashi,Onion,Red/Nasik,FAQ,2026-09-24,1878.56,2692.62,2265.91,438.5,sample,1,2026-10-08T22:44:27.535145
Maharashtra,Mumbai,Vashi,Onion,Red/Nasik,FAQ,2026-09-25,1926.32,2744.9,2250.81,191.2,sample,1,2026-10-08T22:44:27.535152
Maharashtra,Mumbai,Vashi,Onion,Red/Nasik,FAQ,2026-09-26,1819.4,2701.81,2199.63,232.5,sample,1,2026-10-08T22:44:27.535159
Maharashtra,Mumbai,Vashi,Onion,Red/Nasik,FAQ,2026-09-28,1938.5,2696.74,2185.62,256.4,sample,1,2026-10-08T22:44:27.535167
Maharashtra,Mumbai,Vashi,Onion,Red/Nasik,FAQ,2026-09-29,1811.71,2578.56,2189.88,260.0,sample,1,2026-10-08T22:44:27.535175
Maharashtra,Mumbai,Vashi,Onion,Red/Nasik,FAQ,2026-09-30,1981.59,2582.84,2232.34,45.2,sample,1,2026-10-08T22:44:27.535181
Maharashtra,Mumbai,Vashi,Onion,Red/Nasik,FAQ,2026-10-01,1902.72,2631.65,2278.3,339.2,sample,1,2026-10-08T22:44:27.535188
Maharashtra,Mumbai,Vashi,Onion,Red/Nasik,FAQ,2026-10-02,1849.37,2532.06,2229.49,323.7,sample,1,2026-10-08T22:44:27.535195
Maharashtra,Mumbai,Vashi,Onion,Red/Nasik,FAQ,2026-10-03,1799.39,2649.19,2167.71,145.6,sample,1,2026-10-08T22:44:27.535202
Maharashtra,Mumbai,Vashi,Onion,Red/Nasik,FAQ,2026-10-05,1818.37,2516.96,2192.6,148.0,sample,1,2026-10-08T22:44:27.535211
Maharashtra,Mumbai,Vashi,Onion,Red/Nasik,FAQ,2026-10-06,1883.22,2645.93,2149.5,83.3,sample,1,2026-10-08T22:44:27.535218
Maharashtra,Mumbai,Vashi,Onion,Red/Nasik,FAQ,2026-10-07,1821.17,2431.4,2086.97,176.4,sample,1,2026-10-08T22:44:27.535225
Maharashtra,Mumbai,Vashi,Onion,Red/Nasik,FAQ,2026-10-08,1692.3,2566.69,2077.26,164.5,sample,1,2026-10-08T22:44:27.535232
Maharashtra,Mumbai,Vashi,Potato,Jyoti,FAQ,2026-07-10,1755.9,2175.09,1914.78,411.9,sample,1,2026-10-08T22:44:27.535240
Maharashtra,Mumbai,Vashi,Potato,Jyoti,FAQ,2026-07-11,1640.11,2081.9,1870.58,316.4,sample,1,2026-10-08T22:44:27.535248
Maharashtra,Mumbai,Vashi,Potato,Jyoti,FAQ,2026-07-13,1596.52,2070.21,1843.85,347.4,sample,1,2026-10-08T22:44:27.535255
Maharashtra,Mumbai,Vashi,Potato,Jyoti,FAQ,2026-07-14,1659.02,2189.12,1860.79,490.7,sample,1,2026-10-08T22:44:27.535262
Maharashtra,Mumbai,Vashi,Potato,Jyoti,FAQ,2026-07-15,1626.99,2154.18,1840.51,87.4,sample,1,2026-10-08T22:44:27.535269
Maharashtra,Mumbai,Vashi,Potato,Jyoti,FAQ,2026-07-16,1660.11,2104.14,1859.51,288.0,sample,1,2026-10-08T22:44:27.535276
Maharashtra,Mumbai,Vashi,Potato,Jyoti,FAQ,2026-07-17,1647.37,2111.05,1843.46,422.2,sample,1,2026-10-08T22:44:27.535283
Maharashtra,Mumbai,Vashi,Potato,Jyoti,FAQ,2026-07-18,1620.26,2137.35,1776.37,495.5,sample,1,2026-10-08T22:44:27.535289
Maharashtra,Mumbai,Vashi,Potato,Jyoti,FAQ,2026-07-20,1563.91,2123.38,1764.94,217.4,sample,1,2026-10-08T22:44:27.535297
Maharashtra,Mumbai,Vashi,Potato,Jyoti,FAQ,2026-07-21,1579.74,2101.2,1728.87,398.8,sample,1,2026-10-08T22:44:27.535303
Maharashtra,Mumbai,Vashi,Potato,Jyoti,FAQ,2026-07-22,1576.44,2083.41,1762.44,123.4,sample,1,2026-10-08T22:44:27.535311
Maharashtra,Mumbai,Vashi,Potato,Jyoti,FAQ,2026-07-23,1565.93,2163.49,1775.28,56.2,sample,1,2026-10-08T22:44:27.535319
Maharashtra,Mumbai,Vashi,Potato,Jyoti,FAQ,2026-07-24,1622.74,2087.3,1808.61,308.2,sample,1,2026-10-08T22:44:27.535326
Maharashtra,Mumbai,Vashi,Potato,Jyoti,FAQ,2026-07-25,1555.82,2094.42,1808.2,119.7,sample,1,2026-10-08T22:44:27.535332
Maharashtra,Mumbai,Vashi,Potato,Jyoti,FAQ,2026-07-27,1662.92,2109.8,1830.73,301.6,sample,1,2026-10-08T22:44:27.535341
Maharashtra,Mumbai,Vashi,Potato,Jyoti,FAQ,2026-07-28,1713.16,2086.08,1864.3,418.5,sample,1,2026-10-08T22:44:27.535348
Maharashtra,Mumbai,Vashi,Potato,Jyoti,FAQ,2026-07-29,1651.49,2233.15,1872.71,404.8,sample,1,2026-10-08T22:44:27.535355
Maharashtra,Mumbai,Vashi,Potato,Jyoti,FAQ,2026-07-30,1619.69,2118.7,1853.7,169.0,sample,1,2026-10-08T22:44:27.535361
Maharashtra,Mumbai,Vashi,Potato,Jyoti,FAQ,2026-07-31,1704.24,2130.94,1844.5,121.7,sample,1,2026-10-08T22:44:27.535368
Maharashtra,Mumbai,Vashi,Potato,Jyoti,FAQ,2026-08-01,1605.35,2093.34,1834.71,128.0,sample,1,2026-10-08T22:44:27.535375
Maharashtra,Mumbai,Vashi,Potato,Jyoti,FAQ,2026-08-03,1653.37,2109.44,1858.03,149.5,sample,1,2026-10-08T22:44:27.535382
Maharashtra,Mumbai,Vashi,Potato,Jyoti,FAQ,2026-08-04,1647.85,2089.66,1812.89,472.0,sample,1,2026-10-08T22:44:27.535390
Maharashtra,Mumbai,Vashi,Potato,Jyoti,FAQ,2026-08-05,1568.27,2072.36,1816.57,57.1,sample,1,2026-10-08T22:44:27.535397
Maharashtra,Mumbai,Vashi,Potato,Jyoti,FAQ,2026-08-06,1596.39,2144.06,1788.55,413.5,sample,1,2026-10-08T22:44:27.535404
Maharashtra,Mumbai,Vashi,Potato,Jyoti,FAQ,2026-08-07,1600.6,2087.11,1808.04,325.3,sample,1,2026-10-08T22:44:27.535411
Maharashtra,Mumbai,Vashi,Potato,Jyoti,FAQ,2026-08-08,1682.27,2107.66,1838.3,49.6,sample,1,2026-10-08T22:44:27.535417
Maharashtra,Mumbai,Vashi,Potato,Jyoti,FAQ,2026-08-10,1599.65,2153.56,1839.59,199.8,sample,1,2026-10-08T22:44:27.535425
Maharashtra,Mumbai,Vashi,Potato,Jyoti,FAQ,2026-08-11,1619.4,2239.75,1876.29,331.5,sample,1,2026-10-08T22:44:27.535431
Maharashtra,Mumbai,Vashi,Potato,Jyoti,FAQ,2026-08-12,1679.24,2257.46,1937.88,444.4,sample,1,2026-10-08T22:44:27.535440
Maharashtra,Mumbai,Vashi,Potato,Jyoti,FAQ,2026-08-13,1662.58,2274.96,1913.12,438.2,sample,1,2026-10-08T22:44:27.535446
Maharashtra,Mumbai,Vashi,Potato,Jyoti,FAQ,2026-08-14,1666.24,2282.01,1914.76,234.1,sample,1,2026-10-08T22:44:27.535453
Maharashtra,Mumbai,Vashi,Potato,Jyoti,FAQ,2026-08-15,1773.74,2221.04,1952.95,84.2,sample,1,2026-10-08T22:44:27.535461
Maharashtra,Mumbai,Vashi,Potato,Jyoti,FAQ,2026-08-17,1829.98,2267.78,1975.36,409.2,sample,1,2026-10-08T22:44:27.535468
Maharashtra,Mumbai,Vashi,Potato,Jyoti,FAQ,2026-08-18,1743.63,2157.21,1946.39,390.5,sample,1,2026-10-08T22:44:27.535475
Maharashtra,Mumbai,Vashi,Potato,Jyoti,FAQ,2026-08-19,1799.22,2257.14,1955.58,249.5,sample,1,2026-10-08T22:44:27.535482
Maharashtra,Mumbai,Vashi,Potato,Jyoti,FAQ,2026-08-20,1672.18,2311.8,1924.33,380.2,sample,1,2026-10-08T22:44:27.535488
Maharashtra,Mumbai,Vashi,Potato,Jyoti,FAQ,2026-08-21,1712.57,2281.16,1897.84,237.7,sample,1,2026-10-08T22:44:27.535495
Maharashtra,Mumbai,Vashi,Potato,Jyoti,FAQ,2026-08-22,1666.55,2197.27,1877.24,158.8,sample,1,2026-10-08T22:44:27.535502
Maharashtra,Mumbai,Vashi,Potato,Jyoti,FAQ,2026-08-24,1739.55,2298.06,1934.46,335.5,sample,1,2026-10-08T22:44:27.535510
Maharashtra,Mumbai,Vashi,Potato,Jyoti,FAQ,2026-08-25,1695.67,2306.31,1940.33,239.3,sample,1,2026-10-08T22:44:27.535516
Maharashtra,Mumbai,Vashi,Potato,Jyoti,FAQ,2026-08-26,1789.98,2378.0,2004.53,77.2,sample,1,2026-10-08T22:44:27.535523
Maharashtra,Mumbai,Vashi,Potato,Jyoti,FAQ,2026-08-27,1767.24,2271.52,2022.84,280.9,sample,1,2026-10-08T22:44:27.535531
Maharashtra,Mumbai,Vashi,Potato,Jyoti,FAQ,2026-08-28,1791.39,2333.92,2043.27,194.9,sample,1,2026-10-08T22:44:27.535542
Maharashtra,Mumbai,Vashi,Potato,Jyoti,FAQ,2026-08-29,1758.06,2230.24,1955.71,238.8,sample,1,2026-10-08T22:44:27.535549
Maharashtra,Mumbai,Vashi,Potato,Jyoti,FAQ,2026-08-31,1782.4,2272.62,1931.59,234.3,sample,1,2026-10-08T22:44:27.535556
Maharashtra,Mumbai,Vashi,Potato,Jyoti,FAQ,2026-09-01,1834.84,2204.51,1977.24,266.0,sample,1,2026-10-08T22:44:27.535563
Maharashtra,Mumbai,Vashi,Potato,Jyoti,FAQ,2026-09-02,1736.71,2206.02,1963.49,170.7,sample,1,2026-10-08T22:44:27.535570
Maharashtra,Mumbai,Vashi,Potato,Jyoti,FAQ,2026-09-03,1840.85,2389.55,2005.75,320.9,sample,1,2026-10-08T22:44:27.535576
Maharashtra,Mumbai,Vashi,Potato,Jyoti,FAQ,2026-09-04,1776.51,2191.92,1978.56,489.1,sample,1,2026-10-08T22:44:27.535583
Maharashtra,Mumbai,Vashi,Potato,Jyoti,FAQ,2026-09-05,1696.71,2216.23,1947.87,458.3,sample,1,2026-10-08T22:44:27.535590
Maharashtra,Mumbai,Vashi,Potato,Jyoti,FAQ,2026-09-07,1721.26,2247.61,1910.28,403.9,sample,1,2026-10-08T22:44:27.535597
Maharashtra,Mumbai,Vashi,Potato,Jyoti,FAQ,2026-09-08,1695.84,2135.13,1863.36,61.0,sample,1,2026-10-08T22:44:27.535607
Maharashtra,Mumbai,Vashi,Potato,Jyoti,FAQ,2026-09-09,1721.85,2135.6,1893.57,298.1,sample,1,2026-10-08T22:44:27.535614
Maharashtra,Mumbai,Vashi,Potato,Jyoti,FAQ,2026-09-10,1695.33,2203.64,1843.98,287.0,sample,1,2026-10-08T22:44:27.535620
Maharashtra,Mumbai,Vashi,Potato,Jyoti,FAQ,2026-09-11,1670.8,2128.4,1864.28,55.3,sample,1,2026-10-08T22:44:27.535628
Maharashtra,Mumbai,Vashi,Potato,Jyoti,FAQ,2026-09-12,1739.75,2115.39,1895.36,436.6,sample,1,2026-10-08T22:44:27.535634
Maharashtra,Mumbai,Vashi,Potato,Jyoti,FAQ,2026-09-14,1680.64,2315.02,1925.2,236.8,sample,1,2026-10-08T22:44:27.535642
Maharashtra,Mumbai,Vashi,Potato,Jyoti,FAQ,2026-09-15,1731.57,2170.01,1892.26,422.2,sample,1,2026-10-08T22:44:27.535649
Maharashtra,Mumbai,Vashi,Potato,Jyoti,FAQ,2026-09-16,1617.6,2180.01,1833.1,154.7,sample,1,2026-10-08T22:44:27.535656
Maharashtra,Mumbai,Vashi,Potato,Jyoti,FAQ,2026-09-17,1615.33,2146.08,1832.95,389.0,sample,1,2026-10-08T22:44:27.535662
Maharashtra,Mumbai,Vashi,Potato,Jyoti,FAQ,2026-09-18,1654.69,2080.27,1800.9,188.6,sample,1,2026-10-08T22:44:27.535670
Maharashtra,Mumbai,Vashi,Potato,Jyoti,FAQ,2026-09-19,1650.42,2045.93,1832.52,426.4,sample,1,2026-10-08T22:44:27.535679
Maharashtra,Mumbai,Vashi,Potato,Jyoti,FAQ,2026-09-21,1620.3,2141.07,1852.0,305.9,sample,1,2026-10-08T22:44:27.535686
Maharashtra,Mumbai,Vashi,Potato,Jyoti,FAQ,2026-09-22,1646.21,2083.47,1858.34,411.0,sample,1,2026-10-08T22:44:27.535693
Maharashtra,Mumbai,Vashi,Potato,Jyoti,FAQ,2026-09-23,1686.0,2236.99,1861.27,435.4,sample,1,2026-10-08T22:44:27.535700
Maharashtra,Mumbai,Vashi,Potato,Jyoti,FAQ,2026-09-24,1705.96,2229.93,1863.65,365.7,sample,1,2026-10-08T22:44:27.535707
Maharashtra,Mumbai,Vashi,Potato,Jyoti,FAQ,2026-09-25,1595.09,2044.95,1826.17,139.5,sample,1,2026-10-08T22:44:27.535715
Maharashtra,Mumbai,Vashi,Potato,Jyoti,FAQ,2026-09-26,1663.25,2078.96,1842.56,474.9,sample,1,2026-10-08T22:44:27.535722
Maharashtra,Mumbai,Vashi,Potato,Jyoti,FAQ,2026-09-28,1670.54,2107.66,1847.03,329.3,sample,1,2026-10-08T22:44:27.535729
Maharashtra,Mumbai,Vashi,Potato,Jyoti,FAQ,2026-09-29,1656.31,2128.85,1827.29,315.0,sample,1,2026-10-08T22:44:27.535736
Maharashtra,Mumbai,Vashi,Potato,Jyoti,FAQ,2026-09-30,1664.03,2138.65,1831.95,350.2,sample,1,2026-10-08T22:44:27.535743
Maharashtra,Mumbai,Vashi,Potato,Jyoti,FAQ,2026-10-01,1623.55,2031.63,1781.61,242.3,sample,1,2026-10-08T22:44:27.535759
Maharashtra,Mumbai,Vashi,Potato,Jyoti,FAQ,2026-10-02,1513.35,2126.81,1754.42,246.3,sample,1,2026-10-08T22:44:27.535766
Maharashtra,Mumbai,Vashi,Potato,Jyoti,FAQ,2026-10-03,1616.14,2014.85,1782.52,245.4,sample,1,2026-10-08T22:44:27.535774
Maharashtra,Mumbai,Vashi,Potato,Jyoti,FAQ,2026-10-05,1588.85,2071.28,1784.24,350.6,sample,1,2026-10-08T22:44:27.535782
Maharashtra,Mumbai,Vashi,Potato,Jyoti,FAQ,2026-10-06,1577.54,2104.22,1824.36,473.9,sample,1,2026-10-08T22:44:27.535788
Maharashtra,Mumbai,Vashi,Potato,Jyoti,FAQ,2026-10-07,1656.69,2122.2,1801.63,458.4,sample,1,2026-10-08T22:44:27.535795
Maharashtra,Mumbai,Vashi,Potato,Jyoti,FAQ,2026-10-08,1569.14,2137.9,1818.92,414.3,sample,1,2026-10-08T22:44:27.535802
Maharashtra,Mumbai,Vashi,Tomato,Hybrid,FAQ,2026-07-10,1490.2,2104.82,1781.21,165.4,sample,1,2026-10-08T22:44:27.535810
Maharashtra,Mumbai,Vashi,Tomato,Hybrid,FAQ,2026-07-11,1656.83,2170.14,1874.86,171.2,sample,1,2026-10-08T22:44:27.535817
Maharashtra,Mumbai,Vashi,Tomato,Hybrid,FAQ,2026-07-13,1535.35,2221.63,1798.46,245.2,sample,1,2026-10-08T22:44:27.535825
Maharashtra,Mumbai,Vashi,Tomato,Hybrid,FAQ,2026-07-14,1552.98,2095.22,1796.93,419.9,sample,1,2026-10-08T22:44:27.535833
Maharashtra,Mumbai,Vashi,Tomato,Hybrid,FAQ,2026-07-15,1717.42,2255.17,1928.42,233.2,sample,1,2026-10-08T22:44:27.535840
Maharashtra,Mumbai,Vashi,Tomato,Hybrid,FAQ,2026-07-16,1698.21,2194.76,1944.51,441.2,sample,1,2026-10-08T22:44:27.535847
Maharashtra,Mumbai,Vashi,Tomato,Hybrid,FAQ,2026-07-17,1857.56,2415.24,2095.75,181.7,sample,1,2026-10-08T22:44:27.535854
Maharashtra,Mumbai,Vashi,Tomato,Hybrid,FAQ,2026-07-18,1861.34,2390.05,2103.11,80.6,sample,1,2026-10-08T22:44:27.535861
Maharashtra,Mumbai,Vashi,Tomato,Hybrid,FAQ,2026-07-20,1844.35,2458.66,2050.5,67.3,sample,1,2026-10-08T22:44:27.535868
Maharashtra,Mumbai,Vashi,Tomato,Hybrid,FAQ,2026-07-21,1856.63,2530.52,2119.88,335.9,sample,1,2026-10-08T22:44:27.535875
Maharashtra,Mumbai,Vashi,Tomato,Hybrid,FAQ,2026-07-22,1967.13,2665.12,2252.9,211.4,sample,1,2026-10-08T22:44:27.535882
Maharashtra,Mumbai,Vashi,Tomato,Hybrid,FAQ,2026-07-23,2046.18,2626.05,2274.74,151.4,sample,1,2026-10-08T22:44:27.535888
Maharashtra,Mumbai,Vashi,Tomato,Hybrid,FAQ,2026-07-24,2023.13,2686.22,2234.75,408.2,sample,1,2026-10-08T22:44:27.535895
Maharashtra,Mumbai,Vashi,Tomato,Hybrid,FAQ,2026-07-25,1999.85,2606.81,2273.05,153.2,sample,1,2026-10-08T22:44:27.535903
Maharashtra,Mumbai,Vashi,Tomato,Hybrid,FAQ,2026-07-27,2113.88,2690.95,2418.62,229.3,sample,1,2026-10-08T22:44:27.535912
Maharashtra,Mumbai,Vashi,Tomato,Hybrid,FAQ,2026-07-28,2013.95,2714.1,2336.53,461.1,sample,1,2026-10-08T22:44:27.535919
Maharashtra,Mumbai,Vashi,Tomato,Hybrid,FAQ,2026-07-29,1984.23,2602.58,2302.93,53.3,sample,1,2026-10-08T22:44:27.535926
Maharashtra,Mumbai,Vashi,Tomato,Hybrid,FAQ,2026-07-30,1940.76,2665.43,2265.69,72.3,sample,1,2026-10-08T22:44:27.535932
Maharashtra,Mumbai,Vashi,Tomato,Hybrid,FAQ,2026-07-31,1965.9,2631.87,2228.64,206.4,sample,1,2026-10-08T22:44:27.535939
Maharashtra,Mumbai,Vashi,Tomato,Hybrid,FAQ,2026-08-01,1822.15,2321.88,2060.36,357.1,sample,1,2026-10-08T22:44:27.535946
Maharashtra,Mumbai,Vashi,Tomato,Hybrid,FAQ,2026-08-03,1676.87,2382.26,1962.21,497.1,sample,1,2026-10-08T22:44:27.535954
Maharashtra,Mumbai,Vashi,Tomato,Hybrid,FAQ,2026-08-04,1705.83,2160.22,1893.84,447.9,sample,1,2026-10-08T22:44:27.535960
Maharashtra,Mumbai,Vashi,Tomato,Hybrid,FAQ,2026-08-05,1513.5,2195.79,1755.67,224.8,sample,1,2026-10-08T22:44:27.535967
Maharashtra,Mumbai,Vashi,Tomato,Hybrid,FAQ,2026-08-06,1568.92,2153.73,1755.4,256.4,sample,1,2026-10-08T22:44:27.535975
Maharashtra,Mumbai,Vashi,Tomato,Hybrid,FAQ,2026-08-07,1454.2,2106.69,1725.63,275.1,sample,1,2026-10-08T22:44:27.535982
Maharashtra,Mumbai,Vashi,Tomato,Hybrid,FAQ,2026-08-08,1469.55,2048.83,1744.89,252.3,sample,1,2026-10-08T22:44:27.535988
Maharashtra,Mumbai,Vashi,Tomato,Hybrid,FAQ,2026-08-10,1404.55,2086.39,1677.18,216.4,sample,1,2026-10-08T22:44:27.535995
Maharashtra,Mumbai,Vashi,Tomato,Hybrid,FAQ,2026-08-11,1334.48,2036.02,1642.3,47.3,sample,1,2026-10-08T22:44:27.536002
Maharashtra,Mumbai,Vashi,Tomato,Hybrid,FAQ,2026-08-12,1384.23,2070.22,1619.85,309.6,sample,1,2026-10-08T22:44:27.536010
Maharashtra,Mumbai,Vashi,Tomato,Hybrid,FAQ,2026-08-13,1481.48,2038.8,1659.0,71.2,sample,1,2026-10-08T22:44:27.536017
Maharashtra,Mumbai,Vashi,Tomato,Hybrid,FAQ,2026-08-14,1362.21,1886.72,1640.96,123.0,sample,1,2026-10-08T22:44:27.536024
Maharashtra,Mumbai,Vashi,Tomato,Hybrid,FAQ,2026-08-15,1245.83,1875.73,1526.49,457.8,sample,1,2026-10-08T22:44:27.536030
Maharashtra,Mumbai,Vashi,Tomato,Hybrid,FAQ,2026-08-17,1281.76,1970.38,1582.49,326.6,sample,1,2026-10-08T22:44:27.536038
Maharashtra,Mumbai,Vashi,Tomato,Hybrid,FAQ,2026-08-18,1299.57,1974.99,1537.92,70.9,sample,1,2026-10-08T22:44:27.536049
Maharashtra,Mumbai,Vashi,Tomato,Hybrid,FAQ,2026-08-19,1272.27,1935.33,1578.62,213.0,sample,1,2026-10-08T22:44:27.536056
Maharashtra,Mumbai,Vashi,Tomato,Hybrid,FAQ,2026-08-20,1378.01,1908.84,1599.26,439.1,sample,1,2026-10-08T22:44:27.536063
Maharashtra,Mumbai,Vashi,Tomato,Hybrid,FAQ,2026-08-21,1444.76,1973.59,1633.3,380.7,sample,1,2026-10-08T22:44:27.536071
Maharashtra,Mumbai,Vashi,Tomato,Hybrid,FAQ,2026-08-22,1519.29,2045.07,1745.23,177.6,sample,1,2026-10-08T22:44:27.536078
Maharashtra,Mumbai,Vashi,Tomato,Hybrid,FAQ,2026-08-24,1530.71,2106.11,1733.91,169.7,sample,1,2026-10-08T22:44:27.536086
Maharashtra,Mumbai,Vashi,Tomato,Hybrid,FAQ,2026-08-25,1598.87,2209.78,1776.37,441.9,sample,1,2026-10-08T22:44:27.536093
Maharashtra,Mumbai,Vashi,Tomato,Hybrid,FAQ,2026-08-26,1548.72,2187.16,1841.18,143.8,sample,1,2026-10-08T22:44:27.536100
Maharashtra,Mumbai,Vashi,Tomato,Hybrid,FAQ,2026-08-27,1720.81,2211.65,1949.41,461.3,sample,1,2026-10-08T22:44:27.536107
Maharashtra,Mumbai,Vashi,Tomato,Hybrid,FAQ,2026-08-28,1649.89,2195.95,1885.83,438.8,sample,1,2026-10-08T22:44:27.536114
Maharashtra,Mumbai,Vashi,Tomato,Hybrid,FAQ,2026-08-29,1509.44,2067.49,1758.98,133.7,sample,1,2026-10-08T22:44:27.536121
Maharashtra,Mumbai,Vashi,Tomato,Hybrid,FAQ,2026-08-31,1749.99,2323.05,1936.44,44.0,sample,1,2026-10-08T22:44:27.536129
Maharashtra,Mumbai,Vashi,Tomato,Hybrid,FAQ,2026-09-01,1666.54,2218.36,1894.84,163.1,sample,1,2026-10-08T22:44:27.536136
Maharashtra,Mumbai,Vashi,Tomato,Hybrid,FAQ,2026-09-02,1745.17,2384.0,1967.91,200.7,sample,1,2026-10-08T22:44:27.536145
Maharashtra,Mumbai,Vashi,Tomato,Hybrid,FAQ,2026-09-03,1613.01,2372.13,1930.64,396.9,sample,1,2026-10-08T22:44:27.536151
Maharashtra,Mumbai,Vashi,Tomato,Hybrid,FAQ,2026-09-04,1698.78,2252.2,1891.62,190.8,sample,1,2026-10-08T22:44:27.536158
Maharashtra,Mumbai,Vashi,Tomato,Hybrid,FAQ,2026-09-05,1616.45,2337.38,1922.97,66.6,sample,1,2026-10-08T22:44:27.536165
Maharashtra,Mumbai,Vashi,Tomato,Hybrid,FAQ,2026-09-07,1548.22,2267.82,1856.15,74.9,sample,1,2026-10-08T22:44:27.536173
Maharashtra,Mumbai,Vashi,Tomato,Hybrid,FAQ,2026-09-08,1620.44,2275.63,1821.06,490.4,sample,1,2026-10-08T22:44:27.536180
Maharashtra,Mumbai,Vashi,Tomato,Hybrid,FAQ,2026-09-09,1448.36,2198.62,1749.29,90.9,sample,1,2026-10-08T22:44:27.536187
Maharashtra,Mumbai,Vashi,Tomato,Hybrid,FAQ,2026-09-10,1634.38,2282.65,1878.49,121.8,sample,1,2026-10-08T22:44:27.536195
Maharashtra,Mumbai,Vashi,Tomato,Hybrid,FAQ,2026-09-11,1498.75,1979.59,1688.32,284.9,sample,1,2026-10-08T22:44:27.536202
Maharashtra,Mumbai,Vashi,Tomato,Hybrid,FAQ,2026-09-12,1329.96,1912.41,1648.15,450.1,sample,1,2026-10-08T22:44:27.536209
Maharashtra,Mumbai,Vashi,Tomato,Hybrid,FAQ,2026-09-14,1343.9,2114.52,1667.81,69.9,sample,1,2026-10-08T22:44:27.536217
Maharashtra,Mumbai,Vashi,Tomato,Hybrid,FAQ,2026-09-15,1330.91,1870.53,1544.64,159.2,sample,1,2026-10-08T22:44:27.536224
Maharashtra,Mumbai,Vashi,Tomato,Hybrid,FAQ,2026-09-16,1290.73,1928.78,1491.69,87.3,sample,1,2026-10-08T22:44:27.536231
Maharashtra,Mumbai,Vashi,Tomato,Hybrid,FAQ,2026-09-17,1023.13,1612.06,1289.37,253.1,sample,1,2026-10-08T22:44:27.536239
Maharashtra,Mumbai,Vashi,Tomato,Hybrid,FAQ,2026-09-18,1132.22,1855.76,1434.27,378.3,sample,1,2026-10-08T22:44:27.536246
Maharashtra,Mumbai,Vashi,Tomato,Hybrid,FAQ,2026-09-19,1076.0,1524.54,1266.24,184.6,sample,1,2026-10-08T22:44:27.536253
Maharashtra,Mumbai,Vashi,Tomato,Hybrid,FAQ,2026-09-21,1052.21,1504.11,1240.81,372.9,sample,1,2026-10-08T22:44:27.536261
Maharashtra,Mumbai,Vashi,Tomato,Hybrid,FAQ,2026-09-22,1089.17,1574.78,1277.39,192.9,sample,1,2026-10-08T22:44:27.536269
Maharashtra,Mumbai,Vashi,Tomato,Hybrid,FAQ,2026-09-23,952.7,1700.03,1255.05,187.5,sample,1,2026-10-08T22:44:27.536276
Maharashtra,Mumbai,Vashi,Tomato,Hybrid,FAQ,2026-09-24,1042.13,1480.35,1222.98,181.4,sample,1,2026-10-08T22:44:27.536283
Maharashtra,Mumbai,Vashi,Tomato,Hybrid,FAQ,2026-09-25,1149.24,1731.99,1337.43,451.1,sample,1,2026-10-08T22:44:27.536290
Maharashtra,Mumbai,Vashi,Tomato,Hybrid,FAQ,2026-09-26,1098.12,1797.1,1365.62,227.3,sample,1,2026-10-08T22:44:27.536297
Maharashtra,Mumbai,Vashi,Tomato,Hybrid,FAQ,2026-09-28,1045.33,1647.69,1335.54,227.1,sample,1,2026-10-08T22:44:27.536305
Maharashtra,Mumbai,Vashi,Tomato,Hybrid,FAQ,2026-09-29,1012.74,1649.4,1313.65,384.7,sample,1,2026-10-08T22:44:27.536312
Maharashtra,Mumbai,Vashi,Tomato,Hybrid,FAQ,2026-09-30,1035.77,1665.76,1256.31,381.3,sample,1,2026-10-08T22:44:27.536319
Maharashtra,Mumbai,Vashi,Tomato,Hybrid,FAQ,2026-10-01,1303.99,1875.66,1506.55,105.0,sample,1,2026-10-08T22:44:27.536326
Maharashtra,Mumbai,Vashi,Tomato,Hybrid,FAQ,2026-10-02,1402.46,1983.81,1667.15,65.3,sample,1,2026-10-08T22:44:27.536333
Maharashtra,Mumbai,Vashi,Tomato,Hybrid,FAQ,2026-10-03,1392.97,1876.22,1613.99,324.3,sample,1,2026-10-08T22:44:27.536341
Maharashtra,Mumbai,Vashi,Tomato,Hybrid,FAQ,2026-10-05,1381.09,1885.96,1618.99,359.6,sample,1,2026-10-08T22:44:27.536349
Maharashtra,Mumbai,Vashi,Tomato,Hybrid,FAQ,2026-10-06,1358.07,1969.99,1590.44,357.4,sample,1,2026-10-08T22:44:27.536356
Maharashtra,Mumbai,Vashi,Tomato,Hybrid,FAQ,2026-10-07,1335.58,2045.08,1623.64,363.1,sample,1,2026-10-08T22:44:27.536363
Maharashtra,Mumbai,Vashi,Tomato,Hybrid,FAQ,2026-10-08,1393.4,1920.18,1647.37,345.5,sample,1,2026-10-08T22:44:27.536370
Maharashtra,Mumbai,Vashi,Wheat,Lokwan,FAQ,2026-07-10,2654.21,2908.6,2767.33,419.1,sample,1,2026-10-08T22:44:27.536379
Maharashtra,Mumbai,Vashi,Wheat,Lokwan,FAQ,2026-07-11,2645.97,2938.98,2796.57,78.5,sample,1,2026-10-08T22:44:27.536386
Maharashtra,Mumbai,Vashi,Wheat,Lokwan,FAQ,2026-07-13,2672.51,2946.86,2802.45,399.8,sample,1,2026-10-08T22:44:27.536394
Maharashtra,Mumbai,Vashi,Wheat,Lokwan,FAQ,2026-07-14,2633.39,2964.96,2777.56,215.5,sample,1,2026-10-08T22:44:27.536401
Maharashtra,Mumbai,Vashi,Wheat,Lokwan,FAQ,2026-07-15,2664.87,2973.96,2794.33,407.8,sample,1,2026-10-08T22:44:27.536408
Maharashtra,Mumbai,Vashi,Wheat,Lokwan,FAQ,2026-07-16,2680.97,3022.52,2815.98,45.1,sample,1,2026-10-08T22:44:27.536416
Maharashtra,Mumbai,Vashi,Wheat,Lokwan,FAQ,2026-07-17,2658.17,2994.15,2799.75,471.0,sample,1,2026-10-08T22:44:27.536423
Maharashtra,Mumbai,Vashi,Wheat,Lokwan,FAQ,2026-07-18,2661.42,2970.21,2791.04,389.6,sample,1,2026-10-08T22:44:27.536430
Maharashtra,Mumbai,Vashi,Wheat,Lokwan,FAQ,2026-07-20,2627.68,2905.38,2762.33,54.0,sample,1,2026-10-08T22:44:27.536437
Maharashtra,Mumbai,Vashi,Wheat,Lokwan,FAQ,2026-07-21,2599.35,2949.87,2752.48,459.9,sample,1,2026-10-08T22:44:27.536444
Maharashtra,Mumbai,Vashi,Wheat,Lokwan,FAQ,2026-07-22,2629.86,2889.29,2749.38,410.3,sample,1,2026-10-08T22:44:27.536451
Maharashtra,Mumbai,Vashi,Wheat,Lokwan,FAQ,2026-07-23,2647.48,2998.99,2771.55,106.6,sample,1,2026-10-08T22:44:27.536459
Maharashtra,Mumbai,Vashi,Wheat,Lokwan,FAQ,2026-07-24,2660.31,2961.18,2757.72,60.6,sample,1,2026-10-08T22:44:27.536466
Maharashtra,Mumbai,Vashi,Wheat,Lokwan,FAQ,2026-07-25,2641.04,2955.05,2773.78,465.7,sample,1,2026-10-08T22:44:27.536473
Maharashtra,Mumbai,Vashi,Wheat,Lokwan,FAQ,2026-07-27,2653.01,2941.85,2747.62,277.4,sample,1,2026-10-08T22:44:27.536482
Maharashtra,Mumbai,Vashi,Wheat,Lokwan,FAQ,2026-07-28,2631.54,2883.74,2716.69,172.5,sample,1,2026-10-08T22:44:27.536490
Maharashtra,Mumbai,Vashi,Wheat,Lokwan,FAQ,2026-07-29,2617.5,2915.7,2761.39,232.5,sample,1,2026-10-08T22:44:27.536497
Maharashtra,Mumbai,Vashi,Wheat,Lokwan,FAQ,2026-07-30,2658.43,2926.7,2768.25,259.5,sample,1,2026-10-08T22:44:27.536504
Maharashtra,Mumbai,Vashi,Wheat,Lokwan,FAQ,2026-07-31,2589.9,2915.32,2723.77,196.9,sample,1,2026-10-08T22:44:27.536512
Maharashtra,Mumbai,Vashi,Wheat,Lokwan,FAQ,2026-08-01,2602.53,2866.75,2738.23,440.5,sample,1,2026-10-08T22:44:27.536519
Maharashtra,Mumbai,Vashi,Wheat,Lokwan,FAQ,2026-08-03,2567.88,2855.65,2693.96,220.4,sample,1,2026-10-08T22:44:27.536527
Maharashtra,Mumbai,Vashi,Wheat,Lokwan,FAQ,2026-08-04,2512.7,2794.28,2646.22,83.1,sample,1,2026-10-08T22:44:27.536534
Maharashtra,Mumbai,Vashi,Wheat,Lokwan,FAQ,2026-08-05,2514.49,2836.98,2624.01,141.5,sample,1,2026-10-08T22:44:27.536541
Maharashtra,Mumbai,Vashi,Wheat,Lokwan,FAQ,2026-08-06,2528.13,2835.7,2652.37,466.3,sample,1,2026-10-08T22:44:27.536548
Maharashtra,Mumbai,Vashi,Wheat,Lokwan,FAQ,2026-08-07,2499.52,2809.85,2608.55,459.2,sample,1,2026-10-08T22:44:27.536556
Maharashtra,Mumbai,Vashi,Wheat,Lokwan,FAQ,2026-08-08,2505.07,2848.83,2633.23,74.1,sample,1,2026-10-08T22:44:27.536565
Maharashtra,Mumbai,Vashi,Wheat,Lokwan,FAQ,2026-08-10,2476.05,2729.87,2590.05,466.6,sample,1,2026-10-08T22:44:27.536573
Maharashtra,Mumbai,Vashi,Wheat,Lokwan,FAQ,2026-08-11,2493.3,2766.51,2638.02,80.6,sample,1,2026-10-08T22:44:27.536580
Maharashtra,Mumbai,Vashi,Wheat,Lokwan,FAQ,2026-08-12,2578.12,2843.33,2676.05,464.2,sample,1,2026-10-08T22:44:27.536588
Maharashtra,Mumbai,Vashi,Wheat,Lokwan,FAQ,2026-08-13,2583.75,2892.08,2702.45,346.1,sample,1,2026-10-08T22:44:27.536595
Maharashtra,Mumbai,Vashi,Wheat,Lokwan,FAQ,2026-08-14,2517.18,2847.9,2655.44,138.6,sample,1,2026-10-08T22:44:27.536602
Maharashtra,Mumbai,Vashi,Wheat,Lokwan,FAQ,2026-08-15,2591.3,2838.06,2676.5,389.6,sample,1,2026-10-08T22:44:27.536610
Maharashtra,Mumbai,Vashi,Wheat,Lokwan,FAQ,2026-08-17,2552.06,2885.73,2673.58,392.0,sample,1,2026-10-08T22:44:27.536619
Maharashtra,Mumbai,Vashi,Wheat,Lokwan,FAQ,2026-08-18,2491.44,2814.48,2627.99,477.3,sample,1,2026-10-08T22:44:27.536627
Maharashtra,Mumbai,Vashi,Wheat,Lokwan,FAQ,2026-08-19,2487.73,2821.53,2614.15,159.4,sample,1,2026-10-08T22:44:27.536634
Maharashtra,Mumbai,Vashi,Wheat,Lokwan,FAQ,2026-08-20,2469.12,2816.32,2611.36,480.2,sample,1,2026-10-08T22:44:27.536642
Maharashtra,Mumbai,Vashi,Wheat,Lokwan,FAQ,2026-08-21,2496.22,2810.16,2620.6,446.0,sample,1,2026-10-08T22:44:27.536650
Maharashtra,Mumbai,Vashi,Wheat,Lokwan,FAQ,2026-08-22,2500.44,2823.52,2653.37,138.9,sample,1,2026-10-08T22:44:27.536657
Maharashtra,Mumbai,Vashi,Wheat,Lokwan,FAQ,2026-08-24,2551.47,2827.56,2687.94,375.9,sample,1,2026-10-08T22:44:27.536665
Maharashtra,Mumbai,Vashi,Wheat,Lokwan,FAQ,2026-08-25,2582.18,2914.96,2701.71,157.7,sample,1,2026-10-08T22:44:27.536672
Maharashtra,Mumbai,Vashi,Wheat,Lokwan,FAQ,2026-08-26,2530.87,2856.63,2673.53,394.3,sample,1,2026-10-08T22:44:27.536679
Maharashtra,Mumbai,Vashi,Wheat,Lokwan,FAQ,2026-08-27,2530.76,2836.69,2674.86,356.8,sample,1,2026-10-08T22:44:27.536686
Maharashtra,Mumbai,Vashi,Wheat,Lokwan,FAQ,2026-08-28,2598.79,2906.91,2709.25,344.7,sample,1,2026-10-08T22:44:27.536694
Maharashtra,Mumbai,Vashi,Wheat,Lokwan,FAQ,2026-08-29,2621.44,2973.46,2753.22,113.1,sample,1,2026-10-08T22:44:27.536701
Maharashtra,Mumbai,Vashi,Wheat,Lokwan,FAQ,2026-08-31,2636.7,2993.67,2785.58,91.0,sample,1,2026-10-08T22:44:27.536709
Maharashtra,Mumbai,Vashi,Wheat,Lokwan,FAQ,2026-09-01,2661.51,2913.74,2761.23,136.4,sample,1,2026-10-08T22:44:27.536719
Maharashtra,Mumbai,Vashi,Wheat,Lokwan,FAQ,2026-09-02,2623.94,2916.43,2732.63,177.1,sample,1,2026-10-08T22:44:27.536726
Maharashtra,Mumbai,Vashi,Wheat,Lokwan,FAQ,2026-09-03,2592.72,2916.17,2744.55,457.1,sample,1,2026-10-08T22:44:27.536733
Maharashtra,Mumbai,Vashi,Wheat,Lokwan,FAQ,2026-09-04,2597.39,2894.49,2725.37,189.0,sample,1,2026-10-08T22:44:27.536741
Maharashtra,Mumbai,Vashi,Wheat,Lokwan,FAQ,2026-09-05,2579.73,2881.25,2703.45,163.6,sample,1,2026-10-08T22:44:27.536748
Maharashtra,Mumbai,Vashi,Wheat,Lokwan,FAQ,2026-09-07,2575.63,2863.17,2701.02,76.5,sample,1,2026-10-08T22:44:27.536756
Maharashtra,Mumbai,Vashi,Wheat,Lokwan,FAQ,2026-09-08,2615.01,2872.41,2724.74,471.3,sample,1,2026-10-08T22:44:27.536764
Maharashtra,Mumbai,Vashi,Wheat,Lokwan,FAQ,2026-09-09,2574.73,2877.02,2715.41,329.1,sample,1,2026-10-08T22:44:27.536771
Maharashtra,Mumbai,Vashi,Wheat,Lokwan,FAQ,2026-09-10,2586.78,2938.89,2737.29,264.7,sample,1,2026-10-08T22:44:27.536778
Maharashtra,Mumbai,Vashi,Wheat,Lokwan,FAQ,2026-09-11,2606.64,2940.97,2710.54,69.6,sample,1,2026-10-08T22:44:27.536786
Maharashtra,Mumbai,Vashi,Wheat,Lokwan,FAQ,2026-09-12,2575.77,2936.41,2705.57,217.5,sample,1,2026-10-08T22:44:27.536795
Maharashtra,Mumbai,Vashi,Wheat,Lokwan,FAQ,2026-09-14,2636.06,2911.83,2750.92,95.3,sample,1,2026-10-08T22:44:27.536803
Maharashtra,Mumbai,Vashi,Wheat,Lokwan,FAQ,2026-09-15,2575.16,2851.75,2713.03,323.9,sample,1,2026-10-08T22:44:27.536811
Maharashtra,Mumbai,Vashi,Wheat,Lokwan,FAQ,2026-09-16,2594.99,2887.34,2695.12,203.6,sample,1,2026-10-08T22:44:27.536818
Maharashtra,Mumbai,Vashi,Wheat,Lokwan,FAQ,2026-09-17,2591.29,2907.1,2698.21,398.2,sample,1,2026-10-08T22:44:27.536826
Maharashtra,Mumbai,Vashi,Wheat,Lokwan,FAQ,2026-09-18,2524.29,2825.89,2652.31,315.5,sample,1,2026-10-08T22:44:27.536838
Maharashtra,Mumbai,Vashi,Wheat,Lokwan,FAQ,2026-09-19,2576.06,2881.21,2677.17,460.2,sample,1,2026-10-08T22:44:27.536845
Maharashtra,Mumbai,Vashi,Wheat,Lokwan,FAQ,2026-09-21,2630.36,2920.1,2739.63,124.5,sample,1,2026-10-08T22:44:27.536855
Maharashtra,Mumbai,Vashi,Wheat,Lokwan,FAQ,2026-09-22,2614.72,2927.62,2758.85,128.2,sample,1,2026-10-08T22:44:27.536862
Maharashtra,Mumbai,Vashi,Wheat,Lokwan,FAQ,2026-09-23,2691.32,2976.22,2798.88,334.1,sample,1,2026-10-08T22:44:27.536871
Maharashtra,Mumbai,Vashi,Wheat,Lokwan,FAQ,2026-09-24,2709.39,2962.13,2805.81,98.1,sample,1,2026-10-08T22:44:27.536880
Maharashtra,Mumbai,Vashi,Wheat,Lokwan,FAQ,2026-09-25,2658.87,2955.49,2796.52,344.9,sample,1,2026-10-08T22:44:27.536887
Maharashtra,Mumbai,Vashi,Wheat,Lokwan,FAQ,2026-09-26,2728.28,2991.54,2824.33,294.5,sample,1,2026-10-08T22:44:27.536895
Maharashtra,Mumbai,Vashi,Wheat,Lokwan,FAQ,2026-09-28,2690.24,2989.26,2792.53,62.7,sample,1,2026-10-08T22:44:27.536904
Maharashtra,Mumbai,Vashi,Wheat,Lokwan,FAQ,2026-09-29,2687.44,2971.85,2777.4,272.8,sample,1,2026-10-08T22:44:27.536911
Maharashtra,Mumbai,Vashi,Wheat,Lokwan,FAQ,2026-09-30,2679.96,3002.93,2778.65,294.6,sample,1,2026-10-08T22:44:27.536919
Maharashtra,Mumbai,Vashi,Wheat,Lokwan,FAQ,2026-10-01,2688.21,2995.66,2777.39,440.4,sample,1,2026-10-08T22:44:27.536926
Maharashtra,Mumbai,Vashi,Wheat,Lokwan,FAQ,2026-10-02,2617.07,2941.19,2758.28,224.1,sample,1,2026-10-08T22:44:27.536934
Maharashtra,Mumbai,Vashi,Wheat,Lokwan,FAQ,2026-10-03,2626.6,2901.64,2764.37,199.1,sample,1,2026-10-08T22:44:27.536942
Maharashtra,Mumbai,Vashi,Wheat,Lokwan,FAQ,2026-10-05,2676.18,2913.79,2761.32,111.0,sample,1,2026-10-08T22:44:27.536950
Maharashtra,Mumbai,Vashi,Wheat,Lokwan,FAQ,2026-10-06,2673.86,2978.58,2786.15,241.2,sample,1,2026-10-08T22:44:27.536959
Maharashtra,Mumbai,Vashi,Wheat,Lokwan,FAQ,2026-10-07,2676.16,2989.05,2819.54,362.2,sample,1,2026-10-08T22:44:27.536967
Maharashtra,Mumbai,Vashi,Wheat,Lokwan,FAQ,2026-10-08,2650.31,2901.2,2770.01,193.1,sample,1,2026-10-08T22:44:27.536976
Maharashtra,Pune,Junnar,Tomato,Hybrid,FAQ,2026-07-10,1526.61,2137.26,1829.49,303.8,sample,1,2026-10-08T22:44:27.536986
Maharashtra,Pune,Junnar,Tomato,Hybrid,FAQ,2026-07-11,1811.27,2392.41,2002.33,366.9,sample,1,2026-10-08T22:44:27.536994
Maharashtra,Pune,Junnar,Tomato,Hybrid,FAQ,2026-07-13,1781.53,2399.77,2023.2,354.1,sample,1,2026-10-08T22:44:27.537003
Maharashtra,Pune,Junnar,Tomato,Hybrid,FAQ,2026-07-14,1648.72,2265.7,1944.17,59.6,sample,1,2026-10-08T22:44:27.537011
Maharashtra,Pune,Junnar,Tomato,Hybrid,FAQ,2026-07-15,1781.99,2548.05,2099.38,372.4,sample,1,2026-10-08T22:44:27.537020
Maharashtra,Pune,Junnar,Tomato,Hybrid,FAQ,2026-07-16,1761.46,2445.22,2063.93,341.9,sample,1,2026-10-08T22:44:27.537027
Maharashtra,Pune,Junnar,Tomato,Hybrid,FAQ,2026-07-17,1624.91,2241.29,1900.95,442.4,sample,1,2026-10-08T22:44:27.537035
Maharashtra,Pune,Junnar,Tomato,Hybrid,FAQ,2026-07-18,1581.78,2102.89,1839.13,113.0,sample,1,2026-10-08T22:44:27.537043
Maharashtra,Pune,Junnar,Tomato,Hybrid,FAQ,2026-07-20,1545.39,2184.61,1861.75,259.7,sample,1,2026-10-08T22:44:27.537052
Maharashtra,Pune,Junnar,Tomato,Hybrid,FAQ,2026-07-21,1662.4,2219.8,1914.2,221.9,sample,1,2026-10-08T22:44:27.537059
Maharashtra,Pune,Junnar,Tomato,Hybrid,FAQ,2026-07-22,1504.25,2223.63,1804.08,421.9,sample,1,2026-10-08T22:44:27.537067
Maharashtra,Pune,Junnar,Tomato,Hybrid,FAQ,2026-07-23,1652.18,2248.58,1839.51,298.8,sample,1,2026-10-08T22:44:27.537074
Maharashtra,Pune,Junnar,Tomato,Hybrid,FAQ,2026-07-24,1552.52,2144.03,1803.25,212.3,sample,1,2026-10-08T22:44:27.537082
Maharashtra,Pune,Junnar,Tomato,Hybrid,FAQ,2026-07-25,1601.27,2151.79,1786.55,356.5,sample,1,2026-10-08T22:44:27.537090
Maharashtra,Pune,Junnar,Tomato,Hybrid,FAQ,2026-07-27,1477.62,2022.91,1743.22,134.8,sample,1,2026-10-08T22:44:27.537098
Maharashtra,Pune,Junnar,Tomato,Hybrid,FAQ,2026-07-28,1690.43,2318.19,1880.48,325.2,sample,1,2026-10-08T22:44:27.537106
Maharashtra,Pune,Junnar,Tomato,Hybrid,FAQ,2026-07-29,1645.61,2288.24,1934.6,336.3,sample,1,2026-10-08T22:44:27.537114
Maharashtra,Pune,Junnar,Tomato,Hybrid,FAQ,2026-07-30,1773.81,2393.18,2048.25,242.4,sample,1,2026-10-08T22:44:27.537125
Maharashtra,Pune,Junnar,Tomato,Hybrid,FAQ,2026-07-31,1740.37,2396.82,1963.26,261.4,sample,1,2026-10-08T22:44:27.537134
Maharashtra,Pune,Junnar,Tomato,Hybrid,FAQ,2026-08-01,1756.16,2294.04,1985.41,321.9,sample,1,2026-10-08T22:44:27.537141
Maharashtra,Pune,Junnar,Tomato,Hybrid,FAQ,2026-08-03,1629.66,2209.7,1900.46,492.6,sample,1,2026-10-08T22:44:27.537149
Maharashtra,Pune,Junnar,Tomato,Hybrid,FAQ,2026-08-04,1553.68,2137.33,1793.47,266.6,sample,1,2026-10-08T22:44:27.537156
Maharashtra,Pune,Junnar,Tomato,Hybrid,FAQ,2026-08-05,1490.81,2195.02,1750.36,373.9,sample,1,2026-10-08T22:44:27.537164
Maharashtra,Pune,Junnar,Tomato,Hybrid,FAQ,2026-08-06,1522.79,2123.08,1822.3,321.7,sample,1,2026-10-08T22:44:27.537171
Maharashtra,Pune,Junnar,Tomato,Hybrid,FAQ,2026-08-07,1577.13,2284.85,1894.12,177.3,sample,1,2026-10-08T22:44:27.537179
Maharashtra,Pune,Junnar,Tomato,Hybrid,FAQ,2026-08-08,1641.09,2122.18,1832.97,313.1,sample,1,2026-10-08T22:44:27.537186
Maharashtra,Pune,Junnar,Tomato,Hybrid,FAQ,2026-08-10,1304.98,1847.64,1579.58,476.9,sample,1,2026-10-08T22:44:27.537194
Maharashtra,Pune,Junnar,Tomato,Hybrid,FAQ,2026-08-11,1371.45,1985.06,1642.97,435.1,sample,1,2026-10-08T22:44:27.537203
Maharashtra,Pune,Junnar,Tomato,Hybrid,FAQ,2026-08-12,1446.83,2045.52,1661.25,416.6,sample,1,2026-10-08T22:44:27.537210
Maharashtra,Pune,Junnar,Tomato,Hybrid,FAQ,2026-08-13,1283.42,1948.1,1557.31,262.5,sample,1,2026-10-08T22:44:27.537217
Maharashtra,Pune,Junnar,Tomato,Hybrid,FAQ,2026-08-14,1412.22,2007.56,1657.46,224.6,sample,1,2026-10-08T22:44:27.537225
Maharashtra,Pune,Junnar,Tomato,Hybrid,FAQ,2026-08-15,1642.28,2149.81,1832.86,338.2,sample,1,2026-10-08T22:44:27.537233
Maharashtra,Pune,Junnar,Tomato,Hybrid,FAQ,2026-08-17,1630.05,2176.46,1819.33,442.7,sample,1,2026-10-08T22:44:27.537241
Maharashtra,Pune,Junnar,Tomato,Hybrid,FAQ,2026-08-18,1494.36,2015.41,1725.47,346.0,sample,1,2026-10-08T22:44:27.537249
Maharashtra,Pune,Junnar,Tomato,Hybrid,FAQ,2026-08-19,1564.77,2268.25,1820.23,200.8,sample,1,2026-10-08T22:44:27.537256
Maharashtra,Pune,Junnar,Tomato,Hybrid,FAQ,2026-08-20,1770.03,2355.48,1947.68,384.9,sample,1,2026-10-08T22:44:27.537264
Maharashtra,Pune,Junnar,Tomato,Hybrid,FAQ,2026-08-21,1725.32,2343.76,1973.22,423.1,sample,1,2026-10-08T22:44:27.537274
Maharashtra,Pune,Junnar,Tomato,Hybrid,FAQ,2026-08-22,1585.77,2165.42,1815.09,340.7,sample,1,2026-10-08T22:44:27.537282
Maharashtra,Pune,Junnar,Tomato,Hybrid,FAQ,2026-08-24,1465.62,2131.8,1775.31,458.2,sample,1,2026-10-08T22:44:27.537291
Maharashtra,Pune,Junnar,Tomato,Hybrid,FAQ,2026-08-25,1533.08,2071.98,1802.29,129.0,sample,1,2026-10-08T22:44:27.537298
Maharashtra,Pune,Junnar,Tomato,Hybrid,FAQ,2026-08-26,1543.19,2238.89,1828.6,333.5,sample,1,2026-10-08T22:44:27.537306
Maharashtra,Pune,Junnar,Tomato,Hybrid,FAQ,2026-08-27,1632.73,2182.46,1874.34,253.9,sample,1,2026-10-08T22:44:27.537313
Maharashtra,Pune,Junnar,Tomato,Hybrid,FAQ,2026-08-28,1543.58,2206.5,1868.14,369.5,sample,1,2026-10-08T22:44:27.537321
Maharashtra,Pune,Junnar,Tomato,Hybrid,FAQ,2026-08-29,1795.63,2459.41,2008.8,347.9,sample,1,2026-10-08T22:44:27.537328
Maharashtra,Pune,Junnar,Tomato,Hybrid,FAQ,2026-08-31,1553.97,2148.62,1852.05,173.8,sample,1,2026-10-08T22:44:27.537337
Maharashtra,Pune,Junnar,Tomato,Hybrid,FAQ,2026-09-01,1599.98,2253.25,1858.38,303.1,sample,1,2026-10-08T22:44:27.537344
Maharashtra,Pune,Junnar,Tomato,Hybrid,FAQ,2026-09-02,1743.58,2393.24,1951.09,211.5,sample,1,2026-10-08T22:44:27.537352
Maharashtra,Pune,Junnar,Tomato,Hybrid,FAQ,2026-09-03,1649.32,2192.1,1939.31,252.3,sample,1,2026-10-08T22:44:27.537360
Maharashtra,Pune,Junnar,Tomato,Hybrid,FAQ,2026-09-04,1795.34,2246.8,1985.46,200.0,sample,1,2026-10-08T22:44:27.537368
Maharashtra,Pune,Junnar,Tomato,Hybrid,FAQ,2026-09-05,1837.64,2497.71,2114.31,58.1,sample,1,2026-10-08T22:44:27.537377
Maharashtra,Pune,Junnar,Tomato,Hybrid,FAQ,2026-09-07,1886.86,2544.48,2202.88,403.7,sample,1,2026-10-08T22:44:27.537385
Maharashtra,Pune,Junnar,Tomato,Hybrid,FAQ,2026-09-08,2047.79,2515.27,2263.25,289.8,sample,1,2026-10-08T22:44:27.537393
Maharashtra,Pune,Junnar,Tomato,Hybrid,FAQ,2026-09-09,1969.47,2534.72,2223.82,85.0,sample,1,2026-10-08T22:44:27.537401
Maharashtra,Pune,Junnar,Tomato,Hybrid,FAQ,2026-09-10,1843.33,2431.69,2153.91,384.7,sample,1,2026-10-08T22:44:27.537408
Maharashtra,Pune,Junnar,Tomato,Hybrid,FAQ,2026-09-11,1828.17,2399.05,2038.62,404.1,sample,1,2026-10-08T22:44:27.537416
Maharashtra,Pune,Junnar,Tomato,Hybrid,FAQ,2026-09-12,1872.22,2473.52,2135.03,351.4,sample,1,2026-10-08T22:44:27.537447
Maharashtra,Pune,Junnar,Tomato,Hybrid,FAQ,2026-09-14,1845.99,2540.23,2085.26,209.3,sample,1,2026-10-08T22:44:27.537472
Maharashtra,Pune,Junnar,Tomato,Hybrid,FAQ,2026-09-15,1836.33,2432.17,2112.4,282.5,sample,1,2026-10-08T22:44:27.537486
Maharashtra,Pune,Junnar,Tomato,Hybrid,FAQ,2026-09-16,1775.12,2291.19,2018.29,287.6,sample,1,2026-10-08T22:44:27.537525
Maharashtra,Pune,Junnar,Tomato,Hybrid,FAQ,2026-09-17,1841.76,2320.2,2057.27,138.3,sample,1,2026-10-08T22:44:27.537542
Maharashtra,Pune,Junnar,Tomato,Hybrid,FAQ,2026-09-18,1801.97,2463.5,2089.96,74.2,sample,1,2026-10-08T22:44:27.537555
Maharashtra,Pune,Junnar,Tomato,Hybrid,FAQ,2026-09-19,1730.31,2305.5,1933.74,459.0,sample,1,2026-10-08T22:44:27.537564
Maharashtra,Pune,Junnar,Tomato,Hybrid,FAQ,2026-09-21,1670.35,2265.85,1891.81,238.8,sample,1,2026-10-08T22:44:27.537618
Maharashtra,Pune,Junnar,Tomato,Hybrid,FAQ,2026-09-22,1670.22,2411.69,1972.88,184.3,sample,1,2026-10-08T22:44:27.537795
Maharashtra,Pune,Junnar,Tomato,Hybrid,FAQ,2026-09-23,1695.84,2339.36,1932.95,446.8,sample,1,2026-10-08T22:44:27.537817
Maharashtra,Pune,Junnar,Tomato,Hybrid,FAQ,2026-09-24,1482.37,2101.26,1799.97,483.1,sample,1,2026-10-08T22:44:27.537827
Maharashtra,Pune,Junnar,Tomato,Hybrid,FAQ,2026-09-25,1523.44,2229.64,1844.45,345.5,sample,1,2026-10-08T22:44:27.537837
Maharashtra,Pune,Junnar,Tomato,Hybrid,FAQ,2026-09-26,1657.99,2356.56,1970.12,145.0,sample,1,2026-10-08T22:44:27.537847
Maharashtra,Pune,Junnar,Tomato,Hybrid,FAQ,2026-09-28,1585.03,2249.3,1886.55,110.5,sample,1,2026-10-08T22:44:27.537857
Maharashtra,Pune,Junnar,Tomato,Hybrid,FAQ,2026-09-29,1667.44,2318.96,1966.09,488.2,sample,1,2026-10-08T22:44:27.537865
Maharashtra,Pune,Junnar,Tomato,Hybrid,FAQ,2026-09-30,1574.16,2144.4,1849.57,375.6,sample,1,2026-10-08T22:44:27.537874
Maharashtra,Pune,Junnar,Tomato,Hybrid,FAQ,2026-10-01,1712.39,2452.51,2008.86,365.5,sample,1,2026-10-08T22:44:27.537882
Maharashtra,Pune,Junnar,Tomato,Hybrid,FAQ,2026-10-02,1760.06,2416.4,2011.05,219.6,sample,1,2026-10-08T22:44:27.537890
Maharashtra,Pune,Junnar,Tomato,Hybrid,FAQ,2026-10-03,1641.61,2224.23,1957.46,412.7,sample,1,2026-10-08T22:44:27.537898
Maharashtra,Pune,Junnar,Tomato,Hybrid,FAQ,2026-10-05,1559.89,2134.31,1854.4,161.4,sample,1,2026-10-08T22:44:27.537906
Maharashtra,Pune,Junnar,Tomato,Hybrid,FAQ,2026-10-06,1399.89,1986.22,1673.54,113.2,sample,1,2026-10-08T22:44:27.537914
Maharashtra,Pune,Junnar,Tomato,Hybrid,FAQ,2026-10-07,1285.75,1959.43,1548.59,291.4,sample,1,2026-10-08T22:44:27.537922
Maharashtra,Pune,Junnar,Tomato,Hybrid,FAQ,2026-10-08,1390.33,1962.05,1686.23,193.2,sample,1,2026-10-08T22:44:27.537932
Maharashtra,Pune,Junnar,Onion,Red/Nasik,FAQ,2026-07-10,1862.79,2710.71,2248.6,247.7,sample,1,2026-10-08T22:44:27.537949
Maharashtra,Pune,Junnar,Onion,Red/Nasik,FAQ,2026-07-11,1963.62,2652.15,2221.16,213.7,sample,1,2026-10-08T22:44:27.537957
Maharashtra,Pune,Junnar,Onion,Red/Nasik,FAQ,2026-07-13,1922.48,2676.49,2199.94,168.9,sample,1,2026-10-08T22:44:27.537966
Maharashtra,Pune,Junnar,Onion,Red/Nasik,FAQ,2026-07-14,1852.52,2535.19,2228.94,84.9,sample,1,2026-10-08T22:44:27.537976
Maharashtra,Pune,Junnar,Onion,Red/Nasik,FAQ,2026-07-15,1877.17,2737.39,2240.17,197.6,sample,1,2026-10-08T22:44:27.537986
Maharashtra,Pune,Junnar,Onion,Red/Nasik,FAQ,2026-07-16,1932.64,2682.26,2181.13,126.3,sample,1,2026-10-08T22:44:27.537994
Maharashtra,Pune,Junnar,Onion,Red/Nasik,FAQ,2026-07-17,2024.61,2590.06,2260.6,419.7,sample,1,2026-10-08T22:44:27.538002
Maharashtra,Pune,Junnar,Onion,Red/Nasik,FAQ,2026-07-18,1919.76,2549.64,2245.58,312.8,sample,1,2026-10-08T22:44:27.538010
Maharashtra,Pune,Junnar,Onion,Red/Nasik,FAQ,2026-07-20,1844.6,2484.01,2131.79,85.9,sample,1,2026-10-08T22:44:27.538021
Maharashtra,Pune,Junnar,Onion,Red/Nasik,FAQ,2026-07-21,1831.0,2528.22,2181.15,268.5,sample,1,2026-10-08T22:44:27.538030
Maharashtra,Pune,Junnar,Onion,Red/Nasik,FAQ,2026-07-22,1994.82,2515.74,2229.04,74.3,sample,1,2026-10-08T22:44:27.538039
Maharashtra,Pune,Junnar,Onion,Red/Nasik,FAQ,2026-07-23,1926.15,2593.81,2255.29,151.7,sample,1,2026-10-08T22:44:27.538047
Maharashtra,Pune,Junnar,Onion,Red/Nasik,FAQ,2026-07-24,2027.12,2578.96,2254.66,117.7,sample,1,2026-10-08T22:44:27.538055
Maharashtra,Pune,Junnar,Onion,Red/Nasik,FAQ,2026-07-25,2026.1,2646.77,2273.37,130.0,sample,1,2026-10-08T22:44:27.538064
Maharashtra,Pune,Junnar,Onion,Red/Nasik,FAQ,2026-07-27,1890.11,2521.05,2171.19,457.7,sample,1,2026-10-08T22:44:27.538072
Maharashtra,Pune,Junnar,Onion,Red/Nasik,FAQ,2026-07-28,1953.05,2588.89,2171.37,496.0,sample,1,2026-10-08T22:44:27.538080
Maharashtra,Pune,Junnar,Onion,Red/Nasik,FAQ,2026-07-29,1916.94,2556.88,2146.45,396.7,sample,1,2026-10-08T22:44:27.538095
Maharashtra,Pune,Junnar,Onion,Red/Nasik,FAQ,2026-07-30,1826.45,2562.06,2104.35,211.7,sample,1,2026-10-08T22:44:27.538103
Maharashtra,Pune,Junnar,Onion,Red/Nasik,FAQ,2026-07-31,1706.64,2336.43,2040.67,231.4,sample,1,2026-10-08T22:44:27.538112
Maharashtra,Pune,Junnar,Onion,Red/Nasik,FAQ,2026-08-01,1677.8,2460.08,2060.32,59.2,sample,1,2026-10-08T22:44:27.538122
Maharashtra,Pune,Junnar,Onion,Red/Nasik,FAQ,2026-08-03,1697.54,2270.44,1978.6,177.9,sample,1,2026-10-08T22:44:27.538131
Maharashtra,Pune,Junnar,Onion,Red/Nasik,FAQ,2026-08-04,1666.18,2441.7,1966.36,142.3,sample,1,2026-10-08T22:44:27.538139
Maharashtra,Pune,Junnar,Onion,Red/Nasik,FAQ,2026-08-05,1756.88,2478.8,1996.01,341.0,sample,1,2026-10-08T22:44:27.538148
Maharashtra,Pune,Junnar,Onion,Red/Nasik,FAQ,2026-08-06,1749.59,2444.45,2102.84,237.5,sample,1,2026-10-08T22:44:27.538156
Maharashtra,Pune,Junnar,Onion,Red/Nasik,FAQ,2026-08-07,1866.69,2380.57,2091.69,370.2,sample,1,2026-10-08T22:44:27.538164
Maharashtra,Pune,Junnar,Onion,Red/Nasik,FAQ,2026-08-08,1831.45,2500.06,2164.69,353.6,sample,1,2026-10-08T22:44:27.538173
Maharashtra,Pune,Junnar,Onion,Red/Nasik,FAQ,2026-08-10,1733.65,2503.54,2086.95,484.0,sample,1,2026-10-08T22:44:27.538183
Maharashtra,Pune,Junnar,Onion,Red/Nasik,FAQ,2026-08-11,1828.98,2628.63,2168.46,336.8,sample,1,2026-10-08T22:44:27.538191
Maharashtra,Pune,Junnar,Onion,Red/Nasik,FAQ,2026-08-12,1820.86,2696.97,2177.44,364.4,sample,1,2026-10-08T22:44:27.538199
Maharashtra,Pune,Junnar,Onion,Red/Nasik,FAQ,2026-08-13,1891.5,2652.65,2208.81,96.8,sample,1,2026-10-08T22:44:27.538209
Maharashtra,Pune,Junnar,Onion,Red/Nasik,FAQ,2026-08-14,1992.3,2606.82,2302.86,222.7,sample,1,2026-10-08T22:44:27.538217
Maharashtra,Pune,Junnar,Onion,Red/Nasik,FAQ,2026-08-15,2035.64,2762.81,2343.71,253.7,sample,1,2026-10-08T22:44:27.538225
Maharashtra,Pune,Junnar,Onion,Red/Nasik,FAQ,2026-08-17,2149.51,2740.44,2380.73,153.4,sample,1,2026-10-08T22:44:27.538234
Maharashtra,Pune,Junnar,Onion,Red/Nasik,FAQ,2026-08-18,2060.71,2811.45,2378.42,223.1,sample,1,2026-10-08T22:44:27.538242
Maharashtra,Pune,Junnar,Onion,Red/Nasik,FAQ,2026-08-19,2057.69,2815.53,2439.16,41.6,sample,1,2026-10-08T22:44:27.538250
Maharashtra,Pune,Junnar,Onion,Red/Nasik,FAQ,2026-08-20,2267.76,2890.75,2509.12,378.1,sample,1,2026-10-08T22:44:27.538260
Maharashtra,Pune,Junnar,Onion,Red/Nasik,FAQ,2026-08-21,2198.53,2868.38,2500.34,167.1,sample,1,2026-10-08T22:44:27.538268
Maharashtra,Pune,Junnar,Onion,Red/Nasik,FAQ,2026-08-22,2214.28,2913.72,2426.16,466.9,sample,1,2026-10-08T22:44:27.538276
Maharashtra,Pune,Junnar,Onion,Red/Nasik,FAQ,2026-08-24,2152.37,2764.01,2428.62,271.6,sample,1,2026-10-08T22:44:27.538286
Maharashtra,Pune,Junnar,Onion,Red/Nasik,FAQ,2026-08-25,2243.05,2950.49,2506.7,325.9,sample,1,2026-10-08T22:44:27.538295
Maharashtra,Pune,Junnar,Onion,Red/Nasik,FAQ,2026-08-26,2249.08,3032.32,2539.83,190.1,sample,1,2026-10-08T22:44:27.538304
Maharashtra,Pune,Junnar,Onion,Red/Nasik,FAQ,2026-08-27,2327.07,2907.03,2552.27,462.4,sample,1,2026-10-08T22:44:27.538312
Maharashtra,Pune,Junnar,Onion,Red/Nasik,FAQ,2026-08-28,2179.27,2876.36,2513.52,52.0,sample,1,2026-10-08T22:44:27.538321
Maharashtra,Pune,Junnar,Onion,Red/Nasik,FAQ,2026-08-29,2286.91,2825.8,2526.24,61.7,sample,1,2026-10-08T22:44:27.538331
Maharashtra,Pune,Junnar,Onion,Red/Nasik,FAQ,2026-08-31,2147.61,2860.26,2521.57,79.9,sample,1,2026-10-08T22:44:27.538341
Maharashtra,Pune,Junnar,Onion,Red/Nasik,FAQ,2026-09-01,2219.9,2892.55,2489.38,332.0,sample,1,2026-10-08T22:44:27.538350
Maharashtra,Pune,Junnar,Onion,Red/Nasik,FAQ,2026-09-02,2249.33,2794.41,2461.48,411.7,sample,1,2026-10-08T22:44:27.538359
Maharashtra,Pune,Junnar,Onion,Red/Nasik,FAQ,2026-09-03,2024.95,2779.08,2390.17,266.7,sample,1,2026-10-08T22:44:27.538367
Maharashtra,Pune,Junnar,Onion,Red/Nasik,FAQ,2026-09-04,1950.27,2612.28,2286.14,198.9,sample,1,2026-10-08T22:44:27.538377
Maharashtra,Pune,Junnar,Onion,Red/Nasik,FAQ,2026-09-05,1990.14,2788.01,2290.2,450.9,sample,1,2026-10-08T22:44:27.538386
Maharashtra,Pune,Junnar,Onion,Red/Nasik,FAQ,2026-09-07,1907.2,2728.69,2281.01,42.2,sample,1,2026-10-08T22:44:27.538396
Maharashtra,Pune,Junnar,Onion,Red/Nasik,FAQ,2026-09-08,2079.05,2679.95,2305.83,288.8,sample,1,2026-10-08T22:44:27.538404
Maharashtra,Pune,Junnar,Onion,Red/Nasik,FAQ,2026-09-09,2002.66,2669.59,2312.61,150.0,sample,1,2026-10-08T22:44:27.538413
Maharashtra,Pune,Junnar,Onion,Red/Nasik,FAQ,2026-09-10,2102.14,2723.6,2381.47,387.8,sample,1,2026-10-08T22:44:27.538421
Maharashtra,Pune,Junnar,Onion,Red/Nasik,FAQ,2026-09-11,1993.49,2773.6,2285.84,240.4,sample,1,2026-10-08T22:44:27.538430
Maharashtra,Pune,Junnar,Onion,Red/Nasik,FAQ,2026-09-12,2091.84,2685.83,2312.76,143.2,sample,1,2026-10-08T22:44:27.538438
Maharashtra,Pune,Junnar,Onion,Red/Nasik,FAQ,2026-09-14,1893.34,2758.53,2255.04,407.6,sample,1,2026-10-08T22:44:27.538450
Maharashtra,Pune,Junnar,Onion,Red/Nasik,FAQ,2026-09-15,2075.14,2799.46,2367.05,427.3,sample,1,2026-10-08T22:44:27.538462
Maharashtra,Pune,Junnar,Onion,Red/Nasik,FAQ,2026-09-16,2106.94,2738.7,2401.98,144.7,sample,1,2026-10-08T22:44:27.538476
Maharashtra,Pune,Junnar,Onion,Red/Nasik,FAQ,2026-09-17,2094.41,2755.51,2336.28,233.3,sample,1,2026-10-08T22:44:27.538496
Maharashtra,Pune,Junnar,Onion,Red/Nasik,FAQ,2026-09-18,2101.62,2832.8,2371.62,269.9,sample,1,2026-10-08T22:44:27.538509
Maharashtra,Pune,Junnar,Onion,Red/Nasik,FAQ,2026-09-19,1909.9,2814.99,2296.3,196.5,sample,1,2026-10-08T22:44:27.538522
Maharashtra,Pune,Junnar,Onion,Red/Nasik,FAQ,2026-09-21,2042.74,2711.3,2303.3,59.9,sample,1,2026-10-08T22:44:27.538536
Maharashtra,Pune,Junnar,Onion,Red/Nasik,FAQ,2026-09-22,1995.83,2750.03,2260.45,241.8,sample,1,2026-10-08T22:44:27.538548
Maharashtra,Pune,Junnar,Onion,Red/Nasik,FAQ,2026-09-23,1984.89,2810.14,2292.34,218.0,sample,1,2026-10-08T22:44:27.538562
Maharashtra,Pune,Junnar,Onion,Red/Nasik,FAQ,2026-09-24,1836.33,2683.32,2200.49,114.6,sample,1,2026-10-08T22:44:27.538575
Maharashtra,Pune,Junnar,Onion,Red/Nasik,FAQ,2026-09-25,1905.38,2761.99,2268.15,205.5,sample,1,2026-10-08T22:44:27.538588
Maharashtra,Pune,Junnar,Onion,Red/Nasik,FAQ,2026-09-26,1975.73,2783.63,2290.08,409.3,sample,1,2026-10-08T22:44:27.538604
Maharashtra,Pune,Junnar,Onion,Red/Nasik,FAQ,2026-09-28,2038.84,2664.38,2268.19,496.9,sample,1,2026-10-08T22:44:27.538618
Maharashtra,Pune,Junnar,Onion,Red/Nasik,FAQ,2026-09-29,1986.61,2635.29,2281.69,246.8,sample,1,2026-10-08T22:44:27.538632
Maharashtra,Pune,Junnar,Onion,Red/Nasik,FAQ,2026-09-30,1975.84,2651.86,2261.14,275.4,sample,1,2026-10-08T22:44:27.538644
Maharashtra,Pune,Junnar,Onion,Red/Nasik,FAQ,2026-10-01,1989.71,2658.36,2341.95,218.2,sample,1,2026-10-08T22:44:27.538657
Maharashtra,Pune,Junnar,Onion,Red/Nasik,FAQ,2026-10-02,2030.91,2808.11,2301.72,352.9,sample,1,2026-10-08T22:44:27.538670
Maharashtra,Pune,Junnar,Onion,Red/Nasik,FAQ,2026-10-03,1934.76,2700.43,2281.24,320.1,sample,1,2026-10-08T22:44:27.538682
Maharashtra,Pune,Junnar,Onion,Red/Nasik,FAQ,2026-10-05,1972.32,2641.17,2277.44,231.8,sample,1,2026-10-08T22:44:27.538697
Maharashtra,Pune,Junnar,Onion,Red/Nasik,FAQ,2026-10-06,1991.8,2724.46,2353.51,311.5,sample,1,2026-10-08T22:44:27.538708
Maharashtra,Pune,Junnar,Onion,Red/Nasik,FAQ,2026-10-07,1875.69,2709.66,2257.38,227.6,sample,1,2026-10-08T22:44:27.538721
Maharashtra,Pune,Junnar,Onion,Red/Nasik,FAQ,2026-10-08,1944.24,2505.3,2193.57,228.5,sample,1,2026-10-08T22:44:27.538734
Maharashtra,Pune,Junnar,Potato,Jyoti,FAQ,2026-07-10,1689.14,2210.95,1921.24,242.7,sample,1,2026-10-08T22:44:27.538749
Maharashtra,Pune,Junnar,Potato,Jyoti,FAQ,2026-07-11,1724.21,2236.27,1918.96,255.5,sample,1,2026-10-08T22:44:27.538765
Maharashtra,Pune,Junnar,Potato,Jyoti,FAQ,2026-07-13,1712.74,2279.11,1920.54,106.4,sample,1,2026-10-08T22:44:27.538781
Maharashtra,Pune,Junnar,Potato,Jyoti,FAQ,2026-07-14,1730.58,2191.64,1897.32,124.5,sample,1,2026-10-08T22:44:27.538793
Maharashtra,Pune,Junnar,Potato,Jyoti,FAQ,2026-07-15,1703.98,2227.87,1897.26,79.3,sample,1,2026-10-08T22:44:27.538806
Maharashtra,Pune,Junnar,Potato,Jyoti,FAQ,2026-07-16,1586.33,2186.56,1839.89,494.6,sample,1,2026-10-08T22:44:27.538818
Maharashtra,Pune,Junnar,Potato,Jyoti,FAQ,2026-07-17,1685.86,2119.93,1876.19,404.8,sample,1,2026-10-08T22:44:27.538831
Maharashtra,Pune,Junnar,Potato,Jyoti,FAQ,2026-07-18,1721.15,2294.0,1909.97,340.5,sample,1,2026-10-08T22:44:27.538843
Maharashtra,Pune,Junnar,Potato,Jyoti,FAQ,2026-07-20,1754.74,2255.75,1922.56,397.1,sample,1,2026-10-08T22:44:27.538856
Maharashtra,Pune,Junnar,Potato,Jyoti,FAQ,2026-07-21,1797.14,2179.13,1943.37,323.7,sample,1,2026-10-08T22:44:27.538868
Maharashtra,Pune,Junnar,Potato,Jyoti,FAQ,2026-07-22,1781.29,2318.53,1966.78,414.6,sample,1,2026-10-08T22:44:27.538881
Maharashtra,Pune,Junnar,Potato,Jyoti,FAQ,2026-07-23,1706.69,2313.65,1953.44,477.9,sample,1,2026-10-08T22:44:27.538896
Maharashtra,Pune,Junnar,Potato,Jyoti,FAQ,2026-07-24,1708.29,2130.1,1879.32,461.9,sample,1,2026-10-08T22:44:27.538911
Maharashtra,Pune,Junnar,Potato,Jyoti,FAQ,2026-07-25,1764.38,2224.12,1952.24,100.0,sample,1,2026-10-08T22:44:27.538927
Maharashtra,Pune,Junnar,Potato,Jyoti,FAQ,2026-07-27,1740.59,2277.74,1927.6,315.4,sample,1,2026-10-08T22:44:27.538942
Maharashtra,Pune,Junnar,Potato,Jyoti,FAQ,2026-07-28,1813.44,2265.33,1964.28,151.5,sample,1,2026-10-08T22:44:27.538953
Maharashtra,Pune,Junnar,Potato,Jyoti,FAQ,2026-07-29,1725.92,2325.25,1960.18,161.9,sample,1,2026-10-08T22:44:27.538966
Maharashtra,Pune,Junnar,Potato,Jyoti,FAQ,2026-07-30,1744.16,2306.94,1947.89,194.7,sample,1,2026-10-08T22:44:27.538979
Maharashtra,Pune,Junnar,Potato,Jyoti,FAQ,2026-07-31,1706.43,2116.5,1887.31,482.4,sample,1,2026-10-08T22:44:27.538992
Maharashtra,Pune,Junnar,Potato,Jyoti,FAQ,2026-08-01,1661.58,2225.03,1877.39,279.3,sample,1,2026-10-08T22:44:27.539004
Maharashtra,Pune,Junnar,Potato,Jyoti,FAQ,2026-08-03,1719.11,2167.1,1901.12,105.9,sample,1,2026-10-08T22:44:27.539018
Maharashtra,Pune,Junnar,Potato,Jyoti,FAQ,2026-08-04,1667.61,2172.19,1903.87,488.2,sample,1,2026-10-08T22:44:27.539034
Maharashtra,Pune,Junnar,Potato,Jyoti,FAQ,2026-08-05,1555.05,2087.25,1811.52,408.3,sample,1,2026-10-08T22:44:27.539046
Maharashtra,Pune,Junnar,Potato,Jyoti,FAQ,2026-08-06,1679.16,2241.46,1876.72,477.6,sample,1,2026-10-08T22:44:27.539058
Maharashtra,Pune,Junnar,Potato,Jyoti,FAQ,2026-08-07,1638.42,2113.46,1832.02,352.2,sample,1,2026-10-08T22:44:27.539071
Maharashtra,Pune,Junnar,Potato,Jyoti,FAQ,2026-08-08,1676.27,2161.3,1821.32,477.4,sample,1,2026-10-08T22:44:27.539083
Maharashtra,Pune,Junnar,Potato,Jyoti,FAQ,2026-08-10,1690.67,2136.19,1839.69,454.9,sample,1,2026-10-08T22:44:27.539096
Maharashtra,Pune,Junnar,Potato,Jyoti,FAQ,2026-08-11,1716.16,2251.71,1867.32,455.6,sample,1,2026-10-08T22:44:27.539108
Maharashtra,Pune,Junnar,Potato,Jyoti,FAQ,2026-08-12,1535.72,2167.68,1786.42,396.8,sample,1,2026-10-08T22:44:27.539121
Maharashtra,Pune,Junnar,Potato,Jyoti,FAQ,2026-08-13,1540.8,2067.41,1760.22,257.1,sample,1,2026-10-08T22:44:27.539133
Maharashtra,Pune,Junnar,Potato,Jyoti,FAQ,2026-08-14,1478.56,2032.41,1728.92,133.4,sample,1,2026-10-08T22:44:27.539145
Maharashtra,Pune,Junnar,Potato,Jyoti,FAQ,2026-08-15,1497.09,1956.53,1732.8,408.7,sample,1,2026-10-08T22:44:27.539159
Maharashtra,Pune,Junnar,Potato,Jyoti,FAQ,2026-08-17,1522.5,1999.42,1758.16,416.0,sample,1,2026-10-08T22:44:27.539177
Maharashtra,Pune,Junnar,Potato,Jyoti,FAQ,2026-08-18,1527.31,2054.16,1724.18,220.5,sample,1,2026-10-08T22:44:27.539190
Maharashtra,Pune,Junnar,Potato,Jyoti,FAQ,2026-08-19,1554.83,2069.8,1722.96,289.3,sample,1,2026-10-08T22:44:27.539205
Maharashtra,Pune,Junnar,Potato,Jyoti,FAQ,2026-08-20,1567.63,2063.2,1768.42,48.9,sample,1,2026-10-08T22:44:27.539218
Maharashtra,Pune,Junnar,Potato,Jyoti,FAQ,2026-08-21,1582.2,2051.65,1785.45,355.0,sample,1,2026-10-08T22:44:27.539231
Maharashtra,Pune,Junnar,Potato,Jyoti,FAQ,2026-08-22,1639.49,2011.32,1797.5,353.3,sample,1,2026-10-08T22:44:27.539243
Maharashtra,Pune,Junnar,Potato,Jyoti,FAQ,2026-08-24,1657.47,2138.08,1797.91,265.0,sample,1,2026-10-08T22:44:27.539256
Maharashtra,Pune,Junnar,Potato,Jyoti,FAQ,2026-08-25,1578.05,2134.24,1753.76,70.7,sample,1,2026-10-08T22:44:27.539268
Maharashtra,Pune,Junnar,Potato,Jyoti,FAQ,2026-08-26,1599.53,2121.71,1756.03,71.3,sample,1,2026-10-08T22:44:27.539280
Maharashtra,Pune,Junnar,Potato,Jyoti,FAQ,2026-08-27,1561.1,2063.74,1805.31,230.9,sample,1,2026-10-08T22:44:27.539294
Maharashtra,Pune,Junnar,Potato,Jyoti,FAQ,2026-08-28,1604.42,2183.58,1833.19,203.5,sample,1,2026-10-08T22:44:27.539307
Maharashtra,Pune,Junnar,Potato,Jyoti,FAQ,2026-08-29,1627.55,2148.74,1816.24,245.8,sample,1,2026-10-08T22:44:27.539319
Maharashtra,Pune,Junnar,Potato,Jyoti,FAQ,2026-08-31,1643.81,2151.23,1811.39,65.5,sample,1,2026-10-08T22:44:27.539333
Maharashtra,Pune,Junnar,Potato,Jyoti,FAQ,2026-09-01,1677.69,2229.9,1881.84,174.5,sample,1,2026-10-08T22:44:27.539345
Maharashtra,Pune,Junnar,Potato,Jyoti,FAQ,2026-09-02,1641.85,2016.9,1804.49,485.1,sample,1,2026-10-08T22:44:27.539358
Maharashtra,Pune,Junnar,Potato,Jyoti,FAQ,2026-09-03,1587.83,2087.56,1788.75,455.0,sample,1,2026-10-08T22:44:27.539371
Maharashtra,Pune,Junnar,Potato,Jyoti,FAQ,2026-09-04,1582.46,2112.62,1786.65,236.1,sample,1,2026-10-08T22:44:27.539485
Maharashtra,Pune,Junnar,Potato,Jyoti,FAQ,2026-09-05,1535.7,2136.77,1771.17,194.4,sample,1,2026-10-08T22:44:27.539540
Maharashtra,Pune,Junnar,Potato,Jyoti,FAQ,2026-09-07,1642.97,2096.5,1799.12,163.2,sample,1,2026-10-08T22:44:27.539556
Maharashtra,Pune,Junnar,Potato,Jyoti,FAQ,2026-09-08,1583.22,2074.46,1802.86,363.7,sample,1,2026-10-08T22:44:27.539566
Maharashtra,Pune,Junnar,Potato,Jyoti,FAQ,2026-09-09,1629.56,1999.01,1781.04,89.2,sample,1,2026-10-08T22:44:27.539575
Maharashtra,Pune,Junnar,Potato,Jyoti,FAQ,2026-09-10,1569.84,2081.38,1761.71,429.6,sample,1,2026-10-08T22:44:27.539586
Maharashtra,Pune,Junnar,Potato,Jyoti,FAQ,2026-09-11,1537.49,2024.65,1751.58,302.9,sample,1,2026-10-08T22:44:27.539596
Maharashtra,Pune,Junnar,Potato,Jyoti,FAQ,2026-09-12,1616.89,2125.15,1762.44,111.2,sample,1,2026-10-08T22:44:27.539605
Maharashtra,Pune,Junnar,Potato,Jyoti,FAQ,2026-09-14,1596.88,2102.38,1765.47,486.0,sample,1,2026-10-08T22:44:27.539615
Maharashtra,Pune,Junnar,Potato,Jyoti,FAQ,2026-09-15,1547.49,1952.17,1741.49,163.6,sample,1,2026-10-08T22:44:27.539626
Maharashtra,Pune,Junnar,Potato,Jyoti,FAQ,2026-09-16,1539.77,2008.24,1736.96,114.3,sample,1,2026-10-08T22:44:27.539638
Maharashtra,Pune,Junnar,Potato,Jyoti,FAQ,2026-09-17,1478.9,1999.9,1728.04,483.7,sample,1,2026-10-08T22:44:27.539647
Maharashtra,Pune,Junnar,Potato,Jyoti,FAQ,2026-09-18,1536.55,1947.76,1715.28,237.5,sample,1,2026-10-08T22:44:27.539656
Maharashtra,Pune,Junnar,Potato,Jyoti,FAQ,2026-09-19,1535.85,2019.95,1701.17,244.1,sample,1,2026-10-08T22:44:27.539667
Maharashtra,Pune,Junnar,Potato,Jyoti,FAQ,2026-09-21,1566.03,2060.12,1708.36,193.8,sample,1,2026-10-08T22:44:27.539677
Maharashtra,Pune,Junnar,Potato,Jyoti,FAQ,2026-09-22,1487.66,2004.51,1740.02,435.2,sample,1,2026-10-08T22:44:27.539686
Maharashtra,Pune,Junnar,Potato,Jyoti,FAQ,2026-09-23,1589.64,2103.23,1839.41,412.9,sample,1,2026-10-08T22:44:27.539696
Maharashtra,Pune,Junnar,Potato,Jyoti,FAQ,2026-09-24,1601.86,2155.98,1841.07,112.9,sample,1,2026-10-08T22:44:27.539705
Maharashtra,Pune,Junnar,Potato,Jyoti,FAQ,2026-09-25,1675.89,2186.12,1877.95,358.8,sample,1,2026-10-08T22:44:27.539717
Maharashtra,Pune,Junnar,Potato,Jyoti,FAQ,2026-09-26,1753.87,2242.77,1915.21,478.1,sample,1,2026-10-08T22:44:27.539726
Maharashtra,Pune,Junnar,Potato,Jyoti,FAQ,2026-09-28,1764.76,2244.48,1992.07,465.0,sample,1,2026-10-08T22:44:27.539736
Maharashtra,Pune,Junnar,Potato,Jyoti,FAQ,2026-09-29,1781.27,2325.47,1973.38,260.8,sample,1,2026-10-08T22:44:27.539745
Maharashtra,Pune,Junnar,Potato,Jyoti,FAQ,2026-09-30,1828.18,2256.16,1991.13,329.6,sample,1,2026-10-08T22:44:27.539754
Maharashtra,Pune,Junnar,Potato,Jyoti,FAQ,2026-10-01,1788.69,2234.57,1969.8,452.5,sample,1,2026-10-08T22:44:27.539764
Maharashtra,Pune,Junnar,Potato,Jyoti,FAQ,2026-10-02,1690.01,2224.7,1946.95,259.2,sample,1,2026-10-08T22:44:27.539774
Maharashtra,Pune,Junnar,Potato,Jyoti,FAQ,2026-10-03,1763.11,2226.72,1943.62,367.1,sample,1,2026-10-08T22:44:27.539782
Maharashtra,Pune,Junnar,Potato,Jyoti,FAQ,2026-10-05,1672.77,2243.33,1916.76,424.1,sample,1,2026-10-08T22:44:27.539792
Maharashtra,Pune,Junnar,Potato,Jyoti,FAQ,2026-10-06,1773.24,2299.69,1986.85,390.9,sample,1,2026-10-08T22:44:27.539801
Maharashtra,Pune,Junnar,Potato,Jyoti,FAQ,2026-10-07,1778.21,2321.21,1995.88,97.7,sample,1,2026-10-08T22:44:27.539809
Maharashtra,Pune,Junnar,Potato,Jyoti,FAQ,2026-10-08,1875.5,2437.56,2072.01,482.1,sample,1,2026-10-08T22:44:27.539870
